beta,rho,D,seed,retain_obs,D_ALL,I_ALL,rho_sp_ALL,D_FILTER,I_FILTER,rho_sp_FILTER,D_IPW_oracle,I_IPW_oracle,rho_sp_IPW_oracle,D_IPW_est,I_IPW_est,rho_sp_IPW_est,diag_ess_frac,diag_w_max_over_mean,diag_w_p99,diag_propensity_auc
0.0,0.0,10.0,0,0.6006666666666667,0.8891383713360586,0.9882326770341978,0.9983145357940705,0.9745676435997241,0.9994918167968668,0.9984849984777698,0.9758214582375306,0.999541146269307,0.9986154394972655,0.987655528672787,0.9998644264306731,0.9995504493937785,0.9977020181656152,1.4214133917899103,1.9504877952622197,0.5324498007222545
0.0,0.0,10.0,1,0.607,0.8965995356045298,0.9898832594625756,0.9995381497924433,0.9904062772939096,0.999891302842697,0.9996017122489097,0.9903775161665879,0.9998903685116189,0.9995989908338627,0.9928427036521882,0.9999495390017966,0.9998262036902636,0.9996604313988056,1.1022260035223526,1.7224099391998104,0.5108935475712392
0.0,0.0,10.0,2,0.604,0.8795287762592525,0.9862230787417999,0.9989547516597057,0.9853167405714123,0.99977303428716,0.9994712917865792,0.9852064612444665,0.9997696733690453,0.9994410171934182,0.9818736683961982,0.9996396896242177,0.999412478841362,0.9994448440304466,1.1489233001509918,1.8333640178092254,0.5138031808147702
0.0,0.0,10.0,3,0.597,0.8849824170553712,0.9872678047534496,0.9966907139112521,0.9740694035081978,0.9994223458195243,0.9980590558327623,0.9750002175514846,0.9994604888049508,0.9981710183525788,0.9703023930521688,0.9992744237226863,0.9974687386822223,0.9995189380426345,1.0661577733778962,1.7540759562298316,0.5133372957979864
0.0,0.0,10.0,4,0.5966666666666667,0.8966043733732433,0.9897921102476789,0.9977081368957358,0.9799691663835572,0.9996550374853792,0.9989962403620662,0.9802564545578607,0.9996655864496098,0.999027114448255,0.9831380936462677,0.9997346040322473,0.9992766346298146,0.9988297543629109,1.083592666342018,1.7901559864983834,0.5253970635763424
0.0,0.0,10.0,5,0.5986666666666667,0.8986739988370045,0.9901229982243354,0.998293633027334,0.9825681429631145,0.999746873982769,0.99918791110797,0.9826282140346403,0.9997493890452662,0.9991931922523586,0.989372753215598,0.9998971239195606,0.9996479289891116,0.9990271519443451,1.0529467653550073,1.7378671124609606,0.5218434838585561
0.0,0.0,10.0,6,0.6106666666666667,0.887939110699195,0.9881273631109423,0.9996186731940649,0.9823300249842519,0.9996872495199879,0.9991488025506859,0.9829500788490968,0.99970654955868,0.9991712001947631,0.9878999060038813,0.9998489013491817,0.9997281802495147,0.9988916995513378,1.1098059516389809,1.7628501765083022,0.5230704055003889
0.0,0.0,10.0,7,0.5916666666666667,0.8970475985572354,0.9899719375357509,0.9994406534172106,0.9857107197228532,0.9998146183047919,0.9996851053695642,0.9855005026953333,0.9998092029619053,0.9996856305997343,0.987592140706686,0.9998418486712266,0.9995367971351231,0.9990699102408194,1.2684879477209345,1.8847433176274508,0.5219729807415925
0.0,0.25,10.0,0,0.6006666666666667,0.9157592796621606,0.9935287857414711,0.9938000307162571,0.9745676435997241,0.9994918167968668,0.9984849984777698,0.9758214582375306,0.999541146269307,0.9986154394972655,0.987655528672787,0.9998644264306731,0.9995504493937785,0.9977020181656152,1.4214133917899103,1.9504877952622197,0.5324498007222545
0.0,0.25,10.0,1,0.607,0.9144238833031686,0.9933948814911306,0.9938297532299782,0.9904062772939096,0.999891302842697,0.9996017122489097,0.9903775161665879,0.9998903685116189,0.9995989908338627,0.9928427036521882,0.9999495390017966,0.9998262036902636,0.9996604313988056,1.1022260035223526,1.7224099391998104,0.5108935475712392
0.0,0.25,10.0,2,0.604,0.8958117921097377,0.9901508329005557,0.9915597646274525,0.9853167405714123,0.99977303428716,0.9994712917865792,0.9852064612444665,0.9997696733690453,0.9994410171934182,0.9818736683961982,0.9996396896242177,0.999412478841362,0.9994448440304466,1.1489233001509918,1.8333640178092254,0.5138031808147702
0.0,0.25,10.0,3,0.597,0.9118571573414652,0.9927364612855574,0.9969932551409619,0.9740694035081978,0.9994223458195243,0.9980590558327623,0.9750002175514846,0.9994604888049508,0.9981710183525788,0.9703023930521688,0.9992744237226863,0.9974687386822223,0.9995189380426345,1.0661577733778962,1.7540759562298316,0.5133372957979864
0.0,0.25,10.0,4,0.5966666666666667,0.9154789549351898,0.9935686927031038,0.9903220479459908,0.9799691663835572,0.9996550374853792,0.9989962403620662,0.9802564545578607,0.9996655864496098,0.999027114448255,0.9831380936462677,0.9997346040322473,0.9992766346298146,0.9988297543629109,1.083592666342018,1.7901559864983834,0.5253970635763424
0.0,0.25,10.0,5,0.5986666666666667,0.9196472143378558,0.9941140698895846,0.9954273560225332,0.9825681429631145,0.999746873982769,0.99918791110797,0.9826282140346403,0.9997493890452662,0.9991931922523586,0.989372753215598,0.9998971239195606,0.9996479289891116,0.9990271519443451,1.0529467653550073,1.7378671124609606,0.5218434838585561
0.0,0.25,10.0,6,0.6106666666666667,0.9038277348993928,0.9915853798055865,0.9921129508799368,0.9823300249842519,0.9996872495199879,0.9991488025506859,0.9829500788490968,0.99970654955868,0.9991712001947631,0.9878999060038813,0.9998489013491817,0.9997281802495147,0.9988916995513378,1.1098059516389809,1.7628501765083022,0.5230704055003889
0.0,0.25,10.0,7,0.5916666666666667,0.9125239695650597,0.9931813362937592,0.9883260896275727,0.9857107197228532,0.9998146183047919,0.9996851053695642,0.9855005026953333,0.9998092029619053,0.9996856305997343,0.987592140706686,0.9998418486712266,0.9995367971351231,0.9990699102408194,1.2684879477209345,1.8847433176274508,0.5219729807415925
0.0,0.5,10.0,0,0.6006666666666667,0.8888747588973906,0.989523256137936,0.9707130066431912,0.9745676435997241,0.9994918167968668,0.9984849984777698,0.9758214582375306,0.999541146269307,0.9986154394972655,0.987655528672787,0.9998644264306731,0.9995504493937785,0.9977020181656152,1.4214133917899103,1.9504877952622197,0.5324498007222545
0.0,0.5,10.0,1,0.607,0.8843425043725756,0.9885230858068935,0.9687431985130206,0.9904062772939096,0.999891302842697,0.9996017122489097,0.9903775161665879,0.9998903685116189,0.9995989908338627,0.9928427036521882,0.9999495390017966,0.9998262036902636,0.9996604313988056,1.1022260035223526,1.7224099391998104,0.5108935475712392
0.0,0.5,10.0,2,0.604,0.8697845099500175,0.9854387522932534,0.9642450617702409,0.9853167405714123,0.99977303428716,0.9994712917865792,0.9852064612444665,0.9997696733690453,0.9994410171934182,0.9818736683961982,0.9996396896242177,0.999412478841362,0.9994448440304466,1.1489233001509918,1.8333640178092254,0.5138031808147702
0.0,0.5,10.0,3,0.597,0.8935490597296439,0.9899443825390137,0.9783056381729021,0.9740694035081978,0.9994223458195243,0.9980590558327623,0.9750002175514846,0.9994604888049508,0.9981710183525788,0.9703023930521688,0.9992744237226863,0.9974687386822223,0.9995189380426345,1.0661577733778962,1.7540759562298316,0.5133372957979864
0.0,0.5,10.0,4,0.5966666666666667,0.8834978126558692,0.9884542027439914,0.9656018027393465,0.9799691663835572,0.9996550374853792,0.9989962403620662,0.9802564545578607,0.9996655864496098,0.999027114448255,0.9831380936462677,0.9997346040322473,0.9992766346298146,0.9988297543629109,1.083592666342018,1.7901559864983834,0.5253970635763424
0.0,0.5,10.0,5,0.5986666666666667,0.894118388736479,0.9903779390703705,0.974883397304357,0.9825681429631145,0.999746873982769,0.99918791110797,0.9826282140346403,0.9997493890452662,0.9991931922523586,0.989372753215598,0.9998971239195606,0.9996479289891116,0.9990271519443451,1.0529467653550073,1.7378671124609606,0.5218434838585561
0.0,0.5,10.0,6,0.6106666666666667,0.8762133457012901,0.9866302837945115,0.9659289046723711,0.9823300249842519,0.9996872495199879,0.9991488025506859,0.9829500788490968,0.99970654955868,0.9991712001947631,0.9878999060038813,0.9998489013491817,0.9997281802495147,0.9988916995513378,1.1098059516389809,1.7628501765083022,0.5230704055003889
0.0,0.5,10.0,7,0.5916666666666667,0.8741453739912881,0.9867927507843426,0.9577396192940554,0.9857107197228532,0.9998146183047919,0.9996851053695642,0.9855005026953333,0.9998092029619053,0.9996856305997343,0.987592140706686,0.9998418486712266,0.9995367971351231,0.9990699102408194,1.2684879477209345,1.8847433176274508,0.5219729807415925
0.0,0.75,10.0,0,0.6006666666666667,0.8369058276866593,0.9774776089661864,0.9254164713272252,0.9745676435997241,0.9994918167968668,0.9984849984777698,0.9758214582375306,0.999541146269307,0.9986154394972655,0.987655528672787,0.9998644264306731,0.9995504493937785,0.9977020181656152,1.4214133917899103,1.9504877952622197,0.5324498007222545
0.0,0.75,10.0,1,0.607,0.8349207698569218,0.9767242157754975,0.9232812550132274,0.9904062772939096,0.999891302842697,0.9996017122489097,0.9903775161665879,0.9998903685116189,0.9995989908338627,0.9928427036521882,0.9999495390017966,0.9998262036902636,0.9996604313988056,1.1022260035223526,1.7224099391998104,0.5108935475712392
0.0,0.75,10.0,2,0.604,0.8223698145049707,0.9730603017266588,0.9152034565346963,0.9853167405714123,0.99977303428716,0.9994712917865792,0.9852064612444665,0.9997696733690453,0.9994410171934182,0.9818736683961982,0.9996396896242177,0.999412478841362,0.9994448440304466,1.1489233001509918,1.8333640178092254,0.5138031808147702
0.0,0.75,10.0,3,0.597,0.8472893872457967,0.9795259677320978,0.9397430810135259,0.9740694035081978,0.9994223458195243,0.9980590558327623,0.9750002175514846,0.9994604888049508,0.9981710183525788,0.9703023930521688,0.9992744237226863,0.9974687386822223,0.9995189380426345,1.0661577733778962,1.7540759562298316,0.5133372957979864
0.0,0.75,10.0,4,0.5966666666666667,0.8339282945915529,0.9763880987269206,0.9209729890220707,0.9799691663835572,0.9996550374853792,0.9989962403620662,0.9802564545578607,0.9996655864496098,0.999027114448255,0.9831380936462677,0.9997346040322473,0.9992766346298146,0.9988297543629109,1.083592666342018,1.7901559864983834,0.5253970635763424
0.0,0.75,10.0,5,0.5986666666666667,0.8441509176044216,0.9792488165231942,0.9331656080959463,0.9825681429631145,0.999746873982769,0.99918791110797,0.9826282140346403,0.9997493890452662,0.9991931922523586,0.989372753215598,0.9998971239195606,0.9996479289891116,0.9990271519443451,1.0529467653550073,1.7378671124609606,0.5218434838585561
0.0,0.75,10.0,6,0.6106666666666667,0.8289879365287433,0.9747070739383161,0.9195255650286588,0.9823300249842519,0.9996872495199879,0.9991488025506859,0.9829500788490968,0.99970654955868,0.9991712001947631,0.9878999060038813,0.9998489013491817,0.9997281802495147,0.9988916995513378,1.1098059516389809,1.7628501765083022,0.5230704055003889
0.0,0.75,10.0,7,0.5916666666666667,0.823917508806455,0.9740141666907567,0.9090124882351588,0.9857107197228532,0.9998146183047919,0.9996851053695642,0.9855005026953333,0.9998092029619053,0.9996856305997343,0.987592140706686,0.9998418486712266,0.9995367971351231,0.9990699102408194,1.2684879477209345,1.8847433176274508,0.5219729807415925
0.0,1.0,10.0,0,0.6006666666666667,0.7855213404371689,0.9604446513415364,0.8572917391740482,0.9745676435997241,0.9994918167968668,0.9984849984777698,0.9758214582375306,0.999541146269307,0.9986154394972655,0.987655528672787,0.9998644264306731,0.9995504493937785,0.9977020181656152,1.4214133917899103,1.9504877952622197,0.5324498007222545
0.0,1.0,10.0,1,0.607,0.7864859104853783,0.9607028523899682,0.8584862880259305,0.9904062772939096,0.999891302842697,0.9996017122489097,0.9903775161665879,0.9998903685116189,0.9995989908338627,0.9928427036521882,0.9999495390017966,0.9998262036902636,0.9996604313988056,1.1022260035223526,1.7224099391998104,0.5108935475712392
0.0,1.0,10.0,2,0.604,0.7738396201562758,0.9560055208285598,0.843152871929688,0.9853167405714123,0.99977303428716,0.9994712917865792,0.9852064612444665,0.9997696733690453,0.9994410171934182,0.9818736683961982,0.9996396896242177,0.999412478841362,0.9994448440304466,1.1489233001509918,1.8333640178092254,0.5138031808147702
0.0,1.0,10.0,3,0.597,0.797269238662265,0.9638568637044522,0.8802408768509725,0.9740694035081978,0.9994223458195243,0.9980590558327623,0.9750002175514846,0.9994604888049508,0.9981710183525788,0.9703023930521688,0.9992744237226863,0.9974687386822223,0.9995189380426345,1.0661577733778962,1.7540759562298316,0.5133372957979864
0.0,1.0,10.0,4,0.5966666666666667,0.7824309288131521,0.9589465165196069,0.8511252800221925,0.9799691663835572,0.9996550374853792,0.9989962403620662,0.9802564545578607,0.9996655864496098,0.999027114448255,0.9831380936462677,0.9997346040322473,0.9992766346298146,0.9988297543629109,1.083592666342018,1.7901559864983834,0.5253970635763424
0.0,1.0,10.0,5,0.5986666666666667,0.7923693559581181,0.9627986674558189,0.8681889055095695,0.9825681429631145,0.999746873982769,0.99918791110797,0.9826282140346403,0.9997493890452662,0.9991931922523586,0.989372753215598,0.9998971239195606,0.9996479289891116,0.9990271519443451,1.0529467653550073,1.7378671124609606,0.5218434838585561
0.0,1.0,10.0,6,0.6106666666666667,0.782434645938423,0.9589266091216918,0.8542056887306968,0.9823300249842519,0.9996872495199879,0.9991488025506859,0.9829500788490968,0.99970654955868,0.9991712001947631,0.9878999060038813,0.9998489013491817,0.9997281802495147,0.9988916995513378,1.1098059516389809,1.7628501765083022,0.5230704055003889
0.0,1.0,10.0,7,0.5916666666666667,0.7766896014820053,0.9573540460958808,0.8403299257848529,0.9857107197228532,0.9998146183047919,0.9996851053695642,0.9855005026953333,0.9998092029619053,0.9996856305997343,0.987592140706686,0.9998418486712266,0.9995367971351231,0.9990699102408194,1.2684879477209345,1.8847433176274508,0.5219729807415925
0.5,0.0,10.0,0,0.601,0.8958172671438067,0.9895618474591308,0.9980840807792517,0.9259372388476391,0.995336832515242,0.9858340655473085,0.9698691972040842,0.9992727760407697,0.9980798149232176,0.9851708373103807,0.9997763686274794,0.9993641890761689,0.9480645775170368,3.5476984266810723,3.0081687150253864,0.6423778062275304
0.5,0.0,10.0,1,0.6016666666666667,0.8963440754902143,0.9897462912087089,0.9989506199341498,0.9232402797341468,0.9951129164258633,0.9842207744505436,0.9938634430067032,0.9999623012663723,0.9999318297230156,0.994143581232497,0.9999664804219204,0.9999093548284578,0.9570996511427214,2.488654609229114,2.918156983095934,0.6365122451581497
0.5,0.0,10.0,2,0.6073333333333333,0.8885914274018423,0.9880872805896221,0.9965216596776816,0.9273855786203093,0.9954771703352394,0.9848994109054461,0.9854349360824064,0.9997524518426394,0.9991196795950809,0.9795286042673339,0.9994925765452587,0.9982325749930592,0.96719593436681,2.1026745423134163,2.6181408455628645,0.6258412088434322
0.5,0.0,10.0,3,0.598,0.8914684365849241,0.9886321820187893,0.9955924630829791,0.9520226515150687,0.9981181817926632,0.9936186053357503,0.969938420998898,0.9992643145625311,0.997473747619589,0.9707805074784457,0.9993191593163601,0.9977153318670698,0.961571186648592,2.2385413887912704,2.7134322147057417,0.631371893782666
0.5,0.0,10.0,4,0.6003333333333334,0.8990568034386313,0.9902878791826161,0.998092711172293,0.9365297666671868,0.996695886566539,0.9892747042075059,0.9826427101477284,0.9997287042278465,0.9991426757830413,0.9841046244414141,0.9997562097358382,0.9994986888114908,0.9734373634273443,1.8565389928781197,2.5279709267262804,0.6125829455325301
0.5,0.0,10.0,5,0.599,0.8941561619371002,0.9893289640556808,0.9991595196258118,0.9385976063294804,0.9968845410455563,0.9893931273720541,0.9871168630751941,0.999862853653805,0.9995462734024755,0.9917954687187222,0.9999449647676772,0.9998108563870882,0.9643910664469985,2.2762633188663925,2.7100314847412434,0.6261738530690525
0.5,0.0,10.0,6,0.616,0.8782135607820836,0.985764150804108,0.9964025631942692,0.9326290534892536,0.9962915259141574,0.9872306265378656,0.9910211003909676,0.9999122365078535,0.9998289413537753,0.9935223762394162,0.9999620228306018,0.9999258765672507,0.9655243742842597,2.3102748043050614,2.5517641428096116,0.6284581304112554
0.5,0.0,10.0,7,0.5973333333333334,0.8964205655861699,0.9898291856217827,0.9995678710666263,0.9108719452850226,0.9931440740384782,0.9788654641522739,0.976073690587762,0.999424190303706,0.998661113453491,0.980635490213837,0.9996466388467306,0.9993136840394993,0.9491966797050982,3.8787691618103364,3.1540511640120696,0.6328732464374409
0.5,0.25,10.0,0,0.601,0.9241216543768515,0.9948454852133016,0.9925422435975719,0.9259372388476391,0.995336832515242,0.9858340655473085,0.9698691972040842,0.9992727760407697,0.9980798149232176,0.9851708373103807,0.9997763686274794,0.9993641890761689,0.9480645775170368,3.5476984266810723,3.0081687150253864,0.6423778062275304
0.5,0.25,10.0,1,0.6016666666666667,0.9206843354738855,0.9945034348119584,0.9907716792445036,0.9232402797341468,0.9951129164258633,0.9842207744505436,0.9938634430067032,0.9999623012663723,0.9999318297230156,0.994143581232497,0.9999664804219204,0.9999093548284578,0.9570996511427214,2.488654609229114,2.918156983095934,0.6365122451581497
0.5,0.25,10.0,2,0.6073333333333333,0.9113473066994714,0.9929675746251364,0.9895503143019967,0.9273855786203093,0.9954771703352394,0.9848994109054461,0.9854349360824064,0.9997524518426394,0.9991196795950809,0.9795286042673339,0.9994925765452587,0.9982325749930592,0.96719593436681,2.1026745423134163,2.6181408455628645,0.6258412088434322
0.5,0.25,10.0,3,0.598,0.9283314033285133,0.9951742038001893,0.9970592037520835,0.9520226515150687,0.9981181817926632,0.9936186053357503,0.969938420998898,0.9992643145625311,0.997473747619589,0.9707805074784457,0.9993191593163601,0.9977153318670698,0.961571186648592,2.2385413887912704,2.7134322147057417,0.631371893782666
0.5,0.25,10.0,4,0.6003333333333334,0.9217558550817717,0.9946197407363594,0.9903792579372949,0.9365297666671868,0.996695886566539,0.9892747042075059,0.9826427101477284,0.9997287042278465,0.9991426757830413,0.9841046244414141,0.9997562097358382,0.9994986888114908,0.9734373634273443,1.8565389928781197,2.5279709267262804,0.6125829455325301
0.5,0.25,10.0,5,0.599,0.9255631856048863,0.994992022087963,0.9945599363656482,0.9385976063294804,0.9968845410455563,0.9893931273720541,0.9871168630751941,0.999862853653805,0.9995462734024755,0.9917954687187222,0.9999449647676772,0.9998108563870882,0.9643910664469985,2.2762633188663925,2.7100314847412434,0.6261738530690525
0.5,0.25,10.0,6,0.616,0.915293761974491,0.9933784715586323,0.9947593720136785,0.9326290534892536,0.9962915259141574,0.9872306265378656,0.9910211003909676,0.9999122365078535,0.9998289413537753,0.9935223762394162,0.9999620228306018,0.9999258765672507,0.9655243742842597,2.3102748043050614,2.5517641428096116,0.6284581304112554
0.5,0.25,10.0,7,0.5973333333333334,0.919241032729505,0.9943406421384127,0.9895890734797406,0.9108719452850226,0.9931440740384782,0.9788654641522739,0.976073690587762,0.999424190303706,0.998661113453491,0.980635490213837,0.9996466388467306,0.9993136840394993,0.9491966797050982,3.8787691618103364,3.1540511640120696,0.6328732464374409
0.5,0.5,10.0,0,0.601,0.8914718447224477,0.9904303897050969,0.9680032605157425,0.9259372388476391,0.995336832515242,0.9858340655473085,0.9698691972040842,0.9992727760407697,0.9980798149232176,0.9851708373103807,0.9997763686274794,0.9993641890761689,0.9480645775170368,3.5476984266810723,3.0081687150253864,0.6423778062275304
0.5,0.5,10.0,1,0.6016666666666667,0.8848319902750376,0.9892374291508842,0.9640917840640991,0.9232402797341468,0.9951129164258633,0.9842207744505436,0.9938634430067032,0.9999623012663723,0.9999318297230156,0.994143581232497,0.9999664804219204,0.9999093548284578,0.9570996511427214,2.488654609229114,2.918156983095934,0.6365122451581497
0.5,0.5,10.0,2,0.6073333333333333,0.8819906450070267,0.9885254543685131,0.9634507562794888,0.9273855786203093,0.9954771703352394,0.9848994109054461,0.9854349360824064,0.9997524518426394,0.9991196795950809,0.9795286042673339,0.9994925765452587,0.9982325749930592,0.96719593436681,2.1026745423134163,2.6181408455628645,0.6258412088434322
0.5,0.5,10.0,3,0.598,0.9059525299101868,0.9927238245100821,0.9790156888865711,0.9520226515150687,0.9981181817926632,0.9936186053357503,0.969938420998898,0.9992643145625311,0.997473747619589,0.9707805074784457,0.9993191593163601,0.9977153318670698,0.961571186648592,2.2385413887912704,2.7134322147057417,0.631371893782666
0.5,0.5,10.0,4,0.6003333333333334,0.8881726641592852,0.989937846741266,0.966312903559304,0.9365297666671868,0.996695886566539,0.9892747042075059,0.9826427101477284,0.9997287042278465,0.9991426757830413,0.9841046244414141,0.9997562097358382,0.9994986888114908,0.9734373634273443,1.8565389928781197,2.5279709267262804,0.6125829455325301
0.5,0.5,10.0,5,0.599,0.8957729501262,0.9911816957147858,0.9715351427361548,0.9385976063294804,0.9968845410455563,0.9893931273720541,0.9871168630751941,0.999862853653805,0.9995462734024755,0.9917954687187222,0.9999449647676772,0.9998108563870882,0.9643910664469985,2.2762633188663925,2.7100314847412434,0.6261738530690525
0.5,0.5,10.0,6,0.616,0.8911822405420038,0.9902800099831979,0.9707838408622781,0.9326290534892536,0.9962915259141574,0.9872306265378656,0.9910211003909676,0.9999122365078535,0.9998289413537753,0.9935223762394162,0.9999620228306018,0.9999258765672507,0.9655243742842597,2.3102748043050614,2.5517641428096116,0.6284581304112554
0.5,0.5,10.0,7,0.5973333333333334,0.8782408609832123,0.9880284607966927,0.9586896921531234,0.9108719452850226,0.9931440740384782,0.9788654641522739,0.976073690587762,0.999424190303706,0.998661113453491,0.980635490213837,0.9996466388467306,0.9993136840394993,0.9491966797050982,3.8787691618103364,3.1540511640120696,0.6328732464374409
0.5,0.75,10.0,0,0.601,0.8395362593055182,0.9792586636980076,0.9265480450298565,0.9259372388476391,0.995336832515242,0.9858340655473085,0.9698691972040842,0.9992727760407697,0.9980798149232176,0.9851708373103807,0.9997763686274794,0.9993641890761689,0.9480645775170368,3.5476984266810723,3.0081687150253864,0.6423778062275304
0.5,0.75,10.0,1,0.6016666666666667,0.8337047776379027,0.9775937439156175,0.9207691219441706,0.9232402797341468,0.9951129164258633,0.9842207744505436,0.9938634430067032,0.9999623012663723,0.9999318297230156,0.994143581232497,0.9999664804219204,0.9999093548284578,0.9570996511427214,2.488654609229114,2.918156983095934,0.6365122451581497
0.5,0.75,10.0,2,0.6073333333333333,0.8337518293404762,0.9774494572468326,0.9214129659516913,0.9273855786203093,0.9954771703352394,0.9848994109054461,0.9854349360824064,0.9997524518426394,0.9991196795950809,0.9795286042673339,0.9994925765452587,0.9982325749930592,0.96719593436681,2.1026745423134163,2.6181408455628645,0.6258412088434322
0.5,0.75,10.0,3,0.598,0.8540736218689169,0.9826778937676138,0.9416065382857995,0.9520226515150687,0.9981181817926632,0.9936186053357503,0.969938420998898,0.9992643145625311,0.997473747619589,0.9707805074784457,0.9993191593163601,0.9977153318670698,0.961571186648592,2.2385413887912704,2.7134322147057417,0.631371893782666
0.5,0.75,10.0,4,0.6003333333333334,0.8384042605891956,0.9789388713516551,0.9256782233854153,0.9365297666671868,0.996695886566539,0.9892747042075059,0.9826427101477284,0.9997287042278465,0.9991426757830413,0.9841046244414141,0.9997562097358382,0.9994986888114908,0.9734373634273443,1.8565389928781197,2.5279709267262804,0.6125829455325301
0.5,0.75,10.0,5,0.599,0.8442297145064068,0.9804059252002902,0.9311011191675777,0.9385976063294804,0.9968845410455563,0.9893931273720541,0.9871168630751941,0.999862853653805,0.9995462734024755,0.9917954687187222,0.9999449647676772,0.9998108563870882,0.9643910664469985,2.2762633188663925,2.7100314847412434,0.6261738530690525
0.5,0.75,10.0,6,0.616,0.8403928132528424,0.9793071472974695,0.9284177914571462,0.9326290534892536,0.9962915259141574,0.9872306265378656,0.9910211003909676,0.9999122365078535,0.9998289413537753,0.9935223762394162,0.9999620228306018,0.9999258765672507,0.9655243742842597,2.3102748043050614,2.5517641428096116,0.6284581304112554
0.5,0.75,10.0,7,0.5973333333333334,0.8240019718469975,0.9750673479655328,0.9108837306777611,0.9108719452850226,0.9931440740384782,0.9788654641522739,0.976073690587762,0.999424190303706,0.998661113453491,0.980635490213837,0.9996466388467306,0.9993136840394993,0.9491966797050982,3.8787691618103364,3.1540511640120696,0.6328732464374409
0.5,1.0,10.0,0,0.601,0.7907983578476235,0.9643867776155691,0.869477866628327,0.9259372388476391,0.995336832515242,0.9858340655473085,0.9698691972040842,0.9992727760407697,0.9980798149232176,0.9851708373103807,0.9997763686274794,0.9993641890761689,0.9480645775170368,3.5476984266810723,3.0081687150253864,0.6423778062275304
0.5,1.0,10.0,1,0.6016666666666667,0.7857520634094322,0.9623881220742381,0.8623337408048954,0.9232402797341468,0.9951129164258633,0.9842207744505436,0.9938634430067032,0.9999623012663723,0.9999318297230156,0.994143581232497,0.9999664804219204,0.9999093548284578,0.9570996511427214,2.488654609229114,2.918156983095934,0.6365122451581497
0.5,1.0,10.0,2,0.6073333333333333,0.7870013378348932,0.9627492104667683,0.8651365462379155,0.9273855786203093,0.9954771703352394,0.9848994109054461,0.9854349360824064,0.9997524518426394,0.9991196795950809,0.9795286042673339,0.9994925765452587,0.9982325749930592,0.96719593436681,2.1026745423134163,2.6181408455628645,0.6258412088434322
0.5,1.0,10.0,3,0.598,0.8031349191629537,0.9678127581078492,0.8868213920358794,0.9520226515150687,0.9981181817926632,0.9936186053357503,0.969938420998898,0.9992643145625311,0.997473747619589,0.9707805074784457,0.9993191593163601,0.9977153318670698,0.961571186648592,2.2385413887912704,2.7134322147057417,0.631371893782666
0.5,1.0,10.0,4,0.6003333333333334,0.7891157459760569,0.9634136625315999,0.8662556262495603,0.9365297666671868,0.996695886566539,0.9892747042075059,0.9826427101477284,0.9997287042278465,0.9991426757830413,0.9841046244414141,0.9997562097358382,0.9994986888114908,0.9734373634273443,1.8565389928781197,2.5279709267262804,0.6125829455325301
0.5,1.0,10.0,5,0.599,0.7950605108811171,0.9656304856539116,0.8747376694207957,0.9385976063294804,0.9968845410455563,0.9893931273720541,0.9871168630751941,0.999862853653805,0.9995462734024755,0.9917954687187222,0.9999449647676772,0.9998108563870882,0.9643910664469985,2.2762633188663925,2.7100314847412434,0.6261738530690525
0.5,1.0,10.0,6,0.616,0.7901508447184713,0.9636730035978391,0.8689901297391741,0.9326290534892536,0.9962915259141574,0.9872306265378656,0.9910211003909676,0.9999122365078535,0.9998289413537753,0.9935223762394162,0.9999620228306018,0.9999258765672507,0.9655243742842597,2.3102748043050614,2.5517641428096116,0.6284581304112554
0.5,1.0,10.0,7,0.5973333333333334,0.7766987669839565,0.9595495913962644,0.8495746557465261,0.9108719452850226,0.9931440740384782,0.9788654641522739,0.976073690587762,0.999424190303706,0.998661113453491,0.980635490213837,0.9996466388467306,0.9993136840394993,0.9491966797050982,3.8787691618103364,3.1540511640120696,0.6328732464374409
1.0,0.0,10.0,0,0.602,0.8864525433847421,0.9876797522474529,0.9981527595744557,0.8616424943736767,0.9828022915005776,0.9533261150112837,0.952936385433316,0.997916641396699,0.9951914390173495,0.9698742634347551,0.9989941535880579,0.9975085155608784,0.7410636174113521,16.85887276515595,5.05438342336833,0.7453576947120244
1.0,0.0,10.0,1,0.596,0.8843885148378361,0.987286063051812,0.9984515394058442,0.8535237546379304,0.9813694213896573,0.9473165223626675,0.9669851185698557,0.9988904878474958,0.9975414661710895,0.9762322313583434,0.9994249966537312,0.9989868036533631,0.7596765745883762,11.825841030176601,4.91135504422275,0.7457416882627861
1.0,0.0,10.0,2,0.6066666666666667,0.8813552653359772,0.9865822855590768,0.998562086754989,0.8645962469483989,0.9841366048922603,0.9513984658288837,0.9887882836835458,0.9998588592588381,0.9996033060175087,0.9837113544118309,0.9996793076415849,0.9988833124365456,0.8445766226624959,5.849536987769831,4.604749197082499,0.7407799403985844
1.0,0.0,10.0,3,0.5996666666666667,0.887416617686905,0.9878224833090914,0.9964080932962923,0.8862253821046956,0.9885764960951698,0.9671985557780435,0.9770803376940421,0.9995358507274683,0.9993012968858549,0.975245622306282,0.9994519128759349,0.9988197900572888,0.8374802835319686,6.025290928073275,4.85176833917007,0.7400591224933456
1.0,0.0,10.0,4,0.598,0.8916825663540612,0.9888146833297655,0.9985958862206968,0.8711932788785307,0.9855844280539828,0.9586981270360155,0.9924415102578563,0.9999415422400906,0.9999347188834149,0.9787574077531808,0.9995726225096281,0.9994009828956524,0.8565990438080134,4.642127216899696,4.374466316233899,0.7243804666744317
1.0,0.0,10.0,5,0.5976666666666667,0.8950429378006228,0.9895229106460012,0.9992331261453848,0.8749877409873955,0.9865451042717538,0.9597141225080896,0.9920101463814899,0.9999377401149496,0.9999655912272405,0.9887017220858998,0.9998801213558066,0.9999701729738257,0.8443735349620218,6.498513965897737,4.775966775198831,0.7319662537410745
1.0,0.0,10.0,6,0.6103333333333333,0.8828555757756253,0.9870823771946136,0.9990195506102383,0.8721860789603568,0.9862811496318946,0.9567216373994394,0.9905319328404967,0.9998923335623562,0.9996168412124032,0.989563949237891,0.9999111001291423,0.9996911282212789,0.8706804276441539,6.243864933737426,4.20281671208747,0.7231189489632734
1.0,0.0,10.0,7,0.6033333333333334,0.8928316932567245,0.9892595720691987,0.9991827814461637,0.8501112400309618,0.9801122755880108,0.9445647270677601,0.9594249034537108,0.9982293893805226,0.9960754133898932,0.9595262901478575,0.9982679092232818,0.9964903716243597,0.8222890313025079,8.091871696097394,4.203942057182042,0.7341120757695343
1.0,0.25,10.0,0,0.602,0.9285230049172541,0.9953565664590528,0.9950409482501178,0.8616424943736767,0.9828022915005776,0.9533261150112837,0.952936385433316,0.997916641396699,0.9951914390173495,0.9698742634347551,0.9989941535880579,0.9975085155608784,0.7410636174113521,16.85887276515595,5.05438342336833,0.7453576947120244
1.0,0.25,10.0,1,0.596,0.9179861558153162,0.9940500516075845,0.9906753708968932,0.8535237546379304,0.9813694213896573,0.9473165223626675,0.9669851185698557,0.9988904878474958,0.9975414661710895,0.9762322313583434,0.9994249966537312,0.9989868036533631,0.7596765745883762,11.825841030176601,4.91135504422275,0.7457416882627861
1.0,0.25,10.0,2,0.6066666666666667,0.9127064516780995,0.9931039264831701,0.9905489469531805,0.8645962469483989,0.9841366048922603,0.9513984658288837,0.9887882836835458,0.9998588592588381,0.9996033060175087,0.9837113544118309,0.9996793076415849,0.9988833124365456,0.8445766226624959,5.849536987769831,4.604749197082499,0.7407799403985844
1.0,0.25,10.0,3,0.5996666666666667,0.9285132601388589,0.9952226817642963,0.9958088399751609,0.8862253821046956,0.9885764960951698,0.9671985557780435,0.9770803376940421,0.9995358507274683,0.9993012968858549,0.975245622306282,0.9994519128759349,0.9988197900572888,0.8374802835319686,6.025290928073275,4.85176833917007,0.7400591224933456
1.0,0.25,10.0,4,0.598,0.9205064423959001,0.9944913904216691,0.9893347544085366,0.8711932788785307,0.9855844280539828,0.9586981270360155,0.9924415102578563,0.9999415422400906,0.9999347188834149,0.9787574077531808,0.9995726225096281,0.9994009828956524,0.8565990438080134,4.642127216899696,4.374466316233899,0.7243804666744317
1.0,0.25,10.0,5,0.5976666666666667,0.928562203546158,0.9955468078622332,0.9927017142832973,0.8749877409873955,0.9865451042717538,0.9597141225080896,0.9920101463814899,0.9999377401149496,0.9999655912272405,0.9887017220858998,0.9998801213558066,0.9999701729738257,0.8443735349620218,6.498513965897737,4.775966775198831,0.7319662537410745
1.0,0.25,10.0,6,0.6103333333333333,0.9219767220239748,0.9944836332314104,0.9946690709967333,0.8721860789603568,0.9862811496318946,0.9567216373994394,0.9905319328404967,0.9998923335623562,0.9996168412124032,0.989563949237891,0.9999111001291423,0.9996911282212789,0.8706804276441539,6.243864933737426,4.20281671208747,0.7231189489632734
1.0,0.25,10.0,7,0.6033333333333334,0.9185264028670567,0.9943842688138894,0.987803325398908,0.8501112400309618,0.9801122755880108,0.9445647270677601,0.9594249034537108,0.9982293893805226,0.9960754133898932,0.9595262901478575,0.9982679092232818,0.9964903716243597,0.8222890313025079,8.091871696097394,4.203942057182042,0.7341120757695343
1.0,0.5,10.0,0,0.602,0.895867307414453,0.9909987053464714,0.9688830599891785,0.8616424943736767,0.9828022915005776,0.9533261150112837,0.952936385433316,0.997916641396699,0.9951914390173495,0.9698742634347551,0.9989941535880579,0.9975085155608784,0.7410636174113521,16.85887276515595,5.05438342336833,0.7453576947120244
1.0,0.5,10.0,1,0.596,0.8842558903568883,0.9887295649063713,0.9610929341979014,0.8535237546379304,0.9813694213896573,0.9473165223626675,0.9669851185698557,0.9988904878474958,0.9975414661710895,0.9762322313583434,0.9994249966537312,0.9989868036533631,0.7596765745883762,11.825841030176601,4.91135504422275,0.7457416882627861
1.0,0.5,10.0,2,0.6066666666666667,0.8809160244468789,0.988000626465477,0.9595945238779556,0.8645962469483989,0.9841366048922603,0.9513984658288837,0.9887882836835458,0.9998588592588381,0.9996033060175087,0.9837113544118309,0.9996793076415849,0.9988833124365456,0.8445766226624959,5.849536987769831,4.604749197082499,0.7407799403985844
1.0,0.5,10.0,3,0.5996666666666667,0.9038496493016404,0.9922023480041603,0.9739713282099765,0.8862253821046956,0.9885764960951698,0.9671985557780435,0.9770803376940421,0.9995358507274683,0.9993012968858549,0.975245622306282,0.9994519128759349,0.9988197900572888,0.8374802835319686,6.025290928073275,4.85176833917007,0.7400591224933456
1.0,0.5,10.0,4,0.598,0.8848402429519144,0.9889361635356537,0.9615131116019926,0.8711932788785307,0.9855844280539828,0.9586981270360155,0.9924415102578563,0.9999415422400906,0.9999347188834149,0.9787574077531808,0.9995726225096281,0.9994009828956524,0.8565990438080134,4.642127216899696,4.374466316233899,0.7243804666744317
1.0,0.5,10.0,5,0.5976666666666667,0.8932356337173397,0.9905797747145815,0.9673276024887314,0.8749877409873955,0.9865451042717538,0.9597141225080896,0.9920101463814899,0.9999377401149496,0.9999655912272405,0.9887017220858998,0.9998801213558066,0.9999701729738257,0.8443735349620218,6.498513965897737,4.775966775198831,0.7319662537410745
1.0,0.5,10.0,6,0.6103333333333333,0.891648613267431,0.9904731044577876,0.967665705544963,0.8721860789603568,0.9862811496318946,0.9567216373994394,0.9905319328404967,0.9998923335623562,0.9996168412124032,0.989563949237891,0.9999111001291423,0.9996911282212789,0.8706804276441539,6.243864933737426,4.20281671208747,0.7231189489632734
1.0,0.5,10.0,7,0.6033333333333334,0.8749926170970356,0.9870150433611817,0.9548866032550989,0.8501112400309618,0.9801122755880108,0.9445647270677601,0.9594249034537108,0.9982293893805226,0.9960754133898932,0.9595262901478575,0.9982679092232818,0.9964903716243597,0.8222890313025079,8.091871696097394,4.203942057182042,0.7341120757695343
1.0,0.75,10.0,0,0.602,0.8352364588600685,0.977335325750792,0.9218936422345924,0.8616424943736767,0.9828022915005776,0.9533261150112837,0.952936385433316,0.997916641396699,0.9951914390173495,0.9698742634347551,0.9989941535880579,0.9975085155608784,0.7410636174113521,16.85887276515595,5.05438342336833,0.7453576947120244
1.0,0.75,10.0,1,0.596,0.8279147592701225,0.9750988196563743,0.9132620293738548,0.8535237546379304,0.9813694213896573,0.9473165223626675,0.9669851185698557,0.9988904878474958,0.9975414661710895,0.9762322313583434,0.9994249966537312,0.9989868036533631,0.7596765745883762,11.825841030176601,4.91135504422275,0.7457416882627861
1.0,0.75,10.0,2,0.6066666666666667,0.8254328791786456,0.9743693361967708,0.9096624068560217,0.8645962469483989,0.9841366048922603,0.9513984658288837,0.9887882836835458,0.9998588592588381,0.9996033060175087,0.9837113544118309,0.9996793076415849,0.9988833124365456,0.8445766226624959,5.849536987769831,4.604749197082499,0.7407799403985844
1.0,0.75,10.0,3,0.5996666666666667,0.8512272330289747,0.9815510867070468,0.9352605096482437,0.8862253821046956,0.9885764960951698,0.9671985557780435,0.9770803376940421,0.9995358507274683,0.9993012968858549,0.975245622306282,0.9994519128759349,0.9988197900572888,0.8374802835319686,6.025290928073275,4.85176833917007,0.7400591224933456
1.0,0.75,10.0,4,0.598,0.8323081097312054,0.9766503639639731,0.9184704658422973,0.8711932788785307,0.9855844280539828,0.9586981270360155,0.9924415102578563,0.9999415422400906,0.9999347188834149,0.9787574077531808,0.9995726225096281,0.9994009828956524,0.8565990438080134,4.642127216899696,4.374466316233899,0.7243804666744317
1.0,0.75,10.0,5,0.5976666666666667,0.8385296156310054,0.9784517771719594,0.9253423210201719,0.8749877409873955,0.9865451042717538,0.9597141225080896,0.9920101463814899,0.9999377401149496,0.9999655912272405,0.9887017220858998,0.9998801213558066,0.9999701729738257,0.8443735349620218,6.498513965897737,4.775966775198831,0.7319662537410745
1.0,0.75,10.0,6,0.6103333333333333,0.8326317811940012,0.9771155672569061,0.9192784776414352,0.8721860789603568,0.9862811496318946,0.9567216373994394,0.9905319328404967,0.9998923335623562,0.9996168412124032,0.989563949237891,0.9999111001291423,0.9996911282212789,0.8706804276441539,6.243864933737426,4.20281671208747,0.7231189489632734
1.0,0.75,10.0,7,0.6033333333333334,0.8171219486149727,0.9722279467812779,0.9049699117602844,0.8501112400309618,0.9801122755880108,0.9445647270677601,0.9594249034537108,0.9982293893805226,0.9960754133898932,0.9595262901478575,0.9982679092232818,0.9964903716243597,0.8222890313025079,8.091871696097394,4.203942057182042,0.7341120757695343
1.0,1.0,10.0,0,0.602,0.7818712220601266,0.9610624692409376,0.8604522598447548,0.8616424943736767,0.9828022915005776,0.9533261150112837,0.952936385433316,0.997916641396699,0.9951914390173495,0.9698742634347551,0.9989941535880579,0.9975085155608784,0.7410636174113521,16.85887276515595,5.05438342336833,0.7453576947120244
1.0,1.0,10.0,1,0.596,0.7775461990723069,0.9592235986713369,0.8530791334282651,0.8535237546379304,0.9813694213896573,0.9473165223626675,0.9669851185698557,0.9988904878474958,0.9975414661710895,0.9762322313583434,0.9994249966537312,0.9989868036533631,0.7596765745883762,11.825841030176601,4.91135504422275,0.7457416882627861
1.0,1.0,10.0,2,0.6066666666666667,0.7758876485328283,0.9584837860300819,0.8493480486609525,0.8645962469483989,0.9841366048922603,0.9513984658288837,0.9887882836835458,0.9998588592588381,0.9996033060175087,0.9837113544118309,0.9996793076415849,0.9988833124365456,0.8445766226624959,5.849536987769831,4.604749197082499,0.7407799403985844
1.0,1.0,10.0,3,0.5996666666666667,0.803878752717961,0.9685319443358067,0.8868676068327315,0.8862253821046956,0.9885764960951698,0.9671985557780435,0.9770803376940421,0.9995358507274683,0.9993012968858549,0.975245622306282,0.9994519128759349,0.9988197900572888,0.8374802835319686,6.025290928073275,4.85176833917007,0.7400591224933456
1.0,1.0,10.0,4,0.598,0.784578114798092,0.9619976576218019,0.8627534682258658,0.8711932788785307,0.9855844280539828,0.9586981270360155,0.9924415102578563,0.9999415422400906,0.9999347188834149,0.9787574077531808,0.9995726225096281,0.9994009828956524,0.8565990438080134,4.642127216899696,4.374466316233899,0.7243804666744317
1.0,1.0,10.0,5,0.5976666666666667,0.7890068532579498,0.9637141247812452,0.869341482926556,0.8749877409873955,0.9865451042717538,0.9597141225080896,0.9920101463814899,0.9999377401149496,0.9999655912272405,0.9887017220858998,0.9998801213558066,0.9999701729738257,0.8443735349620218,6.498513965897737,4.775966775198831,0.7319662537410745
1.0,1.0,10.0,6,0.6103333333333333,0.7806900175159017,0.9608064503199639,0.8572897636648785,0.8721860789603568,0.9862811496318946,0.9567216373994394,0.9905319328404967,0.9998923335623562,0.9996168412124032,0.989563949237891,0.9999111001291423,0.9996911282212789,0.8706804276441539,6.243864933737426,4.20281671208747,0.7231189489632734
1.0,1.0,10.0,7,0.6033333333333334,0.7699202393846724,0.9568045251519185,0.845652222599071,0.8501112400309618,0.9801122755880108,0.9445647270677601,0.9594249034537108,0.9982293893805226,0.9960754133898932,0.9595262901478575,0.9982679092232818,0.9964903716243597,0.8222890313025079,8.091871696097394,4.203942057182042,0.7341120757695343
1.5,0.0,10.0,0,0.6046666666666667,0.8875538699309932,0.9877753580410639,0.9966310314239117,0.8197524699860325,0.9700180206527298,0.9252450015462799,0.9416373683590978,0.9965193710324948,0.9930972587067658,0.950214875140268,0.9972802996224558,0.9942988145679266,0.5884299601838432,17.559187782044653,6.3264636766842735,0.8102406614471294
1.5,0.0,10.0,1,0.5993333333333334,0.89022336286456,0.9885020474849825,0.9983337927230207,0.8125289379723573,0.9686336405855153,0.9195722593308121,0.9468860708735223,0.9970799732557631,0.9934255771896657,0.9530517110173762,0.9976731765134077,0.9952410977577074,0.6445213740294885,13.12934263525529,6.583878179792584,0.8087589001645386
1.5,0.0,10.0,2,0.6036666666666667,0.8798270542602293,0.9861248218430437,0.9955578489145208,0.8209028781934757,0.9715164667114323,0.9209295238056062,0.9825544817732865,0.9996807411613239,0.9996129522703942,0.9751961894394284,0.9993274088462477,0.9982358773881697,0.7005068747059455,11.541735981704445,6.722696378679098,0.8065782464789748
1.5,0.0,10.0,3,0.5993333333333334,0.8851423817934414,0.9872650403501135,0.99569771219813,0.8480069937916993,0.9788669644433488,0.9440686539194678,0.9778519757703743,0.9995318314156844,0.9990453181802964,0.9775528738407551,0.9995098908205355,0.9990852082846512,0.6418930006878648,15.91996594538953,7.3692708247165415,0.7989416508266719
1.5,0.0,10.0,4,0.6013333333333334,0.8869419053058994,0.9877343311779355,0.9976724445321807,0.8195610050705919,0.9707528298461955,0.9273762213423747,0.9709426121839441,0.9991326227597626,0.9987891315098406,0.9631483628378668,0.9986614305415373,0.9977252658780674,0.6451790387212649,13.957795156946144,6.8134639096559075,0.8037422876699122
1.5,0.0,10.0,5,0.5966666666666667,0.8908328657954262,0.9886914717898848,0.9992127562026887,0.8240410996152927,0.9723076213271462,0.9270481935172339,0.9693896467214259,0.9989687635721709,0.9978701183937475,0.9694106324149483,0.9989778090147716,0.9981781927524425,0.6441420773267106,14.972979667589142,6.773659095293998,0.8057754282284499
1.5,0.0,10.0,6,0.6156666666666667,0.8842491830812989,0.9872105286760792,0.998457210615665,0.8271736657292397,0.9733576792453644,0.9259416401040617,0.9744270622857459,0.9992688142988246,0.9979244739982407,0.9663920645432815,0.9987881412158084,0.9965409028730063,0.7065590762000711,13.20729154422674,6.033125448374718,0.7997035581010626
1.5,0.0,10.0,7,0.6036666666666667,0.884938294971118,0.9875490771067073,0.999073743180769,0.8030540915756358,0.9648031438503629,0.9105602769502605,0.936630078801164,0.9956499216541767,0.9890210024885498,0.9335798708742299,0.9952619728658335,0.9894563155173113,0.696405633967621,12.691509507224279,5.5451196257616955,0.8030791643813924
1.5,0.25,10.0,0,0.6046666666666667,0.9304855719319167,0.9955403412713935,0.9921597404870564,0.8197524699860325,0.9700180206527298,0.9252450015462799,0.9416373683590978,0.9965193710324948,0.9930972587067658,0.950214875140268,0.9972802996224558,0.9942988145679266,0.5884299601838432,17.559187782044653,6.3264636766842735,0.8102406614471294
1.5,0.25,10.0,1,0.5993333333333334,0.9241526190811318,0.9949834053248552,0.9901213700997298,0.8125289379723573,0.9686336405855153,0.9195722593308121,0.9468860708735223,0.9970799732557631,0.9934255771896657,0.9530517110173762,0.9976731765134077,0.9952410977577074,0.6445213740294885,13.12934263525529,6.583878179792584,0.8087589001645386
1.5,0.25,10.0,2,0.6036666666666667,0.9004247167675588,0.9910558786090676,0.9812807687397472,0.8209028781934757,0.9715164667114323,0.9209295238056062,0.9825544817732865,0.9996807411613239,0.9996129522703942,0.9751961894394284,0.9993274088462477,0.9982358773881697,0.7005068747059455,11.541735981704445,6.722696378679098,0.8065782464789748
1.5,0.25,10.0,3,0.5993333333333334,0.9301870809127566,0.9953791117784748,0.9952000071788502,0.8480069937916993,0.9788669644433488,0.9440686539194678,0.9778519757703743,0.9995318314156844,0.9990453181802964,0.9775528738407551,0.9995098908205355,0.9990852082846512,0.6418930006878648,15.91996594538953,7.3692708247165415,0.7989416508266719
1.5,0.25,10.0,4,0.6013333333333334,0.9237564331136784,0.9949041787849904,0.9897664954000726,0.8195610050705919,0.9707528298461955,0.9273762213423747,0.9709426121839441,0.9991326227597626,0.9987891315098406,0.9631483628378668,0.9986614305415373,0.9977252658780674,0.6451790387212649,13.957795156946144,6.8134639096559075,0.8037422876699122
1.5,0.25,10.0,5,0.5966666666666667,0.928477387614148,0.9955420387053353,0.9925754597006996,0.8240410996152927,0.9723076213271462,0.9270481935172339,0.9693896467214259,0.9989687635721709,0.9978701183937475,0.9694106324149483,0.9989778090147716,0.9981781927524425,0.6441420773267106,14.972979667589142,6.773659095293998,0.8057754282284499
1.5,0.25,10.0,6,0.6156666666666667,0.9280903006224439,0.9953715311399175,0.9934097701029353,0.8271736657292397,0.9733576792453644,0.9259416401040617,0.9744270622857459,0.9992688142988246,0.9979244739982407,0.9663920645432815,0.9987881412158084,0.9965409028730063,0.7065590762000711,13.20729154422674,6.033125448374718,0.7997035581010626
1.5,0.25,10.0,7,0.6036666666666667,0.9155747150562654,0.9939342337046644,0.9868323051139657,0.8030540915756358,0.9648031438503629,0.9105602769502605,0.936630078801164,0.9956499216541767,0.9890210024885498,0.9335798708742299,0.9952619728658335,0.9894563155173113,0.696405633967621,12.691509507224279,5.5451196257616955,0.8030791643813924
1.5,0.5,10.0,0,0.6046666666666667,0.8900677484559457,0.9890560575308636,0.9626394012970668,0.8197524699860325,0.9700180206527298,0.9252450015462799,0.9416373683590978,0.9965193710324948,0.9930972587067658,0.950214875140268,0.9972802996224558,0.9942988145679266,0.5884299601838432,17.559187782044653,6.3264636766842735,0.8102406614471294
1.5,0.5,10.0,1,0.5993333333333334,0.8839223986356066,0.9882863725819937,0.9597021888659225,0.8125289379723573,0.9686336405855153,0.9195722593308121,0.9468860708735223,0.9970799732557631,0.9934255771896657,0.9530517110173762,0.9976731765134077,0.9952410977577074,0.6445213740294885,13.12934263525529,6.583878179792584,0.8087589001645386
1.5,0.5,10.0,2,0.6036666666666667,0.8658277363474517,0.984101070016383,0.9448881768921099,0.8209028781934757,0.9715164667114323,0.9209295238056062,0.9825544817732865,0.9996807411613239,0.9996129522703942,0.9751961894394284,0.9993274088462477,0.9982358773881697,0.7005068747059455,11.541735981704445,6.722696378679098,0.8065782464789748
1.5,0.5,10.0,3,0.5993333333333334,0.9043846982596263,0.9920268228112463,0.9726895092416317,0.8480069937916993,0.9788669644433488,0.9440686539194678,0.9778519757703743,0.9995318314156844,0.9990453181802964,0.9775528738407551,0.9995098908205355,0.9990852082846512,0.6418930006878648,15.91996594538953,7.3692708247165415,0.7989416508266719
1.5,0.5,10.0,4,0.6013333333333334,0.8858318078026546,0.9885443992544888,0.9607878185646636,0.8195610050705919,0.9707528298461955,0.9273762213423747,0.9709426121839441,0.9991326227597626,0.9987891315098406,0.9631483628378668,0.9986614305415373,0.9977252658780674,0.6451790387212649,13.957795156946144,6.8134639096559075,0.8037422876699122
1.5,0.5,10.0,5,0.5966666666666667,0.890997337963936,0.9898287427901364,0.965055785610284,0.8240410996152927,0.9723076213271462,0.9270481935172339,0.9693896467214259,0.9989687635721709,0.9978701183937475,0.9694106324149483,0.9989778090147716,0.9981781927524425,0.6441420773267106,14.972979667589142,6.773659095293998,0.8057754282284499
1.5,0.5,10.0,6,0.6156666666666667,0.8898404331760611,0.9896015815918888,0.9639148166766298,0.8271736657292397,0.9733576792453644,0.9259416401040617,0.9744270622857459,0.9992688142988246,0.9979244739982407,0.9663920645432815,0.9987881412158084,0.9965409028730063,0.7065590762000711,13.20729154422674,6.033125448374718,0.7997035581010626
1.5,0.5,10.0,7,0.6036666666666667,0.8702529296414697,0.9856175452334989,0.9504704173111941,0.8030540915756358,0.9648031438503629,0.9105602769502605,0.936630078801164,0.9956499216541767,0.9890210024885498,0.9335798708742299,0.9952619728658335,0.9894563155173113,0.696405633967621,12.691509507224279,5.5451196257616955,0.8030791643813924
1.5,0.75,10.0,0,0.6046666666666667,0.8267477849857734,0.973283242167293,0.9142088734333365,0.8197524699860325,0.9700180206527298,0.9252450015462799,0.9416373683590978,0.9965193710324948,0.9930972587067658,0.950214875140268,0.9972802996224558,0.9942988145679266,0.5884299601838432,17.559187782044653,6.3264636766842735,0.8102406614471294
1.5,0.75,10.0,1,0.5993333333333334,0.8219623223640926,0.9721991318394492,0.9079632418656264,0.8125289379723573,0.9686336405855153,0.9195722593308121,0.9468860708735223,0.9970799732557631,0.9934255771896657,0.9530517110173762,0.9976731765134077,0.9952410977577074,0.6445213740294885,13.12934263525529,6.583878179792584,0.8087589001645386
1.5,0.75,10.0,2,0.6036666666666667,0.8114298429243627,0.9687857510353863,0.8925564152949718,0.8209028781934757,0.9715164667114323,0.9209295238056062,0.9825544817732865,0.9996807411613239,0.9996129522703942,0.9751961894394284,0.9993274088462477,0.9982358773881697,0.7005068747059455,11.541735981704445,6.722696378679098,0.8065782464789748
1.5,0.75,10.0,3,0.5993333333333334,0.846667092739932,0.9795526638955481,0.9297221399398379,0.8480069937916993,0.9788669644433488,0.9440686539194678,0.9778519757703743,0.9995318314156844,0.9990453181802964,0.9775528738407551,0.9995098908205355,0.9990852082846512,0.6418930006878648,15.91996594538953,7.3692708247165415,0.7989416508266719
1.5,0.75,10.0,4,0.6013333333333334,0.8268023605524609,0.9736234310133518,0.9137196467787756,0.8195610050705919,0.9707528298461955,0.9273762213423747,0.9709426121839441,0.9991326227597626,0.9987891315098406,0.9631483628378668,0.9986614305415373,0.9977252658780674,0.6451790387212649,13.957795156946144,6.8134639096559075,0.8037422876699122
1.5,0.75,10.0,5,0.5966666666666667,0.8292222323521563,0.9744516006856112,0.9169782389804508,0.8240410996152927,0.9723076213271462,0.9270481935172339,0.9693896467214259,0.9989687635721709,0.9978701183937475,0.9694106324149483,0.9989778090147716,0.9981781927524425,0.6441420773267106,14.972979667589142,6.773659095293998,0.8057754282284499
1.5,0.75,10.0,6,0.6156666666666667,0.8289589739366818,0.9747059089838652,0.9142124494595432,0.8271736657292397,0.9733576792453644,0.9259416401040617,0.9744270622857459,0.9992688142988246,0.9979244739982407,0.9663920645432815,0.9987881412158084,0.9965409028730063,0.7065590762000711,13.20729154422674,6.033125448374718,0.7997035581010626
1.5,0.75,10.0,7,0.6036666666666667,0.8076702665068473,0.9679010735280668,0.8948986857884768,0.8030540915756358,0.9648031438503629,0.9105602769502605,0.936630078801164,0.9956499216541767,0.9890210024885498,0.9335798708742299,0.9952619728658335,0.9894563155173113,0.696405633967621,12.691509507224279,5.5451196257616955,0.8030791643813924
1.5,1.0,10.0,0,0.6046666666666667,0.7746411285908265,0.9570336987481535,0.8542728303976885,0.8197524699860325,0.9700180206527298,0.9252450015462799,0.9416373683590978,0.9965193710324948,0.9930972587067658,0.950214875140268,0.9972802996224558,0.9942988145679266,0.5884299601838432,17.559187782044653,6.3264636766842735,0.8102406614471294
1.5,1.0,10.0,1,0.5993333333333334,0.7709780550506741,0.9552234790440923,0.8455271073466238,0.8125289379723573,0.9686336405855153,0.9195722593308121,0.9468860708735223,0.9970799732557631,0.9934255771896657,0.9530517110173762,0.9976731765134077,0.9952410977577074,0.6445213740294885,13.12934263525529,6.583878179792584,0.8087589001645386
1.5,1.0,10.0,2,0.6036666666666667,0.7660411474399624,0.9533383634184499,0.8357352209986938,0.8209028781934757,0.9715164667114323,0.9209295238056062,0.9825544817732865,0.9996807411613239,0.9996129522703942,0.9751961894394284,0.9993274088462477,0.9982358773881697,0.7005068747059455,11.541735981704445,6.722696378679098,0.8065782464789748
1.5,1.0,10.0,3,0.5993333333333334,0.7961100930954266,0.9649319434400189,0.8765785160873181,0.8480069937916993,0.9788669644433488,0.9440686539194678,0.9778519757703743,0.9995318314156844,0.9990453181802964,0.9775528738407551,0.9995098908205355,0.9990852082846512,0.6418930006878648,15.91996594538953,7.3692708247165415,0.7989416508266719
1.5,1.0,10.0,4,0.6013333333333334,0.777249259422532,0.9580154017461592,0.8553722773345429,0.8195610050705919,0.9707528298461955,0.9273762213423747,0.9709426121839441,0.9991326227597626,0.9987891315098406,0.9631483628378668,0.9986614305415373,0.9977252658780674,0.6451790387212649,13.957795156946144,6.8134639096559075,0.8037422876699122
1.5,1.0,10.0,5,0.5966666666666667,0.7794652780196365,0.9589252975382868,0.8599802661499677,0.8240410996152927,0.9723076213271462,0.9270481935172339,0.9693896467214259,0.9989687635721709,0.9978701183937475,0.9694106324149483,0.9989778090147716,0.9981781927524425,0.6441420773267106,14.972979667589142,6.773659095293998,0.8057754282284499
1.5,1.0,10.0,6,0.6156666666666667,0.7780004589764546,0.9585276347527127,0.8539908739012579,0.8271736657292397,0.9733576792453644,0.9259416401040617,0.9744270622857459,0.9992688142988246,0.9979244739982407,0.9663920645432815,0.9987881412158084,0.9965409028730063,0.7065590762000711,13.20729154422674,6.033125448374718,0.7997035581010626
1.5,1.0,10.0,7,0.6036666666666667,0.7582890362654195,0.9507274605865558,0.8322112010116938,0.8030540915756358,0.9648031438503629,0.9105602769502605,0.936630078801164,0.9956499216541767,0.9890210024885498,0.9335798708742299,0.9952619728658335,0.9894563155173113,0.696405633967621,12.691509507224279,5.5451196257616955,0.8030791643813924
2.0,0.0,10.0,0,0.6,0.8934420158542888,0.9890189151335664,0.9966139831474613,0.787255429824713,0.957724427490152,0.8998502183494667,0.9258383204673957,0.9940907077519977,0.9872593311940334,0.9329481254702764,0.9950703345982432,0.9898184625217529,0.28499965301042507,51.945156840537365,7.895627841018813,0.8522268518518519
2.0,0.0,10.0,1,0.5966666666666667,0.8869202364538114,0.9879575696319075,0.9987009368244852,0.774709313967503,0.9537361642278336,0.8920983371072839,0.9165347559214728,0.9926547389943703,0.9836681602324191,0.9244487909865371,0.993947577571878,0.9872566299105746,0.4247573461434373,24.422220425059677,7.556535559700818,0.8594948981947457
2.0,0.0,10.0,2,0.6046666666666667,0.877821776487426,0.9858123939346919,0.9984156476053859,0.7850717389353932,0.9578865674355319,0.8937483684701895,0.9481574736701485,0.997078283363042,0.9930975395462095,0.9412013321481546,0.9962737960014603,0.9902004326523025,0.42047060751306764,36.39878858264133,7.348350219808669,0.8542052073901507
2.0,0.0,10.0,3,0.5983333333333334,0.8737186079143759,0.9844191858807265,0.9894799382785968,0.8079316280937092,0.9655901910205178,0.9184700670199891,0.9534730804124556,0.997748250565146,0.9972544594026634,0.952090004720377,0.9975510170299956,0.996128593546682,0.40181548755909174,29.272949339218904,7.788657337909552,0.8526501693269687
2.0,0.0,10.0,4,0.5976666666666667,0.8956323960208719,0.9896290550120994,0.998823336933248,0.7827122833292421,0.9565694454015025,0.9029340586933561,0.9321270980146901,0.9950966505595682,0.9917775235825482,0.9306649127382001,0.9949608477860743,0.9912298904862097,0.3291626248685224,37.23581912842246,7.471034043237812,0.8506765470616422
2.0,0.0,10.0,5,0.6033333333333334,0.8852855878121241,0.9874008646146534,0.9974553176643166,0.7966249350121454,0.9623905313025133,0.907344971502306,0.9610693840620159,0.9983398675258328,0.9959690326622014,0.9475470003576941,0.9970283570749097,0.993220197863724,0.44871058386473384,27.716252370074297,6.724311077009592,0.8512112911462928
2.0,0.0,10.0,6,0.6173333333333333,0.8823773687795065,0.9867746112451244,0.9979578471858335,0.7920989997538872,0.9604863812541056,0.9006596288161807,0.9484827776734923,0.9970901436344174,0.9931526605973667,0.9394250151731603,0.9960706945450889,0.9900514348555396,0.5741128070659445,16.377729902655894,7.163093246073493,0.8508635075744464
2.0,0.0,10.0,7,0.6053333333333333,0.8931686025777563,0.989054900054878,0.9970742103710831,0.7740182950418174,0.9532281616190881,0.888634364768567,0.9322029658069678,0.9950127844368072,0.9870520121074039,0.9227611017558169,0.9936431376302001,0.9853764921992801,0.5565294415563062,19.911600776260098,6.587807811771253,0.8484952635730445
2.0,0.25,10.0,0,0.6,0.9265572311262654,0.995110350585365,0.9886971351565508,0.787255429824713,0.957724427490152,0.8998502183494667,0.9258383204673957,0.9940907077519977,0.9872593311940334,0.9329481254702764,0.9950703345982432,0.9898184625217529,0.28499965301042507,51.945156840537365,7.895627841018813,0.8522268518518519
2.0,0.25,10.0,1,0.5966666666666667,0.9208687082095449,0.9945665693746816,0.9883061261546991,0.774709313967503,0.9537361642278336,0.8920983371072839,0.9165347559214728,0.9926547389943703,0.9836681602324191,0.9244487909865371,0.993947577571878,0.9872566299105746,0.4247573461434373,24.422220425059677,7.556535559700818,0.8594948981947457
2.0,0.25,10.0,2,0.6046666666666667,0.9085774078602498,0.992442912959403,0.9862782531230881,0.7850717389353932,0.9578865674355319,0.8937483684701895,0.9481574736701485,0.997078283363042,0.9930975395462095,0.9412013321481546,0.9962737960014603,0.9902004326523025,0.42047060751306764,36.39878858264133,7.348350219808669,0.8542052073901507
2.0,0.25,10.0,3,0.5983333333333334,0.9311646909931595,0.995070862361351,0.9919977469248261,0.8079316280937092,0.9655901910205178,0.9184700670199891,0.9534730804124556,0.997748250565146,0.9972544594026634,0.952090004720377,0.9975510170299956,0.996128593546682,0.40181548755909174,29.272949339218904,7.788657337909552,0.8526501693269687
2.0,0.25,10.0,4,0.5976666666666667,0.9302718609413999,0.995838647660835,0.990456082541208,0.7827122833292421,0.9565694454015025,0.9029340586933561,0.9321270980146901,0.9950966505595682,0.9917775235825482,0.9306649127382001,0.9949608477860743,0.9912298904862097,0.3291626248685224,37.23581912842246,7.471034043237812,0.8506765470616422
2.0,0.25,10.0,5,0.6033333333333334,0.9256078427038177,0.9949657643452388,0.9904683027076714,0.7966249350121454,0.9623905313025133,0.907344971502306,0.9610693840620159,0.9983398675258328,0.9959690326622014,0.9475470003576941,0.9970283570749097,0.993220197863724,0.44871058386473384,27.716252370074297,6.724311077009592,0.8512112911462928
2.0,0.25,10.0,6,0.6173333333333333,0.9292257924195304,0.9954542003637452,0.9939124942441081,0.7920989997538872,0.9604863812541056,0.9006596288161807,0.9484827776734923,0.9970901436344174,0.9931526605973667,0.9394250151731603,0.9960706945450889,0.9900514348555396,0.5741128070659445,16.377729902655894,7.163093246073493,0.8508635075744464
2.0,0.25,10.0,7,0.6053333333333333,0.9147548201393689,0.993640840474805,0.9825952252072357,0.7740182950418174,0.9532281616190881,0.888634364768567,0.9322029658069678,0.9950127844368072,0.9870520121074039,0.9227611017558169,0.9936431376302001,0.9853764921992801,0.5565294415563062,19.911600776260098,6.587807811771253,0.8484952635730445
2.0,0.5,10.0,0,0.6,0.8797990884401355,0.9865343915370902,0.9551132747201263,0.787255429824713,0.957724427490152,0.8998502183494667,0.9258383204673957,0.9940907077519977,0.9872593311940334,0.9329481254702764,0.9950703345982432,0.9898184625217529,0.28499965301042507,51.945156840537365,7.895627841018813,0.8522268518518519
2.0,0.5,10.0,1,0.5966666666666667,0.8752573054077042,0.9860227693442187,0.9526133468665422,0.774709313967503,0.9537361642278336,0.8920983371072839,0.9165347559214728,0.9926547389943703,0.9836681602324191,0.9244487909865371,0.993947577571878,0.9872566299105746,0.4247573461434373,24.422220425059677,7.556535559700818,0.8594948981947457
2.0,0.5,10.0,2,0.6046666666666667,0.8696260261103211,0.9845677285679234,0.9465332448200733,0.7850717389353932,0.9578865674355319,0.8937483684701895,0.9481574736701485,0.997078283363042,0.9930975395462095,0.9412013321481546,0.9962737960014603,0.9902004326523025,0.42047060751306764,36.39878858264133,7.348350219808669,0.8542052073901507
2.0,0.5,10.0,3,0.5983333333333334,0.9036704050820495,0.990665326592333,0.9681905121835279,0.8079316280937092,0.9655901910205178,0.9184700670199891,0.9534730804124556,0.997748250565146,0.9972544594026634,0.952090004720377,0.9975510170299956,0.996128593546682,0.40181548755909174,29.272949339218904,7.788657337909552,0.8526501693269687
2.0,0.5,10.0,4,0.5976666666666667,0.8806768904225566,0.987070805120405,0.9572161460302313,0.7827122833292421,0.9565694454015025,0.9029340586933561,0.9321270980146901,0.9950966505595682,0.9917775235825482,0.9306649127382001,0.9949608477860743,0.9912298904862097,0.3291626248685224,37.23581912842246,7.471034043237812,0.8506765470616422
2.0,0.5,10.0,5,0.6033333333333334,0.8860301297971598,0.9881123251759693,0.9596789453446734,0.7966249350121454,0.9623905313025133,0.907344971502306,0.9610693840620159,0.9983398675258328,0.9959690326622014,0.9475470003576941,0.9970283570749097,0.993220197863724,0.44871058386473384,27.716252370074297,6.724311077009592,0.8512112911462928
2.0,0.5,10.0,6,0.6173333333333333,0.8904358966269265,0.9892061133787043,0.9629910537839276,0.7920989997538872,0.9604863812541056,0.9006596288161807,0.9484827776734923,0.9970901436344174,0.9931526605973667,0.9394250151731603,0.9960706945450889,0.9900514348555396,0.5741128070659445,16.377729902655894,7.163093246073493,0.8508635075744464
2.0,0.5,10.0,7,0.6053333333333333,0.8638145572751804,0.9829834935103916,0.9435960853350198,0.7740182950418174,0.9532281616190881,0.888634364768567,0.9322029658069678,0.9950127844368072,0.9870520121074039,0.9227611017558169,0.9936431376302001,0.9853764921992801,0.5565294415563062,19.911600776260098,6.587807811771253,0.8484952635730445
2.0,0.75,10.0,0,0.6,0.815039074927923,0.968602687941476,0.9034113938085635,0.787255429824713,0.957724427490152,0.8998502183494667,0.9258383204673957,0.9940907077519977,0.9872593311940334,0.9329481254702764,0.9950703345982432,0.9898184625217529,0.28499965301042507,51.945156840537365,7.895627841018813,0.8522268518518519
2.0,0.75,10.0,1,0.5966666666666667,0.810991600744174,0.9674932175955359,0.8968085132161556,0.774709313967503,0.9537361642278336,0.8920983371072839,0.9165347559214728,0.9926547389943703,0.9836681602324191,0.9244487909865371,0.993947577571878,0.9872566299105746,0.4247573461434373,24.422220425059677,7.556535559700818,0.8594948981947457
2.0,0.75,10.0,2,0.6046666666666667,0.8075242675630477,0.9660667588596428,0.8879272257544361,0.7850717389353932,0.9578865674355319,0.8937483684701895,0.9481574736701485,0.997078283363042,0.9930975395462095,0.9412013321481546,0.9962737960014603,0.9902004326523025,0.42047060751306764,36.39878858264133,7.348350219808669,0.8542052073901507
2.0,0.75,10.0,3,0.5983333333333334,0.8393895238234662,0.9755752925919289,0.9229312070953273,0.8079316280937092,0.9655901910205178,0.9184700670199891,0.9534730804124556,0.997748250565146,0.9972544594026634,0.952090004720377,0.9975510170299956,0.996128593546682,0.40181548755909174,29.272949339218904,7.788657337909552,0.8526501693269687
2.0,0.75,10.0,4,0.5976666666666667,0.8175005155112332,0.9695901342504384,0.9056616682713591,0.7827122833292421,0.9565694454015025,0.9029340586933561,0.9321270980146901,0.9950966505595682,0.9917775235825482,0.9306649127382001,0.9949608477860743,0.9912298904862097,0.3291626248685224,37.23581912842246,7.471034043237812,0.8506765470616422
2.0,0.75,10.0,5,0.6033333333333334,0.8225112700172643,0.9711486025448104,0.909692125704057,0.7966249350121454,0.9623905313025133,0.907344971502306,0.9610693840620159,0.9983398675258328,0.9959690326622014,0.9475470003576941,0.9970283570749097,0.993220197863724,0.44871058386473384,27.716252370074297,6.724311077009592,0.8512112911462928
2.0,0.75,10.0,6,0.6173333333333333,0.822680076930201,0.9712908056350129,0.9079077359832786,0.7920989997538872,0.9604863812541056,0.9006596288161807,0.9484827776734923,0.9970901436344174,0.9931526605973667,0.9394250151731603,0.9960706945450889,0.9900514348555396,0.5741128070659445,16.377729902655894,7.163093246073493,0.8508635075744464
2.0,0.75,10.0,7,0.6053333333333333,0.7989121093760417,0.9630912305967262,0.8868393708443097,0.7740182950418174,0.9532281616190881,0.888634364768567,0.9322029658069678,0.9950127844368072,0.9870520121074039,0.9227611017558169,0.9936431376302001,0.9853764921992801,0.5565294415563062,19.911600776260098,6.587807811771253,0.8484952635730445
2.0,1.0,10.0,0,0.6,0.765836729590414,0.9524172220945653,0.8453645777524312,0.787255429824713,0.957724427490152,0.8998502183494667,0.9258383204673957,0.9940907077519977,0.9872593311940334,0.9329481254702764,0.9950703345982432,0.9898184625217529,0.28499965301042507,51.945156840537365,7.895627841018813,0.8522268518518519
2.0,1.0,10.0,1,0.5966666666666667,0.7610387007160218,0.9496580513065461,0.8339671252921557,0.774709313967503,0.9537361642278336,0.8920983371072839,0.9165347559214728,0.9926547389943703,0.9836681602324191,0.9244487909865371,0.993947577571878,0.9872566299105746,0.4247573461434373,24.422220425059677,7.556535559700818,0.8594948981947457
2.0,1.0,10.0,2,0.6046666666666667,0.7585587845453088,0.9488891083746782,0.8272028744542833,0.7850717389353932,0.9578865674355319,0.8937483684701895,0.9481574736701485,0.997078283363042,0.9930975395462095,0.9412013321481546,0.9962737960014603,0.9902004326523025,0.42047060751306764,36.39878858264133,7.348350219808669,0.8542052073901507
2.0,1.0,10.0,3,0.5983333333333334,0.7866066019594966,0.9599441891631952,0.8659761446803206,0.8079316280937092,0.9655901910205178,0.9184700670199891,0.9534730804124556,0.997748250565146,0.9972544594026634,0.952090004720377,0.9975510170299956,0.996128593546682,0.40181548755909174,29.272949339218904,7.788657337909552,0.8526501693269687
2.0,1.0,10.0,4,0.5976666666666667,0.7684641998961438,0.9534329864617563,0.8462931590233508,0.7827122833292421,0.9565694454015025,0.9029340586933561,0.9321270980146901,0.9950966505595682,0.9917775235825482,0.9306649127382001,0.9949608477860743,0.9912298904862097,0.3291626248685224,37.23581912842246,7.471034043237812,0.8506765470616422
2.0,1.0,10.0,5,0.6033333333333334,0.7724799630703149,0.9548827434653651,0.8518027548366874,0.7966249350121454,0.9623905313025133,0.907344971502306,0.9610693840620159,0.9983398675258328,0.9959690326622014,0.9475470003576941,0.9970283570749097,0.993220197863724,0.44871058386473384,27.716252370074297,6.724311077009592,0.8512112911462928
2.0,1.0,10.0,6,0.6173333333333333,0.7696090112885265,0.9535850794042091,0.8429113095532972,0.7920989997538872,0.9604863812541056,0.9006596288161807,0.9484827776734923,0.9970901436344174,0.9931526605973667,0.9394250151731603,0.9960706945450889,0.9900514348555396,0.5741128070659445,16.377729902655894,7.163093246073493,0.8508635075744464
2.0,1.0,10.0,7,0.6053333333333333,0.7522485039656621,0.9466290732832089,0.8275731303738281,0.7740182950418174,0.9532281616190881,0.888634364768567,0.9322029658069678,0.9950127844368072,0.9870520121074039,0.9227611017558169,0.9936431376302001,0.9853764921992801,0.5565294415563062,19.911600776260098,6.587807811771253,0.8484952635730445
2.5,0.0,10.0,0,0.601,0.8937833571868262,0.9890420311339193,0.9967512334766884,0.7602067365835892,0.9458745164699661,0.8786540283926453,0.9096917334991979,0.9911938087959155,0.980139413618062,0.9115800643426011,0.9914897441794329,0.9817760955108088,0.09195823324612017,117.19102723197099,8.302281855729504,0.8894416666550828
2.5,0.0,10.0,1,0.5986666666666667,0.8791539273783111,0.9860349501100709,0.9963849599616202,0.7548760969542557,0.9448158765770974,0.8781613378532487,0.9104575755002206,0.9914852747396455,0.9816631699663745,0.9126649680656904,0.9918990185597301,0.9830530955058432,0.25102930168787135,44.89036698991381,8.723671239629418,0.888101049582313
2.5,0.0,10.0,2,0.6093333333333333,0.8819022758709858,0.9866255059929881,0.9953578317428327,0.7603180194362702,0.9458543516602631,0.8773217160033844,0.9123105628803935,0.9915317584888291,0.9813972934610706,0.90719657301859,0.9906278601093848,0.9786609711798264,0.4428533706723553,19.55356719762023,8.331392221131322,0.8864207511519706
2.5,0.0,10.0,3,0.596,0.8854212265577549,0.9871910453712491,0.994362749450188,0.781130965499501,0.9547921589342745,0.8983880063471038,0.9170634154305959,0.9925404662960589,0.9870531732335425,0.9155927859322497,0.9922316461521681,0.9860722644464642,0.19324242968664543,64.51920917223667,6.524079185957308,0.884385544259124
2.5,0.0,10.0,4,0.5986666666666667,0.8868071489137248,0.9877767879941343,0.9982858615455698,0.7561730585539719,0.9447581031936684,0.8825554442566287,0.9128190122725528,0.9918152300412475,0.9839538109746704,0.9079051500048705,0.9909275495115532,0.9828417318625897,0.2976597713598772,44.78645019695217,8.072248232784093,0.8869636475297634
2.5,0.0,10.0,5,0.6026666666666667,0.8885906709858157,0.9881216343652649,0.9984607662721036,0.7687266426665065,0.9505570056931323,0.887146358180937,0.9250234239592483,0.9939211468188144,0.9860722726697594,0.9174338134542319,0.9927056014744053,0.9841433403278631,0.24251817951387594,44.50227097493026,7.215531492139194,0.8859148564174141
2.5,0.0,10.0,6,0.6173333333333333,0.8664307323987851,0.982966364184181,0.9968719396846247,0.7648501196893461,0.9489023988449701,0.8807371813580318,0.9208998720933268,0.9932364314515911,0.9849060255068298,0.9128985338856727,0.9918883027109351,0.9808032328465319,0.593463885351883,12.784109550942803,7.943103095390399,0.8865578035987087
2.5,0.0,10.0,7,0.6036666666666667,0.8923028275975226,0.9891059462217983,0.9985768307864408,0.7487865461472609,0.9416617705164869,0.8706220068764641,0.9161999937655787,0.992441596278812,0.9821800406522637,0.9035394583475482,0.9901359981878919,0.9780908838376479,0.5169953324967648,17.823161960567255,7.867071078206121,0.8789713269854952
2.5,0.25,10.0,0,0.601,0.930256203556783,0.9955838828216789,0.9893909881959205,0.7602067365835892,0.9458745164699661,0.8786540283926453,0.9096917334991979,0.9911938087959155,0.980139413618062,0.9115800643426011,0.9914897441794329,0.9817760955108088,0.09195823324612017,117.19102723197099,8.302281855729504,0.8894416666550828
2.5,0.25,10.0,1,0.5986666666666667,0.9111022492070696,0.9928834131403824,0.9837051162268432,0.7548760969542557,0.9448158765770974,0.8781613378532487,0.9104575755002206,0.9914852747396455,0.9816631699663745,0.9126649680656904,0.9918990185597301,0.9830530955058432,0.25102930168787135,44.89036698991381,8.723671239629418,0.888101049582313
2.5,0.25,10.0,2,0.6093333333333333,0.9103902173519095,0.9925927536041181,0.9818375262233638,0.7603180194362702,0.9458543516602631,0.8773217160033844,0.9123105628803935,0.9915317584888291,0.9813972934610706,0.90719657301859,0.9906278601093848,0.9786609711798264,0.4428533706723553,19.55356719762023,8.331392221131322,0.8864207511519706
2.5,0.25,10.0,3,0.596,0.9312596182991666,0.9953198488442992,0.9909403466734931,0.781130965499501,0.9547921589342745,0.8983880063471038,0.9170634154305959,0.9925404662960589,0.9870531732335425,0.9155927859322497,0.9922316461521681,0.9860722644464642,0.19324242968664543,64.51920917223667,6.524079185957308,0.884385544259124
2.5,0.25,10.0,4,0.5986666666666667,0.9247386159196037,0.9950388798316122,0.9888015472007584,0.7561730585539719,0.9447581031936684,0.8825554442566287,0.9128190122725528,0.9918152300412475,0.9839538109746704,0.9079051500048705,0.9909275495115532,0.9828417318625897,0.2976597713598772,44.78645019695217,8.072248232784093,0.8869636475297634
2.5,0.25,10.0,5,0.6026666666666667,0.9300594396266184,0.9956136435345705,0.9912093307854509,0.7687266426665065,0.9505570056931323,0.887146358180937,0.9250234239592483,0.9939211468188144,0.9860722726697594,0.9174338134542319,0.9927056014744053,0.9841433403278631,0.24251817951387594,44.50227097493026,7.215531492139194,0.8859148564174141
2.5,0.25,10.0,6,0.6173333333333333,0.9238325805895238,0.9945974714674135,0.9937521881139313,0.7648501196893461,0.9489023988449701,0.8807371813580318,0.9208998720933268,0.9932364314515911,0.9849060255068298,0.9128985338856727,0.9918883027109351,0.9808032328465319,0.593463885351883,12.784109550942803,7.943103095390399,0.8865578035987087
2.5,0.25,10.0,7,0.6036666666666667,0.9170861695853215,0.994177830267555,0.9845962336832085,0.7487865461472609,0.9416617705164869,0.8706220068764641,0.9161999937655787,0.992441596278812,0.9821800406522637,0.9035394583475482,0.9901359981878919,0.9780908838376479,0.5169953324967648,17.823161960567255,7.867071078206121,0.8789713269854952
2.5,0.5,10.0,0,0.601,0.882581702532203,0.9868888568251283,0.9575190972016149,0.7602067365835892,0.9458745164699661,0.8786540283926453,0.9096917334991979,0.9911938087959155,0.980139413618062,0.9115800643426011,0.9914897441794329,0.9817760955108088,0.09195823324612017,117.19102723197099,8.302281855729504,0.8894416666550828
2.5,0.5,10.0,1,0.5986666666666667,0.8685134890477417,0.9837905809900614,0.9451403750262019,0.7548760969542557,0.9448158765770974,0.8781613378532487,0.9104575755002206,0.9914852747396455,0.9816631699663745,0.9126649680656904,0.9918990185597301,0.9830530955058432,0.25102930168787135,44.89036698991381,8.723671239629418,0.888101049582313
2.5,0.5,10.0,2,0.6093333333333333,0.8692867878443864,0.9833954648890078,0.9444856289455195,0.7603180194362702,0.9458543516602631,0.8773217160033844,0.9123105628803935,0.9915317584888291,0.9813972934610706,0.90719657301859,0.9906278601093848,0.9786609711798264,0.4428533706723553,19.55356719762023,8.331392221131322,0.8864207511519706
2.5,0.5,10.0,3,0.596,0.8948549564560595,0.9890356012507372,0.9632182616464131,0.781130965499501,0.9547921589342745,0.8983880063471038,0.9170634154305959,0.9925404662960589,0.9870531732335425,0.9155927859322497,0.9922316461521681,0.9860722644464642,0.19324242968664543,64.51920917223667,6.524079185957308,0.884385544259124
2.5,0.5,10.0,4,0.5986666666666667,0.8793781243977222,0.9864617511108549,0.9554485840632608,0.7561730585539719,0.9447581031936684,0.8825554442566287,0.9128190122725528,0.9918152300412475,0.9839538109746704,0.9079051500048705,0.9909275495115532,0.9828417318625897,0.2976597713598772,44.78645019695217,8.072248232784093,0.8869636475297634
2.5,0.5,10.0,5,0.6026666666666667,0.8829189101742504,0.9870680741974793,0.9572499887281419,0.7687266426665065,0.9505570056931323,0.887146358180937,0.9250234239592483,0.9939211468188144,0.9860722726697594,0.9174338134542319,0.9927056014744053,0.9841433403278631,0.24251817951387594,44.50227097493026,7.215531492139194,0.8859148564174141
2.5,0.5,10.0,6,0.6173333333333333,0.8892962581248229,0.9886476541826,0.9613204852193478,0.7648501196893461,0.9489023988449701,0.8807371813580318,0.9208998720933268,0.9932364314515911,0.9849060255068298,0.9128985338856727,0.9918883027109351,0.9808032328465319,0.593463885351883,12.784109550942803,7.943103095390399,0.8865578035987087
2.5,0.5,10.0,7,0.6036666666666667,0.8627173997489055,0.9827844483510224,0.9435957307155163,0.7487865461472609,0.9416617705164869,0.8706220068764641,0.9161999937655787,0.992441596278812,0.9821800406522637,0.9035394583475482,0.9901359981878919,0.9780908838376479,0.5169953324967648,17.823161960567255,7.867071078206121,0.8789713269854952
2.5,0.75,10.0,0,0.601,0.8120745087872168,0.9665508725750899,0.9015542757248753,0.7602067365835892,0.9458745164699661,0.8786540283926453,0.9096917334991979,0.9911938087959155,0.980139413618062,0.9115800643426011,0.9914897441794329,0.9817760955108088,0.09195823324612017,117.19102723197099,8.302281855729504,0.8894416666550828
2.5,0.75,10.0,1,0.5986666666666667,0.8044702739912728,0.9641698726596624,0.8885863595213778,0.7548760969542557,0.9448158765770974,0.8781613378532487,0.9104575755002206,0.9914852747396455,0.9816631699663745,0.9126649680656904,0.9918990185597301,0.9830530955058432,0.25102930168787135,44.89036698991381,8.723671239629418,0.888101049582313
2.5,0.75,10.0,2,0.6093333333333333,0.8066364372605062,0.9638905762256735,0.8893941273167426,0.7603180194362702,0.9458543516602631,0.8773217160033844,0.9123105628803935,0.9915317584888291,0.9813972934610706,0.90719657301859,0.9906278601093848,0.9786609711798264,0.4428533706723553,19.55356719762023,8.331392221131322,0.8864207511519706
2.5,0.75,10.0,3,0.596,0.8298651701586528,0.9720807060001887,0.9146023932052743,0.781130965499501,0.9547921589342745,0.8983880063471038,0.9170634154305959,0.9925404662960589,0.9870531732335425,0.9155927859322497,0.9922316461521681,0.9860722644464642,0.19324242968664543,64.51920917223667,6.524079185957308,0.884385544259124
2.5,0.75,10.0,4,0.5986666666666667,0.8123403205375702,0.9669278905383076,0.901006847793208,0.7561730585539719,0.9447581031936684,0.8825554442566287,0.9128190122725528,0.9918152300412475,0.9839538109746704,0.9079051500048705,0.9909275495115532,0.9828417318625897,0.2976597713598772,44.78645019695217,8.072248232784093,0.8869636475297634
2.5,0.75,10.0,5,0.6026666666666667,0.8151622235949623,0.9678413960308833,0.903438818169119,0.7687266426665065,0.9505570056931323,0.887146358180937,0.9250234239592483,0.9939211468188144,0.9860722726697594,0.9174338134542319,0.9927056014744053,0.9841433403278631,0.24251817951387594,44.50227097493026,7.215531492139194,0.8859148564174141
2.5,0.75,10.0,6,0.6173333333333333,0.8180019754425915,0.9686460653363428,0.9032314905380444,0.7648501196893461,0.9489023988449701,0.8807371813580318,0.9208998720933268,0.9932364314515911,0.9849060255068298,0.9128985338856727,0.9918883027109351,0.9808032328465319,0.593463885351883,12.784109550942803,7.943103095390399,0.8865578035987087
2.5,0.75,10.0,7,0.6036666666666667,0.7939160615585799,0.9607224049627744,0.8832413043567525,0.7487865461472609,0.9416617705164869,0.8706220068764641,0.9161999937655787,0.992441596278812,0.9821800406522637,0.9035394583475482,0.9901359981878919,0.9780908838376479,0.5169953324967648,17.823161960567255,7.867071078206121,0.8789713269854952
2.5,1.0,10.0,0,0.601,0.7587270305733729,0.9477449925642313,0.8363918332502622,0.7602067365835892,0.9458745164699661,0.8786540283926453,0.9096917334991979,0.9911938087959155,0.980139413618062,0.9115800643426011,0.9914897441794329,0.9817760955108088,0.09195823324612017,117.19102723197099,8.302281855729504,0.8894416666550828
2.5,1.0,10.0,1,0.5986666666666667,0.7559378832107111,0.9465940476628737,0.8285739497670824,0.7548760969542557,0.9448158765770974,0.8781613378532487,0.9104575755002206,0.9914852747396455,0.9816631699663745,0.9126649680656904,0.9918990185597301,0.9830530955058432,0.25102930168787135,44.89036698991381,8.723671239629418,0.888101049582313
2.5,1.0,10.0,2,0.6093333333333333,0.7574133753959038,0.9462678145687802,0.8279404604439303,0.7603180194362702,0.9458543516602631,0.8773217160033844,0.9123105628803935,0.9915317584888291,0.9813972934610706,0.90719657301859,0.9906278601093848,0.9786609711798264,0.4428533706723553,19.55356719762023,8.331392221131322,0.8864207511519706
2.5,1.0,10.0,3,0.596,0.7796190692524475,0.9560969369358396,0.8583660390173299,0.781130965499501,0.9547921589342745,0.8983880063471038,0.9170634154305959,0.9925404662960589,0.9870531732335425,0.9155927859322497,0.9922316461521681,0.9860722644464642,0.19324242968664543,64.51920917223667,6.524079185957308,0.884385544259124
2.5,1.0,10.0,4,0.5986666666666667,0.7603377253132376,0.9489452142502283,0.8363548576170613,0.7561730585539719,0.9447581031936684,0.8825554442566287,0.9128190122725528,0.9918152300412475,0.9839538109746704,0.9079051500048705,0.9909275495115532,0.9828417318625897,0.2976597713598772,44.78645019695217,8.072248232784093,0.8869636475297634
2.5,1.0,10.0,5,0.6026666666666667,0.7629403086350645,0.9501323137643345,0.8411607523072789,0.7687266426665065,0.9505570056931323,0.887146358180937,0.9250234239592483,0.9939211468188144,0.9860722726697594,0.9174338134542319,0.9927056014744053,0.9841433403278631,0.24251817951387594,44.50227097493026,7.215531492139194,0.8859148564174141
2.5,1.0,10.0,6,0.6173333333333333,0.7620401646102808,0.9488876932474625,0.8337597668335587,0.7648501196893461,0.9489023988449701,0.8807371813580318,0.9208998720933268,0.9932364314515911,0.9849060255068298,0.9128985338856727,0.9918883027109351,0.9808032328465319,0.593463885351883,12.784109550942803,7.943103095390399,0.8865578035987087
2.5,1.0,10.0,7,0.6036666666666667,0.7451000562804798,0.9421658495783531,0.8209222221095328,0.7487865461472609,0.9416617705164869,0.8706220068764641,0.9161999937655787,0.992441596278812,0.9821800406522637,0.9035394583475482,0.9901359981878919,0.9780908838376479,0.5169953324967648,17.823161960567255,7.867071078206121,0.8789713269854952
3.0,0.0,10.0,0,0.603,0.8922188269282564,0.9888265488460659,0.9979837959816686,0.7414519719977307,0.9367325700208131,0.8647008216080868,0.8868053627847106,0.9861937790887924,0.9679589706480353,0.8863763659552087,0.9860749002771833,0.968743423314323,0.07382088024899812,139.7427511965969,8.791951403374545,0.9115036813321209
3.0,0.0,10.0,1,0.5963333333333334,0.8769599436426996,0.9856773871338119,0.9980416536413351,0.7308199767075563,0.9329669225930087,0.8583997261535545,0.8732083280382181,0.9831335730526408,0.9607928366379914,0.880906735142946,0.9850238420191508,0.9671123383148954,0.30756392395421506,36.684489214263785,8.74246714910633,0.9151097241191815
3.0,0.0,10.0,2,0.6073333333333333,0.8803185122543016,0.9862902387499944,0.9954445680646528,0.7414656368792716,0.9367643117403853,0.860295564453576,0.8942617582240795,0.9877084632705275,0.9710600977539504,0.8871648907268073,0.9862678637556158,0.9692627774246411,0.27098708972622787,37.56469517754655,8.88942274279326,0.9084356637140103
3.0,0.0,10.0,3,0.5943333333333334,0.8931169086555774,0.9889318208668073,0.9968811282439326,0.7454894206281577,0.9385925576425056,0.8762757868125832,0.8867437674870027,0.9863687892014142,0.9755539934371817,0.8870455955908472,0.9863737818269886,0.9754095612980417,0.05920453805902124,148.86410852973873,7.582770888932861,0.9077130352350857
3.0,0.0,10.0,4,0.5936666666666667,0.8964112674285317,0.9897982084584309,0.9990959747574839,0.7380527681961363,0.9360742157690665,0.8687595196669248,0.901311320130929,0.9896209385327742,0.9785098633185537,0.8992210806818572,0.9891804581001253,0.9785947222707286,0.13245442831341758,84.21310527540257,9.636396346506238,0.906747875095749
3.0,0.0,10.0,5,0.6016666666666667,0.8783386230684638,0.9857670308073401,0.9954473128077658,0.7455467558336333,0.9396464971143258,0.8689783870295196,0.8886794534725371,0.9867587714280831,0.9680614485076889,0.8893319573029699,0.986972581881843,0.9710408827411322,0.07111550362773131,109.66138040983903,7.574981651474434,0.912339735045608
3.0,0.0,10.0,6,0.6143333333333333,0.8769892805878752,0.9854824926593717,0.9969543146487493,0.7456683482085398,0.9397903871428176,0.865653995044991,0.9012676064144141,0.989489710840638,0.9766988285813027,0.8881831337873292,0.9867893622331854,0.9692678247783933,0.49358725346675736,14.425401339357443,7.582980438672176,0.9076132400341219
3.0,0.0,10.0,7,0.6016666666666667,0.8958647374017281,0.9897802275025472,0.9991099979749452,0.7215200190961615,0.9278863843018467,0.8496374967860413,0.8741148530830418,0.9832436798607096,0.9631039177055036,0.8718110557405876,0.9826743171050837,0.9631423453772333,0.410184988323921,30.319504514315046,8.124733086853096,0.9088728427543203
3.0,0.25,10.0,0,0.603,0.9286297597608971,0.9954086171060409,0.9893506825265513,0.7414519719977307,0.9367325700208131,0.8647008216080868,0.8868053627847106,0.9861937790887924,0.9679589706480353,0.8863763659552087,0.9860749002771833,0.968743423314323,0.07382088024899812,139.7427511965969,8.791951403374545,0.9115036813321209
3.0,0.25,10.0,1,0.5963333333333334,0.921832459766802,0.9944960869824588,0.9895592903902959,0.7308199767075563,0.9329669225930087,0.8583997261535545,0.8732083280382181,0.9831335730526408,0.9607928366379914,0.880906735142946,0.9850238420191508,0.9671123383148954,0.30756392395421506,36.684489214263785,8.74246714910633,0.9151097241191815
3.0,0.25,10.0,2,0.6073333333333333,0.9067085475390525,0.9918849546437517,0.9801599758386669,0.7414656368792716,0.9367643117403853,0.860295564453576,0.8942617582240795,0.9877084632705275,0.9710600977539504,0.8871648907268073,0.9862678637556158,0.9692627774246411,0.27098708972622787,37.56469517754655,8.88942274279326,0.9084356637140103
3.0,0.25,10.0,3,0.5943333333333334,0.9356385215160943,0.9961042181480365,0.991328418631435,0.7454894206281577,0.9385925576425056,0.8762757868125832,0.8867437674870027,0.9863687892014142,0.9755539934371817,0.8870455955908472,0.9863737818269886,0.9754095612980417,0.05920453805902124,148.86410852973873,7.582770888932861,0.9077130352350857
3.0,0.25,10.0,4,0.5936666666666667,0.9298684392730681,0.9957892318059797,0.9895421016519235,0.7380527681961363,0.9360742157690665,0.8687595196669248,0.901311320130929,0.9896209385327742,0.9785098633185537,0.8992210806818572,0.9891804581001253,0.9785947222707286,0.13245442831341758,84.21310527540257,9.636396346506238,0.906747875095749
3.0,0.25,10.0,5,0.6016666666666667,0.9200423807099118,0.9940687308788713,0.9877075953677483,0.7455467558336333,0.9396464971143258,0.8689783870295196,0.8886794534725371,0.9867587714280831,0.9680614485076889,0.8893319573029699,0.986972581881843,0.9710408827411322,0.07111550362773131,109.66138040983903,7.574981651474434,0.912339735045608
3.0,0.25,10.0,6,0.6143333333333333,0.9140560119444459,0.9932804692907566,0.98697232585898,0.7456683482085398,0.9397903871428176,0.865653995044991,0.9012676064144141,0.989489710840638,0.9766988285813027,0.8881831337873292,0.9867893622331854,0.9692678247783933,0.49358725346675736,14.425401339357443,7.582980438672176,0.9076132400341219
3.0,0.25,10.0,7,0.6016666666666667,0.920056305552457,0.9945830897477832,0.9848039933652272,0.7215200190961615,0.9278863843018467,0.8496374967860413,0.8741148530830418,0.9832436798607096,0.9631039177055036,0.8718110557405876,0.9826743171050837,0.9631423453772333,0.410184988323921,30.319504514315046,8.124733086853096,0.9088728427543203
3.0,0.5,10.0,0,0.603,0.879307742678121,0.9859946947489222,0.9549263007925816,0.7414519719977307,0.9367325700208131,0.8647008216080868,0.8868053627847106,0.9861937790887924,0.9679589706480353,0.8863763659552087,0.9860749002771833,0.968743423314323,0.07382088024899812,139.7427511965969,8.791951403374545,0.9115036813321209
3.0,0.5,10.0,1,0.5963333333333334,0.8737032108393596,0.9848237175346702,0.9494907695571758,0.7308199767075563,0.9329669225930087,0.8583997261535545,0.8732083280382181,0.9831335730526408,0.9607928366379914,0.880906735142946,0.9850238420191508,0.9671123383148954,0.30756392395421506,36.684489214263785,8.74246714910633,0.9151097241191815
3.0,0.5,10.0,2,0.6073333333333333,0.8639096594145428,0.9816780701738099,0.9387223655581053,0.7414656368792716,0.9367643117403853,0.860295564453576,0.8942617582240795,0.9877084632705275,0.9710600977539504,0.8871648907268073,0.9862678637556158,0.9692627774246411,0.27098708972622787,37.56469517754655,8.88942274279326,0.9084356637140103
3.0,0.5,10.0,3,0.5943333333333334,0.8860801949005148,0.9871828717653826,0.9587487217357139,0.7454894206281577,0.9385925576425056,0.8762757868125832,0.8867437674870027,0.9863687892014142,0.9755539934371817,0.8870455955908472,0.9863737818269886,0.9754095612980417,0.05920453805902124,148.86410852973873,7.582770888932861,0.9077130352350857
3.0,0.5,10.0,4,0.5936666666666667,0.8771910507575761,0.9858894772978664,0.9547717471059654,0.7380527681961363,0.9360742157690665,0.8687595196669248,0.901311320130929,0.9896209385327742,0.9785098633185537,0.8992210806818572,0.9891804581001253,0.9785947222707286,0.13245442831341758,84.21310527540257,9.636396346506238,0.906747875095749
3.0,0.5,10.0,5,0.6016666666666667,0.8774879364175009,0.9855599916761525,0.9520593264613579,0.7455467558336333,0.9396464971143258,0.8689783870295196,0.8886794534725371,0.9867587714280831,0.9680614485076889,0.8893319573029699,0.986972581881843,0.9710408827411322,0.07111550362773131,109.66138040983903,7.574981651474434,0.912339735045608
3.0,0.5,10.0,6,0.6143333333333333,0.8760617612601062,0.9856346103403976,0.9509253805265241,0.7456683482085398,0.9397903871428176,0.865653995044991,0.9012676064144141,0.989489710840638,0.9766988285813027,0.8881831337873292,0.9867893622331854,0.9692678247783933,0.49358725346675736,14.425401339357443,7.582980438672176,0.9076132400341219
3.0,0.5,10.0,7,0.6016666666666667,0.8600762323453631,0.9815270883767698,0.9419949592506333,0.7215200190961615,0.9278863843018467,0.8496374967860413,0.8741148530830418,0.9832436798607096,0.9631039177055036,0.8718110557405876,0.9826743171050837,0.9631423453772333,0.410184988323921,30.319504514315046,8.124733086853096,0.9088728427543203
3.0,0.75,10.0,0,0.603,0.8074198831746109,0.96422057058018,0.8972417354458205,0.7414519719977307,0.9367325700208131,0.8647008216080868,0.8868053627847106,0.9861937790887924,0.9679589706480353,0.8863763659552087,0.9860749002771833,0.968743423314323,0.07382088024899812,139.7427511965969,8.791951403374545,0.9115036813321209
3.0,0.75,10.0,1,0.5963333333333334,0.8001136846161141,0.9618229302108223,0.8853413649414027,0.7308199767075563,0.9329669225930087,0.8583997261535545,0.8732083280382181,0.9831335730526408,0.9607928366379914,0.880906735142946,0.9850238420191508,0.9671123383148954,0.30756392395421506,36.684489214263785,8.74246714910633,0.9151097241191815
3.0,0.75,10.0,2,0.6073333333333333,0.7986686121455564,0.9601101853667544,0.8796217982200574,0.7414656368792716,0.9367643117403853,0.860295564453576,0.8942617582240795,0.9877084632705275,0.9710600977539504,0.8871648907268073,0.9862678637556158,0.9692627774246411,0.27098708972622787,37.56469517754655,8.88942274279326,0.9084356637140103
3.0,0.75,10.0,3,0.5943333333333334,0.8155242400961817,0.9666805592071035,0.9044805945700827,0.7454894206281577,0.9385925576425056,0.8762757868125832,0.8867437674870027,0.9863687892014142,0.9755539934371817,0.8870455955908472,0.9863737818269886,0.9754095612980417,0.05920453805902124,148.86410852973873,7.582770888932861,0.9077130352350857
3.0,0.75,10.0,4,0.5936666666666667,0.8065978947190326,0.9646605924834994,0.8968427521786198,0.7380527681961363,0.9360742157690665,0.8687595196669248,0.901311320130929,0.9896209385327742,0.9785098633185537,0.8992210806818572,0.9891804581001253,0.9785947222707286,0.13245442831341758,84.21310527540257,9.636396346506238,0.906747875095749
3.0,0.75,10.0,5,0.6016666666666667,0.8072980879658262,0.964468626962952,0.8947169376359435,0.7455467558336333,0.9396464971143258,0.8689783870295196,0.8886794534725371,0.9867587714280831,0.9680614485076889,0.8893319573029699,0.986972581881843,0.9710408827411322,0.07111550362773131,109.66138040983903,7.574981651474434,0.912339735045608
3.0,0.75,10.0,6,0.6143333333333333,0.8085594258697483,0.9649874399608473,0.8924065993078714,0.7456683482085398,0.9397903871428176,0.865653995044991,0.9012676064144141,0.989489710840638,0.9766988285813027,0.8881831337873292,0.9867893622331854,0.9692678247783933,0.49358725346675736,14.425401339357443,7.582980438672176,0.9076132400341219
3.0,0.75,10.0,7,0.6016666666666667,0.7863209744270733,0.9565370196580033,0.877464262769883,0.7215200190961615,0.9278863843018467,0.8496374967860413,0.8741148530830418,0.9832436798607096,0.9631039177055036,0.8718110557405876,0.9826743171050837,0.9631423453772333,0.410184988323921,30.319504514315046,8.124733086853096,0.9088728427543203
3.0,1.0,10.0,0,0.603,0.7548933365775697,0.9448307128623387,0.8330889555589601,0.7414519719977307,0.9367325700208131,0.8647008216080868,0.8868053627847106,0.9861937790887924,0.9679589706480353,0.8863763659552087,0.9860749002771833,0.968743423314323,0.07382088024899812,139.7427511965969,8.791951403374545,0.9115036813321209
3.0,1.0,10.0,1,0.5963333333333334,0.7466320959866617,0.9414555462821689,0.8167308952148147,0.7308199767075563,0.9329669225930087,0.8583997261535545,0.8732083280382181,0.9831335730526408,0.9607928366379914,0.880906735142946,0.9850238420191508,0.9671123383148954,0.30756392395421506,36.684489214263785,8.74246714910633,0.9151097241191815
3.0,1.0,10.0,2,0.6073333333333333,0.7510630498664965,0.9423075215342365,0.8197993801137724,0.7414656368792716,0.9367643117403853,0.860295564453576,0.8942617582240795,0.9877084632705275,0.9710600977539504,0.8871648907268073,0.9862678637556158,0.9692627774246411,0.27098708972622787,37.56469517754655,8.88942274279326,0.9084356637140103
3.0,1.0,10.0,3,0.5943333333333334,0.7624046069647072,0.9477447688916801,0.8416773997611368,0.7454894206281577,0.9385925576425056,0.8762757868125832,0.8867437674870027,0.9863687892014142,0.9755539934371817,0.8870455955908472,0.9863737818269886,0.9754095612980417,0.05920453805902124,148.86410852973873,7.582770888932861,0.9077130352350857
3.0,1.0,10.0,4,0.5936666666666667,0.7544682416333135,0.9459604946981643,0.8308605838948506,0.7380527681961363,0.9360742157690665,0.8687595196669248,0.901311320130929,0.9896209385327742,0.9785098633185537,0.8992210806818572,0.9891804581001253,0.9785947222707286,0.13245442831341758,84.21310527540257,9.636396346506238,0.906747875095749
3.0,1.0,10.0,5,0.6016666666666667,0.7550864874995882,0.9458521662739603,0.83138356265303,0.7455467558336333,0.9396464971143258,0.8689783870295196,0.8886794534725371,0.9867587714280831,0.9680614485076889,0.8893319573029699,0.986972581881843,0.9710408827411322,0.07111550362773131,109.66138040983903,7.574981651474434,0.912339735045608
3.0,1.0,10.0,6,0.6143333333333333,0.756186146403593,0.9453221738986691,0.8268164276153148,0.7456683482085398,0.9397903871428176,0.865653995044991,0.9012676064144141,0.989489710840638,0.9766988285813027,0.8881831337873292,0.9867893622331854,0.9692678247783933,0.49358725346675736,14.425401339357443,7.582980438672176,0.9076132400341219
3.0,1.0,10.0,7,0.6016666666666667,0.7357608526503894,0.936661998235142,0.8107655617401361,0.7215200190961615,0.9278863843018467,0.8496374967860413,0.8741148530830418,0.9832436798607096,0.9631039177055036,0.8718110557405876,0.9826743171050837,0.9631423453772333,0.410184988323921,30.319504514315046,8.124733086853096,0.9088728427543203
4.0,0.0,10.0,0,0.6053333333333333,0.8914254874685525,0.9886928494306699,0.9981224712204894,0.7133100643170126,0.9218419586366273,0.8433927254285128,0.8408991395793164,0.9732512944131324,0.9404076579088233,0.8452845679870341,0.9747284738211581,0.9445641487906481,0.16457699260779868,66.4341634362362,9.174244892645262,0.9434005350339327
4.0,0.0,10.0,1,0.599,0.8823840886890781,0.9869345085784588,0.9973284110080962,0.7086969451584251,0.9210921041754973,0.844506288041792,0.8410005818861774,0.9737415836446568,0.9442270275623925,0.8448721844909677,0.9749887127748541,0.9477963358862153,0.23392021930226573,42.876172645126566,9.16738974165693,0.9402400602093357
4.0,0.0,10.0,2,0.601,0.8688667513553964,0.9836468763853473,0.994444938784706,0.7108968772851345,0.9217597764492446,0.8331694479757035,0.851343605078591,0.9766696211982112,0.9461029557018421,0.8474650235389718,0.9756460760306798,0.9452350110429535,0.35198859989314907,37.14265973955021,8.63998455417871,0.9365630752792501
4.0,0.0,10.0,3,0.5993333333333334,0.8810143586277025,0.9862967388746466,0.9946671733081031,0.7386707190749287,0.9346706789398886,0.8678180880842293,0.8754520701966486,0.983191817079291,0.9693473059107836,0.872178559854246,0.9823682231396962,0.9673357336311218,0.07900894185860004,138.04781519257713,9.319495198144311,0.9355731733725215
4.0,0.0,10.0,4,0.6013333333333334,0.8942165533217213,0.9893791934277512,0.9992655642076254,0.7132430269527754,0.9227665100069653,0.850761246335476,0.8567869710540431,0.9784032167429594,0.95692831953939,0.8527887391813311,0.9773438955721109,0.9561180255036724,0.03940632537309441,200.91357339372942,8.452024291157464,0.9397712904804634
4.0,0.0,10.0,5,0.6063333333333333,0.8923720092895988,0.9888774458695151,0.9977276112803117,0.7268620173508902,0.9300249951883434,0.8567329485459545,0.8834216637090271,0.9852896984419492,0.9664502973395066,0.8724961524013144,0.9826906463210624,0.9626382636949741,0.26382198781399974,44.835323649669576,9.26228804432289,0.9376612658088789
4.0,0.0,10.0,6,0.615,0.8790373090711071,0.9858343403321693,0.995559512693782,0.7214317268074452,0.9273959381087734,0.8489314328534987,0.8778786317241433,0.9842446645873109,0.9693075482067033,0.8573956648299303,0.9789554107935985,0.9544530721966027,0.2365917561220925,41.213934552523234,7.411233598441864,0.9362789333521042
4.0,0.0,10.0,7,0.6006666666666667,0.8797116299561887,0.9860139454959841,0.9960795782182,0.6903373195377589,0.9106082726057474,0.82581298436575,0.8245734396796349,0.9682939003382414,0.9360888915481493,0.8253110973864833,0.9685620145502893,0.9390764181449626,0.2527291047092689,45.99768548134736,7.788795350477432,0.9419044226504032
4.0,0.25,10.0,0,0.6053333333333333,0.9364398343171314,0.996312505581265,0.9927995963909431,0.7133100643170126,0.9218419586366273,0.8433927254285128,0.8408991395793164,0.9732512944131324,0.9404076579088233,0.8452845679870341,0.9747284738211581,0.9445641487906481,0.16457699260779868,66.4341634362362,9.174244892645262,0.9434005350339327
4.0,0.25,10.0,1,0.599,0.9173348301785386,0.993782696302334,0.9851548825726488,0.7086969451584251,0.9210921041754973,0.844506288041792,0.8410005818861774,0.9737415836446568,0.9442270275623925,0.8448721844909677,0.9749887127748541,0.9477963358862153,0.23392021930226573,42.876172645126566,9.16738974165693,0.9402400602093357
4.0,0.25,10.0,2,0.601,0.8964980917514589,0.9899879424066781,0.9779446749674906,0.7108968772851345,0.9217597764492446,0.8331694479757035,0.851343605078591,0.9766696211982112,0.9461029557018421,0.8474650235389718,0.9756460760306798,0.9452350110429535,0.35198859989314907,37.14265973955021,8.63998455417871,0.9365630752792501
4.0,0.25,10.0,3,0.5993333333333334,0.9320125574432832,0.9953962509073809,0.9929190321401792,0.7386707190749287,0.9346706789398886,0.8678180880842293,0.8754520701966486,0.983191817079291,0.9693473059107836,0.872178559854246,0.9823682231396962,0.9673357336311218,0.07900894185860004,138.04781519257713,9.319495198144311,0.9355731733725215
4.0,0.25,10.0,4,0.6013333333333334,0.9313951918853368,0.996006460779856,0.989991603680121,0.7132430269527754,0.9227665100069653,0.850761246335476,0.8567869710540431,0.9784032167429594,0.95692831953939,0.8527887391813311,0.9773438955721109,0.9561180255036724,0.03940632537309441,200.91357339372942,8.452024291157464,0.9397712904804634
4.0,0.25,10.0,5,0.6063333333333333,0.9231396551927382,0.9947294831307268,0.9874138155029889,0.7268620173508902,0.9300249951883434,0.8567329485459545,0.8834216637090271,0.9852896984419492,0.9664502973395066,0.8724961524013144,0.9826906463210624,0.9626382636949741,0.26382198781399974,44.835323649669576,9.26228804432289,0.9376612658088789
4.0,0.25,10.0,6,0.615,0.9141318751082438,0.9931772792463879,0.9850810382348343,0.7214317268074452,0.9273959381087734,0.8489314328534987,0.8778786317241433,0.9842446645873109,0.9693075482067033,0.8573956648299303,0.9789554107935985,0.9544530721966027,0.2365917561220925,41.213934552523234,7.411233598441864,0.9362789333521042
4.0,0.25,10.0,7,0.6006666666666667,0.91591612587177,0.993456752348895,0.9829104498838489,0.6903373195377589,0.9106082726057474,0.82581298436575,0.8245734396796349,0.9682939003382414,0.9360888915481493,0.8253110973864833,0.9685620145502893,0.9390764181449626,0.2527291047092689,45.99768548134736,7.788795350477432,0.9419044226504032
4.0,0.5,10.0,0,0.6053333333333333,0.8846499939455477,0.9869148438734131,0.9588677782763847,0.7133100643170126,0.9218419586366273,0.8433927254285128,0.8408991395793164,0.9732512944131324,0.9404076579088233,0.8452845679870341,0.9747284738211581,0.9445641487906481,0.16457699260779868,66.4341634362362,9.174244892645262,0.9434005350339327
4.0,0.5,10.0,1,0.599,0.8657976260799445,0.9823241378408251,0.9428871399124807,0.7086969451584251,0.9210921041754973,0.844506288041792,0.8410005818861774,0.9737415836446568,0.9442270275623925,0.8448721844909677,0.9749887127748541,0.9477963358862153,0.23392021930226573,42.876172645126566,9.16738974165693,0.9402400602093357
4.0,0.5,10.0,2,0.601,0.8580226105744106,0.9803092694165794,0.9325758579758371,0.7108968772851345,0.9217597764492446,0.8331694479757035,0.851343605078591,0.9766696211982112,0.9461029557018421,0.8474650235389718,0.9756460760306798,0.9452350110429535,0.35198859989314907,37.14265973955021,8.63998455417871,0.9365630752792501
4.0,0.5,10.0,3,0.5993333333333334,0.8971330973210799,0.9891353898953004,0.9639403233964964,0.7386707190749287,0.9346706789398886,0.8678180880842293,0.8754520701966486,0.983191817079291,0.9693473059107836,0.872178559854246,0.9823682231396962,0.9673357336311218,0.07900894185860004,138.04781519257713,9.319495198144311,0.9355731733725215
4.0,0.5,10.0,4,0.6013333333333334,0.8762684306490203,0.9854905951080342,0.95501434773042,0.7132430269527754,0.9227665100069653,0.850761246335476,0.8567869710540431,0.9784032167429594,0.95692831953939,0.8527887391813311,0.9773438955721109,0.9561180255036724,0.03940632537309441,200.91357339372942,8.452024291157464,0.9397712904804634
4.0,0.5,10.0,5,0.6063333333333333,0.8771842497302705,0.9856325612670724,0.9528040304651131,0.7268620173508902,0.9300249951883434,0.8567329485459545,0.8834216637090271,0.9852896984419492,0.9664502973395066,0.8724961524013144,0.9826906463210624,0.9626382636949741,0.26382198781399974,44.835323649669576,9.26228804432289,0.9376612658088789
4.0,0.5,10.0,6,0.615,0.8728610600212884,0.9843066636969087,0.9476897073367153,0.7214317268074452,0.9273959381087734,0.8489314328534987,0.8778786317241433,0.9842446645873109,0.9693075482067033,0.8573956648299303,0.9789554107935985,0.9544530721966027,0.2365917561220925,41.213934552523234,7.411233598441864,0.9362789333521042
4.0,0.5,10.0,7,0.6006666666666667,0.8583747927368023,0.9800478028412193,0.9374922499158265,0.6903373195377589,0.9106082726057474,0.82581298436575,0.8245734396796349,0.9682939003382414,0.9360888915481493,0.8253110973864833,0.9685620145502893,0.9390764181449626,0.2527291047092689,45.99768548134736,7.788795350477432,0.9419044226504032
4.0,0.75,10.0,0,0.6053333333333333,0.8046143321885402,0.9624072340099494,0.8964524741094818,0.7133100643170126,0.9218419586366273,0.8433927254285128,0.8408991395793164,0.9732512944131324,0.9404076579088233,0.8452845679870341,0.9747284738211581,0.9445641487906481,0.16457699260779868,66.4341634362362,9.174244892645262,0.9434005350339327
4.0,0.75,10.0,1,0.599,0.792519575521577,0.95794623856752,0.8794283673127513,0.7086969451584251,0.9210921041754973,0.844506288041792,0.8410005818861774,0.9737415836446568,0.9442270275623925,0.8448721844909677,0.9749887127748541,0.9477963358862153,0.23392021930226573,42.876172645126566,9.16738974165693,0.9402400602093357
4.0,0.75,10.0,2,0.601,0.788717328190931,0.9564325680236928,0.8656472328198295,0.7108968772851345,0.9217597764492446,0.8331694479757035,0.851343605078591,0.9766696211982112,0.9461029557018421,0.8474650235389718,0.9756460760306798,0.9452350110429535,0.35198859989314907,37.14265973955021,8.63998455417871,0.9365630752792501
4.0,0.75,10.0,3,0.5993333333333334,0.8226532779114064,0.9683268803063588,0.9098108606972192,0.7386707190749287,0.9346706789398886,0.8678180880842293,0.8754520701966486,0.983191817079291,0.9693473059107836,0.872178559854246,0.9823682231396962,0.9673357336311218,0.07900894185860004,138.04781519257713,9.319495198144311,0.9355731733725215
4.0,0.75,10.0,4,0.6013333333333334,0.8034305295765142,0.9626829363247409,0.8959978863490549,0.7132430269527754,0.9227665100069653,0.850761246335476,0.8567869710540431,0.9784032167429594,0.95692831953939,0.8527887391813311,0.9773438955721109,0.9561180255036724,0.03940632537309441,200.91357339372942,8.452024291157464,0.9397712904804634
4.0,0.75,10.0,5,0.6063333333333333,0.8056486894148437,0.9635358700030496,0.8938592212921856,0.7268620173508902,0.9300249951883434,0.8567329485459545,0.8834216637090271,0.9852896984419492,0.9664502973395066,0.8724961524013144,0.9826906463210624,0.9626382636949741,0.26382198781399974,44.835323649669576,9.26228804432289,0.9376612658088789
4.0,0.75,10.0,6,0.615,0.8020223681135623,0.9616689144491376,0.8862735186264874,0.7214317268074452,0.9273959381087734,0.8489314328534987,0.8778786317241433,0.9842446645873109,0.9693075482067033,0.8573956648299303,0.9789554107935985,0.9544530721966027,0.2365917561220925,41.213934552523234,7.411233598441864,0.9362789333521042
4.0,0.75,10.0,7,0.6006666666666667,0.7776240692310468,0.9514200348674772,0.8689248957414911,0.6903373195377589,0.9106082726057474,0.82581298436575,0.8245734396796349,0.9682939003382414,0.9360888915481493,0.8253110973864833,0.9685620145502893,0.9390764181449626,0.2527291047092689,45.99768548134736,7.788795350477432,0.9419044226504032
4.0,1.0,10.0,0,0.6053333333333333,0.747157473025956,0.9397288332869828,0.8256791470552316,0.7133100643170126,0.9218419586366273,0.8433927254285128,0.8408991395793164,0.9732512944131324,0.9404076579088233,0.8452845679870341,0.9747284738211581,0.9445641487906481,0.16457699260779868,66.4341634362362,9.174244892645262,0.9434005350339327
4.0,1.0,10.0,1,0.599,0.7413367273012114,0.9379902691046946,0.8124787515136871,0.7086969451584251,0.9210921041754973,0.844506288041792,0.8410005818861774,0.9737415836446568,0.9442270275623925,0.8448721844909677,0.9749887127748541,0.9477963358862153,0.23392021930226573,42.876172645126566,9.16738974165693,0.9402400602093357
4.0,1.0,10.0,2,0.601,0.737652724973872,0.9359018891473314,0.8015602919411625,0.7108968772851345,0.9217597764492446,0.8331694479757035,0.851343605078591,0.9766696211982112,0.9461029557018421,0.8474650235389718,0.9756460760306798,0.9452350110429535,0.35198859989314907,37.14265973955021,8.63998455417871,0.9365630752792501
4.0,1.0,10.0,3,0.5993333333333334,0.7694323236460623,0.9494250364003527,0.849068541210899,0.7386707190749287,0.9346706789398886,0.8678180880842293,0.8754520701966486,0.983191817079291,0.9693473059107836,0.872178559854246,0.9823682231396962,0.9673357336311218,0.07900894185860004,138.04781519257713,9.319495198144311,0.9355731733725215
4.0,1.0,10.0,4,0.6013333333333334,0.7512994647838734,0.9428057788385468,0.8288714530658191,0.7132430269527754,0.9227665100069653,0.850761246335476,0.8567869710540431,0.9784032167429594,0.95692831953939,0.8527887391813311,0.9773438955721109,0.9561180255036724,0.03940632537309441,200.91357339372942,8.452024291157464,0.9397712904804634
4.0,1.0,10.0,5,0.6063333333333333,0.751985112022784,0.9432233476471974,0.8288534578808932,0.7268620173508902,0.9300249951883434,0.8567329485459545,0.8834216637090271,0.9852896984419492,0.9664502973395066,0.8724961524013144,0.9826906463210624,0.9626382636949741,0.26382198781399974,44.835323649669576,9.26228804432289,0.9376612658088789
4.0,1.0,10.0,6,0.615,0.7501373972038177,0.9413802707745018,0.8204915851045004,0.7214317268074452,0.9273959381087734,0.8489314328534987,0.8778786317241433,0.9842446645873109,0.9693075482067033,0.8573956648299303,0.9789554107935985,0.9544530721966027,0.2365917561220925,41.213934552523234,7.411233598441864,0.9362789333521042
4.0,1.0,10.0,7,0.6006666666666667,0.7263907514971982,0.9307421003244216,0.8022247402606579,0.6903373195377589,0.9106082726057474,0.82581298436575,0.8245734396796349,0.9682939003382414,0.9360888915481493,0.8253110973864833,0.9685620145502893,0.9390764181449626,0.2527291047092689,45.99768548134736,7.788795350477432,0.9419044226504032
