beta,rho,D,seed,fixed_magnitude,error_mode,propensity_on,retain_obs,D_ALL,I_ALL,rho_sp_ALL,D_FILTER,I_FILTER,rho_sp_FILTER,D_IPW_oracle,I_IPW_oracle,rho_sp_IPW_oracle,D_IPW_est,I_IPW_est,rho_sp_IPW_est,D_IPW_calib,I_IPW_calib,rho_sp_IPW_calib,D_ALL_calib,I_ALL_calib,rho_sp_ALL_calib,D_SMITH_env,I_SMITH_env,rho_sp_SMITH_env,D_SMITH_geo,I_SMITH_geo,rho_sp_SMITH_geo,D_IPWest_vs_IPWoracle,D_IPWest_vs_FILTER,diag_ess_frac,diag_w_max_over_mean,diag_w_p99,diag_propensity_auc,diag_prop_brier,diag_prop_coef_E1,diag_prop_coef_E1_calib,diag_prop_coef_E1_true,diag_eff_coef_obs,diag_eff_coef_true,cfg_niche_shape,cfg_quality_link,cfg_env_corr,cfg_propensity_learner,cfg_retain_rate,cfg_n_occ,diag_true_sep_E1,diag_obs_sep_E1,diag_pooled_var_E1_true,diag_pooled_var_E1_obs,diag_rho_D,diag_grain,diag_corr_len,pred_mu_delta,pred_pooled_var_obs,pred_reliability,rho_sp_IPW_k0.25,rho_sp_IPW_k0.5,rho_sp_IPW_k1,rho_sp_IPW_k2,rho_sp_IPW_k4,env_width_D,env_best_rec,env_best_kappa,diag_ess_frac_calib,diag_w_max_over_mean_calib,diag_w_p99_calib,diag_lowq_dE1_shift,diag_realised_disp,regime,coef_gap,dess,t2_ipw_beats_filter,t3_collapsed
0.7157392547017447,0.0,6.0,3654,1,blend,obs,0.603,0.9527342840196766,0.9978406423063488,0.9995615881643759,0.9016201511658228,0.9919089245161815,0.9740624835176469,0.9853438080278419,0.9997631986764852,0.9992846712246947,0.9703129983550085,0.9991658784756579,0.9999828641319014,0.9809539495731466,0.9996549641337786,0.9999660871626813,0.9664540535721209,0.9989070251707624,0.9997252503517251,0.9127489410671448,0.9925087887925291,0.9936622927628609,0.9401802375682756,0.9966680541360328,0.998893888214331,0.9719787384548767,0.8992439068781227,0.8501545986948971,9.205968583073833,4.135940236355409,0.6777090385371399,0.21556160719473466,1.1224245798822787,1.1609953030373874,1.3857616448058365,1.1617504669752723,1.4109161797755387,gaussian,linear,0.0,logit_quad,0.6,3000,0.34985438375504896,0.34358176201456647,0.2568381722613242,0.297296545043527,0.9227516143190739,1,12.0,0.01010696538211851,0.30130186044833096,0.8524280994453679,0.9840304440910327,0.991854886043041,0.9999828672196603,0.9171065630246358,0.2372464990833706,0.40542138150858387,0.9999828672196603,1.0,0.8800080095709445,7.347164885115171,3.806646997219856,0.006272621740482447,5.92348034495837,iso,0.03857072315510868,0.029853410876047426,1,0
1.4820021084321922,1.0,10.0,3549,1,blend,obs,0.606,0.7796941129190424,0.9595525820574272,0.8587609631796049,0.8280133689544483,0.9728757992505354,0.9343772304492031,0.9658315789195216,0.998783000150526,0.9982694040288745,0.7886907327521129,0.962439656960869,0.8815107578283952,0.8028739048187736,0.9664134698654817,0.903373721883915,0.8064942294681534,0.9678926360920601,0.8976414208009017,0.7928415801372551,0.9587685625081134,0.9506706752844555,0.7621522098365412,0.9520378342043617,0.8224895525884468,0.7931506827755682,0.9224181940162318,0.9222766619624989,4.0481704266899055,3.7031258036045256,0.6544125859286437,0.21882857082901416,-0.39615402577444025,-0.2731082203413151,2.552477176010241,-0.7005007738357487,2.575553494242903,gaussian,linear,0.0,logit_quad,0.6,3000,0.5411115574912413,-0.1688341662439839,0.2172193093305742,0.25403714208304495,0.7971884067800902,1,12.0,0.05118646107397687,0.32954279515617224,0.659153568287338,0.9241926820575793,0.9127466861301848,0.8815070203396427,0.7461178148737321,0.12593301664470943,0.4611235197209328,0.9241926820575793,0.25,0.9735048479437225,2.5151836072695453,2.853891474755058,0.7099457237352254,9.946269383293767,toward_HQ,0.12304580543312515,0.051228185981223584,0,1
3.16207298341306,1.0,16.0,7212,1,blend,obs,0.599,0.7189742759581743,0.9241663014926493,0.7344761342016809,0.7113163151046604,0.9282208959065898,0.8600680636702622,0.8750295803021059,0.9854782884097842,0.9718537055771026,0.7854405728204249,0.9610219286523359,0.91423913235739,0.8066352873560442,0.9685297573087801,0.9289816684833725,0.7861219428310935,0.955636299410321,0.8693131016124735,0.9101617173518592,0.9923682783632509,0.9923044681319592,0.8958719754498897,0.9894501638119958,0.9691792244786613,0.894124857893003,0.9228708613208976,0.011415387142900133,393.41119091057976,4.403547727767746,0.994687506794135,0.025559116083718428,9.05871203358832,9.146522985663369,5.850328000287073,8.049236372072572,5.784763571103426,gaussian,linear,0.0,logit_quad,0.6,3000,0.7805003327536411,1.4416760176712868,0.16248491348477564,0.18742914857434473,0.7588213053058009,1,18.0,0.10477516196467282,0.3112164194033056,0.522096211364129,0.8934333900682864,0.8982022135192143,0.9143130416790494,0.9808595667768719,0.8710446089359964,0.46166021419521186,0.9808595667768719,2.0,0.007165293006439788,496.8889815031232,5.800652778041712,-0.6611756849176457,15.633152889975621,away_HQ,0.08781095207504919,-0.004250094136460346,1,0
2.611139210740528,0.0,6.0,2983,1,blend,obs,0.6033333333333334,0.9152677606473237,0.9933311649945132,0.9989113190789302,0.7361658078223607,0.9405999415975029,0.8785459661301837,0.9294692258395668,0.9951166743430083,0.9915888194320603,0.8536576120073264,0.9808879377399099,0.9462608270714448,0.8621282967642845,0.9826326301042261,0.9546809854192635,0.9446833369289128,0.9971490784010296,0.9978027600829453,0.8115632105496684,0.9679006013471636,0.9548170618593286,0.9020101800908986,0.9912708230304407,0.9896269674741299,0.9075140385677183,0.8703005322227931,0.4532554330209299,36.174193514953444,5.387376766487826,0.8123369237197642,0.15947517990226556,2.609701104363941,2.681108895473124,4.779740649732332,2.8760397449367288,4.806883738650473,gaussian,linear,0.0,logit_quad,0.6,3000,0.7267815520751095,0.6429741617192353,0.17569656957590069,0.2704051163464555,0.84876275080391,1,8.0,0.0621037938826482,0.2698617524494534,0.6510613971085423,0.8928264635708546,0.9087557770876973,0.946262316168804,0.9618059619389911,0.640740261771378,0.36758926441735207,0.9618059619389911,2.0,0.5593383917408549,24.53292860255896,5.5749508145134286,0.08380739035587434,5.959613919799619,iso,0.07140779110918327,0.10608295871992496,1,0
3.867848800649562,1.0,16.0,2824,1,blend,obs,0.5906666666666667,0.7438212318686989,0.943939624009038,0.8441952085146545,0.706500030986918,0.9241318184743632,0.8672350562096368,0.8504263035872195,0.9790070234528174,0.9623180780675019,0.7271392847767765,0.9362849152364539,0.8427043871296187,0.7376345618571787,0.9402713586652587,0.8638870043785278,0.7698058300449743,0.953599663663832,0.8855839162446826,0.6763098466339149,0.9044437905570362,0.9032288888868486,0.6860138204519222,0.9198691362609788,0.7168940678832822,0.8352006021413514,0.9185119856723089,0.8404863304998117,11.478430677466415,4.569622903581531,0.6572922717480018,0.22022069108983897,1.285265848254537,1.4283380215555648,6.921063358463958,0.3154710296143461,6.787109802755881,gaussian,linear,0.0,logit_quad,0.6,3000,0.8031522774615634,0.04555093482572464,0.1514905067588948,0.22250400621940813,0.7604058872204542,1,18.0,0.11213919516050004,0.30338357623076967,0.4993365449804807,0.859999592502355,0.8564052772428975,0.842705576452569,0.7634189831404403,0.10430940900530344,0.4664823956616043,0.859999592502355,0.25,0.9124779539571349,7.640866745095651,3.679303081917163,0.7576013426358387,15.77564511818415,toward_HQ,0.14307217330102784,0.07199162345732324,0,1
3.0109283883163465,1.0,10.0,5151,1,blend,obs,0.5993333333333334,0.742084709997155,0.9339113930471288,0.7699478935436407,0.7162825100962218,0.9308345407812288,0.8556418919322749,0.9327530390274652,0.9954137448972878,0.9889487450843505,0.8585392606577449,0.9823162646309349,0.9451645162341721,0.8814080977404294,0.9869778083212086,0.9602120286558525,0.8408452197230994,0.9730399374612604,0.9330653482843919,0.8319687260647377,0.9753265824228633,0.9685035937708432,0.8577402518898669,0.9813924207699907,0.9984879129167372,0.9126243939685329,0.8424662037799889,0.20662860678292244,60.42869374342717,7.784929526805724,0.9628261388601497,0.06901017269930834,4.781812659324702,4.6795277409366856,5.694250292142641,5.247209209408833,5.706527592447396,gaussian,linear,0.0,logit_quad,0.6,3000,0.7434019716862976,1.290851303729303,0.15662132247401406,0.28918030448285786,0.6231659214987623,1,8.0,0.1504448172709439,0.3708383766693386,0.4223438897578469,0.8811798914157275,0.8994253960660273,0.9451367505042255,0.8964691699951655,0.6354100485738812,0.3561454047690419,0.9451367505042255,1.0,0.28318298115186075,43.29748982778817,8.903218773562976,-0.5474493320430052,9.839601405077829,away_HQ,0.10228491838801634,0.0765543743689383,1,0
3.30358103350228,0.0,10.0,4601,1,blend,obs,0.599,0.8751054473400921,0.9853746333599076,0.9936925014037209,0.7095438596769337,0.921565269645876,0.83507345328676,0.8647354764343389,0.9806693226391496,0.9595262697415277,0.7837900038691983,0.95471534590637,0.8841625125784016,0.795492957243316,0.9585100926054924,0.904270263732512,0.9160903388120156,0.9935510478668811,0.9954607607772229,0.8012181796420305,0.9618106830379871,0.9400169552552959,0.8416806095181214,0.9777086797047178,0.9394921438552737,0.8963786310864378,0.9070020273513995,0.8198448620816156,11.012082489638704,3.944640274428617,0.7997088987788366,0.16207927348023454,3.019693532213339,3.2504553550982958,5.952324297743512,3.3083530822386003,5.9561301264530435,gaussian,linear,0.0,logit_quad,0.6,3000,0.7287232425872764,0.6397951328704098,0.1576465801375262,0.2756721415355862,0.7941984536134874,1,12.0,0.06921917122628533,0.2835223741088063,0.5560287107254074,0.8443472673792416,0.8572398258896673,0.8841685418988893,0.9436800502010709,0.8453987175089246,0.5541227625389724,0.9436800502010709,2.0,0.772094598314489,14.073524364421601,4.203021150748477,0.08892810971686664,9.798765213717358,iso,0.23076182288495684,-0.047750263767126544,1,0
1.1115968620006362,1.0,10.0,2263,1,blend,obs,0.5926666666666667,0.6949950764909203,0.9254877629430002,0.716585970813787,0.8323052831927674,0.9769619721665859,0.9331853047584024,0.9701963172407823,0.9990724080762059,0.9968099402514896,0.7281448916114494,0.9413452326637272,0.7929029294969032,0.7654153330585202,0.9563731819783153,0.8626353814668337,0.7631382172565607,0.955549468682724,0.8563047217231632,0.7731190520769914,0.953864894810747,0.9394725135907231,0.7783499995581147,0.9592298657980753,0.8539819886690342,0.7482304385148308,0.8583442057901625,0.550917469002711,22.440948591167697,5.769478956366384,0.7527923575837799,0.1926748714632597,-0.9562715749788845,-0.9271254097211987,2.0638588019305977,-1.6641975361370673,2.071210445041555,gaussian,linear,0.0,logit_quad,0.6,3000,0.48865240407447946,-0.45098398411657026,0.2401808861920508,0.2945301409844199,0.6214631024044884,1,8.0,0.09236540972142455,0.4330614381079727,0.5546115748411843,0.9109421423859667,0.8832455616840772,0.7929117890779103,0.3872249495745277,-0.0163449624544639,0.23787695637683637,0.9109421423859667,0.25,0.9455003068043049,3.6680708983362225,3.0722961603990098,0.9396363881910499,9.954796392174128,toward_HQ,0.029146165257685763,0.39458283780159387,0,0
2.1032673733809935,1.0,6.0,2707,1,blend,obs,0.595,0.8279328795125229,0.9693974355574917,0.9049036306589564,0.7658945458633489,0.9492694400306754,0.8896556133341302,0.9106262522668389,0.9915874448567765,0.9843495826620667,0.9348455452968436,0.9959203384368869,0.9889494391284648,0.9343183709583691,0.9958219574677513,0.9894516590021827,0.8440166877251213,0.9745306792284651,0.9208490438221536,0.9478569108637176,0.9969381791018223,0.992066977354581,0.878071517175952,0.9850980624888804,0.9665882552597915,0.9657666230848325,0.8261649491306964,0.2073930532458395,51.16732635529409,9.61008919096233,0.9597235766734677,0.07699035453908026,6.1043194003901595,6.015445906705031,4.201424505747269,5.906242065493669,4.213070885507703,gaussian,linear,0.0,logit_quad,0.6,3000,0.6914214218192078,1.1056956713285124,0.18926151650885562,0.21695320796928952,0.9239464712091743,1,12.0,0.02655537962623206,0.23691335349377696,0.7988638619047996,0.9319556434415617,0.9524475534316693,0.9889860534702565,0.8870554779234302,0.6725158486852888,0.39489359612339925,0.9889860534702565,1.0,0.20101569214884993,51.19644678009991,9.338748037079023,-0.4142742495093045,5.907204783409278,away_HQ,0.08887349368512876,-0.006377361096989581,1,0
0.051361929467226286,0.0,10.0,4477,1,blend,obs,0.5993333333333334,0.8813582607378274,0.9864719211240355,0.9962373648772047,0.9793281340091344,0.9995944389707622,0.9986011361312979,0.9858031337626619,0.9997788079189183,0.9992270801150926,0.9142142108703614,0.992930468912374,0.9978853772619883,0.9397936605558154,0.9965229709692872,0.998647054811559,0.9233347336728079,0.994318573954112,0.9976762148118324,0.9144751386405386,0.9929582512685978,0.9993777734627767,0.8846049172028492,0.9874523879901629,0.9918818871374235,0.9165596093908208,0.9156580491730847,0.8638025453562569,8.662330797606744,4.317831268370649,0.6579507365366214,0.21823138853448715,0.1958407367848508,0.251626016290493,0.2509253283746979,0.3064203669609315,0.2367153943421199,gaussian,linear,0.0,logit_quad,0.6,3000,0.06788255309985763,0.09290835903524963,0.2846161886146576,0.39354409032908927,0.7973421551971608,1,12.0,-0.007255235788415387,0.38775601950122507,0.7340084339135795,0.9989100625491201,0.9989584206405482,0.9978853660925546,0.95661854533967,-0.6869952136406349,0.2830450159397231,0.9989584206405482,0.5,0.9471016923204042,3.981713030773803,3.4351942214172153,-0.02502580593539198,9.791739918985883,iso,0.055785279505642216,0.08329914696414731,0,0
1.4607232045295655,1.0,6.0,4775,1,blend,obs,0.5973333333333334,0.7822759720624722,0.9611073633292772,0.8731050624894791,0.8022044901717549,0.9680700569296603,0.9179095119175007,0.9583647448067938,0.9983632923109661,0.996781682204581,0.7868488889462741,0.9635478692937876,0.8885392391528252,0.799075611714849,0.966794511031142,0.906478390635839,0.797304596780741,0.9657379235842677,0.8978267494578579,0.7733416416400366,0.9537593755620382,0.9341406384378672,0.8120424751916181,0.9708069159405336,0.897478400092092,0.8168817906230431,0.9537380336738974,0.9760441520018908,2.661543203763072,2.75383211700879,0.5774632564894749,0.23278611458948534,-0.10626933317926604,-0.07297840173099791,2.811392575203446,-0.27616514910039214,2.8213330665453435,gaussian,linear,0.0,logit_quad,0.6,3000,0.6002565697978678,-0.06533958943530632,0.2196055590035647,0.24353419060201598,0.8499365541788915,1,8.0,0.049071364981129004,0.30816282347182816,0.7126283324167452,0.9120968838864374,0.90534597559934,0.888538187929307,0.831757666787207,0.523852098125375,0.7274253950505725,0.9120968838864374,0.25,0.9933778725710095,1.8743931299522645,2.241505953180723,0.6655961592331741,5.99870274582962,toward_HQ,0.03329093144826813,0.01733372056911875,0,1
1.7412526238025783,1.0,10.0,2999,1,blend,obs,0.601,0.7691502756674579,0.9463980162631529,0.8126301128394204,0.8098155097670457,0.9662655539685615,0.9218962656367149,0.9594621702170794,0.9983006413186485,0.9985622101051326,0.9674818443780823,0.999007732787857,0.9968568528582773,0.9774829876744879,0.999509259255627,0.9989381141553412,0.8137998976422482,0.9643482351054167,0.8812972869809396,0.9240098400849427,0.9939710786599087,0.9943561417946528,0.8701001501920245,0.9839161544019044,0.9613243608332815,0.9677649887592235,0.8400976777655315,0.13836697296573497,96.90225035908847,7.784920003743943,0.9464125278995233,0.08757570720483143,4.612096881222218,4.434135425711893,3.138732718543835,4.7282364225676705,3.159234229761939,gaussian,linear,0.0,logit_quad,0.6,3000,0.6072532882164655,1.1909968857771729,0.20412144227262896,0.27715177038897976,0.7938106331098767,1,12.0,0.0636401850176774,0.3215314893823611,0.6348412177753775,0.9545595256078674,0.9716476249908316,0.9968451420661947,0.8479914446297038,0.5079202875134206,0.3641712666196366,0.9968451420661947,1.0,0.19038388877068152,74.80494111408137,8.834890681853222,-0.5837435975607073,9.743702682937228,away_HQ,0.17796145551032527,0.05201691580494655,1,0
0.8376644849448782,0.0,16.0,9569,1,blend,obs,0.6036666666666667,0.8625816251439109,0.9812682325350595,0.9940399348001137,0.9068589646603388,0.993130636490108,0.9794677319430336,0.9752772971370188,0.9994659441541631,0.9982309985143372,0.9219028681828944,0.9940366078705763,0.9935646626090558,0.9442068266708199,0.9969116230727534,0.9961243387163152,0.9157874074862188,0.9927977827586488,0.9973241080588995,0.8904814413592014,0.9884420546912606,0.9914579934933976,0.821816566603133,0.9725231872574943,0.945805049183405,0.9138320463882912,0.9067833121746308,0.2602164076048521,66.80869924066305,4.692713133022496,0.7024073517644486,0.20196162798719963,0.8123128662859286,0.8669543551057352,1.4028003728290679,1.0163388116382477,1.4049819975492397,gaussian,linear,0.0,logit_quad,0.6,3000,0.37716577149393804,0.3163962838957105,0.2736178958295781,0.40329609697009916,0.7651738954457503,1,18.0,0.04942534079509706,0.3960754632327239,0.6908226366671119,0.9830764373432849,0.9869847448035961,0.9935657964345982,0.9199611767918472,-0.2068462031359233,0.3043511618907456,0.9935657964345982,1.0,0.5129395086629222,37.64462137066787,4.064792231771464,0.06076948759822755,15.424144342104748,iso,0.05464148881980657,0.25272310105807005,1,0
2.426838706739916,1.0,16.0,3451,1,blend,obs,0.5933333333333334,0.6492482985176877,0.8980257001658299,0.5528137355105897,0.7466715565353241,0.9454572869559589,0.8779940346086412,0.9002847057875178,0.9902754910369622,0.977946659092631,0.6817959874794122,0.9199457538810163,0.7249408183025411,0.7399074282733935,0.9458503817712184,0.8546319623774634,0.7728082142096194,0.958941172371645,0.8743060580636404,0.6879490266296966,0.9133170693213255,0.8956702331855987,0.7122206992944596,0.9251408040451927,0.7083625575751116,0.7309519687939,0.8205556626934163,0.20149117765559368,45.40684322292501,9.575158526356656,0.8107305673236324,0.1628046996497612,0.6326176449666259,0.42155238148193297,4.717545016950902,-1.5561839608620052,4.642587503811743,gaussian,linear,0.0,logit_quad,0.6,3000,0.715974699629037,-0.36107605163077006,0.17317544800526286,0.3978706058889964,0.25516480375119327,1,8.0,0.2980447168148358,0.4964487372963786,0.34882845900336645,0.858026357988207,0.833960752608144,0.7249894221858817,0.26460976713216366,-0.10498896580551371,0.2486648327390999,0.858026357988207,0.25,0.9621433180600922,3.9003250401546974,3.0444832515304663,1.0770507512598069,15.843095075761127,toward_HQ,0.2110652634846929,0.7606521404044986,0,1
3.7872791639185936,1.0,16.0,5950,1,blend,obs,0.5923333333333334,0.6938981489048477,0.9094629024238198,0.6271186778832816,0.7090444773405435,0.918427854890093,0.8411425619219095,0.8388343137694801,0.9721269208165643,0.9401597776756341,0.7790603320472496,0.9507966521539243,0.8858677350446114,0.8021801808970304,0.9600938028286656,0.9172874198683832,0.804412521871942,0.9613122719912068,0.8827776432010596,0.8291544563528845,0.9710893209191044,0.9649624207317256,0.853978473324826,0.9776576358158491,0.9270491403291499,0.9175783075852987,0.9114264228132876,0.043634547193276293,196.49399031234557,4.25237854020765,0.9647278227151607,0.0611576914019616,5.862054789154359,6.6500530685408785,7.268960124386467,5.450859966826402,7.1232416006334605,gaussian,linear,0.0,logit_quad,0.6,3000,0.7424210797497619,1.4167828014133848,0.1427615085186998,0.3108379056306783,0.5388377972337082,1,12.0,0.17351703993583006,0.3926947200128007,0.3635432340777237,0.8546225486699545,0.8638916205897107,0.8858407818416074,0.9297613238843613,0.6870287086963615,0.4160351448586548,0.9297613238843613,2.0,0.00893209084586125,443.24624226710506,5.4534527842888165,-0.6743617216636228,15.325189664280114,away_HQ,0.7879982793865192,-0.03470245634741505,1,0
3.6017983960168882,0.0,10.0,3193,1,blend,obs,0.6063333333333333,0.8422515838897467,0.9773979019697668,0.9876720870509389,0.7067888738985577,0.925738387915555,0.8434643220301085,0.9029145205741571,0.9905790291054548,0.978791706632201,0.774984786936501,0.9572373979850775,0.8677242880061711,0.7974400017887867,0.9630031613361064,0.9031510733969609,0.9150521397850031,0.9936866816942284,0.9875987901662904,0.7214202539258339,0.9302754421232812,0.9034364861500248,0.8277066057314993,0.9735760672565165,0.9480519657837231,0.844158330833547,0.8919089416712459,0.4557029543035349,42.17227917513034,5.181197936737032,0.8057294835444286,0.15781030640767382,2.619868697982823,2.6671985181683437,6.7673425936655285,2.8979661965356778,6.592656344862824,gaussian,linear,0.0,logit_quad,0.6,3000,0.7709115668760407,0.56435660878339,0.1525903647740114,0.33294926019982807,0.6232176644480244,1,8.0,0.1611999997023926,0.36383325397839616,0.41939642159007257,0.8460548382796647,0.8519118827922907,0.867729509002559,0.9186206836071426,0.9004950112731858,0.6400800798483179,0.9186206836071426,2.0,0.5703749927793721,32.761025718597196,4.769186074863453,0.20655495809265068,9.781136896751114,iso,0.04732982018552079,0.11467203847583718,1,1
2.7839794805351334,1.0,10.0,783,1,blend,obs,0.6043333333333333,0.6976522621605983,0.9243749013138718,0.7313592432104824,0.7533506675308905,0.9472715105262974,0.870487483737259,0.9457717511542976,0.9967566158334163,0.9909075038280029,0.702687197610932,0.9282583069704466,0.766130552798089,0.741603840648449,0.9440265777925657,0.8425647568319831,0.7497007306978292,0.946772978139375,0.8416110458682324,0.7136653069655384,0.9253583059861145,0.8928244377720538,0.7726120876235824,0.9556552557315067,0.8400726869116939,0.7269325373215134,0.8785011127634821,0.5504431493400093,24.48465272969521,4.954213026288255,0.7094802537695786,0.20720002682017918,-0.02503846031791324,0.05656136032901686,5.046889717542062,-0.9985437759731434,5.049711328846542,gaussian,linear,0.0,logit_quad,0.6,3000,0.7347174669557602,-0.22484838483075992,0.17356487922893532,0.2597925308173746,0.6295616937672475,1,8.0,0.1587142993434669,0.37897561174109323,0.45798429727850287,0.8521903626909301,0.8318179267920577,0.7661215666654534,0.41638813172456834,-0.11854625473945046,0.09177922416104145,0.8521903626909301,0.25,0.9842249470983705,2.6371906529680027,2.4244537513292994,0.9595658517865201,9.983531997511808,toward_HQ,0.0815998206469301,0.43378179775836123,0,1
2.8033635580034217,1.0,6.0,2278,1,blend,obs,0.6133333333333333,0.8524568177408335,0.977028634632957,0.9355159118276362,0.7336295876189389,0.9342026391023636,0.8589407245076229,0.8818857322938816,0.985224343003589,0.9695431677298729,0.8574705996247469,0.9802641293369003,0.9487073528801744,0.8615796601279965,0.9813355392173557,0.9536482229793903,0.867723406539813,0.981320261161271,0.9469885611743276,0.9519560125721835,0.9974807010997099,0.9953566517661292,0.9012547029225999,0.9902632356781185,0.982067843251761,0.9531056343731217,0.8677295061771821,0.20947007318387054,52.7403722643949,6.140082292962599,0.9727262931034483,0.06311588260660228,7.546153232571988,7.399837127956339,5.207653701435325,7.060778095819469,5.189163572924554,gaussian,linear,0.0,logit_quad,0.6,3000,0.7263709015053026,1.1242232605851066,0.16833005335947437,0.19412599813082776,0.9232627380506687,1,12.0,0.026579789383175626,0.21637622433213555,0.777950784006145,0.9006044202656432,0.9169377087222103,0.948704174621989,0.9888922711055066,0.7265238798794157,0.43861320942471804,0.9888922711055066,2.0,0.20193946518695022,54.48705627700452,6.450170940265167,-0.39785235907980393,5.8954307184831265,away_HQ,0.14631610461564915,-0.007530607996920319,1,0
1.9724412919395231,0.0,10.0,6266,1,blend,obs,0.6,0.8828013101355427,0.9869088365065215,0.9982996994846148,0.7764255639747507,0.953736798532984,0.8915125517834855,0.930473436140155,0.9949025114724338,0.9877001508937552,0.8735082022921077,0.984500344510014,0.950880239461573,0.888302569595698,0.9877039894182902,0.9638467873400735,0.9260739314445798,0.9948252560623652,0.9995252375588325,0.8338166130534876,0.9732220454119265,0.96228095789113,0.8539349241597111,0.9807692465076613,0.96499830413079,0.9226639456987538,0.8821426716512643,0.6876962644342801,11.57495659060527,5.392135434331795,0.7859199074074075,0.17168069790552629,2.235467575906556,2.3778459330382673,3.7111308130414025,2.6484841367003154,3.7432488121674696,gaussian,linear,0.0,logit_quad,0.6,3000,0.6470060394953021,0.6092715760804019,0.1899132679735029,0.303165392177059,0.7955667096470298,1,12.0,0.06367950824666682,0.3102511768300763,0.6121274701159888,0.9048128466655736,0.9188344264549114,0.9508887143665999,0.942017678013781,0.6186951835033058,0.40006414308582805,0.9508887143665999,1.0,0.6892401907003116,13.049051382432124,6.030819066271177,0.03773446341490023,9.801505754859555,iso,0.1423783571317112,0.0015439262660315034,1,0
2.9249626334337786,1.0,6.0,5484,1,blend,obs,0.611,0.8745244484251576,0.9859053886527666,0.9668975925956117,0.7289056915846706,0.9381438155515944,0.8648938560040762,0.8849300449650847,0.987929410571419,0.9717882433284388,0.8312001897925281,0.9740960990449496,0.9457770087909634,0.8318525670425161,0.9742466652116265,0.9472435149691959,0.8743982564951152,0.9858116030449309,0.9676592282877013,0.802241948535463,0.9640457478839921,0.9458311492608356,0.8418205028934838,0.9787807784078008,0.9408234427114176,0.9447746711314471,0.8768397263152748,0.7437059894021938,16.061975052204946,4.6561340769979855,0.7715497232261439,0.18543966529888925,2.727172511355633,2.7692744216410525,5.131425680380742,2.4827075259636047,4.99034975878708,gaussian,linear,0.0,logit_quad,0.6,3000,0.7722416521915081,0.4500859807619171,0.1775015940129476,0.18732687330921505,0.9646913036620811,1,18.0,0.01531832664941239,0.20080425118709921,0.8839533673396218,0.8866584700995956,0.9084527599911922,0.9457730869850988,0.993642721717194,0.8395977863846841,0.44704404100252937,0.993642721717194,2.0,0.7403891470867776,16.108912975611574,4.619764685028294,0.32215567142959095,5.991811889220047,toward_HQ,0.04210191028541965,-0.0033168423154161797,1,1
2.4860130385037507,1.0,6.0,3587,1,blend,obs,0.603,0.841088641562303,0.9742284636576424,0.9262596124177126,0.7612107242370965,0.9474478088578877,0.8746197887040537,0.9150172744479146,0.9921339923584717,0.9807398250290715,0.9085097523120753,0.9918735704693328,0.9748731473169776,0.9125905386913702,0.9925195406339855,0.9775743890665712,0.8574716709481671,0.9789994222681119,0.9396519033140593,0.9623792892777461,0.9984596813135815,0.9976048336202314,0.8875269286738438,0.9876653650810786,0.9746742238149442,0.9697380412888902,0.8433696218077165,0.15942541873824093,55.040202690370286,8.310301994017125,0.9663233417760531,0.07080777705350413,7.0769499781017435,6.957006032514371,4.794790563419843,6.648273414783057,4.822582099294403,gaussian,linear,0.0,logit_quad,0.6,3000,0.682859414390361,1.0805425455804816,0.1711578473811905,0.1985350998651614,0.9229222867152911,1,12.0,0.02520624371437807,0.2209355682794645,0.7746957572928707,0.91972824036819,0.9385349862250385,0.9748937200969028,0.9344484652343917,0.6696246635831827,0.4207050274076958,0.9748937200969028,1.0,0.16488926573322907,58.175881221467684,8.479202805529285,-0.39768313119012066,5.936919188062143,away_HQ,0.11994394558737209,0.005463846994988142,1,0
1.979318711668225,0.0,10.0,4699,1,blend,obs,0.5956666666666667,0.9251150919256821,0.9937880658004599,0.9940573041713158,0.7562639038127357,0.9476726965928732,0.8920438183336451,0.9019511168833716,0.9906742405391669,0.9824304937604798,0.8764217646959921,0.9858135317591835,0.9631864347151263,0.8789945186658564,0.9863483076147018,0.9669853068157925,0.9440406533528048,0.9963911235378209,0.9952365644096169,0.8462532287734716,0.9773125408507616,0.9722815160545353,0.8800767960633524,0.987298828389584,0.9656627507436851,0.9529735220045923,0.8649474660808768,0.5633812080285037,22.467984282812953,6.051028047925337,0.8106578103007385,0.16323207400849116,2.6398925297682516,2.720882968580259,3.8484015878320252,2.7999017451298096,3.8586334622893657,gaussian,linear,0.0,logit_quad,0.6,3000,0.6735718338881466,0.6340822521494598,0.18296373024381013,0.25065572822938464,0.9016634713256723,1,18.0,0.03694038472467131,0.24637179176239266,0.7426326241937027,0.9088274681438197,0.9263644309360342,0.9631867455624092,0.9535694103285894,0.6876514995846675,0.39075380288523065,0.9631867455624092,1.0,0.5419087314917878,23.494386868807965,5.745272659826304,0.039489581738686774,9.810959492068207,iso,0.08099043881200751,-0.021472476536715912,1,0
2.7025568913984923,1.0,16.0,9375,1,blend,obs,0.601,0.6758567201218764,0.9114958129828226,0.6724509363488402,0.7335779139649107,0.9358011404385878,0.8524631549081241,0.9009624599044854,0.9899801767743267,0.9751565039172176,0.681096363589262,0.9157444937023838,0.7374740784968934,0.7249269317879172,0.9340020578783913,0.8197759156729141,0.7462755969459451,0.9439678934653216,0.8258634496005836,0.7027656421057107,0.9164216132475216,0.884771069680103,0.6838706772787657,0.9132829732098495,0.6594832100021106,0.7439051062225281,0.8669365979500769,0.5474263906989625,20.649694908801074,6.150509464417398,0.7349893962119202,0.19449074859756582,0.11991816332836557,0.3077437861672443,4.740203834470978,-0.9514638712116416,4.616407215782063,gaussian,linear,0.0,logit_quad,0.6,3000,0.6977936963343548,-0.19907896821380772,0.17485635896797147,0.2779910346574951,0.5397371010832887,1,12.0,0.15059829346458778,0.4149587401935094,0.42138251838346624,0.8333525514577523,0.8114608126746057,0.7374783934802679,0.36712553810420123,0.044545016441366214,0.09476341243204034,0.8333525514577523,0.25,0.9382460100384014,5.124375743360911,3.533356875915234,0.8968726645481626,15.79986771176054,toward_HQ,0.18782562283887871,0.3908196193394389,0,1
0.007209414427276073,1.0,10.0,7940,1,blend,obs,0.6106666666666667,0.7610371810439895,0.9456635325071465,0.7986570336483491,0.9739854258198877,0.9993914518162937,0.9988517563203934,0.9748524156313438,0.9994289974869527,0.999059236697192,0.833172354344442,0.9758242097338563,0.9213105841759176,0.869610314607194,0.985245808911777,0.9502297340842415,0.8421601518165813,0.9765085743200157,0.9200357874911378,0.9167987040540906,0.9935209235176525,0.9982090375009867,0.862064902730645,0.9826915708205425,0.967921567504334,0.8404324094732267,0.8385561333439671,0.5633290779709931,17.577936526332078,6.241594180741099,0.8110806925584734,0.16750055070420472,1.7284512176490527,1.6024636605666345,0.06667400595207164,2.0827093850963596,0.06569941885303257,gaussian,linear,0.0,logit_quad,0.6,3000,0.0209391224628491,0.7465053497553075,0.31496301261409443,0.3798028497527014,0.6258239004851994,1,8.0,-0.011142299691491225,0.47376292061337966,0.664811446633081,0.9961790246273389,0.9853787095342693,0.9213412193702659,0.43772144594250134,-0.0003971870032649033,0.2706747249717948,0.9961790246273389,0.25,0.8093749067646256,7.644063525420053,4.777348503488204,-0.7255662272924582,9.913818074644428,away_HQ,0.12598755708241827,0.24604582879363257,0,0
2.0775368845773423,0.0,16.0,7270,1,blend,obs,0.611,0.7433633967245815,0.9407691909031344,0.9167039351053012,0.7428464653120666,0.9442738581219151,0.8736100084696063,0.9066096456217347,0.9917988638414205,0.9800361510720804,0.7729242315329246,0.9587734417106994,0.8573300292999535,0.824504791641692,0.9741715216820999,0.9280924144634703,0.8979474737021361,0.9915551909487375,0.9728093155691576,0.6993122005876413,0.9196029423417857,0.8947955742823342,0.7819355946713844,0.9587458949373143,0.8744230922008294,0.8296958412990693,0.8810767048171632,0.45924978906357083,27.585009640476848,5.06991507534402,0.8094231669137321,0.15589692100984823,1.606691712169429,1.7593482640690774,4.02045835972686,1.6958040022784446,4.049722244533104,gaussian,linear,0.0,logit_quad,0.6,3000,0.6998144130771631,0.37858588663651904,0.18645975054717692,0.4901540264203914,0.2616955102260955,1,8.0,0.27606105789834107,0.48650486152345035,0.38326389989874593,0.8703676748133548,0.867971794840102,0.8573314080183317,0.7347754072319418,-0.09342974062393912,0.5543977628778604,0.8703676748133548,0.25,0.7679455012754394,15.377894944594763,3.7820995295360462,0.321228526440644,15.637259452154217,iso,0.15265655189964833,0.30869571221186853,0,1
0.3737837339784722,1.0,10.0,9047,1,blend,obs,0.603,0.7271306204888714,0.9377345788343453,0.7530511159046953,0.9439313618880648,0.9975134211834287,0.9915264448022293,0.9896568351019465,0.9998736719882955,0.99956583788281,0.7844554556031141,0.9620213474583585,0.8598703028622079,0.8220525335579122,0.975012548228655,0.911977956864991,0.812898726585739,0.9720304291939859,0.900503793575102,0.8671821406290825,0.983851277801451,0.98760042548338,0.802879095661568,0.9662822112722994,0.901824911169214,0.7863323923390131,0.8307255970932853,0.593228935453481,19.51264908130466,7.058721723161361,0.8152863817863756,0.16598892480645264,-1.6359342898196834,-1.706376974330587,0.7003651856133534,-2.1073762607220763,0.7014443469630566,gaussian,linear,0.0,logit_quad,0.6,3000,0.2045346866569575,-0.6471966514472569,0.290646606826714,0.32364018933558586,0.6259050622943341,1,8.0,0.03463640754657569,0.4621435768178506,0.6289097618276961,0.9773483466210435,0.9555175629003793,0.8598639654252838,0.3781687478225899,-0.05575846031209329,0.17591948895688758,0.9773483466210435,0.25,0.8718127229301463,4.913499464306841,4.053306736325958,0.8517313381042145,9.945502866590735,toward_HQ,0.07044268451090363,0.27858378747666535,0,0
3.958944670338014,1.0,10.0,2562,1,blend,obs,0.6103333333333333,0.7578603090973429,0.941951000478709,0.8210080988556032,0.7116955093839359,0.9260517662810804,0.8498928167568002,0.883802777720742,0.9859978169694852,0.9700087662444248,0.8059282896238752,0.9642169370237385,0.9062956736279231,0.8228520050093002,0.9695180704270864,0.9225067483356102,0.8533402773420449,0.97752072030326,0.9461874229399203,0.8256690088328316,0.972228811236314,0.9659953283291746,0.8647673486254505,0.98281742901762,0.993323798194235,0.8983007772442423,0.882497825751106,0.19557037386670012,78.02556739395055,5.397778932132215,0.968587985922514,0.06235692345231752,5.487486980726174,5.059772080311417,6.681915002023715,5.738799257941466,6.562461960199796,gaussian,linear,0.0,logit_quad,0.6,3000,0.7853619248266328,1.2759746793586897,0.1458483597800926,0.2652443886045228,0.6184959356357559,1,8.0,0.1706101955758169,0.3574338556693256,0.40804293568380373,0.8676239797274574,0.8793453908886458,0.9063034819017273,0.9317498390512942,0.6850563637493516,0.3926046054009664,0.9317498390512942,2.0,0.24800326884156548,67.11345310268636,6.327030783515537,-0.4906127545320568,9.780004031630014,away_HQ,0.4277149004147569,0.05243289497486536,1,0
2.920258311276334,0.0,10.0,3142,1,blend,obs,0.6006666666666667,0.92264912708314,0.9938664216750969,0.9971592196313904,0.7232204825197694,0.9339574725313129,0.8621517657846859,0.899292006457478,0.9904388781902695,0.9819692420016775,0.8541201880679105,0.9810106105577604,0.9554206437808733,0.8607806128622518,0.9825673393007289,0.9607980651982088,0.9403586916771072,0.9963226547829671,0.9977341053310629,0.8492888020547265,0.9787567896393068,0.9692600487340127,0.8816386454379784,0.9878372890203331,0.9680829825813129,0.9444363875152276,0.8592901595999126,0.5190750596528572,16.24950855926772,6.700196238739854,0.8630278173574528,0.13694056896364967,3.5503339659658932,3.661065689840508,5.39388815927239,3.6068720168688024,5.377396836230835,gaussian,linear,0.0,logit_quad,0.6,3000,0.7707899028343609,0.7406396344722797,0.16530327344244714,0.2263235972068715,0.9037291778287498,1,18.0,0.041953628418972676,0.22894079643552245,0.7220350239718074,0.8831444192354976,0.9059196843220917,0.9554218923377276,0.9789085278327498,0.825002956082587,0.38777460385284157,0.9789085278327498,2.0,0.4784342182488661,17.857695368596822,7.105269616774392,0.03015026836208107,9.730884185559047,iso,0.11073172387461483,-0.040640841403991046,1,0
2.2681990334577957,1.0,10.0,1902,1,blend,obs,0.5973333333333334,0.7549771984548201,0.9467400096422197,0.8275934958325859,0.7576099296683015,0.9455478924885587,0.8789982470520947,0.9197611230873578,0.9931827212928426,0.9872999302784728,0.7502931395181707,0.9451243868811139,0.8469148712323321,0.7686161578805206,0.9509456400198859,0.8756413758681071,0.7800147619074435,0.955661579243552,0.8704225592829475,0.7453187279600726,0.9375809770538265,0.9169507410072052,0.7398092846535673,0.9412727950380426,0.7862997786916063,0.8025337429568036,0.9377859494529429,0.9396243457915369,4.673318893595325,3.520523052065929,0.6070915806823558,0.22563050926766687,0.2834584784221877,0.4344566352628725,4.122488038771892,-0.11441291773349163,4.125999715976817,gaussian,linear,0.0,logit_quad,0.6,3000,0.6704951635866547,-0.024618334710847067,0.18329163169913015,0.22026699557263846,0.7965679009784538,1,12.0,0.06533578539735112,0.30401907002733286,0.6028951791828431,0.8720582505844051,0.865511569391316,0.8469154490488193,0.7661180334515942,0.3430772802492844,0.5730037416632116,0.8720582505844051,0.25,0.9766955248471564,2.836400551409894,2.8515879380652622,0.6951134982975018,9.959625212741841,toward_HQ,0.1509981568406848,0.03707117905561952,0,1
3.8338576038561354,1.0,16.0,8883,1,blend,obs,0.6103333333333333,0.7130396697124086,0.920894451058788,0.7187421255056737,0.7149087887372634,0.9283511574090446,0.8607080844463186,0.8984140468790565,0.990036773464633,0.9822739782403835,0.7706955329868846,0.9540203439097571,0.9016403987199064,0.7936908357906327,0.9630295771519004,0.9177127446483043,0.7836599006777856,0.9544779668166881,0.8661476983636249,0.9145986004973174,0.9930179074804426,0.993132387829315,0.9036642068809895,0.990760955614196,0.9740157846707586,0.8470465605331594,0.941093304852011,0.30282212788537,37.4298017196959,3.5576212987461955,0.996362662052037,0.020697815427061627,9.48988600097555,11.253277242032118,7.170447075216332,8.216183286419888,6.841256556038917,gaussian,linear,0.0,logit_quad,0.6,3000,0.8062854874825333,1.4595039098076552,0.15496234805308354,0.1761709778075923,0.7621786475344374,1,18.0,0.11407182754751857,0.29859464534186564,0.5189722939460778,0.8892715977509829,0.8916886712703246,0.9017405861325598,0.9581760951412505,0.9248324583856886,0.5404232605528017,0.9581760951412505,2.0,0.1154212674806646,70.8688612723982,5.16098187598013,-0.6532184223251218,15.636498224762654,away_HQ,1.763391241056567,-0.18740086040470538,1,0
2.483741860800198,0.0,6.0,1052,1,blend,obs,0.6043333333333333,0.9114531997090288,0.9927146686730692,0.9988772246710812,0.7529082947416662,0.9477032410876505,0.8771817085285097,0.938154410364894,0.9960585868152709,0.9921526550306742,0.8711429048745268,0.9844523634035849,0.9498300308935432,0.8786193775945598,0.9859477566817579,0.95795349511931,0.9418339372698743,0.9968528615481699,0.9985183113871855,0.8296464603166656,0.9733408082956966,0.9575627912648683,0.8964752355595835,0.989994897459476,0.9885398561081065,0.911364693384146,0.863638835311181,0.5761060422873535,19.82089032068081,6.151921031283175,0.8132350323949795,0.16195547120400794,2.6480516554334086,2.699003851014257,4.124756400226036,2.8359260502674615,4.06891631294188,gaussian,linear,0.0,logit_quad,0.6,3000,0.6991393019554426,0.6245015167335597,0.18146118329203498,0.26362758207654485,0.8498132185108054,1,8.0,0.05748029977818103,0.2737504338853383,0.6628708518067258,0.893239742268976,0.9112439823088554,0.9498364117314703,0.920403707531353,0.5688317939797696,0.3805907731303422,0.9498364117314703,1.0,0.6204601792357822,17.46456669882901,5.777975494488025,0.0746377852218828,5.948943346073683,iso,0.050952195580848514,0.04435413694842871,1,0
0.09452971468710425,1.0,16.0,2977,1,blend,obs,0.5983333333333334,0.7019411572102084,0.9214746222672938,0.6719583281561217,0.978321250309447,0.9995611994715531,0.9985270139881545,0.9872677158095744,0.9998158106753346,0.9994019896359856,0.8270012230605076,0.9730771606169789,0.9150860214079739,0.8658225111621458,0.9853977349162052,0.9494319108999645,0.8721525198794704,0.9867686709191453,0.9547035491292722,0.879132224875039,0.9865264975847274,0.9977149007781446,0.7672931477420528,0.95069565500341,0.8718750599348546,0.8320168579857883,0.8423030529272896,0.5244786888804177,21.904393625859107,7.099750646218581,0.812082201597337,0.1613674329254061,-1.0287201460967639,-1.3196162113403007,0.1367656825396443,-2.0061323439658025,0.14857303982186368,gaussian,linear,0.0,logit_quad,0.6,3000,0.043832869370267875,-0.6787349998626466,0.29903812213471875,0.4309684510685209,0.26219354373037423,1,8.0,-0.01679621167869899,0.5655986669660503,0.5287107972492239,0.9942704267707659,0.9842209202318224,0.9151029120842596,0.3676006224269018,-0.10759442080631358,0.06779039113685215,0.9942704267707659,0.25,0.8999197758116365,3.691892521494797,3.9515804470340083,0.7225678692329144,15.756791111769664,toward_HQ,0.29089606524353684,0.3754410869312188,0,0
1.1264539724023832,1.0,6.0,597,1,blend,obs,0.5953333333333334,0.8802542419436818,0.9861818864990868,0.9633204529023768,0.8448597475617604,0.9808406136631145,0.9464210418570268,0.9825094583917067,0.9997226237291337,0.999294554906007,0.9605024444753933,0.998546443272458,0.99613906692631,0.9599496660788884,0.9985261367849709,0.9958685803796195,0.8874388730226834,0.9878375101260168,0.9674216064075228,0.9660838149970583,0.9987311322566017,0.997453950333525,0.9288068947728232,0.9952178334095538,0.9898265149059032,0.945468501265537,0.8100761388596229,0.1929368768526393,79.72206337655106,7.922396513908053,0.8748814687178883,0.1399344779291165,3.179489514608003,3.202391190727174,1.9508241725894262,3.24096968484086,1.9718588790020228,gaussian,linear,0.0,logit_quad,0.6,3000,0.4833464178697091,0.8113393487577858,0.25179707980012783,0.2547306639034876,0.9649391252195484,1,18.0,0.008700502647248155,0.2734311714341461,0.920879205101059,0.9756266231062437,0.9919849516133555,0.9961395466604932,0.8126475046081411,0.53702607310342,0.3654927212572182,0.9961395466604932,1.0,0.20532979356622866,76.09964844843236,7.865389078337932,-0.32799293088807674,5.981702021898218,away_HQ,0.022901676119170933,0.012392916713589358,1,0
0.3715541950297889,0.0,10.0,128,1,blend,obs,0.608,0.8915936936913833,0.9889716452240838,0.9980902035722202,0.9287744759842954,0.9956179675629883,0.9854043571831198,0.9753344946183216,0.9993325457247475,0.9978246628809162,0.9261882907531145,0.9951167768065945,0.9929884292166533,0.9488522027864194,0.9977506051510506,0.9959082835604699,0.9319952478664962,0.9956987085126818,0.9989789169438993,0.8946437793986677,0.9888762892528312,0.9912862915855006,0.8665849422387056,0.9837660831006045,0.9796738326465875,0.9329207526719153,0.9316933328802333,0.8585818738184094,12.174282578622504,3.5947848866695904,0.6483915797678721,0.2170094627579621,0.5723691435626739,0.6064462501367388,0.7637596789029076,0.6056805956616355,0.715987486257885,gaussian,linear,0.0,logit_quad,0.6,3000,0.19949002289884946,0.18388256825326085,0.2764675196437952,0.37062005969295836,0.7968371301416237,1,12.0,0.0050805041148553765,0.3785611468154209,0.7303113961100594,0.9868323210663146,0.9888762685966034,0.9929885706005398,0.9842128258263975,0.047075537235566005,0.5622978230113468,0.9929885706005398,1.0,0.9444444567094947,5.9720816812267685,3.0840780489419135,0.015607454645588584,9.808890525476027,iso,0.03407710657406493,0.08586258289108528,1,0
2.4172629870945515,1.0,16.0,5561,1,blend,obs,0.613,0.6893063031465647,0.9179397052745543,0.6913189520064452,0.7594399815371747,0.9456134923959703,0.879556378279486,0.9006858792421915,0.9893298569099458,0.9762541329908435,0.7025445443064601,0.9263158364898602,0.7542071134521783,0.7474900015145821,0.9435678182741228,0.8393855158558053,0.7648917229576346,0.9516811396143572,0.8461314379892926,0.7234836986022097,0.9262497763753471,0.9073957352097827,0.6955405882166174,0.9192856153602768,0.682576390390751,0.74983906135793,0.8395215634833292,0.161158840954693,65.12602546505298,7.945272458270937,0.7611114155494949,0.18249790942279387,-0.0401242953539213,0.1633732737811423,4.535377668106274,-1.2163482191211938,4.478727932011255,gaussian,linear,0.0,logit_quad,0.6,3000,0.6866194397641856,-0.2405144535376365,0.17696248748559695,0.2748458612435567,0.5433330840575817,1,12.0,0.15607573890677914,0.40283651928199427,0.4392910747044743,0.8611664025622522,0.8401252836443905,0.7542021314728007,0.2511025054812565,-0.027914292724049442,0.05249469951139407,0.8611664025622522,0.25,0.8382835043099506,12.120150902910934,4.1574121453382835,0.9271338933018222,15.848804538100957,toward_HQ,0.20349756913506362,0.6771246633552576,0,1
2.256095455462138,1.0,10.0,8904,1,blend,obs,0.5986666666666667,0.7679584491513528,0.946411048323571,0.8194787049101981,0.7757653836646544,0.9531384378392566,0.8893263584048006,0.9383323575530264,0.9957660758040804,0.9889931862980261,0.9122514100941106,0.9925200949185853,0.9753922575272347,0.9246412751450764,0.9944178906058739,0.9823820564745057,0.8159232136779534,0.9652519518699029,0.8921409362684969,0.9281931952135216,0.994866214434037,0.9956485876737001,0.8704899855987227,0.9837079368120877,0.9735869946548835,0.9511622563986506,0.851418990619281,0.21346179155111802,44.26704574350226,7.056786755782765,0.9608767452959327,0.07487885491401759,5.688499043271345,5.435534029075291,4.059661802025275,5.7131772805054455,4.059376226770836,gaussian,linear,0.0,logit_quad,0.6,3000,0.6577718763580358,1.2179918912089536,0.18174779449683492,0.2514881977838902,0.7960864859935388,1,12.0,0.06665865815379231,0.30382107947694337,0.5982066642964039,0.9248609437222745,0.9419903711790416,0.975393892723446,0.9222932196797554,0.6053394754617626,0.39605185595184256,0.975393892723446,1.0,0.19083757800868054,52.57901769109619,7.763342283095066,-0.5602200148509178,9.666374218164982,away_HQ,0.2529650141960538,-0.022624213542437488,1,0
3.673587431482387,0.0,6.0,2550,1,blend,obs,0.6106666666666667,0.9071499677566949,0.9919455655578974,0.9976825635655328,0.7194232101554863,0.930831797786676,0.8480476829632532,0.9072613247331865,0.9906217059294723,0.9733031708474493,0.8208314349751604,0.9688641289959486,0.9068096821972328,0.8271864472715625,0.9707298876583731,0.9169587374211635,0.9381551335997803,0.9963950861399055,0.9978454359024073,0.8180794216835574,0.9689551469282766,0.949036568463286,0.8980492486443806,0.9904188922889032,0.9866081543782453,0.8949238852900432,0.8684172149226264,0.31681128131551434,44.77153909027532,5.659671607279004,0.8444346511036669,0.1428256084689439,3.3509681681803296,3.4748324873414744,6.632531157188959,3.529895819295653,6.486529930201369,gaussian,linear,0.0,logit_quad,0.6,3000,0.7722488165958881,0.6930593737549408,0.15068410300206594,0.23627156382878683,0.8509158016523468,1,8.0,0.06386907431768597,0.2450094692146551,0.6150133849318704,0.8600746840029903,0.8748459928338562,0.9068095946814015,0.904100181091366,0.5667827023516677,0.4033488224632106,0.9068095946814015,1.0,0.3620329704322801,38.318917687297194,5.627982379914474,0.07918944284094727,5.928412871541857,iso,0.12386431916114482,0.04522168911676577,1,0
3.1509065052911343,1.0,16.0,6390,1,blend,obs,0.6026666666666667,0.681039904737808,0.9144043561809553,0.6929351919702972,0.7220853557927543,0.927866933500944,0.8584016254636694,0.8576034829501907,0.9787446282881327,0.9602717827467298,0.6792939388509747,0.9146688245471546,0.7421433940767569,0.7216586607754611,0.9303045033934441,0.8334473915183696,0.7506976597604567,0.944848067745868,0.8409380492112645,0.687159913680799,0.9071573379897514,0.8918721278941588,0.6888609200260072,0.9166327684812768,0.6834369277868263,0.7536911446277536,0.849336188443382,0.5235966885674566,26.925794248232318,7.344048878286771,0.7544867238076853,0.18789481154506282,0.37722504534637546,0.4911205456479109,5.9628500412509124,-1.0352264577593928,5.871938388458595,gaussian,linear,0.0,logit_quad,0.6,3000,0.7304809134556445,-0.19177586399359065,0.15667210691424546,0.2556707873395326,0.5391870895334003,1,12.0,0.16212233393555112,0.39754768028838444,0.3940963931687243,0.8395440164816574,0.8189082760405572,0.7421545151833985,0.2894879417049224,-0.0698512647221203,0.05316273216601741,0.8395440164816574,0.25,0.9368029302668467,4.844239914554261,3.391974325092121,0.9222567774492353,15.825690695821526,toward_HQ,0.11389550030153545,0.41320624169939013,0,1
2.6384290699637973,1.0,6.0,7870,1,blend,obs,0.5953333333333334,0.8373350497676199,0.9728136622496645,0.9230647936550652,0.7403725490742368,0.9359785935093409,0.8618766549887683,0.8727579591240231,0.9825546233762844,0.9566914212998927,0.8644441894691495,0.9814306976639677,0.947841599764153,0.8675343952708081,0.9822105773685235,0.9509477282793678,0.8543924592249482,0.9779226899038552,0.9375033592515043,0.960460231559854,0.9983302324317656,0.9982041452926413,0.8823401373825421,0.986341197169132,0.9727921172141718,0.9683405365498421,0.8611272862981363,0.09200127533798792,81.31660221393449,6.925007626811188,0.9722180200756018,0.06295916699318935,7.400329304403016,7.194742523791339,5.065505104207208,6.972858001192173,5.050600273947936,gaussian,linear,0.0,logit_quad,0.6,3000,0.7033083367219786,1.1254763709232454,0.16691690788714159,0.19693193073151152,0.9221551467894835,1,12.0,0.026273841800150577,0.2174374720436252,0.7676547483667051,0.9007610257556129,0.9169497351244636,0.9478790439756932,0.9626034988435895,0.6688907974884274,0.41286169943327067,0.9626034988435895,2.0,0.08810065817599845,85.99433546595981,7.13990588494304,-0.4221680342012668,5.9228383125268085,away_HQ,0.2055867806116769,-0.0039006171619894725,1,0
0.933052824800555,0.0,16.0,5993,1,blend,obs,0.5963333333333334,0.8590482243802832,0.9791639610066056,0.9845233913636087,0.8667160260524606,0.9848342282928977,0.9643517278864029,0.9646290586537332,0.9987776676500495,0.9986650721644059,0.92554828607358,0.9947802414726061,0.9885341065405889,0.9420370213209013,0.9967569312912964,0.9911028528845449,0.9105698406475173,0.9911322771888679,0.9902048679717329,0.8489757839392121,0.9781607509680458,0.9835599395400962,0.8195666836924811,0.9720287445892917,0.9376515632588792,0.912744634995372,0.8842868199285221,0.11303532197787589,116.18383520933264,5.680795695927161,0.7323325081849397,0.1932693806952393,1.1233336837472971,1.15564491701318,1.728512918384793,1.4311656385140725,1.7222120521043762,gaussian,linear,0.0,logit_quad,0.6,3000,0.4192586019109793,0.3689686039549004,0.24383009340021944,0.36663677018694946,0.761133204767752,1,18.0,0.05482116459179277,0.3743304866271637,0.6513765298605674,0.969585465332114,0.9756015691990495,0.9885337808889428,0.8913522495214115,-0.18544851656100048,0.3276994387648309,0.9885337808889428,1.0,0.26161100785864627,68.75286384743812,5.000406638356808,0.05028999795607889,15.483107512575671,iso,0.03231123326588281,0.1485756858807704,1,0
3.256972247486602,1.0,10.0,7887,1,blend,obs,0.593,0.6900474514071167,0.9214248789963492,0.7361370449763005,0.7197153373619434,0.9305324532827435,0.864996757544751,0.8968954196127013,0.9895848241466331,0.9828127175071242,0.6896427530160136,0.9229695084772209,0.7738553505105195,0.7221165354209742,0.9344251232346815,0.8461486815763358,0.7352337420051869,0.9401880305482816,0.8433641074906659,0.6682701586127582,0.9002852649147981,0.8853700771006033,0.77260476457927,0.9564694042748519,0.8429037870613537,0.7350654075601488,0.8642280877133932,0.6009335899094969,16.814136743471185,6.332216168936923,0.7182627975208076,0.20520078800513156,0.4226319416475285,0.3424577938222395,5.85538896584642,-1.0477790418216422,5.84311382136776,gaussian,linear,0.0,logit_quad,0.6,3000,0.7488343308648373,-0.20470119211965188,0.1551533589362163,0.2426807572823233,0.6229935424365367,1,8.0,0.1575233075869633,0.37120118962079346,0.41797645932847277,0.84987476718955,0.8339286636171684,0.7738527930549759,0.41769579122835476,-0.08434250012106705,0.21666406318988152,0.84987476718955,0.25,0.9790333122299208,2.5904188792169327,2.687141058738801,0.9535355229844891,9.974827062829487,toward_HQ,0.08017414782528898,0.378099722320424,0,1
1.6113339021182957,1.0,10.0,7660,1,blend,obs,0.599,0.7398986540707087,0.9325178026051897,0.751494575237409,0.8005837092655501,0.9677064782926665,0.9178997438916107,0.9598022607083461,0.9984657768186074,0.9969222501381164,0.9349048810682143,0.9963623256562986,0.9883076084528372,0.9514295226974043,0.997830012429904,0.9926223727094611,0.840999608421901,0.9731723547818578,0.9278116797418582,0.8667434313347078,0.9843830100893235,0.9829201543556902,0.8565386911611117,0.9807695941351064,0.993606628675242,0.9447681193322848,0.842409619496046,0.11015625114298361,105.63060164439344,6.575901965949813,0.9342468814052793,0.09534507996852126,3.4882779248810007,3.3541435790692304,2.844961479313766,4.231664928245546,2.857379271509627,gaussian,linear,0.0,logit_quad,0.6,3000,0.5989063926417393,1.182915344527689,0.2179680332485957,0.3310561750784475,0.624122693957916,1,8.0,0.1224156548505533,0.4152469473709349,0.5249118256705391,0.9442023860788096,0.960957815593989,0.9883174399483756,0.8492552770076355,0.454716775063321,0.3698473987430688,0.9883174399483756,1.0,0.28798950207724233,51.23192385917657,6.5003692596680995,-0.5840089518859498,9.839949261951814,away_HQ,0.1341343458117703,0.17783325093425872,1,0
0.27085744248216237,0.0,6.0,5911,1,blend,obs,0.61,0.9562878275977734,0.9981011459804373,0.9987973855260142,0.9654968142174825,0.9990249721085036,0.9966359510644603,0.9943566132658307,0.999973058155366,0.9999081837681323,0.9652294594774611,0.9988256689745622,0.9995091560005805,0.9757560033451664,0.999423920473096,0.9995072738651865,0.9683510395373802,0.9989594593043574,0.9987848007393413,0.9307300878181328,0.9952901387952313,0.9987691998951729,0.9474929402566392,0.9973913069401354,0.999749401778554,0.9667267190672656,0.9487869497749808,0.966781988548831,3.150875323917043,2.8661363239649824,0.6003453832142357,0.2296888347893201,0.5301987429240542,0.551428147844685,0.5427191488778719,0.5085493725030987,0.5343670113153042,gaussian,linear,0.0,logit_quad,0.6,3000,0.15338059002377527,0.16699343719964316,0.2883500708506087,0.32638744337681097,0.9230129248776381,1,12.0,0.0017372084107554304,0.3295940937423058,0.8748641930339205,0.9981016650461795,0.9992554952929581,0.9995091102327962,0.9775487316394595,0.5969741405822359,0.650166280410204,0.9995091102327962,1.0,0.9758025615031662,2.6777594407250604,2.6411404736975777,-0.01361284717586788,5.9131137789969666,iso,0.021229404920630746,0.009020572954335226,0,0
2.5133914494523624,1.0,16.0,3213,1,blend,obs,0.6016666666666667,0.7331567916491906,0.9421116017554091,0.8268118851641646,0.7326605720635131,0.9391390311813823,0.8836747736336037,0.888701380982603,0.9883097205220063,0.9809495049052421,0.7380586356953662,0.9442418913156649,0.8486602352310242,0.7477312019424125,0.9476870769607477,0.8661701323169444,0.7612175345470982,0.9529415033504586,0.8744272334836327,0.7010303615014934,0.9197217074767614,0.9120268810355597,0.6764723179298697,0.9152595355525632,0.6977972200488811,0.8097883323119496,0.9170163407346074,0.8712976800293799,5.595092009012098,4.237533367374171,0.66496922773792,0.21626993367909836,0.7067147291161613,0.7864895997999255,4.352884109483344,-0.13504087098804646,4.231185412893961,gaussian,linear,0.0,logit_quad,0.6,3000,0.7120198442799545,-0.043182628685276614,0.18318903376756346,0.2612797764906385,0.7601468987772518,1,18.0,0.09205393296903587,0.3260903922618315,0.5617737845538037,0.8756581542692691,0.8692681315515796,0.8486580845457105,0.738848594118984,0.03972969689566376,0.5047394175562521,0.8756581542692691,0.25,0.9304170761538528,3.7104830574258902,3.6503722517398405,0.7552024729652311,15.83210649516042,toward_HQ,0.07977487068376421,0.05911939612447292,0,1
2.6231842236875567,1.0,10.0,5627,1,blend,obs,0.5966666666666667,0.7540711487621305,0.9402180540081068,0.8037621685342975,0.7404881035492079,0.9388065506027304,0.8503710310622155,0.8916707775380749,0.9878984245322983,0.9650774334725131,0.8555547584473445,0.9807232946721876,0.9391964323372499,0.8728553366789223,0.9851048135061012,0.9533291795423763,0.8037268223103617,0.9607987607867132,0.8874241452006135,0.9346068912629442,0.9959842836335642,0.9922681647146978,0.8514179204791914,0.9788998749689202,0.974913454376804,0.9495742840051725,0.8762345551620059,0.07665687243556811,126.94068898303611,6.266424053173244,0.9724481739692507,0.060569145661066595,6.337546478371208,6.063352885944052,5.09476776962851,6.168322813931371,5.098443675233381,gaussian,linear,0.0,logit_quad,0.6,3000,0.7271670131519823,1.3047439183568132,0.1743417411752341,0.2504063674806094,0.7963618796236369,1,12.0,0.07321543099349087,0.29791899264448596,0.5851984783772426,0.8873360301175,0.9028359182281851,0.9391672141646552,0.9710923975608328,0.6024130379234417,0.395934415622872,0.9710923975608328,2.0,0.10889196020979598,77.43597163995507,7.641342038314792,-0.5775769052048312,9.750052646986035,away_HQ,0.2741935924271557,0.03223508777422787,1,0
0.513377605768214,0.0,16.0,2799,1,blend,obs,0.5996666666666667,0.8004684763736291,0.9624461438237997,0.9941082056670887,0.9181046855481604,0.9942219337786129,0.9816184552110095,0.9861594327186408,0.9997887594507356,0.999501259874775,0.8957143993138521,0.9900358863524443,0.9908032971058228,0.946915028755239,0.997461774364833,0.997315083595709,0.9073120136232133,0.9918203016809845,0.9993610219809796,0.8649836342543256,0.9819014470523435,0.9879761137209051,0.8188427756362118,0.9705045385215334,0.950499106092261,0.8923975536537133,0.8901270261403876,0.6065521574122901,27.67594656459305,5.833498162972306,0.7396316947291006,0.1905997256769437,0.5747112299195971,0.7339413760475427,1.0277778038868404,0.906868160172727,1.0132279733924725,gaussian,linear,0.0,logit_quad,0.6,3000,0.2731808064385074,0.2520713690056271,0.2682386234209624,0.46550906932901626,0.5453700518746916,1,12.0,0.03534882604171921,0.47232021113973854,0.567916885821349,0.9834346311900573,0.9856369770124142,0.990803619653259,0.8558347355652671,-0.4381596732135349,0.34353068393246544,0.990803619653259,1.0,0.825981307842854,15.646389594656926,4.026723712300791,0.0211094374328803,15.554854064111659,iso,0.15923014612794562,0.21942915043056388,1,0
0.13087351278766146,1.0,10.0,9262,1,blend,obs,0.6063333333333333,0.726514797996572,0.9358389998723883,0.7419373427608965,0.9742532257290744,0.9994571572800289,0.9981694663592063,0.9906467577778506,0.9999041839376948,0.9997086415233934,0.8112896258586119,0.9703571987362611,0.8939775815571442,0.8351574763242904,0.9784042458500347,0.9241072037704673,0.8199662504060627,0.9736208682447388,0.906922155212236,0.880032126196627,0.9868401621273823,0.9930861436476115,0.797541151175706,0.9644561725102214,0.8975414847033657,0.8144435635949472,0.830806350972071,0.4099789538014336,28.7062861756038,7.0742165444799205,0.8363601535955729,0.1547063250979976,-1.7690913781676456,-1.9186366862964988,0.2467389609151425,-2.396527272614321,0.22838905293461667,gaussian,linear,0.0,logit_quad,0.6,3000,0.07114903297071755,-0.7399440751269564,0.3062935462456552,0.3305159064679892,0.6241573205880657,1,8.0,0.0006468540039163348,0.46841686435669816,0.6538909453362752,0.9897248545950028,0.9738831945159084,0.8939971118167834,0.438221879774003,0.14722789835435357,0.27148115436165443,0.9897248545950028,0.25,0.8049147483636783,6.735808999287744,4.759552186984656,0.8110931080976739,9.945008051403063,toward_HQ,0.14954530812885314,0.39493579456224465,0,0
0.9267928855692289,1.0,10.0,5160,1,blend,obs,0.607,0.8146193868206232,0.9674555172305465,0.8995406063819075,0.8723659311764591,0.9865438102720342,0.9631662335348758,0.9759740064883733,0.9993992530079251,0.9989377710936551,0.940361246707434,0.996817312919533,0.9906435357537553,0.9328236042286214,0.9960634953588766,0.987826563729546,0.8370604585824178,0.9751629139124434,0.924199554937095,0.9508279769192469,0.9977174270319248,0.9984555458529272,0.9059245289481439,0.9918606929659786,0.9792660406845338,0.9250049717185422,0.8157248698283222,0.03506420135715797,219.44046320689924,8.333188091161054,0.9003013098992574,0.12083601917935241,3.1908857712480514,3.262435497478866,1.617427939840295,3.4807114221897657,1.6049246349193236,gaussian,linear,0.0,logit_quad,0.6,3000,0.4132174209050089,0.9243334183801423,0.2581418351905044,0.26043589182198035,0.9035370352673983,1,18.0,0.020969737610596846,0.3125621347322922,0.8258896600242428,0.9845653172638937,0.9962745567450899,0.9906382664461338,0.7505995707802384,0.48993214403857366,0.3457339460475656,0.9962745567450899,0.5,0.04866432212373522,182.76477175977237,8.85789328515497,-0.5111159974751335,9.917601563941018,away_HQ,0.07154972623081468,0.013600120766577246,1,0
2.638278132291364,0.0,16.0,7423,1,blend,obs,0.603,0.8563206553209288,0.9789905797159584,0.985574029811066,0.743703739044403,0.9429624887309586,0.8770344277038622,0.8965970722365757,0.9897507761757048,0.9761762773801156,0.8121717468464653,0.9688583473647736,0.9104965834260412,0.824395412716702,0.9723669606526371,0.9275791299482601,0.9034346295270255,0.9902212782099797,0.9879298930432203,0.7911285575523246,0.9592076344628085,0.9439480653818292,0.8075672423779011,0.9687537498514232,0.9080961801075497,0.8907046381789261,0.9047297262297209,0.1036749520089323,118.86659281609536,4.597032338022905,0.7945237428864633,0.16208887241288963,2.4243413734323047,2.562732644103052,4.791791838014918,2.834798862149741,4.75963372986406,gaussian,linear,0.0,logit_quad,0.6,3000,0.7116322153829646,0.6172520979084111,0.17445486303630792,0.3074842947794272,0.7636101861513671,1,18.0,0.0957481708434538,0.3170427196698743,0.5502566443347502,0.8832774102189482,0.8919447186883559,0.9104953803315569,0.9293818067848786,0.602893339139108,0.5541025866002978,0.9293818067848786,2.0,0.38236850789724514,40.99792662854087,4.2007887135695245,0.09438011747455353,15.459557223732894,iso,0.13839127067074708,0.27869355588831285,1,0
1.2747158657549806,1.0,10.0,3136,1,blend,obs,0.5916666666666667,0.8102610760715581,0.970573142722305,0.9130373285184953,0.8094220228300794,0.970679152916679,0.922683438760322,0.9472166429352432,0.997460908744229,0.9936135177166764,0.8104207975900938,0.9708589068607099,0.9153272118885742,0.8171012271952182,0.9725672330302948,0.9234934364298243,0.8182608003559413,0.9727091927359315,0.9231514768290925,0.790587270065234,0.9598338999387671,0.9433673478695276,0.7654387233342856,0.9559030717545349,0.8528033528418402,0.8553466166715901,0.9687170338184811,0.9823179107751044,2.9267818963186265,2.717868995566907,0.5624908306984766,0.23711952826903565,0.2001562888896025,0.23427893810108855,2.3250416546259984,0.07584469597451698,2.322606613366523,gaussian,linear,0.0,logit_quad,0.6,3000,0.5354416996304385,0.019221367206740197,0.2371880301531572,0.2618944617271026,0.9032011039765656,1,18.0,0.026241471517420352,0.29625258969187723,0.8006277021910554,0.9208419275818798,0.9196109937943245,0.9153273079273927,0.8939473213835389,0.7342721930712085,0.7853505790101565,0.9208419275818798,0.25,0.9881139486362043,2.315478620463928,2.473977375474845,0.5162203324236982,9.907851589827215,toward_HQ,0.034122649211486056,0.005796037861099834,0,1
0.4713985780975811,1.0,10.0,2893,1,blend,obs,0.6053333333333333,0.8021952494940019,0.9616819353533205,0.8741631630956279,0.9303640549107095,0.9960586237321791,0.986445595196784,0.9822129923744679,0.9997084369948386,0.9993209139753947,0.8814178634579732,0.9869590038830184,0.9605577130638526,0.8973049180005945,0.9902649469295512,0.9684765090494751,0.8422755117716771,0.975417630324325,0.9200601802345241,0.9330562377805003,0.9956186785154051,0.998398442199409,0.8749313736623119,0.9849412522377349,0.9683277307160609,0.8895107151371474,0.8252224077014394,0.5619368954103625,13.935114356016195,7.226064735769181,0.8530551907221098,0.15060434603503858,2.668669901853305,2.5991244372834603,0.828305619619597,2.687178462571181,0.8569692117548953,gaussian,linear,0.0,logit_quad,0.6,3000,0.22696566953732045,0.8372228887104931,0.272988442833914,0.3242613615387545,0.7976457946522952,1,12.0,0.011204390341231081,0.3796588389832173,0.7190361840778356,0.9984209871918903,0.9981197310686031,0.9605684169167609,0.5609332624602253,0.16992820080507764,0.3239067303339813,0.9984209871918903,0.25,0.6371785165343671,11.653658387594758,6.108724269395301,-0.6102572191731725,9.846706169815509,away_HQ,0.06954546456984456,0.07524162112400457,0,0
1.892019443451955,0.0,16.0,5582,1,blend,obs,0.6026666666666667,0.7941568148157264,0.9608979797615774,0.9929471597115664,0.783443484899552,0.9582862451501268,0.8932937869489385,0.9597528580723905,0.9984924752425223,0.996205919371776,0.8341197950691007,0.9771702634683629,0.9198637213585681,0.8748924578968028,0.9865736085729834,0.9568411732379873,0.9001016927040252,0.990868286363417,0.9961659256783633,0.7916387153410164,0.9589366885475473,0.9403944645339309,0.7861839953522883,0.9601588722951026,0.8834975043180904,0.8539822254226166,0.9037881696959191,0.7325233071342868,12.123295966069904,4.621359382480513,0.7799572741581042,0.17067311826242065,1.6677207688383051,1.8799874541896782,3.3525769026330536,2.1460359534580093,3.3678834699800144,gaussian,linear,0.0,logit_quad,0.6,3000,0.642890540453541,0.5189617171539662,0.20689080388612668,0.4250522179177806,0.5431491813526056,1,12.0,0.13931296967930748,0.4305093348039354,0.48057216687380283,0.897202584218525,0.902484419761634,0.9198706250033788,0.9766500531417275,0.7395076053697702,0.5979254267235977,0.9766500531417275,2.0,0.760329456722527,10.257767603581303,4.84492127105508,0.12392882329957489,15.429213618063956,iso,0.21226668535137305,0.027806149588240237,1,0
3.8339204547824735,1.0,16.0,5307,1,blend,obs,0.6116666666666667,0.7471177698611211,0.9453359997439115,0.8505051294925767,0.7163154294584627,0.9295618392201629,0.8690671232671809,0.8790264279603935,0.9858807164638868,0.9766417364090697,0.7370136050016816,0.9416530115494349,0.8418804585614288,0.7490490565973049,0.9459878520934156,0.8646582394356281,0.7708973815332681,0.9540189945167689,0.8878114111769183,0.6932805485406488,0.9140878643515679,0.9042716413408134,0.6978154348445755,0.9256419602958662,0.739802956119952,0.8085034418981871,0.905980355104245,0.7824425761205813,14.826417493913532,4.731476317598903,0.669131924547719,0.21675339421077516,1.3437906096446515,1.4511304497017734,6.699926875902687,0.2760411014146105,6.530327177235861,gaussian,linear,0.0,logit_quad,0.6,3000,0.789398928208201,0.04984117034861235,0.1518670391924671,0.2199284973128729,0.7604100617577653,1,18.0,0.10670407546531975,0.297190730971281,0.5110086667108833,0.8624016423345495,0.8585485191389823,0.8418791236181322,0.705635457574622,-0.031753150518708265,0.22803146674615948,0.8624016423345495,0.25,0.9124053466430113,6.236230232326291,3.987989233832616,0.7395577578595887,15.772070224440396,toward_HQ,0.10733984005712194,0.12996277052243,0,1
3.5579934292181137,1.0,16.0,2157,1,blend,obs,0.5836666666666667,0.6857613089313122,0.9085547644554548,0.780668555490322,0.7055869239830065,0.9237069709325098,0.8390318655180464,0.8875383890755035,0.9874109644606441,0.970809805263563,0.7630886803616941,0.9504288855972187,0.8616188213153745,0.8196958612184835,0.9695979870897694,0.9230691155900103,0.868817664626424,0.9829540496791775,0.9774393796006708,0.7043981145530314,0.9209299104483987,0.8979043873719187,0.8392713240081429,0.976197516187874,0.9464777852162023,0.8533645809923986,0.9174660068994425,0.864493117762662,7.696491976002183,3.5157800583142578,0.8768538531567687,0.11110957950457948,2.8106315445986363,3.587247869767821,6.552811599061458,3.828647851026622,6.470079484408298,gaussian,linear,0.0,logit_quad,0.6,3000,0.7829926625469608,1.0663082079034008,0.1514490246280246,0.47247556401689683,0.2641475130437653,1,8.0,0.32543422652643766,0.489149483958549,0.30961705898652964,0.8427867487256134,0.8475997437059017,0.8616269165047198,0.9099530627998589,0.7819741289450252,0.6054698837917507,0.9099530627998589,2.0,0.6508824044275233,14.35070815877386,6.530367517670431,-0.2833155453564399,15.438238753277203,away_HQ,0.7766163251691847,-0.2136107133351387,1,0
2.6006642332827625,0.0,16.0,9403,1,blend,obs,0.6106666666666667,0.8559318810337433,0.9791043216588088,0.988768314054517,0.7514011144877288,0.9471184981016568,0.8889458422890314,0.9322964261490424,0.9955709835936669,0.9941882989668382,0.8436550261008697,0.9791881939308745,0.9398686577883147,0.8576923949181969,0.9824179769811477,0.9539975410460436,0.905902084992219,0.990951508499426,0.9923686652720355,0.8026384936273149,0.9639395780871862,0.9538917778022068,0.8019210651663573,0.9673138064153328,0.9008979493309849,0.8811879438885873,0.8900805002673056,0.766136935944201,10.07275429382551,5.145227336120892,0.8078319880211761,0.15849391056521706,2.405823906837869,2.544813663179107,4.753258700098944,2.8319738065370963,4.792230613075347,gaussian,linear,0.0,logit_quad,0.6,3000,0.7313376980191685,0.6477053861898523,0.1796375203933231,0.301803416740549,0.7597530751509389,1,18.0,0.10307322761183188,0.32133552363650497,0.55903411599313,0.8984114731962284,0.9108158064423134,0.9398745635755532,0.9656275926475565,0.7074585842329824,0.4613193860654612,0.9656275926475565,2.0,0.7287843487490537,11.313832131918431,5.09171116757792,0.08363231182931616,15.474206272099938,iso,0.1389897563412381,-0.037352587195147224,1,0
1.3751421840075775,1.0,16.0,6887,1,blend,obs,0.6006666666666667,0.7482517779888562,0.9486988267050456,0.8311823072134416,0.8125461954706735,0.9712326852071148,0.9309464082334178,0.9598686776771781,0.9984672934724919,0.997789223417485,0.7645730057400991,0.9551143819859781,0.8602357937895081,0.7779926579168489,0.960096869260191,0.880178965779816,0.7796630928337477,0.9607816860605405,0.8810140030971741,0.7674215414112667,0.9507653985807087,0.9417904471608303,0.6990054744263224,0.9259853625398697,0.7340364340467055,0.7826292529073243,0.9031953164744843,0.8108437759011786,8.147213103967143,5.1072059951974005,0.6727810316491228,0.2120900975452782,-0.36000607818982944,-0.2529417395073875,2.407805943159336,-0.6990350424718601,2.45684520100774,gaussian,linear,0.0,logit_quad,0.6,3000,0.5375728725045805,-0.19890748808870967,0.235742154606997,0.30101073376095555,0.7595748575886468,1,18.0,0.06564811196346276,0.3697680692789033,0.6375405942074052,0.9185208876324973,0.904470917539743,0.8602376593452743,0.6143837871656551,-0.14155560490249536,0.004749071874289301,0.9185208876324973,0.25,0.8946861459045369,5.845154813802647,4.1981225559607545,0.7364803605932901,15.712361518319911,toward_HQ,0.10706433868244192,0.08384237000335826,0,1
2.417602423210423,1.0,10.0,1368,1,blend,obs,0.598,0.7672116461508204,0.9459347971365721,0.8291637989372369,0.7491082277042349,0.9423915295137962,0.8668919024844427,0.9302428884782374,0.9948252519181819,0.9842635339606491,0.8913822925770978,0.989435900578834,0.9643872810712049,0.9089874267579328,0.9926147290553242,0.9750650965884725,0.8159749623410364,0.9651762824520218,0.8997712546080436,0.9172687417042007,0.9933510563288241,0.9912099652759417,0.8657593436126051,0.9829384998671612,0.9737130325865181,0.950601294040957,0.8437915224945448,0.044666683080459645,178.67826848868776,7.789061395767791,0.9700452586565501,0.06354248942517605,6.132268382156339,5.956561061444182,4.296205964377013,5.954851424802331,4.2323280642758645,gaussian,linear,0.0,logit_quad,0.6,3000,0.6731673907094289,1.2701626080327217,0.17882780834578044,0.24596513058197716,0.7976171689436841,1,12.0,0.06330538931616232,0.2998468855390437,0.5963970845463221,0.9067755570734414,0.9241090817752595,0.964402577893776,0.9015800610282689,0.5971600886134684,0.3766245007682846,0.964402577893776,1.0,0.04164931305015297,186.38663278394003,9.369228622003433,-0.5969952173232927,9.715630883979678,away_HQ,0.17570732071215733,-0.0030173700303066722,1,0
1.4121937351325617,0.0,6.0,9634,1,blend,obs,0.6,0.9564376166975641,0.9982040900831008,0.9992955518630723,0.8285632964080527,0.9731573959827617,0.9251762891733952,0.9651259058234316,0.9985580353106478,0.995414760421909,0.9447215999948555,0.9967967785613447,0.9891246048646921,0.951137496377624,0.9974985342249961,0.9919514895387863,0.9694758958038712,0.9991318617172108,0.9995363458366472,0.8977378512550727,0.9895025472673521,0.9854180402893247,0.9329257491859886,0.9959023911540328,0.9918339258927673,0.9690813968673714,0.872037943260653,0.6861850623388337,11.864621921392242,5.70855077369836,0.757775925925926,0.1888752163902198,2.0502700786173564,2.104137318534949,2.531056526057273,2.0510613451168505,2.467719310376391,gaussian,linear,0.0,logit_quad,0.6,3000,0.5326608397598959,0.513347686788943,0.2202342371342169,0.25846072067435366,0.9236415172319831,1,12.0,0.018797330317557155,0.2660141620065173,0.8279041817661618,0.9434336156184615,0.9604900460980264,0.9891292968007154,0.9173857608397649,0.47402553954524124,0.3650544121094583,0.9891292968007154,1.0,0.6999036643105072,11.265028909656492,5.778490759752949,0.019313152970952777,5.9216517962264,iso,0.05386723991759235,0.013718601971673516,1,0
0.8660940064511942,1.0,6.0,6575,1,blend,obs,0.6013333333333334,0.8019183452448133,0.9685237988555292,0.8890528581895681,0.8796770338245765,0.9880015058582072,0.9645256387271796,0.9621963492385519,0.9987696397117016,0.9967623208554456,0.8078861184287223,0.9706067664728232,0.8986427218344959,0.8218776093707909,0.9746038629465462,0.916738759059698,0.8215928618125898,0.974394563655885,0.9145239679112322,0.8280185457063418,0.9728838496496203,0.9626092724673031,0.8276677873301974,0.9756413189537444,0.9158592373479603,0.8080195600465492,0.9054965609501281,0.9120495446958765,5.436471424197405,3.8029536125013412,0.6644072722081735,0.21983118009292832,-0.7780597462373617,-0.8051679992519414,1.5802144891347323,-0.9412681966268529,1.5643230268680928,gaussian,linear,0.0,logit_quad,0.6,3000,0.4010580536110422,-0.2564997012108099,0.2569663109638165,0.2749941251771054,0.8507825285835657,1,8.0,0.03201952900346142,0.3388273611671009,0.7583989382636881,0.9525619997578613,0.9386553164487824,0.8986481666451331,0.7150072948982827,0.09878450240474244,0.4726472990411813,0.9525619997578613,0.25,0.9630262110499448,3.017840414244184,2.891328008950474,0.6575577548218521,5.9947066222041565,toward_HQ,0.027108253014579642,0.05097666635406828,0,0
0.4039231684239284,1.0,10.0,2671,1,blend,obs,0.6096666666666667,0.8257892715566871,0.9723844621159795,0.9099093958440828,0.9405811438135462,0.9969781577041089,0.9927719638401843,0.9681116405609318,0.9990897774267761,0.9991162951422559,0.8862937333487514,0.98934487359871,0.9653603137689366,0.8847451613408908,0.9892034869577544,0.965089357576745,0.8440533089172144,0.9785251004477891,0.9297047516744399,0.9147811763146755,0.9933271336027635,0.9948198596193426,0.9163778253776893,0.9941743411053762,0.9817946745210852,0.8847414704304537,0.8312285340172259,0.4687566659673754,31.89312372249736,6.949032887823315,0.8442670253749371,0.15362265063763858,2.3328803296144,2.401798784886322,0.8265818062493239,2.5786074368959437,0.8288677574517321,gaussian,linear,0.0,logit_quad,0.6,3000,0.2373500663733652,0.7552480032770391,0.2878783132383781,0.28915465682163943,0.9032092315210668,1,18.0,0.012499615536344036,0.3399191980737638,0.8469021899019289,0.9992715158449024,0.9978526321333068,0.9653638605576346,0.7053918088773506,0.33418018987506704,0.3269397795696207,0.9992715158449024,0.25,0.5406453421876288,25.5405983204824,6.775602446053714,-0.5178979369036738,9.934103118272573,away_HQ,0.06891845527192197,0.07188867622025341,0,0
3.6578244884116984,0.0,10.0,479,1,blend,obs,0.5926666666666667,0.8424976657052429,0.9774494468247906,0.9929509420253959,0.7049165214695161,0.9235688028880623,0.8525336229677714,0.8575510986752048,0.9801033789536335,0.9601223474337538,0.77044216686246,0.9547764821010083,0.8683025146403637,0.7855052658118321,0.9584455658943438,0.8979331089860848,0.9239474670586554,0.9948440728119607,0.9921224694646796,0.7145991417540491,0.9265933454240093,0.9103205453553322,0.8366984643183172,0.9764106511963212,0.9487406956915713,0.8705350387719244,0.8930594508507763,0.6569007484246975,19.27856796264912,5.175150272214415,0.8035663657836551,0.15928151815744243,2.6276071774995438,2.6178043836963316,6.281678698406928,2.9773833873052657,6.190607372336764,gaussian,linear,0.0,logit_quad,0.6,3000,0.754354032716712,0.5530092495416424,0.15276952004206967,0.3356180490063382,0.6194344278191227,1,8.0,0.16230111716325735,0.3693045919701232,0.4136680760645098,0.8536663888615287,0.8581137819468804,0.8683025384104577,0.8988594653352977,0.7964686665588377,0.6065342416504433,0.8988594653352977,2.0,0.8174508170815502,9.728154240350221,4.600247788613658,0.2013447831750695,9.807256814146553,iso,0.00980279380321214,0.16055006865685273,1,1
0.9549791182198062,1.0,10.0,6679,1,blend,obs,0.602,0.8204215346264533,0.9742200781617011,0.9204750991985895,0.8505203875104264,0.98198215673383,0.9506739103246482,0.9691881620206961,0.999088418600711,0.9974654883319806,0.8250961243405016,0.9755985268296475,0.9250296236331915,0.831945575235639,0.9773097148574792,0.9327131764653598,0.8291505813820196,0.976473479597702,0.9306822068477549,0.8173145674113282,0.9691130933582642,0.9576017898995045,0.7734270093910688,0.9585084373209872,0.8612192000715263,0.8477579945666817,0.9554454283867274,0.971977348233692,3.4633327875243882,2.9420702932030953,0.571795624486404,0.23354020228969508,-0.21416369863259643,-0.17851517530968958,1.75531120038325,-0.31380340236037935,1.7642365365641934,gaussian,linear,0.0,logit_quad,0.6,3000,0.4466702096780989,-0.08833585138850666,0.25725008396387283,0.28210745369771995,0.9017771125458403,1,18.0,0.022159452304795716,0.3137258618104658,0.8199836713470813,0.9454381128251086,0.939773825568331,0.9250293003182858,0.8687432016708747,0.5072807976509565,0.675671487648017,0.9454381128251086,0.25,0.9856867638276938,2.3144360690119514,2.602166801625846,0.5350060610666055,9.956438132265014,toward_HQ,0.035648523322906855,0.01370941559400185,0,1
0.5106255506595301,1.0,6.0,2665,1,blend,obs,0.6093333333333333,0.8820795909204295,0.9873359936718715,0.962586917161359,0.9241245903896633,0.9954274269766927,0.9865148661457765,0.9864034281753736,0.9998008724969183,0.9995203086156678,0.9166741797717823,0.9940764471825505,0.9819593773461676,0.9164192484365118,0.9940955833326253,0.9817427843237289,0.8877391508422378,0.9886670387078548,0.9660458452862963,0.9470911388517029,0.9975877632162113,0.9955668206204482,0.9283908268866503,0.9954016491216021,0.9876696543131079,0.9116375519193266,0.8439438716546469,0.5539042893668028,28.22782985898912,6.260565168246865,0.7968884194292798,0.17526414120108305,2.0443201980692596,2.063355580799382,1.0479206158203538,2.130953009794583,1.0402271173317792,gaussian,linear,0.0,logit_quad,0.6,3000,0.30308935397494086,0.6313293773133941,0.292932285761814,0.2940623352023342,0.9646479345620368,1,18.0,0.00571109941534172,0.3122925025118508,0.9380061429771209,0.9962732660446522,0.9996206964944774,0.9819677873867974,0.7513794280364104,0.3069844066192389,0.32847640213377505,0.9996206964944774,0.5,0.5770126822532037,26.51434677642612,6.294070357900003,-0.3282400233384534,5.981097709259777,away_HQ,0.019035382730122397,0.023108392886400875,0,0
0.7346415483657251,0.0,10.0,7582,1,blend,obs,0.6123333333333333,0.8882689707275333,0.9880602328520917,0.997414236996043,0.8866571423246183,0.9886962217115093,0.9639368519850244,0.972453066105704,0.9990825673609457,0.9968283830162767,0.9164362612280004,0.9935264849271378,0.9891201189587996,0.941307429312904,0.9968882128228537,0.9934981559182138,0.9287533695720728,0.995172500270056,0.9988802371880612,0.8884363479989883,0.9874164574784824,0.9851442978248414,0.8632117820157026,0.9831467671585158,0.9723372564813992,0.9324805267551317,0.9004764194418166,0.5733766322099266,23.088059792112723,4.694616628808196,0.6910459546786205,0.20589100052648648,0.9912245898977149,1.0570611885778496,1.4509991727690992,1.1224244597960729,1.4501215800131992,gaussian,linear,0.0,logit_quad,0.6,3000,0.3640107301646609,0.33612025495799436,0.2522232104877411,0.3465017252240782,0.7933278257332654,1,12.0,0.030650745417283107,0.3586249280234127,0.7033064095066888,0.970158248930219,0.9766152546697469,0.9891232938424085,0.8904669221889945,-0.19538117390929208,0.2545529348853218,0.9891232938424085,1.0,0.8144642432771629,10.542614832195772,3.957568944332148,0.027890475206666494,9.73388126201209,iso,0.0658365986801347,0.2410876110672363,1,0
2.217130156108931,1.0,6.0,1560,1,blend,obs,0.5906666666666667,0.8323005979177225,0.9725290213784005,0.9268049627360228,0.760049558769155,0.9458816105758854,0.8920395533173212,0.9115543178357487,0.9914418396168755,0.9851442858371553,0.8119290636572984,0.9652569908513116,0.9202953813795782,0.8155513193925676,0.9662272752968167,0.9268960718596303,0.8364450135243173,0.9735405667813983,0.9344436605554675,0.7738819296897163,0.950141267726237,0.9344047537990071,0.811028536330998,0.9665427936951054,0.8931399695029488,0.8788443723516381,0.9293264331293736,0.9374292154953142,4.788237266735998,3.267100783505692,0.6267899684561143,0.22751896262358431,1.172420035380408,1.2460205985300834,3.9422455163357393,0.9593767887138298,3.9314164370610722,gaussian,linear,0.0,logit_quad,0.6,3000,0.6420035956404023,0.18305886918577413,0.18134317444346404,0.1931345417488787,0.9236864101597712,1,12.0,0.022617720046314276,0.23046219057202386,0.786867355523078,0.897408972843985,0.9051317368647679,0.9202943389715872,0.9440236262518766,0.8115684780509563,0.5935411815605811,0.9440236262518766,2.0,0.9450040806788158,3.9215490130037955,3.20169296402549,0.45894472645462825,5.995568504018995,toward_HQ,0.07360056314967545,0.007574865183501589,1,1
3.125463572778871,1.0,6.0,3652,1,blend,obs,0.601,0.7990660035587973,0.9579031113302306,0.8597534121008926,0.740110712847675,0.9418200382362718,0.8667189466066364,0.9014210492869098,0.9903043008207308,0.9746076386369441,0.8713812931593821,0.9853643686978601,0.9541155993743754,0.8920632109325464,0.9892447613884825,0.9655691464704615,0.8357719351166393,0.9712798109696074,0.9112163888310875,0.9496823763827871,0.9974424339946604,0.9960385020023933,0.8478884463473793,0.9778067230492884,0.9665110119158437,0.9515235009426862,0.8598603823393958,0.006498228531779273,519.9008478962901,7.599113801963281,0.9851197136861379,0.04517521772561021,8.263211987510784,8.224625386677369,5.770154163953727,7.610074909271881,5.7362510184064925,gaussian,linear,0.0,logit_quad,0.6,3000,0.7872919134627515,1.246306929522403,0.1658389439988191,0.20949341331363502,0.8506267603264038,1,8.0,0.06953963690082599,0.261389962588117,0.6344503146057617,0.9055932199952117,0.9213530291093968,0.954038093553029,0.9674197086430755,0.6387964024534935,0.39624742049585837,0.9674197086430755,2.0,0.014237523481726263,347.75567471973903,8.875222271803358,-0.45901501605965156,5.935829187357682,away_HQ,0.038586600833415474,0.00773929494994699,1,0
0.17236276253838279,0.0,10.0,5753,1,blend,obs,0.5823333333333334,0.9167363153599627,0.9931734297939409,0.9976527794547029,0.9555393777436746,0.9984650667591566,0.9951903820174262,0.975955296828044,0.9995520878658408,0.9986199738316937,0.9405027825533402,0.9967280578627412,0.998993197680606,0.9513024726068582,0.997809845123558,0.999158840845255,0.9359430641733942,0.9959385090916922,0.9983408020325617,0.919698316315895,0.9936335091685996,0.9973007226909935,0.8784030062638393,0.9870651533260681,0.980577523345398,0.9485334858405151,0.943427783766714,0.898897306894155,10.90675983783143,3.412301502611037,0.6044842121324392,0.23106813166929915,0.30118791208456347,0.3126272771613028,0.32846349948914305,0.3273763267067945,0.3166366157743094,gaussian,linear,0.0,logit_quad,0.6,3000,0.10031845717867233,0.11482116691074401,0.31739055309710107,0.3752655949671908,0.9025885143527197,1,18.0,0.0016157206378386612,0.3704155420075593,0.8568499890067354,0.9962747566225906,0.9973563131644918,0.998993222488536,0.9890312770184994,0.42010970610182335,0.6324657254391309,0.998993222488536,1.0,0.9434788840400349,7.558444345306864,3.1224391223222865,-0.014502709732071671,9.801059833804707,iso,0.011439365076739316,0.04458157714587985,0,0
0.4818763104954966,1.0,6.0,4658,1,blend,obs,0.6013333333333334,0.8984337320993011,0.9919624047254558,0.9748284670798546,0.9255968048457973,0.9956012095881257,0.9872249459882353,0.9844917969737829,0.9997530002118865,0.9996191918882281,0.9020550423391454,0.9925319734496647,0.9766430445524491,0.9033389656806522,0.9927045375771615,0.9774729689971988,0.9003828055958493,0.9922480935567384,0.9760624346496583,0.8886342046303631,0.9885236520820135,0.9838156634551097,0.8633710905249052,0.9852563145389819,0.9531936499911403,0.9060229107302843,0.9683835368396633,0.9910160027683045,1.826011647989282,2.2490014480582388,0.5565370803639627,0.23687295723043345,-0.24065195541893192,-0.23970230240623724,0.8239452929837852,-0.29223646134124165,0.7905852354747043,gaussian,linear,0.0,logit_quad,0.6,3000,0.23895085388194948,-0.08983439529652937,0.2988469757491343,0.3050259892094157,0.9645215325955558,1,18.0,0.0039287989690641656,0.3181119360845637,0.9394396809734666,0.984942673078688,0.9825364712591729,0.976642931431893,0.9585647426433122,0.868437454596281,0.8364077618465731,0.984942673078688,0.25,0.9929838191476342,1.6468607634176688,2.1671619310221963,0.3287852491784789,5.9757093477610095,toward_HQ,0.0009496530126946734,0.0019678163793297454,0,1
0.831419766287735,1.0,6.0,4500,1,blend,obs,0.594,0.8659262781150645,0.9814644211310389,0.9454654315845915,0.8686265161766543,0.985246879256234,0.9536983404018091,0.9713697695724798,0.9991711444824358,0.9971623547510717,0.9349819242859226,0.9959990120178518,0.9884207277664883,0.9378766384669269,0.9963235282345981,0.9885681276905146,0.880725064528876,0.9852189241229156,0.9555323722919005,0.9551583238422439,0.9978968865894927,0.9974035248726326,0.9108583160507734,0.9920746792422207,0.9836829744740894,0.9193795116144768,0.8158666387349209,0.5431801867780167,12.622691537469489,8.963012062483722,0.8562091909793059,0.14912625210980174,2.8155658606713536,2.8062675448934895,1.5119624563384275,2.9162155347669456,1.4612609505574592,gaussian,linear,0.0,logit_quad,0.6,3000,0.38260781004015826,0.7964190158945138,0.2615682172305233,0.27966390392979257,0.9230225638374565,1,12.0,0.010520673712428546,0.3052045041766698,0.8570260715389466,0.9790703271451116,0.9937311857571315,0.9884126363772966,0.6747311435282896,0.4059226716384661,0.33444541831289676,0.9937311857571315,0.5,0.5652401302731012,11.010251099392528,8.832648068858994,-0.4138112058543556,5.951566716378932,away_HQ,0.009298315777864108,0.022059943495084444,1,0
3.8313678090358128,0.0,10.0,9363,1,blend,obs,0.5993333333333334,0.8264340777288802,0.9725064270501669,0.9915617627837646,0.6992210480312921,0.9201442117036246,0.8438577525545811,0.8609550511438026,0.9808894324751047,0.9602190943733221,0.7594238825841426,0.9493178841682192,0.858447332073465,0.7766993323782743,0.9540047416809982,0.8908425714558106,0.9160596528862668,0.9937129085711353,0.9918037269371853,0.717826098728483,0.9276404904819383,0.905967799294518,0.82630790535576,0.9731219922660238,0.9408305273252285,0.8635370281088892,0.9033444721974199,0.7261712956011621,17.221455184501004,4.560227302181868,0.8098673142093544,0.15456349790808008,2.727018691749628,2.7538397763355915,7.208633297385048,3.090585349791145,7.019715812009409,gaussian,linear,0.0,logit_quad,0.6,3000,0.7885866210317427,0.5844532427118226,0.1457930732714311,0.3431468047074257,0.6233981920660696,1,8.0,0.16926488798494707,0.360697062437183,0.404198116520069,0.8449166066054026,0.848761999579448,0.858448058028714,0.8911013219025251,0.8746013675099489,0.6368946096729107,0.8911013219025251,2.0,0.8346157094469634,7.558993578509806,4.3237449520004,0.20413337831991996,9.830036962405458,iso,0.02682108458596355,0.10844441384580128,1,1
0.29558390338094087,1.0,16.0,2881,1,blend,obs,0.6046666666666667,0.7765343645785754,0.9583233094807434,0.868993130061759,0.9574554111144553,0.9985877253484164,0.9956757990032018,0.9919011914732554,0.9999381332352387,0.9998836732378614,0.825288005659623,0.9752113542540346,0.9226522382142482,0.8341745737677546,0.9777990325979155,0.9300260229177872,0.8209674131652519,0.9737689809049741,0.917132804975903,0.8762577111166349,0.9856224041856879,0.9876692657540043,0.7299223412858064,0.9371694341837415,0.7831144876453716,0.8194661649797326,0.8562552219247455,0.748566906664261,9.926369464073826,5.99512760176059,0.7688179440030789,0.18461662822331437,-1.4229853708483085,-1.2999523656867622,0.6376642029907437,-1.6356827633362914,0.6414657593336847,gaussian,linear,0.0,logit_quad,0.6,3000,0.18498857573990773,-0.5436686311359711,0.2910633616722576,0.34305886661949747,0.7599380198864599,1,18.0,0.021901468426046972,0.411342123886944,0.7075943473084594,0.9873006150943575,0.9741408604983095,0.922646727907643,0.5180045883837293,-0.14166351453009762,0.10941614519998977,0.9873006150943575,0.25,0.807393494753205,7.139781590653988,5.442509305192235,0.7286572068758789,15.765652469544353,toward_HQ,0.12303300516154625,0.05882658808894403,0,0
3.245731490012934,1.0,6.0,2963,1,blend,obs,0.5983333333333334,0.867814930818901,0.9827198925032041,0.9563734256932235,0.710729548214043,0.9282431144200441,0.8600606167329282,0.8730639539402315,0.985155269687978,0.9699529573210952,0.8461445655785538,0.9798333155519426,0.9517202204856895,0.8487735048905086,0.9805078740879449,0.9535984256846975,0.8760991970279977,0.9848278385739008,0.9616515242253709,0.9655009808737975,0.9986263505269324,0.9960873254041573,0.9218813447809074,0.9941370969737106,0.9874533717316871,0.9588318476769437,0.8603120687635395,0.02608211763450474,226.3159083488068,8.244551312965074,0.9818046902992406,0.05094321176944272,8.385277597287946,8.457657500907837,5.713605327345737,7.83309495525189,5.6635852663529045,gaussian,linear,0.0,logit_quad,0.6,3000,0.7825600071772325,1.0982464014299815,0.1694832007311402,0.17155577062203292,0.9645328728211688,1,18.0,0.01565874891384157,0.19380680930413358,0.8744955935226029,0.9036553527723299,0.9195993030994978,0.9517349988630066,0.9897547389017177,0.7503555657396974,0.4125956682514308,0.9897547389017177,2.0,0.023606666990695448,238.41663543419924,8.443619288855274,-0.31568639425274914,5.979792398131824,away_HQ,0.07237990361989155,-0.002475450643809291,1,0
2.8713374291315925,0.0,6.0,2251,1,blend,obs,0.6096666666666667,0.9766512752034758,0.9993717319828503,0.9991908406002096,0.7332823263142199,0.9381543732749336,0.8815308835620398,0.896071441574099,0.9895294206918666,0.9844455906180029,0.8775889442760699,0.9859658318310697,0.9705050469585019,0.8781681729519584,0.986072306145139,0.9715340840246244,0.9815482756980133,0.9996026399738386,0.9993239110206779,0.8864064714848305,0.987722295038362,0.9851645085816509,0.9508487807122427,0.9977579419646518,0.9929064583891871,0.9654642593863623,0.8356614574158412,0.42177036039497345,21.455775687018463,8.148585731721758,0.8930376853791674,0.12537861157748478,4.255472968911575,4.293264548968926,5.158734658192446,4.11797707804825,5.09684057883329,gaussian,linear,0.0,logit_quad,0.6,3000,0.7398806078711406,0.7358256635306761,0.1674007590314709,0.18791593165598555,0.9650056469311187,1,18.0,0.014541875745436588,0.19074826997931058,0.8776004052337038,0.9070025646593133,0.9295845485974171,0.9705069366362679,0.9475277786066957,0.7592953931149221,0.41547525753907255,0.9705069366362679,1.0,0.4167097522015788,21.355757534893794,8.070688185771866,0.0040549443404644045,5.904675944475015,iso,0.03779158005735095,-0.005060608193394656,1,0
3.918503395405974,1.0,16.0,2754,1,blend,obs,0.6016666666666667,0.7172853492843267,0.9324304452179705,0.8090603619053331,0.6724803240017396,0.9075706900345623,0.8249042487657994,0.8243279964611944,0.9722378658315705,0.9451235757317044,0.7055328041748478,0.92647450906875,0.8125003025066858,0.7141259286235238,0.9302161143928034,0.8328095642399742,0.7449261909395533,0.944364791473322,0.8568598261027105,0.6640645507352845,0.8984273693045746,0.8748915952323213,0.669906447973268,0.9114134416282249,0.6964309918983361,0.8458955308211078,0.9133793822247211,0.834205636158883,10.660042073456998,4.4670023580332545,0.6811590305868171,0.21391779492766194,1.764111559365509,1.8767773303675488,7.141189972003978,0.5088505824233038,6.9175067221874444,gaussian,linear,0.0,logit_quad,0.6,3000,0.8257345179036885,0.08793560477721762,0.15212430640927482,0.22413079883843545,0.762798498172061,1,18.0,0.10403901174065644,0.29861931199209846,0.5094255471772705,0.8202533470064691,0.8190698774244898,0.8125000960516932,0.7682922538347412,0.5834675050461751,0.5975473105871304,0.8202533470064691,0.25,0.9031739500169897,5.710253393720569,3.829033465179563,0.7377989131264708,15.769505148418995,toward_HQ,0.11266577100203978,0.06896831385810676,0,1
2.5132338346975645,1.0,10.0,6893,1,blend,obs,0.612,0.796391757191278,0.9596039204740192,0.8761413342247736,0.7430093110757667,0.9437210561008156,0.8886356568637533,0.9179718709648043,0.9936352763098961,0.9887602721653141,0.8781806155600002,0.9877867595881354,0.969694552644025,0.8927838971816939,0.9905694972164067,0.9762430831644429,0.8225653671731902,0.9693348833877011,0.909189585704759,0.9459903779413396,0.9965505079843142,0.9944733520585606,0.8937393711535463,0.9898007099876126,0.9723404028155752,0.9389797959401156,0.8619928681466987,0.16313864045171492,73.6644324935872,7.097033202190781,0.9835419801750407,0.04598565045536408,6.695390066986401,6.899923802347228,4.600988490073457,6.917790044033319,4.572252179369947,gaussian,linear,0.0,logit_quad,0.6,3000,0.7402500515368435,1.2330941994145619,0.18099819705336545,0.18803486512363565,0.9022317209938101,1,18.0,0.04141644289994353,0.24248112484028686,0.746442417621504,0.923552809272942,0.9394021868384299,0.9697679224740303,0.9705473280977018,0.6960249025854014,0.37436536290698386,0.9705473280977018,2.0,0.1604568060086064,65.6065727029619,8.19816822462063,-0.4928441478777187,9.941031248199838,away_HQ,0.20453373536082697,-0.002681834443108516,1,0
2.6518453510753957,0.0,6.0,3215,1,blend,obs,0.5943333333333334,0.9505692772025564,0.997690168837466,0.9998551403489288,0.7291973991508578,0.9320235299811291,0.8571891824824835,0.8627678659230805,0.9803682936376183,0.9553712934716644,0.8402788159185124,0.9739007572171302,0.9356110526189593,0.8447703755829055,0.975316168177537,0.9426396719805942,0.9641249579386486,0.9987811493412457,0.9997446921857276,0.8632192090743349,0.9820233240313824,0.9719898864573802,0.9232555267321669,0.9947114420833684,0.9900543310047025,0.9711203534813956,0.8643438423020878,0.2640352301805061,47.044581138419666,5.13044606224188,0.8557258800015299,0.14608139419573415,3.806270904282412,3.877103075870711,5.053450679414415,3.8103246897995944,4.949740212968611,gaussian,linear,0.0,logit_quad,0.6,3000,0.715160163917398,0.6905191824934009,0.1710919509563066,0.21436471052144657,0.9233081749650536,1,12.0,0.02620161673309735,0.22084449986074237,0.7747168304584984,0.8796246818858618,0.8991513888095782,0.9356249542236327,0.9616894318475275,0.68103777301446,0.40021042908947524,0.9616894318475275,2.0,0.2633105991395521,47.65109927125126,5.426086441172881,0.024640981423996983,5.931755221332664,iso,0.07083217158829891,-0.0007246310409539936,1,0
0.6458761706438034,1.0,16.0,69,1,blend,obs,0.606,0.6960933971825893,0.9221903715303225,0.6652216074286504,0.899683481452526,0.9914956221066693,0.9718623838093089,0.9856004315417713,0.99979047513089,0.9993512105419273,0.7657121556733557,0.9555186151792311,0.8334909072068553,0.8030064062479806,0.9687476413228321,0.8883244220817748,0.7953246092883731,0.9660686906739216,0.8763431548408499,0.8468643830272065,0.9771706993336197,0.9736839913023895,0.7257865095377625,0.9351453198927934,0.7473779958417939,0.7746498945889112,0.8423404170515478,0.1855651447497971,76.11450951030187,7.204813897341529,0.8090296973859821,0.167446088869314,-1.1771332045630931,-1.1213347501035134,1.2265346929803764,-1.9865439059308718,1.2087495517789637,gaussian,linear,0.0,logit_quad,0.6,3000,0.328789101945869,-0.5499505633839392,0.27177430815371584,0.34529405368080157,0.5407424322339542,1,12.0,0.052971381325864146,0.4732949987013009,0.5742175786759879,0.9548638381190607,0.9308233349180863,0.833501269456484,0.3047807276967994,0.06364957797058994,0.13552219461530257,0.9548638381190607,0.25,0.7326445356712393,18.94364915799102,4.771181619528887,0.8787396653298082,15.742777704265793,toward_HQ,0.05579845445957976,0.5470793909214422,0,0
2.3083193318396242,1.0,10.0,6419,1,blend,obs,0.612,0.7784301110271794,0.9510312649917209,0.8463944874570191,0.7724247948881106,0.9503358425640596,0.8882224860233364,0.9163410150369977,0.9922116237977365,0.9818948720252817,0.8922790653006388,0.9883457794809472,0.964625510146285,0.9051798589916215,0.9908170597073173,0.972655010038374,0.8268154279489104,0.9691888626195874,0.9085703414549471,0.9242191686246463,0.9943340976453777,0.9963171328378749,0.8761918705629785,0.9850336681739883,0.970983575265478,0.9463798157390041,0.8687249981088179,0.15823168326497983,49.34895393294874,6.693835564581287,0.9696701704736879,0.0631233611394471,6.000567008548207,5.795948400658518,4.48983684720962,6.084343959081563,4.4574398993025515,gaussian,linear,0.0,logit_quad,0.6,3000,0.6554896151704799,1.242282982951934,0.16823918850042496,0.2334206462722324,0.7959530924576944,1,12.0,0.06726390014008206,0.28805529309622663,0.584051716918889,0.9178683724001305,0.9326180526849641,0.9646723419928318,0.9262296431364703,0.605237243369703,0.39359161319039404,0.9646723419928318,1.0,0.13886923899272657,55.66774419536803,7.531145866769161,-0.5867933677814542,9.722574626010246,away_HQ,0.20461860788968878,-0.019362444272253254,1,0
1.994675445394007,0.0,10.0,5834,1,blend,obs,0.59,0.9152600629108374,0.9925075297527193,0.9962904065468928,0.7700897524529398,0.9556732266033643,0.898755152276047,0.949158651219386,0.9975679101480351,0.9948810374346347,0.8994618586650189,0.9911424198270348,0.9745532747712472,0.9063378779159267,0.9922481347223568,0.9783826232508775,0.935348540349808,0.9955652256284951,0.9972927970508751,0.85785046162057,0.9811269437091968,0.9728907980028393,0.8832190768444113,0.9882683485161299,0.9746585040044343,0.9402563632609581,0.8614317577067978,0.4781944617137687,29.169009757939847,5.48205262185525,0.8086615222084426,0.16827894697555798,2.4364968789423385,2.5012568300952123,3.4822473028462957,2.554691787023489,3.520530579057086,gaussian,linear,0.0,logit_quad,0.6,3000,0.6539933587968472,0.6391165048500117,0.2010600439474583,0.2665296644642823,0.9018880098875484,1,18.0,0.03491469475107614,0.2651431602453701,0.7583074885333354,0.9186591917065188,0.9378816516836744,0.9745571317212977,0.9527018562651376,0.5732806317021838,0.3709568103510875,0.9745571317212977,1.0,0.48997267582965864,29.341479629837924,5.779104890508874,0.01487685394683554,9.776551817370795,iso,0.06475995115287381,0.011778214115889918,1,0
1.1551665960377018,1.0,6.0,3562,1,blend,obs,0.6043333333333333,0.8853076517907139,0.9881167631089622,0.9736052609067138,0.8337275315329867,0.9768362835731398,0.9471204212361742,0.9574720108595056,0.998307253039369,0.9977277542942661,0.8852320718529298,0.9880534192214209,0.9740927991729245,0.8859790327599335,0.9881213870046904,0.9752844191090632,0.8852484495309685,0.9879992987899144,0.9746099574860344,0.8304338961282935,0.9733379782798586,0.9704717379407928,0.8541502619565144,0.982557547536811,0.9499989091985209,0.9091466493973894,0.9394321315298922,0.9734783244009516,2.312717350362257,2.4315506918824927,0.6134834953585706,0.23024542783353813,0.783059749966716,0.8023233635096961,2.280946297567215,0.8041011326465632,2.269195298331051,gaussian,linear,0.0,logit_quad,0.6,3000,0.5089267778076833,0.18482222851046742,0.2289419596092417,0.2339879192585571,0.9646217867803262,1,18.0,0.009825390104280959,0.250738721052425,0.9130698228351177,0.9545245933194059,0.9617516839933897,0.9740922975690819,0.9908691322716623,0.9754351554800952,0.7585076919790403,0.9908691322716623,2.0,0.972996751262348,2.0649702587434904,2.4259408734500196,0.3241045492972158,5.9815852778028855,toward_HQ,0.019263613542980118,-0.0004815731386036415,1,1
3.097528080314644,1.0,16.0,224,1,blend,obs,0.5936666666666667,0.696838223904051,0.9109774910434069,0.6422529814096496,0.7271177574624339,0.9301949317611196,0.8636910705911214,0.8733874228441232,0.9831653981425865,0.9656188208455947,0.8190897403001042,0.9681862778510615,0.9230329024230028,0.8424838458161867,0.9755159242324467,0.9459528605726,0.8059682429445697,0.9614474354524885,0.8817653470159288,0.824198008504017,0.9704956171579971,0.9664171730215716,0.8663711793518077,0.9821020936903131,0.9462720044901707,0.9294460895271659,0.8952341761831045,0.13666195438333434,63.23828413623097,4.885234779265852,0.9630552468196104,0.06698934090825213,5.178258575519489,5.754193292404236,6.156353211272412,5.283238001874875,6.123975472054739,gaussian,linear,0.0,logit_quad,0.6,3000,0.7384035185943867,1.409835016422665,0.1576559693225097,0.3236278192147075,0.5387407793091509,1,12.0,0.17207498100913135,0.40454556529312435,0.3897112781554677,0.8824117787936772,0.8943125332423687,0.9230171989310527,0.967544579931804,0.6687006120976648,0.39140793939133867,0.967544579931804,2.0,0.04560036731631115,142.2039972139912,6.125757797642766,-0.6714314978282784,15.381446612570794,away_HQ,0.5759347168847464,-0.09106158706702319,1,0
2.9777675623756643,0.0,6.0,7715,1,blend,obs,0.596,0.9602716325880745,0.9984914034278375,0.9993368784977809,0.7465875817682565,0.938551711605401,0.875295466410611,0.883502728569171,0.9851333956626147,0.9744389829567455,0.8454912333037512,0.9747956361487298,0.9454588669895976,0.8479918882527704,0.9755351047250294,0.9505662956184445,0.9740908621199363,0.9993712781483977,0.9996021046639569,0.8648592907095533,0.9819043389356809,0.978039501019109,0.9333773812213407,0.9957594174171379,0.9890033360759309,0.9470204201194985,0.8751347530049092,0.34339627952573826,48.760928480781985,5.003710392951145,0.846455052384433,0.14966370498989828,3.6782215546591086,3.7406524740555596,5.2038126754823955,3.7170442084637147,5.206538368767429,gaussian,linear,0.0,logit_quad,0.6,3000,0.6978246038915701,0.6703865261326831,0.16279770443127284,0.2148792920361826,0.9215188583395907,1,12.0,0.027099701612645723,0.21439708797351464,0.7593279646194817,0.8937271493358263,0.9118055950349702,0.9454759179368127,0.9787753103120712,0.7506543997366877,0.4298339779509124,0.9787753103120712,2.0,0.35547652116693107,46.248395662388276,5.1010581567074,0.027438077758886868,5.940452247782474,iso,0.06243091939645096,0.012080241641192813,1,0
3.080965862289809,1.0,10.0,4079,1,blend,obs,0.6073333333333333,0.6896054054746108,0.9209935564550282,0.7279729811039036,0.7215724413806346,0.9320777457051179,0.8543362298173313,0.9024839483861494,0.9902499195344089,0.9775772621601806,0.6837322828491103,0.9189050650131771,0.7471472417241913,0.7217726713565906,0.9346483307516611,0.8322591879655025,0.7375485118916675,0.941624669069747,0.8385242299367321,0.6770338746072684,0.9054110252652223,0.8775908401001886,0.7802642124532747,0.9594363414678749,0.8537385499336545,0.7355704435583241,0.862649818426631,0.6197121940164684,18.008169677808706,6.447413848706915,0.7310868949399809,0.20101761961056636,0.5380893076512349,0.46813381052064573,5.580469656355511,-1.0271328623518805,5.581378473554409,gaussian,linear,0.0,logit_quad,0.6,3000,0.7597804694331765,-0.20506599332828085,0.15990711201663435,0.2511204363548931,0.6219971610803695,1,8.0,0.16315786453959738,0.3678373821144841,0.43472229792801637,0.8375011302936095,0.8178809679149242,0.7471451335443804,0.33299013646701264,-0.20082555443818179,0.10266018579153813,0.8375011302936095,0.25,0.9782707015060921,2.945355162841452,2.6959539737729394,0.9648464627614574,9.97805469798049,toward_HQ,0.06995549713058913,0.3585585074896237,0,1
3.5815401085304837,1.0,6.0,8794,1,blend,obs,0.6093333333333333,0.8075614039401513,0.9606274941999244,0.8723995312457935,0.7108496561240867,0.926725944551564,0.8502632589239323,0.8796318082421892,0.9855394605251103,0.966060796153972,0.8044309698335999,0.9658743101970686,0.9140442104558665,0.8267900581131147,0.9728420655630555,0.9297932660719577,0.8426862025936004,0.9730858120122264,0.9181513373392031,0.9289966465514843,0.995360040893471,0.9940190061461261,0.8725626946222991,0.984209649320003,0.9805841658417557,0.9074856398074835,0.899259516625641,0.006339744754725865,505.70131897810205,4.921576234237502,0.9857793724468077,0.04078490190250618,7.472745294768055,7.5527256594773595,6.5377550840669425,7.296517057651315,6.457052821945862,gaussian,linear,0.0,logit_quad,0.6,3000,0.7901571000435167,1.2673868647373654,0.151310219577112,0.19632638590512996,0.8503648533822041,1,8.0,0.0671600470517379,0.24614876338116568,0.6147104600432441,0.8775199867666073,0.8892573397322289,0.9140629707098014,0.9838496766857238,0.7081740601256642,0.3907578921829098,0.9838496766857238,2.0,0.006695072904213098,500.55515116894026,6.231833649369708,-0.47722976469384887,5.946757986007029,away_HQ,0.07998036470930447,0.0003553281494872336,1,0
0.822290630386691,0.0,6.0,2395,1,blend,obs,0.5966666666666667,0.9554280264201278,0.9981223174284938,0.9989358138900254,0.8662306836526494,0.9840935920955461,0.9553564463711456,0.9670317331036795,0.9988814195687987,0.9974773947407853,0.9525720557492833,0.9979813795784177,0.9932293362220926,0.9579763130994609,0.9984221495893744,0.9945712214604034,0.9682714920301261,0.9990812842396558,0.9990022758130109,0.8920962110313155,0.9885701767502079,0.9874963778848593,0.9232406666832003,0.9947496209961915,0.9901432016782561,0.9651377918143754,0.8998853885155147,0.8194608530219714,10.877813046122673,4.511455564814432,0.6844623482155224,0.2118741309156195,1.2545910812686027,1.292019857475988,1.604674992612467,1.2858800947216795,1.593086671380141,gaussian,linear,0.0,logit_quad,0.6,3000,0.3990391597503459,0.36854421373649837,0.2511091744278285,0.2930973005468994,0.9241874969930166,1,12.0,0.011958226001959586,0.29469078234683777,0.8521107189986157,0.9658917305399675,0.9760581405460291,0.9932247919842335,0.941561635652064,0.3562018217074136,0.3810018227247858,0.9932247919842335,1.0,0.8556702533436156,8.344818856537481,4.331460860963241,0.030494946013847526,5.944350458099016,iso,0.03742877620738527,0.036209400321644214,1,0
1.6651390862645234,1.0,6.0,209,1,blend,obs,0.593,0.8648327095196561,0.9839272626550568,0.9610436367325017,0.779559805632754,0.9601371849025062,0.9082859725110604,0.944779277449181,0.9972123954221208,0.9949226085523378,0.8606357758505401,0.9828840127637761,0.9591884684552684,0.8610078820392916,0.9828875277263907,0.9604392786054161,0.8651894606852665,0.9839198314899584,0.962253122571807,0.8093247359819666,0.9665171579896376,0.9529085514599358,0.8266524713253809,0.9749811685047798,0.9290845346775392,0.9063657589935392,0.9044535989726554,0.9339952197958608,2.8160781773915615,3.2729081529246042,0.6716128975825435,0.22025070225129814,1.263717699142249,1.2822674589883751,2.970863299041364,1.3151499203411516,2.991349090493459,gaussian,linear,0.0,logit_quad,0.6,3000,0.6172874371168904,0.28879498742433585,0.21793524524840185,0.22641365573772398,0.9646556077819887,1,18.0,0.011412792055837687,0.24102330233608188,0.9042081953740467,0.9235592321121165,0.936707226515514,0.9591864155969126,0.9865493723556795,0.8836417318712013,0.6147787027538802,0.9865493723556795,2.0,0.934071419754808,2.640441796633692,3.1590137242245127,0.3284924496925546,5.988660802072705,toward_HQ,0.018549759846126168,7.619995894725395e-05,1,1
1.127040946947007,1.0,10.0,3955,1,blend,obs,0.604,0.7547873412872913,0.9400398627642178,0.7896618156849946,0.8511961424907155,0.9822570839423752,0.9507748887808225,0.9869774556202529,0.9998533417550715,0.9997132367926037,0.9470341211029758,0.997398556028502,0.9987801926191314,0.9721804961587039,0.9992846992514015,0.9993721118123486,0.8473488887039259,0.9753958983203701,0.9290021087035211,0.8786837055930128,0.9868495231090844,0.9890563335971738,0.8618446004184998,0.98210460921903,0.992211220626152,0.937230010528704,0.831190159676777,0.19979787164863633,49.31271901726483,6.9998606783872175,0.9028123861871102,0.11730246459521658,2.7560601287738224,2.6607688850067404,1.918872464492392,3.4286424191690004,1.9149257905913089,gaussian,linear,0.0,logit_quad,0.6,3000,0.47622469208018897,1.0693777126072979,0.2517511390213255,0.3586920071768356,0.6264499884871632,1,8.0,0.09450104242489611,0.43374648822573864,0.5804107833843818,0.9717094384446002,0.9856497689342878,0.9987798683743933,0.7029859660933281,0.2912449716091079,0.35421687480773145,0.9987798683743933,1.0,0.35945087373296114,32.20091818713556,6.668041801461224,-0.5931530205271088,9.891544916454347,away_HQ,0.09529124376708209,0.1596530020843248,1,0
2.351880866531302,0.0,16.0,1775,1,blend,obs,0.6016666666666667,0.8609313131253434,0.9802556235169141,0.9840579945740631,0.7451195630744174,0.9444792321610875,0.8820276380343383,0.9391882765798061,0.9964564586697596,0.9918174582008439,0.8385792821355796,0.9777723769398877,0.9363460020979916,0.8584791630734236,0.9825439989837135,0.9523269382021171,0.9069739249649007,0.9910898182390667,0.9886438473637867,0.7907065460871372,0.9595336738469331,0.9475873773068331,0.7997554842394908,0.9664924165088936,0.8992158183748677,0.8852329512233835,0.890623763505026,0.5536080881599862,15.975826247575778,4.725717581392788,0.7975871301243641,0.16528778593432206,2.272196838047117,2.4407487904464897,4.200632202358325,2.6586494312228335,4.251051257370198,gaussian,linear,0.0,logit_quad,0.6,3000,0.6990335124650441,0.6276545662558136,0.185448375594096,0.3049700321102002,0.7604983574725316,1,18.0,0.08994268309161216,0.3277899624736346,0.5657536740741789,0.8935460788387525,0.9061227981033768,0.9363471968289906,0.9743357134720679,0.6730896897761283,0.46755381957433273,0.9743357134720679,2.0,0.5610296638000959,16.031099496921883,5.507462908884842,0.07137894620923046,15.258032740440232,iso,0.1685519523993726,0.007421575640109701,1,0
1.7102581701653592,1.0,10.0,1196,1,blend,obs,0.6053333333333333,0.7628918050823219,0.9517283620621094,0.8416265276831174,0.792874163053101,0.9614334287107473,0.9062184575030322,0.9548612366714694,0.9980372299197184,0.9968258302993023,0.7669310360841755,0.9536964069171868,0.8601910819488103,0.7853942229180934,0.9594035984935388,0.8882924474616222,0.7897888898478043,0.9608084847486281,0.8836112895899085,0.7656571966629668,0.9480456539610641,0.9306406547014953,0.743550217467236,0.9437685956936233,0.7935284074365097,0.7903618540261637,0.932532795666966,0.9353333921706143,3.864833766829127,3.6950799321282757,0.6307828684962495,0.22390931599277708,-0.21687862331989233,-0.04583460231969304,3.172284531610831,-0.41710575213285117,3.2507779234668703,gaussian,linear,0.0,logit_quad,0.6,3000,0.6040722902921599,-0.0955182932901833,0.20238959701521203,0.2349763000208231,0.7972920376588051,1,12.0,0.05533824968480969,0.3188957071838253,0.6346576402753076,0.8970175883006841,0.8869366539016711,0.8601911981285152,0.7447734303945422,0.14974413440426884,0.3429388491293087,0.8970175883006841,0.25,0.9784143315647214,2.5351023165963604,2.7664448658173946,0.6995905835823432,9.955353592511143,toward_HQ,0.17104402100019928,0.043080939394107065,0,1
2.1297913993934348,1.0,10.0,4209,1,blend,obs,0.5943333333333334,0.807235560907855,0.9637101416406697,0.891243562353601,0.761821200869492,0.9529558754145911,0.8954645651609834,0.9442852586027566,0.997113783675072,0.993693126427802,0.9380109373137313,0.9970107037791277,0.9905906201679181,0.9513853183946532,0.998144995744064,0.9941305954426373,0.8323581929048514,0.9725742608700473,0.920082280144817,0.9484392014930646,0.9969092946109338,0.995337328356304,0.9052121184653104,0.9918449233152944,0.9800331963205844,0.9649809947828534,0.8220553011856887,0.007710868498699343,475.0731485675257,9.224093473014015,0.9739590702107137,0.059858600421833275,6.277599257010967,6.394926022154538,3.8227235414391427,6.344910570125106,3.835655846610033,gaussian,linear,0.0,logit_quad,0.6,3000,0.6918782598756017,1.1904587568436942,0.1980753065847391,0.2060733199149347,0.9030318463659317,1,18.0,0.036685965645273086,0.2609385774968812,0.7590878607710143,0.9393244951543036,0.9588713640014594,0.9905972902452523,0.8886998862525651,0.5807963556411497,0.3785675137545562,0.9905972902452523,1.0,0.00830522328277731,456.01787017291736,10.545065239759046,-0.4985804969680926,9.922634563550105,away_HQ,0.11732676514357099,0.0005943547840779675,1,0
1.2431720471012175,0.0,10.0,1056,1,blend,obs,0.5866666666666667,0.8878852347140345,0.9878996320642964,0.9974400535124818,0.8403630614878893,0.9774723139150796,0.9389733199626038,0.9697900097443455,0.9990775081952791,0.9988504871248348,0.9197540043548436,0.9943776931236602,0.980693086385354,0.9351338991352622,0.9962387693693779,0.9872821068300262,0.9329330792596228,0.9956854267165817,0.99910850158913,0.8517543766723761,0.9786300162531331,0.9770884161590019,0.8619120177183484,0.9825681408806484,0.9648141906039263,0.9257117293613464,0.8999191726767343,0.7591056840620946,10.103794360222926,5.074495387135897,0.7247647085777126,0.19641015977208873,1.4639667665781602,1.5651825370386443,2.2728088995540343,1.6851341279498586,2.287450326076656,gaussian,linear,0.0,logit_quad,0.6,3000,0.49704624861608343,0.461190566765989,0.2258628852745424,0.33377834824280606,0.7965437508982788,1,12.0,0.04476811386802401,0.34526306455588796,0.6541762165178888,0.9483203581667543,0.9588859755561042,0.9806906039894628,0.9403440887439733,0.4122339763780349,0.3970095355311114,0.9806906039894628,1.0,0.7965703701670888,9.199928830810308,4.9908796611821105,0.03585568185009444,9.78635411189877,iso,0.10121577046048413,0.037464686104994205,1,0
2.2119478575448652,1.0,16.0,8870,1,blend,obs,0.597,0.6588869550842325,0.9038388169718461,0.5904658758907275,0.7453374408716127,0.9463731205364796,0.8695841003402086,0.9199440730054145,0.9941215307502562,0.9834485204165151,0.6986046914784546,0.9277655648455968,0.7452945264343941,0.7473334581581377,0.9488514672149022,0.8599449744819755,0.7705556918463083,0.9582292717198962,0.874942851135882,0.6917107436461734,0.9161507347007168,0.8876741789865767,0.7407460964430158,0.941017878024664,0.7802365770467554,0.7518792164601428,0.8503907287974135,0.11909220767769227,69.19721444219135,6.91897492803674,0.7969871875691295,0.17018822230072703,0.6136113683550084,0.4244814575141067,4.171917614788993,-1.4166524984169702,4.191344124138725,gaussian,linear,0.0,logit_quad,0.6,3000,0.7099680333699758,-0.3202480773379343,0.19046164556907907,0.3810993340596103,0.2585220376482223,1,8.0,0.2845608247173897,0.501414103998158,0.3798489991613374,0.8514214481158489,0.8297387574878521,0.7452930857913198,0.257344119818688,-0.2345665266440453,0.1904540377258771,0.8514214481158489,0.25,0.979896338122098,3.346054631421741,2.5312659899386323,1.0302161107079102,15.877741431566388,toward_HQ,0.1891299108409017,0.8608041304444057,0,1
0.061089740734596276,1.0,6.0,8204,1,blend,obs,0.6156666666666667,0.8357112252922629,0.9754904041348693,0.9162063778006365,0.9887914396093664,0.9998828120597182,0.9996033465081361,0.9936059005259604,0.9999534688177193,0.9998439693596365,0.8657697727282331,0.9849209150072974,0.9486714856659167,0.8800151915914596,0.9881086018800883,0.9590074992448445,0.8600344509019167,0.9827298669741085,0.9405050333958226,0.9167598491384251,0.9937449530268997,0.9957806980164041,0.8783794345018902,0.9872885947018043,0.9646589631013436,0.8661369985257845,0.857476011205563,0.6696844606920598,14.139502928494258,5.685055011793292,0.7747633230981912,0.18334037795991476,1.69437579735345,1.6523530615147015,0.062467139541808825,1.8756169713739308,0.053917170569419866,gaussian,linear,0.0,logit_quad,0.6,3000,0.016243355444303678,0.5884873714511132,0.29840888278836575,0.31802627358139524,0.8508145008991023,1,8.0,-0.005643182422390085,0.37190597464303654,0.8023772220244246,0.9981749806111622,0.990691335357052,0.9486796736875892,0.6407435053417107,0.16232665203974025,0.29137818922525216,0.9981749806111622,0.25,0.7939072488022405,9.084545344566916,4.882764315385392,-0.5722440160068094,5.9730997705998,away_HQ,0.04202273583874838,0.12422278811018073,0,0
2.2778915879790773,0.0,16.0,4875,1,blend,obs,0.6036666666666667,0.7995322552437412,0.9625092036735624,0.9950763021739694,0.7883289572782428,0.958928920909633,0.9017614368816074,0.970148302700199,0.9990417341766193,0.9985748895029735,0.8371304398427266,0.9775998355965294,0.9214235118525291,0.8744631607099058,0.98594029228164,0.9553983837834715,0.9044787298174023,0.9915918089407405,0.9981097516867882,0.7880485990677637,0.9565993082174207,0.9442564119632818,0.7987459267856245,0.9646052226743441,0.8976897126231704,0.8364710564265407,0.8889782331631448,0.7131135244266338,13.591868578784,5.778664958950006,0.7780974968873053,0.16937069478904845,1.7273695113703722,1.9689907942410425,3.9627359170923357,2.2855575838406472,4.013744277756499,gaussian,linear,0.0,logit_quad,0.6,3000,0.6560609484659827,0.5227117912012204,0.1911069300029736,0.41132695439510913,0.5436834429992667,1,12.0,0.1524911666895665,0.4199146227002868,0.45510901424210654,0.9034656024902297,0.9079422719134882,0.9214240398407254,0.9487185213639255,0.4591040402022042,0.5468465101386564,0.9487185213639255,2.0,0.807426090044531,7.254710703190256,5.045428970490587,0.13334915726476249,15.519820153949508,iso,0.2416212828706703,0.09431256561789725,1,0
1.4752171547253146,1.0,10.0,7478,1,blend,obs,0.584,0.6802473204023647,0.9179435425770122,0.6872266146820188,0.8000900498756824,0.967513442818581,0.9118441709513193,0.9479286441106272,0.9974283134783047,0.9929588534769861,0.7055700358872181,0.9318876289911187,0.7701463724512904,0.7437523802361957,0.9483905410081207,0.8436706575857383,0.7463482986430616,0.9489993223258392,0.8368824116895311,0.7438713082976985,0.9418790367496326,0.922128578119188,0.7802355375359787,0.960041409808214,0.8561489442819007,0.7368943706979638,0.8572523142637876,0.6161452297948024,17.269222950224833,5.999607883103506,0.7504349424833157,0.19434670570960474,-0.6300087993675699,-0.6166058703631855,2.6000114621241286,-1.541965604653695,2.5991541878446025,gaussian,linear,0.0,logit_quad,0.6,3000,0.5708019506624323,-0.4085532753679044,0.2272385210713695,0.3017244244796655,0.6259032260506384,1,8.0,0.11090358883494172,0.4262142103126046,0.533155665797024,0.8892199038548488,0.8614865520314011,0.7701341001469751,0.39370622595685006,0.04917484065049147,0.2730262441965754,0.8892199038548488,0.25,0.9485892482835033,3.3168559798614767,3.2105044419445594,0.9793552260303369,9.967496577836377,toward_HQ,0.013402929004384445,0.332444018488701,0,0
1.4629402223200012,1.0,16.0,4352,1,blend,obs,0.6196666666666667,0.7336054578917777,0.9313699249178455,0.7824914097142089,0.8190490284739077,0.9709336894289936,0.9222665246375814,0.9613132073960815,0.9984616124269806,0.9967746372152227,0.9425113733112513,0.9972586095028421,0.9907008244382108,0.9690381427146886,0.99921515194778,0.9972976085154307,0.8324257565872106,0.9718148740800095,0.9237449906227513,0.8593948589111462,0.9811187290484883,0.9752390126098466,0.8693315728737041,0.9829329810485188,0.9571947188158145,0.9546875218904752,0.8702787079208159,0.3937964035615695,30.72242727715513,6.427131893052159,0.9145227118327639,0.10462875199114682,3.168218226529071,3.3827505988822852,2.7185947048059367,3.87426250743323,2.6845698201303425,gaussian,linear,0.0,logit_quad,0.6,3000,0.5624644882397567,1.1895011647647356,0.22071385762572984,0.35905768920703596,0.5411762423462915,1,12.0,0.12014121327172828,0.4325457086014018,0.5102671307025297,0.9445855681529874,0.9599734878794741,0.9906955612624769,0.8586344563656475,0.5091703796769834,0.36973537046344573,0.9906955612624769,1.0,0.27829320773134253,46.92586897039066,8.085831700814754,-0.6270366765249789,15.223183167810614,away_HQ,0.2145323723532142,-0.11550319583022695,1,0
3.1073931517103457,0.0,6.0,8621,1,blend,obs,0.5943333333333334,0.9713656236195592,0.9990965196904333,0.9989955216852597,0.7128627281254709,0.9274538806006685,0.8649024210048617,0.8679081540014497,0.983486081701643,0.9661082227421028,0.8537066911151563,0.9800142373623025,0.9577432161606685,0.8541576789952584,0.9801080390204308,0.958831780573016,0.9776215395985418,0.9994319789315556,0.9992325268869611,0.8927371647578012,0.9889785914525916,0.9857432411670105,0.9462162972715579,0.9970369392911445,0.990624443540334,0.9810868623191835,0.8355248102467446,0.4400334000386222,20.790253280960627,7.96219729107667,0.8964051981855478,0.12419613740023289,4.441936659036391,4.490130935983957,5.7386123740740835,4.32256962791003,5.686144100245634,gaussian,linear,0.0,logit_quad,0.6,3000,0.7599336199232527,0.748934282144268,0.16270094377443128,0.18584473180795374,0.9644834751615646,1,18.0,0.01494561004896928,0.1870853050664844,0.8696618032966957,0.8913372359401127,0.9146829527394703,0.9577724977135048,0.93692775609096,0.7476380123104771,0.3918790599222073,0.9577724977135048,1.0,0.432948880051689,21.694782619361796,7.865225006683003,0.010999337778984698,5.917871412164523,iso,0.04819427694756584,-0.007084519986933158,1,0
1.9396609480285316,1.0,16.0,1381,1,blend,obs,0.6143333333333333,0.6904817176397786,0.9196275999056626,0.6936650336750643,0.7796430957677041,0.9540993849407653,0.902188672703268,0.935717777062303,0.995672376930142,0.9915022829083477,0.7303397372229088,0.9391555175506765,0.8043532759058144,0.7622212085127055,0.9500164685260712,0.8636201356118128,0.7678011312694878,0.9533379447036857,0.8518498688315962,0.7298936441131594,0.9297804354332391,0.9205857964524625,0.7037641679159686,0.9238517231375935,0.6989210464289415,0.7585503110158694,0.8679341976197421,0.5485120682822952,27.963214795505657,6.240400705971231,0.7651627241481349,0.18005827375529124,-0.1991525223073404,-0.07703324618035402,3.6572355605320954,-1.4481950362526155,3.668596650452747,gaussian,linear,0.0,logit_quad,0.6,3000,0.6500048096191684,-0.29792084875419034,0.19237110028021806,0.2800383565703743,0.5401010259799247,1,12.0,0.15226334477956172,0.411125142061443,0.4679137337980367,0.886695886458362,0.8680077257178423,0.8043551172873671,0.4011920480803559,-0.07024742363967502,0.045773132720070886,0.886695886458362,0.25,0.9339632128868675,5.862021495826941,3.4188674663687815,0.9479256583733587,15.816421429776653,toward_HQ,0.12211927612698638,0.3854511446045723,0,1
0.0996944097404211,1.0,6.0,3158,1,blend,obs,0.5973333333333334,0.8625975276175992,0.9834805881423943,0.9422326667075848,0.9708361588149846,0.9990606534727694,0.9982008555489743,0.9734990279180801,0.9992577565462537,0.9988997377581498,0.8912553043657447,0.9902695498203531,0.9657599524085196,0.8946894320825322,0.9909055691337858,0.9682669846520207,0.8722272080335597,0.9859744575056808,0.9505848706490381,0.9100818993075215,0.9926669644704771,0.9947028730874297,0.8965252934319918,0.9907976158881403,0.9696285884746607,0.8851394954321814,0.8710704008087634,0.7612071697805598,12.581623111483855,4.98623713248141,0.7440339145281457,0.19665522722028778,1.6313571436550707,1.628592786366196,0.2539162547632623,1.736318636749419,0.24058538007083746,gaussian,linear,0.0,logit_quad,0.6,3000,0.06754185075588884,0.5113708523121799,0.277350777873387,0.29507637759021776,0.9233586704680409,1,12.0,-0.002480518638141452,0.31930821468481274,0.8685989433349165,0.9982228537613455,0.9935939586393836,0.9657677481775079,0.7569006040854845,0.21407867036798084,0.3391251653229167,0.9982228537613455,0.25,0.8046140267607397,10.315021598132654,4.774253356137545,-0.44382900155629107,5.964366347656735,away_HQ,0.002764357288874697,0.043406856980179875,0,0
0.4708523199293779,0.0,6.0,2348,1,blend,obs,0.6013333333333334,0.9383611896676409,0.996555628949636,0.9991911371337946,0.9259250209649676,0.9952098210155368,0.9868245700365729,0.9655152638685459,0.9990232014352902,0.9975808802405637,0.9518774135033554,0.9979087739903777,0.997539670643867,0.9709251894231463,0.9992485183514163,0.9981772209366165,0.9696363171168845,0.9991752813362091,0.9993691225454717,0.8838545669282921,0.9872903793069014,0.9941077166610454,0.9315871045627735,0.9956065056063067,0.9957383611537756,0.9434791495394764,0.9177725903408798,0.8972630261715834,7.242493226022786,3.9238797900439,0.6412343621383919,0.22265223165633333,0.6379128128691438,0.6320069982607304,0.8225535722119458,0.6350856630016798,0.8086465155421517,gaussian,linear,0.0,logit_quad,0.6,3000,0.22328279734561252,0.20191700214601085,0.27502822449679853,0.34062376363320945,0.8501275330444066,1,8.0,0.014673517945033682,0.3544775522337705,0.7758692271589125,0.9897610006724525,0.9928156181294966,0.9975400136411802,0.9531757385712445,0.060949363402623156,0.45614523181738986,0.9975400136411802,1.0,0.9495411994853359,4.327730035054538,3.328446404726154,0.02136579519960165,5.94475698879952,iso,0.00590581460841344,0.05227817331375251,1,0
3.9679723917659913,1.0,6.0,3330,1,blend,obs,0.6,0.7430080997947519,0.9391920852721871,0.8318731151480645,0.702282959856569,0.9230136790729354,0.8461472114940506,0.8794935365459827,0.9858087823512498,0.9699506242284021,0.7304473768250181,0.9347610968707939,0.8392939048372462,0.7377470643811708,0.9371927054269598,0.8572212818482438,0.7543157633586289,0.9442808898654594,0.8593653643150182,0.6930882417468907,0.9142192344370904,0.8832474095873317,0.7922886510387024,0.9627958542048365,0.8737301163654024,0.8321182833408851,0.935813378797906,0.9011425162083344,10.863936580320598,3.499321832193637,0.6214740740740741,0.22446413817684469,0.9284269335020646,1.03867510131113,7.595781413158185,0.6776269655084386,7.251245705071967,gaussian,linear,0.0,logit_quad,0.6,3000,0.7847786668718252,0.11573864114870869,0.14239069820652767,0.1759287984038171,0.8509387512294235,1,8.0,0.06428621807827443,0.2408349303022734,0.5912377329476759,0.8428723015373666,0.8426512640981598,0.8392923332995106,0.8126933298066228,0.5141932072820273,0.57023269871468,0.8428723015373666,0.25,0.9426617044682596,6.230083476509832,3.0238968206531327,0.6690400257231165,5.996384705774096,toward_HQ,0.11024816780906532,0.04151918825992518,0,1
3.663695097907807,1.0,6.0,6220,1,blend,obs,0.5983333333333334,0.8056190280891764,0.9599013152924197,0.8718387397527142,0.702345905466851,0.9228288072705046,0.829073639737623,0.8776753537660398,0.9853382061468864,0.9607576897678016,0.815721835691248,0.9701296779736742,0.9175875114308738,0.8379140753431197,0.9764871253413577,0.9339838811112635,0.841598609147221,0.9727758672845368,0.9196302442044338,0.9407056629672764,0.9967733550325877,0.9946688087875558,0.8645449379373877,0.9822039223602888,0.9770117958664597,0.9248782116750137,0.8808139728749712,0.006134028167656018,529.935725320099,6.497147741846061,0.9868775644656087,0.039968195181603286,8.376295465812483,8.1635829992345,6.911697363653978,7.574340384693099,6.706532327804433,gaussian,linear,0.0,logit_quad,0.6,3000,0.7937883607187239,1.2751699155937022,0.15248487354346324,0.2059036365929001,0.8509734457576481,1,8.0,0.06544516433745842,0.24910345997267738,0.6121347072424781,0.865386589772099,0.8813688610004808,0.9175551301892645,0.9961957217482692,0.7811018031144267,0.3925569734234192,0.9961957217482692,2.0,0.006475219495679536,519.3184813635672,7.893313437535401,-0.481381554874978,5.95868953228812,away_HQ,0.21271246657798315,0.0003411913280235183,1,0
2.959602809403356,0.0,6.0,502,1,blend,obs,0.5996666666666667,0.9520808675168502,0.9977419430641795,0.9991909597339207,0.73820779567313,0.9360266724493181,0.8652276638559,0.8813448196132992,0.9850302854381007,0.9710478830098406,0.8504492807445847,0.9767568703591928,0.9444501539596274,0.854382466049403,0.9778783636590541,0.9493982358651515,0.9657269694808198,0.9988549189164948,0.9995661327405507,0.8659785779217554,0.9823594988982014,0.9736201401551172,0.9223595765642991,0.9940621014823031,0.985466057275291,0.9567800355536583,0.8622189922443948,0.022139852602849855,281.47466553999345,5.469091384951515,0.8634827656589678,0.14206767935356154,3.950968820608893,4.021903528811137,5.671887250150758,3.964102389039879,5.688196085116729,gaussian,linear,0.0,logit_quad,0.6,3000,0.7219972496247984,0.680656539614842,0.16047883156286463,0.20260199070256074,0.9229474033455243,1,12.0,0.027890157261444788,0.2112269314225465,0.7597460725395693,0.8879915478225102,0.9076786544275625,0.9444513976241324,0.9685476727589858,0.7163508284591782,0.4130022179793965,0.9685476727589858,2.0,0.026202471203816045,258.125212091544,5.680350690157398,0.041340710009956406,5.937172829803246,iso,0.07093470820224423,0.0040626186009661905,1,0
3.9044025414282735,1.0,16.0,5584,1,blend,obs,0.5893333333333334,0.6622752252101813,0.9023840987873267,0.6367413106479989,0.7048768608448688,0.9194512947340178,0.8318838959038394,0.8248034658597111,0.968807470173736,0.9336889343089125,0.6594766368979074,0.9032875634155267,0.7154312548179055,0.7057450666177209,0.9225006005297838,0.8117125747995283,0.7403305311226007,0.9402053723503722,0.814005340885552,0.6767817594444587,0.9005091982696909,0.8721528108176656,0.6768236687419446,0.9094980489802961,0.6423310673756406,0.7697153648846616,0.8609205466064909,0.5438841793298587,18.895799432135618,6.305437814858829,0.7368865050390786,0.1939202184202027,0.7879091016221208,0.8706203343573958,7.230256077711955,-0.9874251753869238,6.799014040976173,gaussian,linear,0.0,logit_quad,0.6,3000,0.7657959822722066,-0.17093803317520317,0.15705915391065806,0.2662505404162698,0.5358208646770922,1,12.0,0.17289141496332577,0.4059266208554588,0.3869151364837027,0.8115344601525833,0.7910961853399313,0.7154295567721722,0.30277306083148664,-0.07415927464499934,0.03166126048179052,0.8115344601525833,0.25,0.9666916707129538,3.005917515807262,3.012855172478414,0.9367340154474096,15.846445424559494,toward_HQ,0.08271123273527503,0.42280749138309515,0,1
3.9473611061115483,1.0,16.0,2321,1,blend,obs,0.6003333333333334,0.7064628239221669,0.9170839599336598,0.6924752434811213,0.7162854353842336,0.9237604299311015,0.8502194214290152,0.874044270774814,0.9827416070481854,0.9697531770843077,0.7900150693587324,0.9565475801226173,0.8999803516866861,0.8206401980472668,0.967724484368147,0.9320154400479551,0.8123757719264808,0.9643842354319826,0.8995402037329812,0.8324032900831813,0.972969828820557,0.9662768199437074,0.8575389792634956,0.979442749874944,0.9412966804941412,0.8858101941397316,0.9134803879402266,0.4499617320198237,27.525349679621254,4.050186788599074,0.9668118305139533,0.05984755296086303,5.869051840453386,6.1812188560653825,6.5208836405720385,5.525971840540913,6.315347264645551,gaussian,linear,0.0,logit_quad,0.6,3000,0.7494127887313824,1.379698901231251,0.1512882830725,0.3023797635863658,0.5436209132279777,1,12.0,0.170810787568213,0.3917770325118961,0.38615914287396674,0.8651890166607403,0.8754642725984981,0.9000011096370237,0.9638192678462133,0.7805341289835974,0.4356965700738904,0.9638192678462133,2.0,0.3392655574575609,41.14029930654522,6.301791337761733,-0.6302861124998688,15.081229276550964,away_HQ,0.31216701561199667,-0.11069617456226283,1,0
3.141736005839606,0.0,10.0,6442,1,blend,obs,0.597,0.8375703789838932,0.9758859295612337,0.9941476366480695,0.710736929774457,0.927254986212209,0.8583189984005075,0.8636637499625569,0.981967202796536,0.9658331003540354,0.7816472950678464,0.9588560809871934,0.8706578957279231,0.8019902695581279,0.9636980794925585,0.9093812855780221,0.9229974108866014,0.9946322955291155,0.9938058169706719,0.7250998059821449,0.9321615804421165,0.916097409646755,0.838973097301356,0.9769653139220073,0.9519880926782427,0.866176767454085,0.8730223680791851,0.7397243338963378,9.062835374444797,6.462807289583661,0.8180642205605733,0.154372047243707,2.5034766335926637,2.623370024586045,6.058211542746546,2.9341596417206035,6.006766108351913,gaussian,linear,0.0,logit_quad,0.6,3000,0.7771129482311725,0.6032455980946556,0.15604231274958238,0.33870322677345066,0.626362940540205,1,8.0,0.16310051742112258,0.3680829329910615,0.42393248576230974,0.8603225847160971,0.864012149578733,0.8706569097736369,0.8480618464387882,0.5055735664540937,0.5839381570458232,0.8706569097736369,1.0,0.807915511943529,9.456634678716956,4.642402297283247,0.17386735013651683,9.758090909364698,iso,0.11989339099338148,0.0681911780471911,1,1
0.8021214267329428,1.0,16.0,2042,1,blend,obs,0.5996666666666667,0.6860322756015382,0.9173406750712583,0.6440582555057938,0.8743907808393969,0.9861304709034616,0.9587862165322857,0.9756412730415166,0.9993885205125,0.9985692383124455,0.7568764360870213,0.9520502540997278,0.823327972991061,0.7942229864074069,0.9654196309164725,0.8805964492153686,0.7857459434166011,0.9626616317425517,0.8642708937962851,0.8158008185372848,0.9670282027692306,0.9619181669955912,0.7378980377758719,0.9408354491239094,0.7753784855054432,0.7682747102602177,0.8467451689953684,0.3916430081488088,30.807950119965874,7.077285117312345,0.7925186487636068,0.17375773387163523,-0.9400858822583832,-0.8932773425526803,1.5508047855294458,-1.864963890563921,1.5563613441354833,gaussian,linear,0.0,logit_quad,0.6,3000,0.39165072952794144,-0.5013619979816972,0.25409781226201933,0.34256935342528794,0.5427640586616055,1,12.0,0.07144052914405404,0.46228030425563726,0.5496617743019943,0.9403441654844767,0.9159879179213817,0.8233241497367084,0.2978098557302911,-0.05795594408128692,0.08895699135135215,0.9403441654844767,0.25,0.8526815913819876,6.923715118784305,4.36789592730047,0.8930127275096388,15.697956147074212,toward_HQ,0.04680853970570287,0.4610385832331788,0,0
3.502639406252715,1.0,6.0,5424,1,blend,obs,0.6016666666666667,0.8223592881579214,0.9663818999162689,0.8950459481645332,0.6970312368404353,0.918972879848182,0.8435612420279485,0.8681724378292719,0.9826708712123422,0.9678638599596807,0.8184410485327193,0.9699859121296449,0.9286852277986015,0.8405583287527552,0.9762119860515751,0.9438166842588013,0.8590879839800428,0.9783767308046906,0.9360710510129582,0.9178078394743346,0.9938790057687736,0.9933312157603073,0.8747829309309811,0.985160467309363,0.9853748280080316,0.9263175962635851,0.8691297350150844,0.03998631641945802,201.61434359562048,7.109251516403692,0.9871505233023099,0.04142875093917916,9.04378304588235,9.028063718351245,6.044318500574959,7.925162264531013,5.93067367548695,gaussian,linear,0.0,logit_quad,0.6,3000,0.7596296630470669,1.2228661441464899,0.15068538343090598,0.19372141277965355,0.8509017293406471,1,8.0,0.0619834341466044,0.2457153649432603,0.6132517739202094,0.8799964135017341,0.895238103732234,0.928711743476094,0.977604294197957,0.7836603628212038,0.4048637708237768,0.977604294197957,2.0,0.08931766293501986,124.21823033981799,8.610273999144452,-0.4632364810994229,5.950245500442163,away_HQ,0.015719327531105165,0.04933134651556184,1,0
0.1847481141737246,0.0,6.0,5069,1,blend,obs,0.6186666666666667,0.9638822627812147,0.998691445778975,0.999471060771135,0.9595094796806932,0.9986693621362174,0.9958954662706211,0.9830583562117567,0.9997418303182578,0.9992498298788545,0.9654425562054685,0.9987866986738809,0.999015095394539,0.9692278346597754,0.9990436855502554,0.9990554485018146,0.9683752777662837,0.9989945074065338,0.9994299119304064,0.9477787963343871,0.9972931238544419,0.9976557656295292,0.936982767328175,0.9964244942852724,0.9945490220072541,0.9740477316349502,0.9666165774753886,0.9881941258006337,1.957038810750449,2.3524850787618705,0.5678533145195321,0.23222265124634955,0.3325293388026881,0.3296294662953485,0.32792092134067097,0.28700538570673384,0.328831888750495,gaussian,linear,0.0,logit_quad,0.6,3000,0.10301136733092779,0.09714295782158273,0.31348680334256024,0.33436194039640255,0.9647362534392403,1,18.0,0.0006087638122736778,0.3317360808094635,0.9449885661445885,0.9967473538566073,0.9976884876482979,0.9990151102890245,0.9970424353237323,0.9190500031826306,0.8048013393736557,0.9990151102890245,1.0,0.9904575166469284,1.7790012949220644,2.2414313859723363,0.005868409509345061,5.929311967808018,iso,0.002899872507339585,0.0022633908462946772,0,0
2.949221701149042,1.0,16.0,4313,1,blend,obs,0.6063333333333333,0.6550407486049045,0.9015802041543712,0.5785615836956011,0.7374469083980539,0.9403374906698982,0.8698161259414727,0.9253067577187014,0.9943485113941337,0.9892209560167823,0.6941445084266024,0.9254791300205466,0.7557163698307479,0.7362191937896441,0.9426680297425666,0.8515521623000941,0.7638631489245382,0.9545721354927533,0.8679071965266719,0.6784715876306303,0.9070615956252579,0.8855061181912992,0.6993688463540602,0.9194739423705658,0.6763604829761284,0.7244798904032407,0.8512102703616711,0.008363250402559612,463.39256568240637,6.4249528147565815,0.7993507705613762,0.16475034431720603,0.617810843893798,0.4403730720734282,5.423715246854659,-1.4741201202677665,5.422958236560378,gaussian,linear,0.0,logit_quad,0.6,3000,0.7427513275082448,-0.34349099471183636,0.16631024789193755,0.37007127748151025,0.27088456535237054,1,8.0,0.3060827156314033,0.4804123426730845,0.3461822961636727,0.8523214283704418,0.8331843139804315,0.755707162680513,0.28470363940455995,-0.1484633112121022,0.14999046661186632,0.8523214283704418,0.25,0.9441870438420874,8.933338610031717,2.6194372160030417,1.086242322220081,15.876806941595435,toward_HQ,0.17743777182036985,0.9358237934395278,0,1
2.3656771281392013,1.0,6.0,6129,1,blend,obs,0.5976666666666667,0.7989854066470371,0.9571183867996832,0.8502389222558806,0.7610524314658401,0.9504826247792426,0.8909489839837726,0.9271126237544742,0.9945968512413289,0.9896803411505113,0.9240291366627873,0.9949213425603647,0.9842882909294236,0.939326243903995,0.9965796199459035,0.9902299325383834,0.8347450872260143,0.9704845219829435,0.9035796252226613,0.9358642721531215,0.9958764782547515,0.9942574031940096,0.8558116950980408,0.9796957483223756,0.9672701585444282,0.9587861675321873,0.8336285481023329,0.0756069647862624,124.95700867262441,8.484840221527007,0.9719617531309044,0.0631295004967002,6.233083182069194,6.202486383081997,4.197631984474953,6.406675289623791,4.20112541032692,gaussian,linear,0.0,logit_quad,0.6,3000,0.7108537895649358,1.1880377880940074,0.18346169688008357,0.22400962052847534,0.85262388539064,1,8.0,0.06202725429905611,0.2750798389193778,0.6669398150035042,0.9281907682915738,0.9483300394421368,0.9842649213708151,0.9274657049149944,0.667297152989078,0.3870389193380227,0.9842649213708151,1.0,0.1695430159834537,67.94544556169086,9.398302272900153,-0.4771839985290717,5.9635882446532005,away_HQ,0.03059679898719736,0.0939360511971913,1,0
1.3239977526819522,0.0,6.0,4112,1,blend,obs,0.5933333333333334,0.9690727203962326,0.9990525093816172,0.9982364720646653,0.8437680036196742,0.979629062596802,0.9496485740432145,0.9739869558367,0.9993041242601023,0.9990844826770164,0.9707249144097198,0.9991211152598451,0.9976626967294315,0.971578048584586,0.9991790502673136,0.99805779952039,0.9748434937214484,0.9993790024150507,0.9986188561580565,0.9180877635041593,0.9934582514229963,0.9952594965414192,0.9617528649440852,0.9985725094998408,0.9958888300184461,0.9769263694151177,0.8578609996099731,0.7670245895470582,8.399821148401607,5.413345106744954,0.7628543470252348,0.19077065611780814,1.9697131080574237,1.9963920336533723,2.241504074672561,1.9896329043796637,2.265609540659498,gaussian,linear,0.0,logit_quad,0.6,3000,0.519970219054086,0.5176888394635758,0.23757010304850298,0.2592494816704801,0.964705221793556,1,18.0,0.009988769267771872,0.2596846084306439,0.9148409083010893,0.9671539433350052,0.9809488188018972,0.997664004219067,0.9228644507816631,0.4798498590343092,0.37312930874194006,0.997664004219067,1.0,0.7736793014115833,8.12819296469499,5.440041429519181,0.0022813795905102367,5.916080513321822,iso,0.026678925595948533,0.0066547118645250425,1,0
3.0237953294279154,1.0,16.0,4426,1,blend,obs,0.5983333333333334,0.6617924011804854,0.9049915496880518,0.5907165717660394,0.7440739650365586,0.942658317721755,0.874075656307479,0.9129591838681198,0.9921702476936559,0.9840219131264067,0.683931208299251,0.9208257502812263,0.7286333913198123,0.7481181062119957,0.9480781854370044,0.8639707232931645,0.7823774384578226,0.9613944423531542,0.8874836286966551,0.68505356337529,0.9101807663072042,0.8912377249140553,0.7258830615070976,0.9319992383129327,0.7386190724985987,0.7148842077001304,0.8183263805627884,0.06771279471456279,126.5015702894541,8.928819846347261,0.8009824431627736,0.16602107529486154,0.6679146727006133,0.612754300152897,5.718439870211772,-1.4261784660165244,5.693923207746993,gaussian,linear,0.0,logit_quad,0.6,3000,0.7392974788146831,-0.32587173738918673,0.15642182658776593,0.3829777395959991,0.2617505029410156,1,8.0,0.3105886348207182,0.4842593614013829,0.3230124992010515,0.85638339294144,0.8342291312589803,0.7286397955487477,0.19475130854377948,-0.11592844541238356,0.17791639676812632,0.85638339294144,0.25,0.9542819556478607,6.213660391789874,3.0109117328973922,1.0651692162038697,15.864747344597893,toward_HQ,0.05516037254771633,0.8865691609332979,0,1
2.7898557332345564,1.0,6.0,8880,1,blend,obs,0.5996666666666667,0.8167132732589717,0.9644183572832503,0.8898849381061228,0.7233892941395583,0.9326789544651297,0.854894779356319,0.892653076293412,0.9883398251823121,0.9744675441340428,0.8671800146989666,0.9841121112531487,0.9553499758043862,0.8867316386365848,0.9880489097651539,0.9667875962973691,0.8516479222573636,0.9762046842187366,0.9309179493834674,0.9288636404408741,0.9954827516109336,0.9953538050625954,0.8688939910408204,0.9834622204910975,0.9826110242559221,0.9502622064481578,0.8502726622126585,0.08994928481480557,90.08132646839306,8.56739246985571,0.9806074611716473,0.0498594646946032,7.265330777014636,7.285164415865316,5.371651296234965,7.096908711463905,5.358965314675752,gaussian,linear,0.0,logit_quad,0.6,3000,0.7224061116239213,1.214274405565332,0.15953391984616633,0.20335502550977727,0.8512412679971825,1,8.0,0.05891802865229301,0.25441103204009513,0.627071548615171,0.8918392645358494,0.911162436799631,0.9553024854633656,0.9606167750453823,0.7640407503218319,0.3934433550239078,0.9606167750453823,2.0,0.1311851409244983,67.78027379652016,9.93021228484336,-0.4918682939414109,5.9424788366506895,away_HQ,0.019833638850680124,0.041235856109692715,1,0
3.518669009190295,0.0,16.0,2786,1,blend,obs,0.5946666666666667,0.8519314802345204,0.9770023751709737,0.9757822270593659,0.714100059010568,0.9266832882148804,0.8673735776913621,0.8485266717897512,0.9779766119786774,0.9597791956433265,0.7860304952411281,0.9586632221066503,0.8975475815826188,0.7925030518738476,0.9606397336639331,0.9121233537324881,0.899677224236362,0.9888454534288302,0.9822506350089084,0.7803587935353338,0.9541011251248475,0.9455369804600328,0.8103430434823982,0.9697966259835331,0.913275373242846,0.8996924474324206,0.9045158462887444,0.3620036744652763,53.61937115080834,4.852748185819071,0.8198328619158604,0.14978593937274054,2.9644989176317735,3.098268467679542,6.453451616797551,3.532406389837613,6.386045544325832,gaussian,linear,0.0,logit_quad,0.6,3000,0.7804944957556508,0.6646621609589916,0.14651646432810259,0.28362104916156117,0.763367780099103,1,18.0,0.1092758876421474,0.29580078619285133,0.4953214161931916,0.8727267441021088,0.8804868867526331,0.8975512802072354,0.9338083333626683,0.9628245525927728,0.6571413971988458,0.9628245525927728,4.0,0.5616390092315662,33.19525952978175,4.51460960652377,0.11583233479665933,15.28545762935219,iso,0.13376955004776825,0.19963533476628986,1,0
2.088368426363111,1.0,16.0,7744,1,blend,obs,0.5973333333333334,0.759338045722139,0.9521958205658543,0.8513234093106914,0.7850797027414836,0.9605190106380351,0.9190440206191258,0.9715089328852548,0.9992018261488105,0.999870238037865,0.7721424354522843,0.9577987845585332,0.8776355327827615,0.7840848934418216,0.9614735435533593,0.8935388565124628,0.7872360100239224,0.9621490915683084,0.8940776968484156,0.7417406526635508,0.9389215884826019,0.9374706481310874,0.7012548654444739,0.9268875849202456,0.7377042945762414,0.7628803284732667,0.9191574256092032,0.8046096157439045,13.151732759643306,4.323362244447612,0.6482945264457189,0.2183787502612726,0.14085319122728374,0.2396142396058596,3.6722135256165203,-0.3378353518311918,3.699277511625656,gaussian,linear,0.0,logit_quad,0.6,3000,0.6630058789375918,-0.09074725836155528,0.19752196663230484,0.2667077117884078,0.7626992633004632,1,18.0,0.09224650453578023,0.33836173361781385,0.5837597665680769,0.9113290629552617,0.9032958342554792,0.8776360476088215,0.7328347273617131,-0.05241748916518019,0.2442114316200017,0.9113290629552617,0.25,0.9008407370792709,7.128348852343311,3.9351523668398634,0.7537531372991471,15.749188265511723,toward_HQ,0.09876104837857586,0.09623112133536638,0,1
1.668709737552362,1.0,10.0,3271,1,blend,obs,0.587,0.7649679511811485,0.9451260159454341,0.8172185541432379,0.792040840200951,0.961519713697192,0.8957170060771916,0.9393750470286129,0.9960250052972996,0.986989488680776,0.9347826928496411,0.9959155561249096,0.9887438574809935,0.9478463073764011,0.9974421534344239,0.9922305107064904,0.813454462452009,0.964440690959998,0.8927513129271527,0.9365755987154463,0.9960837899623506,0.9944154032002113,0.864218497812803,0.9822046181879432,0.9740608779594874,0.9578258079798098,0.82514224861933,0.17005858492404838,62.859619249294276,8.628074460854481,0.950028851279104,0.08790714383495477,4.872423244383227,4.681643066360408,3.0047994046520565,4.869449908959249,3.0477701615442654,gaussian,linear,0.0,logit_quad,0.6,3000,0.5976046769197005,1.1878779592929534,0.21467530105042562,0.2750993880067607,0.79767265070037,1,12.0,0.05273651558492722,0.3334778479648314,0.6437468106519186,0.9363233947681117,0.9567526936111969,0.9887353393630758,0.7938798293299272,0.48815445221428594,0.3799523114726573,0.9887353393630758,1.0,0.18590264106813825,58.13011879626422,8.213607213451585,-0.590273282373253,9.762205766662206,away_HQ,0.19078017802281888,0.015844056144089874,1,0
1.722828014979211,0.0,16.0,7464,1,blend,obs,0.5966666666666667,0.7789324261464607,0.9557862221298083,0.973539941536106,0.7950197735298632,0.9655682907974609,0.9158399108603895,0.9785156645403063,0.9995738503972947,0.9991005135522469,0.8311157961162539,0.9765896628401594,0.922601398211157,0.8847049539238052,0.9892120726848489,0.9683457917660268,0.9325011577254338,0.996259480614295,0.9879100300294457,0.7447497293631187,0.9424817384591879,0.9325027281248612,0.7889325018026894,0.9604872584496975,0.8981334414682516,0.837618620763013,0.8528034334459642,0.19278916675599359,66.8095221890349,7.3225239981535015,0.7949692968281084,0.16951879084225963,1.1794961713894243,1.3511066785644534,3.0276730063166797,1.52983013800765,3.038928602960126,gaussian,linear,0.0,logit_quad,0.6,3000,0.6226315251887573,0.3664823600524765,0.21544734175632765,0.4876146172560066,0.25582090483080083,1,8.0,0.24985720597268873,0.5184502563808555,0.4155602955243969,0.9159599717009411,0.9171272432438408,0.922601146722948,0.8735504893674191,-0.5758979915654057,0.46723064740853004,0.922601146722948,1.0,0.8312410355488596,10.784777091924061,4.135332070883402,0.25614916513628083,15.479121562571473,iso,0.17161050717502913,0.6384518687928661,1,0
1.98809046280167,1.0,6.0,2534,1,blend,obs,0.5993333333333334,0.7656189373084681,0.9542785307547758,0.8576841108103224,0.7631174856202291,0.9536103852078484,0.8905676317376215,0.9563201697763173,0.9983247653954236,0.9962469755675747,0.7628949963631336,0.9538900856558175,0.8672048502660062,0.7741656065982496,0.9571117884954085,0.8861176996953853,0.7779112905033737,0.9582820348325797,0.882044383695384,0.7373725992883535,0.9384467332254492,0.9093085051545082,0.7964855496996159,0.9659177488589079,0.8802875318054773,0.7960690035246701,0.9531052895775669,0.9711472458948349,2.998849190043499,2.8935019746316386,0.5792112330394836,0.2316974445586881,0.12871136553063162,0.16955451213864461,3.4980234733452744,-0.03359015183178297,3.5264583888501955,gaussian,linear,0.0,logit_quad,0.6,3000,0.6570072849910504,-0.008162731538396417,0.2006707790265307,0.23147058714412413,0.850956349242468,1,8.0,0.052316234395240926,0.29096726544881146,0.6896678865816739,0.8852094943438389,0.8797350476866493,0.8672048502660062,0.8243284496702439,0.5691896668726953,0.7317396638027948,0.8852094943438389,0.25,0.9872169579689456,2.2355832922628096,2.476488312669124,0.6651700165294469,5.99511645341886,toward_HQ,0.040843146608013,0.016069712074110676,0,1
2.040490345308001,1.0,6.0,7076,1,blend,obs,0.6026666666666667,0.8479836334704736,0.9764211189500527,0.9336507770825302,0.7809793678051683,0.9558899649225172,0.8901940551159958,0.9054411802555637,0.990369309120819,0.9758756876155388,0.9170968337574049,0.9931644131667966,0.9781934988382909,0.9204580014258475,0.9936761836474077,0.9804074808587093,0.8638316596195427,0.9808245708782994,0.9456935777109716,0.9656340586289516,0.9987313071046795,0.9982029640556571,0.8931553592277475,0.988973854464978,0.9794645594855721,0.969868565738674,0.8533125606430411,0.24279446278742517,39.84868052186922,8.031638853731119,0.9561308427867198,0.08078153407842519,6.172152053467735,6.028347520962435,4.1033784259826955,6.160910765153077,4.071980375749866,gaussian,linear,0.0,logit_quad,0.6,3000,0.651492194119698,1.0423632184680278,0.1828349463858467,0.20606333340782568,0.9219161200173902,1,12.0,0.025281197262880285,0.23280265503578143,0.7853645241191309,0.9283071529064574,0.9460440518204407,0.9782088133877602,0.9322432249909298,0.6574432403194038,0.4228181743240109,0.9782088133877602,1.0,0.2525548233804216,41.35111672433155,8.139799726303512,-0.39087102434832977,5.9146607267600055,away_HQ,0.14380453250529968,0.009760360592996453,1,0
2.9699368466929617,0.0,10.0,8699,1,blend,obs,0.5956666666666667,0.8842523007297073,0.9873293509588974,0.9991602381509842,0.746128667053832,0.9400283497207209,0.8735908331656412,0.8936603134573184,0.9881549446213597,0.9755455262225845,0.8318648117815629,0.9724965305203147,0.92451620365069,0.8395170541374544,0.9743668256018134,0.9366343382915162,0.9312481039952054,0.9955260502714002,0.9996046440721678,0.8125250541368543,0.9662692093707437,0.9562879056444746,0.8519309300939663,0.98018268736355,0.9645451802857136,0.9170336738112337,0.8947203623762692,0.011882425025812788,384.5668670483324,4.9596061454614215,0.8131983718631077,0.15692085025411973,2.9054592215722845,3.0576631317995693,5.159859103916093,3.2611085634561947,5.161957320894956,gaussian,linear,0.0,logit_quad,0.6,3000,0.7208421713339082,0.6679446586046971,0.1688046419953255,0.29153683748623227,0.7939096670411415,1,12.0,0.07513904165195856,0.2951006718938864,0.5720239161502995,0.8841971499225764,0.8967171504714466,0.9245275120763722,0.9504552558786663,0.5771199087854785,0.3873480400317897,0.9504552558786663,2.0,0.01246908699856271,375.14763879722847,4.621712379450517,0.05289751272921098,9.81319749472015,iso,0.15220391022728474,0.0005866619727499228,1,0
2.133425704884457,1.0,6.0,1895,1,blend,obs,0.5933333333333334,0.8237214033405462,0.9702522261797571,0.9163869607307616,0.7615267695059171,0.9480112493377648,0.8768607961239598,0.9243457738782788,0.9939597604584898,0.9860108552344965,0.8085012548763106,0.9647014623641574,0.909433120925992,0.8126141989540645,0.9657747050072149,0.9167906897741461,0.8279061551469697,0.971284354365544,0.9241508469139494,0.7709670068926808,0.948970558885795,0.9218771424949203,0.8082741502663913,0.966282566320753,0.8884369708430759,0.8737106670807935,0.9400953901875301,0.9648953438560244,2.9076011021196293,2.8999660386941346,0.6075681525142753,0.23073543619619757,1.068321810383736,1.1279630032788535,3.9924194906614345,0.8944910598260887,4.039827356523635,gaussian,linear,0.0,logit_quad,0.6,3000,0.6410849978869382,0.17229127209803344,0.1795661135631644,0.19225485834859302,0.9234800293591902,1,12.0,0.022970637523644484,0.2291995298987107,0.7834488737499566,0.883857764432833,0.8924648430854737,0.9094352046018566,0.9435147132738814,0.9240666325731339,0.6742861251931049,0.9435147132738814,2.0,0.9644837025185519,2.632019858861275,2.79403126324096,0.46879372578890466,5.992804148776767,toward_HQ,0.05964119289511749,-0.0004116413374725125,1,1
1.2804798700701538,1.0,6.0,5693,1,blend,obs,0.6153333333333333,0.8570186428914043,0.9790639701508281,0.9425937197519778,0.8335544757596288,0.9750421312268088,0.9283307469387809,0.979367626071996,0.9994804369516963,0.9982336942359675,0.9571561324101014,0.9982150595613144,0.9972016001053071,0.9602982621438626,0.9984369538496025,0.9968451183733484,0.8718444042672013,0.9830046608967569,0.9529882594864666,0.965852896736235,0.9987690109703963,0.9989362412560445,0.888654224112206,0.9879243235051464,0.9775909720992046,0.9485877542166631,0.8058032168994638,0.3910646597835773,16.712570592714545,10.527887542395186,0.9062636718860021,0.11794680467929292,3.8132313234969666,3.7973613248532265,2.3487420114317032,3.900688724636393,2.343708129810831,gaussian,linear,0.0,logit_quad,0.6,3000,0.501098095616485,0.9155042249921691,0.2228898421308187,0.24572121718173096,0.9230828179202223,1,12.0,0.01717432458923339,0.2675415625581925,0.8331036120129496,0.960994523946849,0.9822244035740463,0.997204793467548,0.6994227689939274,0.44344076958060763,0.3559761478964296,0.997204793467548,1.0,0.40102954893108606,16.47773946519673,10.781769930606021,-0.41440612937568405,5.938612740988334,away_HQ,0.015869998643740058,0.00996488914750876,1,0
1.8360065453696652,0.0,10.0,504,1,blend,obs,0.6026666666666667,0.8389438373179436,0.9764647087748755,0.9900835842977845,0.7716591546127369,0.9565403871516114,0.8941946509863963,0.9386649650039859,0.9963813029687382,0.9922713473831504,0.8362526243900844,0.9779426878084525,0.9241443434976395,0.8650632037965702,0.9843547038365699,0.9513016455334021,0.91952089220696,0.9941892947716888,0.9907294750739737,0.7660991561436794,0.950978437341355,0.9340476562747728,0.8311254550650409,0.9745813751343466,0.9475902690936513,0.874082286155842,0.8967752433653997,0.6806817608711867,12.635255885464671,4.492806138609968,0.7690087771722991,0.17726515430504264,1.6787553840885676,1.7208805937907545,3.6331745730203386,1.9983360222345026,3.658339457066479,gaussian,linear,0.0,logit_quad,0.6,3000,0.6737231985830618,0.47283101475247824,0.19735523344965716,0.37337172484716286,0.6258891683860245,1,8.0,0.14094535555963153,0.3974901120455971,0.4965035040343797,0.8993041780883185,0.9061199791124267,0.9241468959413862,0.9538825047368642,0.43062013714789604,0.5008330295227222,0.9538825047368642,2.0,0.8226184797592861,8.23718237467207,4.21713875134251,0.20089218383058363,9.831418400134893,iso,0.042125209702186917,0.14193671888809944,1,0
0.7320616593283797,1.0,16.0,9637,1,blend,obs,0.6,0.7680033752849544,0.9562808093171759,0.854507651804888,0.8993561823530192,0.9919243785902477,0.9755353737381521,0.9812688769600523,0.9995724957280828,0.9985808397061627,0.8086012805433747,0.9704115114240494,0.9031536874006233,0.8200683233823672,0.9740761747166979,0.9155700624126549,0.8077154621569648,0.9703550213329684,0.9029611431114557,0.8443329809233922,0.9773196421498543,0.9730245733872313,0.7210679199168026,0.9345801034112461,0.7697139537206099,0.8092765990512926,0.889435731661526,0.7175709537028272,19.007951119578657,4.631118776302141,0.7102659722222222,0.2029348926623324,-0.8702965765942398,-0.7759122966101262,1.297739866282514,-1.1947084589776982,1.2863071566732427,gaussian,linear,0.0,logit_quad,0.6,3000,0.3485554034660567,-0.39047585564944604,0.2744353520536046,0.34146884116703036,0.7597551339337785,1,18.0,0.04492875312627461,0.4002677590142686,0.685629421488883,0.9637023772994746,0.9490349410311755,0.903168598214693,0.6351066076654631,-0.1583809969982239,0.07036179812493581,0.9637023772994746,0.25,0.8514472458206404,10.461623372365203,3.992996941279988,0.7390312591155028,15.673405278069868,toward_HQ,0.09438427998411358,0.13387629211781316,0,0
3.540470824100597,1.0,10.0,8573,1,blend,obs,0.6013333333333334,0.7694948090982436,0.9460577047342824,0.8123378243672758,0.7264480835460274,0.928737708623857,0.8595304914112081,0.8948107461027165,0.9878624966698313,0.9789286864402637,0.8311529335956811,0.9716770249633239,0.932467660594414,0.8377547387507026,0.9736113636327092,0.9395516101637199,0.8157567713856844,0.9645233875452538,0.8842060668048666,0.920781429928241,0.9935834506083662,0.9938697606312672,0.8751318872281878,0.985132099928557,0.9680559888941188,0.9071805314652116,0.8861660576502626,0.11178672882357708,85.27674876734844,5.753623185093371,0.9792158729393619,0.05162872917634477,7.041140231003056,6.716167870327641,6.253887569237391,6.700498165295159,6.244985232355968,gaussian,linear,0.0,logit_quad,0.6,3000,0.7454822590118262,1.3120290858198493,0.15527171835234127,0.23180693874723923,0.7968815528600321,1,12.0,0.07538032332470775,0.2794451266650272,0.5556429636308046,0.8891443603769598,0.9021646087064393,0.9324654451076457,0.9789159156127124,0.7017712834332792,0.4188256738005457,0.9789159156127124,2.0,0.10379272494331747,99.64519313023447,5.848342458585801,-0.5665468268080232,9.701685933361215,away_HQ,0.3249723606754156,-0.007994003880259615,1,0
0.7726799027946378,0.0,6.0,7882,1,blend,obs,0.6016666666666667,0.9425840763831985,0.9968290708769224,0.9988147694190537,0.8814361404998012,0.9879867625100659,0.9615440052647308,0.9784170952232377,0.9994779909291095,0.9982184178847309,0.9493725437245232,0.9975949337406933,0.9938995315441983,0.9580086662059198,0.9983695211279349,0.9952813952352527,0.9561962005932738,0.9981788075470307,0.9991919370042869,0.909695317584936,0.9919866126037702,0.9894667426184623,0.9147770730613605,0.9932348201525272,0.9895196033091368,0.963071858898221,0.9047981892502762,0.8666987464640096,9.29237659392226,4.137168184227899,0.6795347651224515,0.21382192745334117,1.197244393712103,1.2217332735361721,1.4111847493031748,1.1919948357624979,1.4335862096342302,gaussian,linear,0.0,logit_quad,0.6,3000,0.3602112494604116,0.34841260066902596,0.2561443071098397,0.2965711770756304,0.9222350044164269,1,12.0,0.009769490377929532,0.30058868747425815,0.8521422055571384,0.9709710191498314,0.9801248061747072,0.9938978344054094,0.9438177746983608,0.35721248289946556,0.4390803651275864,0.9938978344054094,1.0,0.8855810089395464,8.194066881567942,3.8954593608839896,0.011798648791385653,5.9187705977895755,iso,0.02448887982406922,0.018882262475536815,1,0
0.39006059854141695,1.0,10.0,853,1,blend,obs,0.599,0.7159379463746292,0.9323830675704146,0.7238086496258678,0.9440769676624118,0.9975792299733255,0.9922494470292083,0.9822737660551075,0.999713769475036,0.9990873689613721,0.7874347016010175,0.9634416885868147,0.8657812704005242,0.8133851156360856,0.9726901369889135,0.9045171734237456,0.8041734425126525,0.9694802933240027,0.8906544633522483,0.8576510279537375,0.9818598944953554,0.9871617205338085,0.8093088203787271,0.9689977181268369,0.9051146190239748,0.7810952882293616,0.8297945887668239,0.3874924757632775,33.36481226183243,6.717837308640333,0.8293618578299197,0.1590023552277992,-1.660563882738698,-1.784423712995166,0.6461923586563341,-2.2926295371982537,0.6498571666730617,gaussian,linear,0.0,logit_quad,0.6,3000,0.18560403572026546,-0.709084170575712,0.2879302092454893,0.3230948185755975,0.6310239047640316,1,8.0,0.027025391865487212,0.4613212880482534,0.624142472296601,0.9788359282244563,0.9576156935977317,0.8658027657373281,0.4281966190556189,0.12958151160939255,0.26836048316473593,0.9788359282244563,0.25,0.8205119964153492,7.134377168358438,4.520085064518196,0.8946882062959775,9.947887486216716,toward_HQ,0.12385983025646796,0.4330195206520717,0,0
3.365946233614728,1.0,16.0,2976,1,blend,obs,0.6056666666666667,0.7227063844256969,0.9260358420559777,0.7422693253330049,0.7190304976307507,0.9303959459202847,0.8721470736662724,0.9145172285102721,0.9928239447365229,0.9911967994677209,0.8147933347352184,0.9702432504946851,0.9359948587666433,0.8367763738249067,0.9770041842824556,0.9480149536917915,0.7896779812064953,0.9570590360807731,0.8721678385753332,0.9117248429545604,0.9924525420240532,0.9942154520959804,0.8960792416641947,0.9891779788856842,0.9678275721793406,0.8749842499396164,0.8997652603993394,0.029051187756645825,215.36450781701103,5.261353278513439,0.995008864806926,0.02520645018061747,11.638777333028944,12.390472201253942,6.157874410492853,8.086373236566534,6.067520368461799,gaussian,linear,0.0,logit_quad,0.6,3000,0.7745912934020482,1.420891574064181,0.15675797765084024,0.17845685942908165,0.7651669863909092,1,18.0,0.10658440055868111,0.29939091122190076,0.5235896340709397,0.9143521836266169,0.9200225618031369,0.9361087622144452,0.9913967957310532,0.8548989640344032,0.4513643713083568,0.9913967957310532,2.0,0.016603002231783293,273.4885621257814,6.5369867016093135,-0.6463002806621327,15.616822856010629,away_HQ,0.7516948682249982,-0.012448185524862532,1,0
2.82633872885151,0.0,10.0,5179,1,blend,obs,0.5813333333333334,0.905246737374454,0.9908224665999522,0.993217325067661,0.7093207002761135,0.9281630376683175,0.8536185278370759,0.9074777695210547,0.992198499827813,0.9830965847441716,0.8572013325456207,0.9818608287414192,0.9526509156327166,0.8638775658057583,0.9834897634291742,0.9588302728811535,0.9248292201302762,0.9941681529230475,0.9950277319662995,0.8486329971465209,0.9791323777076597,0.9675126788635446,0.8740739658205207,0.9862313602333518,0.9629258494486154,0.9423120477071938,0.8373027987265467,0.2049956238446782,73.47478724497121,7.58372547812897,0.8645150068661251,0.1408395950306663,3.447817471804378,3.5637283459888547,5.148393826232299,3.6242354896402964,5.193972532658734,gaussian,linear,0.0,logit_quad,0.6,3000,0.746348548441171,0.7479846475524831,0.16932559476756115,0.22918333973769384,0.9021963771355361,1,18.0,0.03878882062275157,0.23625178721411472,0.7167166723445845,0.8784566695254141,0.9028269873154385,0.9526739821224484,0.9330520843223413,0.6752899721808089,0.3678494385143444,0.9526739821224484,1.0,0.18161989968575826,79.59364061536685,7.6918527019023335,-0.0016360991113120503,9.774645669799913,iso,0.11591087418447676,-0.023375724158919947,1,0
2.9906140790377553,1.0,10.0,7238,1,blend,obs,0.6,0.6921031568605422,0.9219128928657073,0.7271803927276026,0.7360454438889232,0.9394713472725362,0.8611420797222398,0.899803099892952,0.9899891004398355,0.9760463193556538,0.687785818155796,0.9213866258578465,0.7440822880013291,0.7316828131775955,0.9395893408341142,0.8361370056300823,0.7421543506742792,0.9433557354566054,0.8361133733644784,0.6979801241146819,0.9174147790483667,0.8868588825959913,0.7670314651328322,0.9538972688145214,0.8318229546894232,0.7454821360710492,0.8593634957738208,0.6201671823176428,15.136753096211393,6.673249880264739,0.7237770833333332,0.20490095557898064,0.3257856126896473,0.30320641518224384,5.356194878245628,-0.9905389255071333,5.343572253263355,gaussian,linear,0.0,logit_quad,0.6,3000,0.7703819356514612,-0.20287306908208846,0.1688686535052217,0.2523518090770973,0.6257270639225415,1,8.0,0.1667436031184799,0.3761522051640912,0.44893702917826867,0.8435669430954048,0.822393088817195,0.7440758251643383,0.3001489149207957,-0.12374824210953445,0.1592535182334408,0.8435669430954048,0.25,0.9803250452642052,2.4621719945793368,2.692627796302451,0.9732550047335496,9.971343351213699,toward_HQ,0.022579197507403448,0.3601578629465624,0,1
3.571825322852503,1.0,10.0,8166,1,blend,obs,0.5963333333333334,0.7740361561440894,0.9481103527474902,0.8243258258983339,0.7303334882823183,0.9316454270096686,0.860511138915365,0.8682208546831518,0.981464207145993,0.964143018961314,0.8046690046919491,0.9629210336885567,0.9149667055799453,0.8185771732100225,0.9677165199526375,0.9275047519238068,0.8222766799375072,0.9668492427964174,0.8942540314598623,0.9089184681917479,0.9918108011643917,0.9922046843660141,0.8756533404482267,0.9852411460848345,0.9723453990235355,0.9144781638616193,0.9182180012569918,0.006322840613876103,522.3732195212922,3.7698297053885237,0.9823296233196813,0.04585951887994088,7.409115774239981,7.259530374417929,6.3613022583715395,6.9222940866132525,6.301563834438504,gaussian,linear,0.0,logit_quad,0.6,3000,0.7516603455302989,1.3247348323123176,0.1554700596582613,0.22266128193376183,0.7956016695791466,1,12.0,0.07727998012437255,0.28288128183635064,0.5495947227367349,0.88645951325377,0.8959293184549684,0.9149246177200121,0.9696120004309456,0.8717616481381117,0.5541676238476895,0.9696120004309456,2.0,0.0061113938462516535,534.8132445205172,4.590825092523002,-0.5730744867820188,9.76358213833858,away_HQ,0.149585399822052,-0.0002114467676244498,1,0
1.2398550206848067,0.0,16.0,3140,1,blend,obs,0.594,0.8501563856205145,0.9777189683589911,0.9922699241243667,0.8246972009611502,0.9751318977350656,0.9328054860756291,0.9658105943298989,0.9988343682258027,0.9965581160409384,0.8931832661562866,0.9900395911313644,0.972857441110918,0.9125201185523623,0.9933873806358868,0.9805334849122559,0.9001690662367379,0.9899595908125999,0.994602942206969,0.8442583757954167,0.9774414850462004,0.9705236434410456,0.8141084445175132,0.9705993104677231,0.9274218864573242,0.912052995349994,0.8873570387976096,0.6830435668843011,11.938871087827549,5.572648433995397,0.747884565413301,0.18877571997678017,1.4200863109556436,1.4767622565025442,2.120321202439796,1.6797750791395636,2.084577351822355,gaussian,linear,0.0,logit_quad,0.6,3000,0.5116547838811919,0.46581659541563275,0.24607036173726873,0.37678120724713127,0.7597275554565113,1,18.0,0.06302699030437878,0.37844940435685553,0.6502067618667431,0.9414182008884134,0.9508605854147691,0.9728579281578758,0.9254486384620361,0.04310715645000597,0.3677728991908724,0.9728579281578758,1.0,0.7500636547604809,9.422543123418501,5.132387061370418,0.04583818846555917,15.43314295736511,iso,0.056675945546900586,0.06702008787617975,1,0
2.72951977937759,1.0,10.0,7115,1,blend,obs,0.598,0.7508745650545463,0.9425842089514055,0.8263807896222679,0.749731543418638,0.9395024152789245,0.8792524795995273,0.873605594978528,0.9826664875753975,0.9704748198125455,0.7419983783480291,0.9387066815556168,0.8419121988573642,0.7590699044365559,0.9440810162404819,0.8723417134630648,0.7748550286626023,0.9510220777517366,0.8698464977629227,0.7303394171994284,0.9288141464458091,0.9158794448203155,0.7405699175321405,0.9401515958129594,0.7855939154483798,0.8098977877501541,0.9355082450109968,0.9352173475800029,5.3034073747543,3.578437476773443,0.6105989931427959,0.22639716424102668,0.244569621108676,0.45936038277596736,5.071784240491775,-0.18961541794411768,5.071194713777025,gaussian,linear,0.0,logit_quad,0.6,3000,0.6893396154128253,-0.035212305538844024,0.16221916036781459,0.20114537913701108,0.7932344655336566,1,12.0,0.07079925964987661,0.28862623588995473,0.56203885924516,0.8699193037461004,0.8624220946983102,0.8419139362850783,0.7584685558262345,0.3063506783520327,0.5679333217568845,0.8699193037461004,0.25,0.97953951095289,2.7345521870596685,2.7056662314820854,0.7245519209516693,9.966226470053464,toward_HQ,0.21479076166729136,0.04432216337288719,0,1
1.6067398757000406,1.0,16.0,9776,1,blend,obs,0.589,0.7285182878331513,0.9291608561885275,0.7458508288022149,0.7948121004687163,0.9651544303294326,0.9190913092372858,0.9532768158112602,0.9979935614093952,0.9955196579030338,0.9631078398162111,0.9985894126075859,0.9983266466479994,0.9630813110334903,0.9985906130805382,0.9982308156449026,0.7920970201638715,0.9582924874915226,0.8663977977392544,0.9107353502419937,0.9920470268338041,0.9940062880114651,0.9083959701723657,0.9916157357289466,0.9774555033404148,0.9388926272047101,0.8077594046177947,0.08790768365477603,96.22288344571554,10.95612317449353,0.9767637837234953,0.05540977189278817,5.774438156663068,6.308617699746932,2.9665091617781654,6.120989852429902,2.9680538699033914,gaussian,linear,0.0,logit_quad,0.6,3000,0.6243035740071976,1.2884428541529167,0.2218713106145475,0.2265721349878888,0.7648651691747658,1,18.0,0.08265935881640593,0.35924690677592663,0.6176011718673906,0.9580444329985343,0.9749455185433987,0.9983247690981099,0.731261042899864,0.4887717252242897,0.36552452419575565,0.9983247690981099,1.0,0.06997916061198904,101.99447804722473,12.48395267840701,-0.664139280145719,15.618843295194175,away_HQ,0.5341795430838641,-0.017928523042786984,1,0
3.8427548081109517,0.0,10.0,9366,1,blend,obs,0.6006666666666667,0.9316664273796025,0.9952757355468096,0.9989323291261595,0.7058051309942966,0.9246708895971153,0.8640146161746249,0.8812384613597782,0.9867147729559473,0.9789334101987299,0.8152561540705323,0.9691551197516841,0.935471181655649,0.8214851836037586,0.9710448495904335,0.9427985317213322,0.9530217318150795,0.9977467418052629,0.999629086288363,0.8396436319715966,0.9761029838420673,0.9701969416649964,0.8885300772089326,0.9895442750834779,0.9751098867203483,0.9194835387207169,0.8747898611651158,0.07499065222008032,131.85802259005516,5.565438706416827,0.8763996227526825,0.1291233226421021,3.9396873391315594,4.049784659191389,7.396717098193187,4.0465121002308955,6.874326274201362,gaussian,linear,0.0,logit_quad,0.6,3000,0.8013242035853076,0.7638286954698609,0.15430751248966335,0.2238523199871731,0.9017020307653034,1,18.0,0.044590326498853465,0.2203878292976526,0.7001634935169576,0.880745827527469,0.898342144960258,0.9354853898840205,0.9804422358138156,0.750474550862798,0.39713867655297175,0.9804422358138156,2.0,0.09956982938957289,100.85327864047323,6.036263243574672,0.03749550811544689,9.746739007606658,iso,0.11009732005982986,0.024579177169492566,1,0
3.601061668611447,1.0,10.0,8095,1,blend,obs,0.6046666666666667,0.806081577350965,0.9658144930331546,0.9279689879806046,0.7158761727781906,0.9289732690105875,0.8735494130605975,0.8895600929460145,0.9884497626034341,0.983477208429397,0.7806142463919453,0.9560232011488958,0.915808436234754,0.7829064733059512,0.9566007231480751,0.9223007185174763,0.8085800886891025,0.9663498671552491,0.9348945416990102,0.7279573938493238,0.9314324654313447,0.9237823769114513,0.7703051932247608,0.9568346642741095,0.8682631308040343,0.8706274527118081,0.9132238037105583,0.9080060832481124,4.586066116395505,3.7446524582231215,0.6770692533805831,0.2148971387165713,1.8182120390403052,1.9091754186799825,6.462970284125197,1.4172354878986266,6.3521403387151265,gaussian,linear,0.0,logit_quad,0.6,3000,0.8011355064497121,0.2687421698480671,0.15829272028420577,0.19103469309272067,0.902659326201532,1,18.0,0.04540613180074477,0.22293015936980998,0.7100552062209774,0.8815633751211179,0.8930178359034809,0.9158102792978731,0.9547959115096792,0.843100035860262,0.5230625070752296,0.9547959115096792,2.0,0.9019916098184946,4.8595661367126555,3.705639538662203,0.5323933366016449,9.952743884120876,toward_HQ,0.09096337963967738,-0.006014473429617806,1,1
2.5933364044203078,1.0,6.0,7411,1,blend,obs,0.5983333333333334,0.8020302970261085,0.9590328682217478,0.8666421059008859,0.7364807553008947,0.9404451744721842,0.8693303741745269,0.9111430698877246,0.9920545588649202,0.9805713842231409,0.9033458473038061,0.9915794410223477,0.9715196793405355,0.9174968646198166,0.9936107006544077,0.9787955590775709,0.8392524174995044,0.97234187085164,0.9170215416936727,0.93509227876205,0.9960162124665792,0.9946568214625844,0.8603315155379629,0.981172734046743,0.9750845251995424,0.9553265051738175,0.8195631408074017,0.14070963271587975,67.91654650008091,10.332813816997971,0.9794567667217606,0.05320044254362784,7.338115912498682,7.310400775641395,4.762513593087917,6.98911903283227,4.740306016443047,gaussian,linear,0.0,logit_quad,0.6,3000,0.7253852535880172,1.2200521015071977,0.17268620072800128,0.22026149604984926,0.8512863258976879,1,8.0,0.05937278301364542,0.2666928045689249,0.64750978567692,0.910755017169674,0.9305607398251508,0.9715162132369766,0.8761535406712013,0.6382955543673257,0.39134269348867856,0.9715162132369766,1.0,0.23626231123708805,40.240420764030524,10.97910982845607,-0.4946668479191802,5.931726202557846,away_HQ,0.027715136857286993,0.0955526785212083,1,0
2.1150366689831586,0.0,16.0,5697,1,blend,obs,0.602,0.8031390944235474,0.9640310013404347,0.9897407783864358,0.7941132897615417,0.9602881921671289,0.9117420011737701,0.9414939762617375,0.9964449679739235,0.9965006978401195,0.8437838342450261,0.9793721865429981,0.9299007404585754,0.8774612621473168,0.9857451561657741,0.9618134540540232,0.9105678744512223,0.9927254557355987,0.9951901374714891,0.7849571611989591,0.9551063841186151,0.9508945884222328,0.7979516870600918,0.9642331603053802,0.8999987871372682,0.8532889785898059,0.9044087446284552,0.639343818046195,20.906968437221202,4.542030273058433,0.7754643928390568,0.17296231349269092,1.7666744243780326,1.9672402529469946,3.8563065035789483,2.2586866901547427,3.889623183528072,gaussian,linear,0.0,logit_quad,0.6,3000,0.6385427424032724,0.4941678699598059,0.187887743678175,0.4058178356731433,0.5421874466777735,1,12.0,0.14886632383573153,0.41956908219753,0.4478112226336994,0.9143140339433217,0.918631608986197,0.9299005707748803,0.966003587164026,0.9176024752918853,0.6375223358811979,0.966003587164026,2.0,0.667037670028389,18.47379327702298,4.438778357308244,0.1443748724434665,15.471451424229079,iso,0.200565828568962,0.027693851982193984,1,0
0.6431460181124513,1.0,6.0,7831,1,blend,obs,0.5996666666666667,0.8735109098019397,0.9869619985748928,0.9550546993964553,0.9123275123473654,0.9934368950413123,0.9790508595325769,0.9873544860659046,0.9998293470354906,0.9996745661570829,0.872254608801951,0.9867175156624537,0.9544943578643236,0.8784938999514136,0.9878919307953232,0.9597876327699759,0.8808397317596925,0.988331176304394,0.9610384593752971,0.8716173747992471,0.9840996238972165,0.9796477730604997,0.8553084970870871,0.9827733814961658,0.9397203511267209,0.8718877313773115,0.9526453733643356,0.9840884954709008,2.045022114772114,2.4299761370911077,0.5816442569861413,0.23524475032906828,-0.4268414547015846,-0.3974320820439671,1.2570191543696128,-0.46779055926175617,1.2524014639698822,gaussian,linear,0.0,logit_quad,0.6,3000,0.31519275524748025,-0.1282489340176696,0.2587034971388516,0.2722792027832112,0.9233983989135222,1,12.0,0.009292125664018198,0.30290884609614177,0.8540638560840854,0.97381390165148,0.9682755293581398,0.9544936710786246,0.9116206118822985,0.701340749134679,0.7644901294953095,0.97381390165148,0.25,0.9907623162209691,1.5600858715290513,2.1816448697487703,0.44344168926514976,5.9837308897374895,toward_HQ,0.02940937265761745,0.006673820750068282,0,1
0.5984223063731728,1.0,16.0,1489,1,blend,obs,0.5923333333333334,0.7501530924516924,0.9406865503617742,0.7956008977055181,0.9044729307220774,0.9928351202299981,0.9785354697643822,0.9858097676573142,0.9998057905655685,0.9993955777623967,0.8932453287024623,0.989303394346388,0.9684425880153258,0.8780429814312638,0.9866665905411328,0.9575160310597663,0.8092179159017084,0.9659848668598823,0.8916019275599127,0.925926924824313,0.9945052535966767,0.9989743408564177,0.9084577401857229,0.9913900161800032,0.9750616727114665,0.8838144292789664,0.8078126556300078,0.043160322062183676,193.83384498469047,9.43280225466266,0.9102210446833368,0.11557014394491558,2.8952230971703403,3.1181244326424884,0.989020142185226,3.425263480196777,0.9809948807498952,gaussian,linear,0.0,logit_quad,0.6,3000,0.2899956929663472,1.0300462274817395,0.2948033446844316,0.29866433631163875,0.7604613076744401,1,18.0,0.03037983671073048,0.4169314712011516,0.7070786569196202,0.9948443292369852,0.9997746269787688,0.9684427692625602,0.6101124147517013,0.3050721858743339,0.32890555430685287,0.9997746269787688,0.5,0.07732578263429196,138.27777181322253,10.558537759037588,-0.7400505345153922,15.688634640952365,away_HQ,0.22290133547214808,0.034165460572108286,0,0
1.649008443254067,0.0,6.0,240,1,blend,obs,0.6103333333333333,0.9533712407437317,0.9978844975782987,0.9992786397827585,0.8031149374388766,0.9645420159146614,0.9117009381301131,0.9689060007761445,0.9988786949477134,0.9964167825677555,0.9474278872437161,0.9970461614646629,0.9898390883393218,0.9529683961171735,0.9976625478657076,0.9920651754093687,0.9675612962118864,0.9989819080202219,0.9996784958994251,0.8834840617033266,0.9867291667541087,0.9821657469679977,0.9337281979122983,0.9959426049005125,0.9938097431174236,0.970446012830917,0.8392063339048889,0.43779010116971895,33.08849067037613,8.287576798391209,0.8040394984393389,0.1697449977178296,2.6023354919034594,2.654825675187593,3.285668873473465,2.6341706358855306,3.3123847482585758,gaussian,linear,0.0,logit_quad,0.6,3000,0.5921896956864363,0.5905027598404752,0.1976262348402847,0.237894516816061,0.9219961798071117,1,12.0,0.021344255815323673,0.24517508072592065,0.8060616692983148,0.9330822037879767,0.9538201831496833,0.9898398583857954,0.8016987177967719,0.4666776858534186,0.35422228338487105,0.9898398583857954,1.0,0.5007606662008548,26.342050716239928,8.454391367578985,0.0016869358459612124,5.932009464749432,iso,0.052490183284133796,0.06297056503113585,1,0
2.6414906859758682,1.0,10.0,3422,1,blend,obs,0.6073333333333333,0.673590946097639,0.9138119790950945,0.7071468000344608,0.7184926070041324,0.9308742628866349,0.8492347968061215,0.9119262732477105,0.9920394776250601,0.978471950801902,0.6861943666014759,0.9207257460680636,0.7572532120245505,0.7153691687166516,0.9325541146158937,0.8261380117316922,0.723167207932151,0.9362870685579716,0.8256401764900915,0.6783340318978424,0.9063466081520563,0.8747742049700153,0.7626790893040108,0.9533808295483265,0.8302817175888546,0.7376542785143096,0.8737321952788024,0.4204906610905593,28.728664283357322,5.667448781920196,0.7232781659364231,0.20217187012736462,0.3717842470757085,0.317052915935632,4.961904649916555,-1.1844132789233983,4.985927605117205,gaussian,linear,0.0,logit_quad,0.6,3000,0.7196879048478984,-0.24107032405268125,0.16343479181277865,0.24801554847419588,0.6269436595647248,1,8.0,0.14377432452425132,0.3667447451288522,0.4456363560311067,0.8346853920741049,0.8173009225570502,0.7572648644896735,0.40064757383373845,-0.0490056015884008,0.1961840737657582,0.8346853920741049,0.25,0.9725631163910718,3.3943139507954343,2.773641867670307,0.9607582289005795,9.984040604540281,toward_HQ,0.0547313311400765,0.5520724553005125,0,1
1.145794879961898,1.0,10.0,5157,1,blend,obs,0.6043333333333333,0.7449675440020771,0.935610316427031,0.7650607142494651,0.8503083519726803,0.9813622522206358,0.9464944691149151,0.9797979889610563,0.9994969802047938,0.9983109507141567,0.9233520482145314,0.9944750626814735,0.9910454821838597,0.9490794704081773,0.9976888804731253,0.9951551828985199,0.8399979165059688,0.9736505911557999,0.923542294535797,0.8869781340690651,0.9885290240571469,0.9907185986255643,0.8646876004439569,0.982637982364151,0.9873942593081768,0.9190316861345856,0.8124406988214803,0.38001728987217365,27.218208607324033,8.947024074795705,0.9172242407288742,0.10938084944642969,3.0412070082649425,2.9299136236172334,2.183456337061286,3.6758235452448003,2.184142100238409,gaussian,linear,0.0,logit_quad,0.6,3000,0.5076467916918532,1.1120961534167422,0.2376350793907807,0.3394196900748542,0.6272003916430612,1,8.0,0.10891681032504869,0.42407362704878415,0.5603627866333784,0.9689249107003497,0.9831968578916692,0.9910376259671786,0.6183872813896367,0.3257999271562384,0.3661051953787141,0.9910376259671786,1.0,0.5038045357933056,20.610021285823986,7.868966076932133,-0.6044493617248892,9.81474829073935,away_HQ,0.1112933846477091,0.123787245921132,1,0
2.6305870400319096,0.0,6.0,3135,1,blend,obs,0.5986666666666667,0.9137242435800655,0.9930294127934118,0.9993012327181167,0.7391125601338961,0.9412259894868953,0.8749090944882436,0.8942090681913182,0.9890302418445379,0.9761722029937511,0.8515631328164505,0.9792666911540653,0.9418481237892694,0.8595923066443588,0.9812033807047443,0.9512892734501961,0.9449930746829932,0.9971667134817024,0.9991558887688154,0.8297838009182539,0.9739887438534589,0.9623378842835337,0.9048564326746837,0.991640801286078,0.9947237500484544,0.9378158548538621,0.8694711205510086,0.5691128581327596,25.623398711117694,5.475892618381979,0.8241283694292965,0.15608823017314424,2.83007236629479,2.9241034567725532,4.694317721750447,3.152438858197992,4.659340629230486,gaussian,linear,0.0,logit_quad,0.6,3000,0.7391363611838002,0.6681128238715796,0.1760984903910685,0.26095095701080995,0.8486287353985428,1,8.0,0.06433544554824014,0.2706529199845179,0.6506432311949261,0.8901983016393825,0.9062278929457327,0.9418606858529825,0.9568758911871925,0.6696606266424247,0.3765842724746823,0.9568758911871925,2.0,0.5857571590930789,24.8023383956029,5.74233163268333,0.0710235373122207,5.927659498307799,iso,0.09403109047776326,0.016644300960319325,1,0
3.1300614651630116,1.0,16.0,9421,1,blend,obs,0.608,0.680884474031932,0.9128718195055613,0.6842889127005217,0.738646113439186,0.9356416633575133,0.8691997991447159,0.8752626329813507,0.9832877909771802,0.9697616071149049,0.6951259548074745,0.9218833401997338,0.7697434132233519,0.7298381537572975,0.9338498919563458,0.8384962576995793,0.7498484250224671,0.9432906556081214,0.8328349413934097,0.6988526868171734,0.9131202335072688,0.8975193037724789,0.6972590738596045,0.9206169045622951,0.6955761679364889,0.7570983849737307,0.8720969280937453,0.3741915184426271,40.94687678203516,5.676282756711059,0.7386306633398974,0.1895716818527546,0.1624954842758186,0.23411346166846073,5.971791554714764,-1.1117894538381983,5.872924076396296,gaussian,linear,0.0,logit_quad,0.6,3000,0.7165981429316568,-0.2108447501581618,0.155538163801959,0.25267472079990755,0.5412568913735909,1,12.0,0.16733815182086287,0.39396178669091003,0.39480520460729185,0.8510535941831453,0.8328754746607311,0.7697462525769175,0.39749642869662694,-0.10548821522644153,0.02956025187191269,0.8510535941831453,0.25,0.9402673652192937,6.237103825376623,3.2224517336764356,0.9274428930898184,15.831673756582722,toward_HQ,0.07161797739264211,0.5660758467766666,0,1
1.5227809600263442,1.0,10.0,4343,1,blend,obs,0.6,0.8024104306623144,0.9618917167474681,0.8840714266433853,0.7970943241805825,0.9666702370187027,0.9155794649786254,0.9446090338137735,0.9972056462668263,0.9925894273756916,0.9632696672572403,0.9988221771592293,0.9975109626803565,0.9671082180492797,0.9990424032787767,0.9979710136313472,0.8279919317130302,0.9711237910090706,0.9153727475536789,0.9554403860386894,0.9976943785321714,0.9957403123764367,0.9012467764378403,0.9910745091485718,0.9791628501311881,0.9467432612455431,0.8229817524203485,0.028901653951739225,176.10612076345907,9.016388990643534,0.9524854166666668,0.08030784930980908,4.304849946235488,4.396932226660739,2.7749662503409445,4.759599959142322,2.743565390131187,gaussian,linear,0.0,logit_quad,0.6,3000,0.6141820363377021,1.11759552918111,0.23242058972851393,0.2358825287460447,0.9013545910684932,1,18.0,0.03268086097708291,0.29176269354952483,0.7966083219925513,0.9484906062415457,0.9692118353810205,0.9975108851151633,0.7977983231141351,0.5372383990245643,0.34930797125297397,0.9975108851151633,1.0,0.02376904446378607,194.3370221983298,9.480841910998041,-0.5034134928434076,9.928239277424062,away_HQ,0.09208228042525057,-0.005132609487953153,1,0
3.975625237735564,0.0,6.0,2122,1,blend,obs,0.607,0.9562859284332454,0.998164512451488,0.9995083432740816,0.7119119420106068,0.9226011292940685,0.8487468942158174,0.8688190766418009,0.9817789242874826,0.9632623277792642,0.8230735605017311,0.9679042583789392,0.926600595393239,0.8262425309657717,0.9690089701676563,0.932550413333016,0.9714651708330307,0.9992333099822212,0.9998333947276911,0.8568069846741071,0.9800969419215735,0.9726296761715006,0.9256048212970189,0.9947225485706861,0.9869388073428651,0.9452017770141276,0.8608587411701657,0.07913779148435474,138.03538846964358,6.134087460199395,0.8957669894953746,0.12145146717888804,4.950314997049361,5.053643459849851,7.25942059424587,4.821514331399671,7.0430548019139225,gaussian,linear,0.0,logit_quad,0.6,3000,0.7736992884402131,0.7505410736852172,0.1491054522268588,0.1890801525428133,0.9236876817943547,1,12.0,0.02944389034675395,0.19906524420744892,0.7490280526894677,0.8714302472656139,0.8906106746828338,0.926596823510699,0.9356276861357731,0.7156260068619266,0.41755221609302595,0.9356276861357731,2.0,0.16054086069519125,84.57429431242704,6.2521970069701585,0.023158214754995906,5.935664587393414,iso,0.1033284628004898,0.08140306921083651,1,0
1.4953965776425475,1.0,6.0,9461,1,blend,obs,0.598,0.7932798001692944,0.9646648719964821,0.8880687480029201,0.8279519866256108,0.9754719158748042,0.9380924549054603,0.9712942151414531,0.9992070337700959,0.9991314771648505,0.7959524342507788,0.9659719162622369,0.8963916933734194,0.8061211504152122,0.9682464037416963,0.9127094956370213,0.8062148395757391,0.9681031195389819,0.9094410329533631,0.7863373777630586,0.9584038883320323,0.9447372391522689,0.8252439419467971,0.9747478709232198,0.9116464179538577,0.8017283712803622,0.9426452809441185,0.9601795812009668,3.4466392079320762,2.973461391955789,0.6110299949527723,0.23069291918054166,-0.5039711360570169,-0.5013285832973569,2.6591301671712784,-0.4889349375981253,2.6508609681151754,gaussian,linear,0.0,logit_quad,0.6,3000,0.5665908211306091,-0.11622995035179792,0.2227715625345525,0.24389183031485578,0.8494033070669461,1,8.0,0.048813209231472705,0.312479370593886,0.7129160626225073,0.9282765392470287,0.9188375415052319,0.8963919910557053,0.8241086608880271,0.446813540486242,0.6949566880710887,0.9282765392470287,0.25,0.9856321646048454,2.2026612572368474,2.4159981630382226,0.682820771482407,5.996143083151975,toward_HQ,0.0026425527596600773,0.02545258340387857,0,1
1.9437319137053528,1.0,16.0,9624,1,blend,obs,0.5953333333333334,0.7140840664985995,0.9240478027019476,0.8749600371004926,0.7743441602097858,0.9570112496737379,0.9005442117992598,0.9475154858265077,0.9971823304401772,0.9951734365110659,0.8592464666957675,0.9830690142859834,0.9428630236683663,0.917976449371469,0.9935815173948952,0.9815976041873037,0.8997328670196812,0.9900008870338737,0.9845986968794898,0.7540515136865935,0.945965024142855,0.9383003776057058,0.8456066998658811,0.9782840922645284,0.9553179868304813,0.8860109019815103,0.8875697530909867,0.7638097374994007,8.905078533090645,4.863008309791187,0.8595544976395211,0.1274772809275889,2.1001334160561003,2.6739955911476243,3.5767617897635353,3.3106930662012486,3.588044388118807,gaussian,linear,0.0,logit_quad,0.6,3000,0.653184595708302,0.9556478765592376,0.19352929497406124,0.4499871467977067,0.26044646455696,1,8.0,0.2656932967595394,0.5029662508154024,0.3847759062567599,0.9089766547280432,0.9187004535762509,0.9428599784169923,0.9325192735858259,0.35324177796977696,0.3909470640926205,0.9428599784169923,1.0,0.6365101786167889,11.35787563599501,6.307876621611919,-0.30246328085093566,15.427339989471077,away_HQ,0.573862175091524,-0.1272995588826118,1,0
0.5784628194933985,0.0,6.0,2181,1,blend,obs,0.598,0.9810303370118624,0.9996677874015669,0.9998168170451708,0.9115852296535881,0.9939451289820476,0.9816974956879292,0.9910266501639756,0.9999052975669265,0.9997486891463737,0.9857519615496161,0.9998170090513139,0.9997022311926114,0.9882767433870109,0.9998767351605223,0.999693598417053,0.9862788320345028,0.9998247287614414,0.9998143071519879,0.9221711565706381,0.9941219529627974,0.9958036311273917,0.9484218108372887,0.9978594026894383,0.9946180412212743,0.982258949888279,0.9215903324934485,0.9407814501391215,3.7898435999625306,3.1147724328062574,0.6421104252058176,0.22529589374611836,0.9087734351260572,0.9175830535022712,0.9840314985494995,0.8961457818461601,0.9980938953440172,gaussian,linear,0.0,logit_quad,0.6,3000,0.2883235201254989,0.2826892690849163,0.2928693739776421,0.31243524617744345,0.9648020719470549,1,18.0,0.004709635764298289,0.31311800189871797,0.9353322779326322,0.9885145614308102,0.9938566024455268,0.9997025408261052,0.9785607142750714,0.6766682754224961,0.6040900539451295,0.9997025408261052,1.0,0.9466549673724184,3.2800802328734195,3.0078543320078857,0.005634251040582515,5.946168466593336,iso,0.008809618376213968,0.005873517233296877,1,0
0.9451627347698492,1.0,10.0,6571,1,blend,obs,0.6116666666666667,0.8401123506089949,0.9798660131308654,0.9382513896936915,0.8595017445968838,0.984320535779292,0.9575765055605149,0.9809095783625867,0.9996646255712708,0.9993426267270548,0.8434385057174189,0.9807204787405335,0.9404895943610987,0.849771063440652,0.9821261137601149,0.9469270599997838,0.8473585547237683,0.9814692229016236,0.945831143965082,0.8276786312313256,0.9728092106053376,0.9633771615058455,0.7870574201395624,0.9635448883049882,0.8794317407220276,0.856695435545897,0.959882248352935,0.9742863209457885,3.3927375076406494,2.8836585580182907,0.5751870519582276,0.23239280075198626,-0.14228611386562892,-0.11172046858557996,1.6924593355160162,-0.20789146747100545,1.685097627150201,gaussian,linear,0.0,logit_quad,0.6,3000,0.46060122722376373,-0.06108258656254226,0.2746799681733412,0.2945539675834475,0.9027639907573206,1,18.0,0.02460832715079414,0.3277318177753146,0.8381242017876198,0.9545676475556452,0.9507232922195503,0.9404895160777886,0.8985978928291861,0.5484576745534251,0.693454990554434,0.9545676475556452,0.25,0.9872719599487091,2.5386739831065093,2.478703361674479,0.5216838137863061,9.923075312431722,toward_HQ,0.03056564528004896,0.012985639002920601,0,1
0.12075387703795837,1.0,6.0,9599,1,blend,obs,0.614,0.878362013254292,0.9866571784503932,0.9562221671018175,0.9790861824471029,0.9995833314734877,0.9987223077446993,0.9909435831793535,0.9999126162754839,0.9998444132087242,0.90358248584891,0.9921528900317573,0.9731943798831567,0.9103607614261687,0.9932823131055922,0.9765861663568381,0.8888270844220918,0.9890611276828187,0.9630088470192568,0.9273398945199984,0.9952196974374004,0.9973515238170741,0.9062264188901747,0.9920879666813254,0.9772481907568904,0.9004739756212681,0.883718617340698,0.8243564014316705,11.373032938156685,4.470592450548207,0.7267788729304148,0.20002711689125985,1.461342612391612,1.4531926861796154,0.09422058415350287,1.5644304289237159,0.09971375762278165,gaussian,linear,0.0,logit_quad,0.6,3000,0.028040348774588317,0.46289838144217504,0.2806885986913679,0.2987447516095947,0.9230060649186832,1,12.0,-0.0054606233161300765,0.321662520194973,0.8726182911245952,0.9994753277522664,0.9959326542410776,0.9731787394059526,0.7939629506090552,0.17170505053303536,0.3902125472203477,0.9994753277522664,0.25,0.8636793760954811,8.052386523141598,3.9753815967525683,-0.4348580326675867,5.946587046751256,away_HQ,0.008149926211996616,0.03932297466381052,0,0
0.194020530328475,0.0,10.0,4341,1,blend,obs,0.593,0.8285041264018959,0.97302807449446,0.9996202699424195,0.9781236474409754,0.9996008688783178,0.9986373321035574,0.989019325366486,0.9998893947507878,0.999625466658736,0.9003387779040944,0.9908836774002787,0.9993469052896071,0.9475087089124279,0.9974489621824225,0.9995288351170979,0.9259861312056876,0.9948834944475765,0.9996565096232418,0.8915784412555469,0.988990922130198,0.99863107671648,0.8456427791427638,0.9780000846186847,0.9897554818686092,0.9022073726560431,0.9021925818806211,0.7914702305007497,10.05852308316684,4.64961074980811,0.6956210387913593,0.20748861890282638,0.2145631000199268,0.17143589870304618,0.3221856319584073,0.23946472108762626,0.3227473787942172,gaussian,linear,0.0,logit_quad,0.6,3000,0.09660647163034905,0.06530666152541748,0.29747002737604433,0.4565881578110182,0.6250073445501334,1,8.0,0.011748869877640723,0.4697581635472975,0.6332407831505277,0.9988438281146528,0.9990640713024164,0.9993469095317888,0.9794384007221236,-0.9070126569277956,0.17501117201478322,0.9993469095317888,1.0,0.9630661674711839,3.7743048403309394,2.897399920247987,0.03129981010493158,9.837900117723924,iso,0.04312720131688061,0.17159593697043418,0,0
1.2196767306344931,1.0,10.0,2549,1,blend,obs,0.609,0.7222124224301154,0.9378410476303525,0.7647084887791,0.8491641865479919,0.9800304103694114,0.9487840994847342,0.9571003928308924,0.9979567156586492,0.9959058064875118,0.7529419094952483,0.9517817553110738,0.8316148238018356,0.7915537585065578,0.965256324459945,0.8934596381893496,0.7894684800734499,0.964184873876756,0.8849446406635394,0.7818674781569814,0.9562768970067494,0.9523011919116325,0.8087651898796395,0.9693507611121729,0.8962386338066881,0.750461918956765,0.8546575174896557,0.5528784838132084,21.779351754295355,5.863830241976872,0.7492791886036441,0.19036729132326494,-0.9262554174714817,-0.8578862943569238,2.349861501122998,-1.645836768443111,2.342536871008902,gaussian,linear,0.0,logit_quad,0.6,3000,0.5096712205951359,-0.4306134951839738,0.22304177413640505,0.2859827845505447,0.6263717726102125,1,8.0,0.10840138977613951,0.4113506130524668,0.542218163919344,0.9313979200451247,0.9099627729672817,0.8316162604974138,0.3991054074721991,-0.010266077033687327,0.22885146053810757,0.9313979200451247,0.25,0.9491059620953256,3.304509299343678,3.098192673479415,0.9402847157791098,9.957465151315306,toward_HQ,0.0683691231145579,0.39622747828211724,0,0
2.3931873799620074,1.0,16.0,1541,1,blend,obs,0.6016666666666667,0.7018371259568073,0.9138177395291998,0.662974548138389,0.7606520781950789,0.9484061102851785,0.8731087959320297,0.9173808033497172,0.9928299104662879,0.9820154609663245,0.8591197739477398,0.9816452408086672,0.9433476122842848,0.8847621701468352,0.9877127330110685,0.9654962284839572,0.8075951552185834,0.9621308081843983,0.8891877085511211,0.854021833374318,0.9798937981930529,0.9685017572165517,0.8613522007652012,0.9810646869222331,0.9521946495940794,0.9269469292548627,0.8901190337133179,0.598518272531553,19.435236663762332,4.889805243816812,0.9503974315882195,0.0786794703761931,4.3324427534765855,4.513610815523156,4.338126477874615,4.8667772727828975,4.350763769898967,gaussian,linear,0.0,logit_quad,0.6,3000,0.6914171634184854,1.3624445274552843,0.18358532821257806,0.3321304264150137,0.5389069472025306,1,12.0,0.15503122928017127,0.41864893939326786,0.4385185556152163,0.8962513865032217,0.9107669313883564,0.9433152728007359,0.9697875723072626,0.6585945437622082,0.41505314170756513,0.9697875723072626,2.0,0.47650475199053677,29.259254291836477,6.445780521360145,-0.6710273640367992,15.246829172197732,away_HQ,0.1811680620465701,-0.12201352054101622,1,0
3.028526501340873,0.0,6.0,2788,1,blend,obs,0.5963333333333334,0.9510142491621498,0.9976693150656171,0.9993143382832077,0.7359492081920133,0.934973965746454,0.8613791255933825,0.8874574350832661,0.9865041250193778,0.9729219962364914,0.8581343397382792,0.9791676141271684,0.9487362188029079,0.8578727133841505,0.9790834470505521,0.9519616714166533,0.9657182420009028,0.9988684976408783,0.9997535213705117,0.8692433989643945,0.9832297977521023,0.9752570198854554,0.9228266049756803,0.9941764582826564,0.9847852211157383,0.9582777316681823,0.8545416935495923,0.4290121948998338,25.375886473925494,6.791270422211909,0.8686677784552724,0.13859585547393685,4.043462034806483,4.122958564826476,5.414694283314923,4.039445123518018,5.421661646135461,gaussian,linear,0.0,logit_quad,0.6,3000,0.717963054519686,0.7048445544203269,0.16246895947071893,0.2022821694994637,0.9224014349507416,1,12.0,0.027066226838620876,0.21347666394535933,0.7610619187505379,0.8847451368401931,0.9060378385705096,0.9487395213632424,0.9601108051502011,0.7561131673515139,0.42369217369888357,0.9601108051502011,2.0,0.4064878924133071,27.154556692394664,6.379716253286067,0.013118500099359148,5.931216027415713,iso,0.07949653001999302,-0.022524302486526704,1,0
1.519739736715351,1.0,10.0,6385,1,blend,obs,0.5966666666666667,0.6984069125793544,0.9268402029613826,0.7233573389676777,0.8102124216361593,0.9694720813104146,0.9182382672099412,0.9548806323297905,0.9978309070926242,0.994562555469084,0.723604718996504,0.9391693468273379,0.7846978458559671,0.7620967987199543,0.954675208591563,0.8579832596457226,0.7613235761106876,0.9540942432329271,0.8532487850248317,0.7583083116837802,0.9469861509299348,0.928543111173314,0.7723931536023902,0.9566481409146899,0.8438509165879836,0.7363468120568721,0.8547431994948989,0.47734480044013533,28.5652521046721,6.261718496962301,0.7410720716561244,0.19472239212566267,-0.4259613507434395,-0.5019075404610598,2.762143276498227,-1.4846860218794105,2.7864543005216644,gaussian,linear,0.0,logit_quad,0.6,3000,0.562955736788876,-0.3790230275939546,0.2107624526096098,0.29369232781320864,0.6230625067020737,1,8.0,0.11353326935973514,0.4103450837312598,0.5136224630575587,0.8987223447770651,0.8743332221991378,0.7846544738008473,0.3142419052093382,-0.11775107438864871,0.06881696307271912,0.8987223447770651,0.25,0.9454182578580146,4.300871319945959,3.31160964894247,0.9419787643828305,9.968121225919232,toward_HQ,0.0759461897176203,0.46807345741787926,0,0
2.727748150294424,1.0,6.0,3883,1,blend,obs,0.606,0.8123952045985433,0.9633684358691313,0.8860001612206462,0.7417472863697159,0.9417044380242595,0.8683950082859345,0.9207768909932329,0.993265946268668,0.9824273409789884,0.8829187838484341,0.9875262373955873,0.961332008581525,0.90110364452673,0.9907329818588768,0.9711555698374261,0.847578390187355,0.9753913042085822,0.9281846165972666,0.9418509369456167,0.9968133312866481,0.9965347251140648,0.8653970581184232,0.9827764865741133,0.9755539703286996,0.9411111599837986,0.8502399619571764,0.0749757068277209,139.08637407675474,7.3075004592133945,0.9783640377574137,0.05388939488053874,7.042362451238374,6.968757302195867,5.032735632242534,6.995395214288313,4.990841710703439,gaussian,linear,0.0,logit_quad,0.6,3000,0.7230617645291944,1.202468253957785,0.16661889375841243,0.20474810846161684,0.8493817798963632,1,8.0,0.06149832812721042,0.2607024526103475,0.6391151755194465,0.9061782492729523,0.9245104619702975,0.9613107856684658,0.9591790852577082,0.6986990358049092,0.39388825914597037,0.9613107856684658,1.0,0.13205839616491868,94.63208042134988,8.434793191567893,-0.4794064894285903,5.954845041606071,away_HQ,0.07360514904250692,0.05708268933719779,1,0
2.4725229987410313,0.0,16.0,6052,1,blend,obs,0.614,0.853384810381518,0.9775885836583169,0.9792078750672174,0.7581321183568956,0.9498434143956215,0.8924059622052666,0.966969337064339,0.9988797479922257,0.9987836402011431,0.8554870166822771,0.9818165762528034,0.9436147430112681,0.8740214822056456,0.9859300010271816,0.9591753021520906,0.900974387383462,0.9894866456870932,0.9860893480458192,0.8066280816751881,0.9652441666372336,0.9524842633874175,0.8050745136024421,0.9683064476655411,0.9093279049658056,0.8609462469182967,0.8755721323672883,0.6759264074249286,11.795032636181885,5.938123372583353,0.7942561682034434,0.1648184513956698,2.2153761281378705,2.3754036607779976,4.354707625561525,2.646097471128866,4.452402093981469,gaussian,linear,0.0,logit_quad,0.6,3000,0.6969156113835138,0.6073959100020754,0.1853507509606478,0.3080712626037426,0.7666945845141212,1,18.0,0.09076145203741116,0.32067928967861703,0.5779941422048342,0.901978503873983,0.9139666548927753,0.9436145579517204,0.9281316335120303,0.47774592481984474,0.4774115091291853,0.9436145579517204,1.0,0.6750418553287901,12.342037614735757,6.0998661713220645,0.08951970138143844,15.303028503230614,iso,0.16002753264012703,-0.000884552096138469,1,0
0.8720237201850725,1.0,10.0,5571,1,blend,obs,0.595,0.7035694104892852,0.9280271305486741,0.711061748386811,0.8658332866146157,0.9855898940195535,0.957080351562575,0.9723712039678634,0.9992835074153726,0.9980115915520845,0.7430982470593053,0.9476169493483921,0.8088891073169447,0.7818992388201552,0.962785259524396,0.8746500278555774,0.7813185211535395,0.9622505868725619,0.8680984538333011,0.8021746819889333,0.9651722009819788,0.9578695384708321,0.7865393803452532,0.9616532926771134,0.868502166057447,0.7537589417396837,0.8431410418272849,0.6433554824014872,11.698345029162734,6.644341713049711,0.7814256896174108,0.18150075828986717,-0.9663258505555252,-0.9283634158837055,1.5204035314787339,-1.7974546037530275,1.5072450901316907,gaussian,linear,0.0,logit_quad,0.6,3000,0.3998490020746689,-0.5072538663126668,0.2636204390635766,0.3233322438911296,0.6275706655622343,1,8.0,0.07329555097770339,0.4432827627870063,0.5947004061383817,0.9373332450139363,0.9106045675689863,0.8088859505808044,0.3358874436239432,-0.009589031124441575,0.25869801426385053,0.9373332450139363,0.25,0.9067952783426815,3.7721328999529584,3.795431888542543,0.9071028683873356,9.958865736473454,toward_HQ,0.0379624346718197,0.26343979594119427,0,0
0.13549079272684805,1.0,10.0,547,1,blend,obs,0.5916666666666667,0.8002669041498132,0.9615437055258367,0.8655944409832489,0.9598915300009058,0.9986800322300583,0.9956189974465278,0.9785052834775013,0.9995693859127082,0.998677174742826,0.8748134151523076,0.9857964451245184,0.9504973859544238,0.882168679958128,0.987527804710655,0.9562317302734573,0.8370613321256866,0.9745604341086755,0.911768458127336,0.9088479081874183,0.992155415255259,0.9963404010447451,0.8843429978936891,0.9875522388516391,0.9677814261672023,0.8590716666047655,0.8406880964327998,0.5481251144866218,24.080173328795258,6.653002946150907,0.8229203794193733,0.1658880203483113,2.2316257019257923,2.116416668032022,0.3944648181565823,2.3539218484236737,0.418097184233426,gaussian,linear,0.0,logit_quad,0.6,3000,0.11301394117538986,0.7431030184423846,0.2765334441239987,0.3322311809302329,0.7968558648012228,1,12.0,-0.003096750731671718,0.3863317672205859,0.7157926621294515,0.9995077854325413,0.9938256508728228,0.9504955739555768,0.636007959089625,0.17168690831942468,0.3376765860691048,0.9995077854325413,0.25,0.6634344871206388,15.841235353195362,5.997683401818149,-0.6300890772669947,9.839572270599474,away_HQ,0.11520903389377013,0.11530937263401697,0,0
2.650728274476256,0.0,6.0,6756,1,blend,obs,0.6,0.914856120372731,0.9933380893370733,0.9994294568689701,0.737478180912273,0.9397062136561066,0.8685230812481756,0.9346338177891796,0.9953316954204322,0.9878366087789904,0.8620983840917438,0.9812120485421105,0.9412395206672985,0.8699698891161647,0.983338304277109,0.9518543017599267,0.9479081840299168,0.9975162446648589,0.9993448190996186,0.8199793587813098,0.9696623769414242,0.9551373412382314,0.904688216606732,0.9915540862891746,0.9918751096959116,0.9120843564845253,0.848737187829995,0.6378987389714313,15.358275601014645,5.951781076329966,0.8216159722222223,0.15836253645484952,2.7499685512896566,2.848276059964663,4.915048820396411,3.0421001683514755,4.928756263839734,gaussian,linear,0.0,logit_quad,0.6,3000,0.7243146776630027,0.6616283507279138,0.16702944443076193,0.25238104923952637,0.8519984190556371,1,8.0,0.06005100258787441,0.26082693502493565,0.6403841858387576,0.8850502095752528,0.9028087213225306,0.9412436305432222,0.9051146270498593,0.6098840656014104,0.36243375138539957,0.9412436305432222,1.0,0.6440911689707179,15.370787825667426,6.043630738164658,0.06268632693508898,5.932275545923695,iso,0.09830750867500626,0.006192429999286597,1,0
0.29930577021688753,1.0,16.0,7401,1,blend,obs,0.6043333333333333,0.7281784065908681,0.9367089559000047,0.7433014540405581,0.9588187132560113,0.9984352474014428,0.9953082772130902,0.984576834371627,0.9997538350295486,0.9994527044714683,0.8209103925601349,0.9738033675890145,0.9083473998733577,0.8471614486997373,0.9814296457192324,0.9342641993265846,0.8274049709798269,0.9761452039203298,0.9147372256704136,0.8717021596245547,0.9836319477801876,0.9910005354782113,0.7630918593448169,0.9510837567212782,0.8290712724092141,0.8131959660838848,0.8466896337008214,0.3762327466559527,44.77305865966231,7.079636180289314,0.8271918480728205,0.15897065094887197,-1.5266990020871616,-1.4975205129576934,0.6277133390390743,-2.2777213985953897,0.6282028945083147,gaussian,linear,0.0,logit_quad,0.6,3000,0.17521081565937197,-0.6493873557772568,0.2773563956844339,0.3384252131969728,0.5476142136937913,1,12.0,0.017634540356756958,0.47541860453250206,0.5833940721717641,0.9869186104870509,0.9729631106355103,0.908359842054487,0.372497339885946,-0.041008175116170005,0.1050623917457999,0.9869186104870509,0.25,0.7998930526905275,11.996549636912842,4.712481811286255,0.8245981714366287,15.664059683519277,toward_HQ,0.029178489129468188,0.4236603060345748,0,0
0.8567153204821554,1.0,10.0,1244,1,blend,obs,0.6073333333333333,0.8192456531846011,0.9684031798988921,0.9040131726597987,0.880752633293794,0.9889005031712744,0.967917764937323,0.9914651586356911,0.9999353690264124,0.9998795733690808,0.9192335675704835,0.9938160924536413,0.9831346351199297,0.9141140414371749,0.9931819974218584,0.9797380666845618,0.8416116913449501,0.9759037851120564,0.9270255531339558,0.9418917810335634,0.996354165382473,0.9957543993854113,0.9145564853857755,0.993311066964246,0.9826049812468699,0.913780884575045,0.8103742968910083,0.20907681032207664,61.73769157023711,7.968414236020167,0.8976655813962157,0.12324972186528065,3.1121248824305257,3.1791770307309015,1.5910019701515137,3.336756922428421,1.6021721725055413,gaussian,linear,0.0,logit_quad,0.6,3000,0.417413099873884,0.9276313984625322,0.2697670423114956,0.2765511842198528,0.9033802075348027,1,18.0,0.020740886230118057,0.3249286957458573,0.8302345894451061,0.9890337848395863,0.9985016840780762,0.9831289919474185,0.6788023561020696,0.337861349985674,0.34530435646052116,0.9985016840780762,0.5,0.22364919760684784,58.31992156404213,8.50288775157462,-0.5102182985886482,9.92700594351951,away_HQ,0.06705214830037587,0.014572387284771199,1,0
2.757253223449315,0.0,16.0,3942,1,blend,obs,0.5936666666666667,0.7955273382860171,0.9606069058690262,0.9823341217422338,0.7287231031132758,0.9299838513747553,0.8688639032596895,0.875311978396405,0.9833937953317307,0.9729953369441438,0.7832979325644054,0.9576907358312388,0.8781417512264508,0.8092720710361856,0.9646671356204392,0.9182451773771689,0.9072798945714441,0.9920503875906583,0.9938132614167702,0.7320090342853811,0.9306554685025651,0.9227265503092885,0.785722765738395,0.9598886432404449,0.8754847280557401,0.8542700944022247,0.9000756673062144,0.14038961374043643,89.39620631863002,4.532875774228318,0.8189108993435861,0.15332225064833818,2.596229371865746,2.778277747366149,5.304873092853419,3.039391828689081,5.306426634337565,gaussian,linear,0.0,logit_quad,0.6,3000,0.6937573315431291,0.5551871408337438,0.15330124134279263,0.37701263069295926,0.5379587388304568,1,12.0,0.15255155340204118,0.4000883158904063,0.38316850368803446,0.8705240128627666,0.8728201265666601,0.878140066167616,0.8806438175595094,0.8120010300080315,0.6602174781876085,0.8806438175595094,2.0,0.3019615755553062,46.99540424378494,4.320555097955324,0.1385701907093853,15.362579270883531,iso,0.1820483755004032,0.1615719618148698,1,0
0.1025915885118529,1.0,16.0,9232,1,blend,obs,0.5903333333333334,0.749301624134497,0.9468897490919237,0.826886967936534,0.9699456884360549,0.9992906696703651,0.9979968596270513,0.9851126975803596,0.9998166834039941,0.999635884994428,0.8156695273984633,0.9720274023724812,0.9151285286559636,0.8241275082447971,0.9747081610598961,0.9222097834391935,0.7997031263145642,0.966617145850201,0.8947874141627883,0.8906418413095648,0.9888487087455754,0.9877548993467405,0.7167361848060803,0.931085997704353,0.7564181681189719,0.8296690390026169,0.8430455465489013,0.3612581716404937,47.90082327871442,6.831917295891642,0.7981136739229214,0.17503610617686136,-1.6258485860793639,-1.525216922770344,0.20974921559767473,-1.8702701922086358,0.20923212896087548,gaussian,linear,0.0,logit_quad,0.6,3000,0.06527922623566958,-0.6410883718837044,0.3125814686937052,0.3612374262969059,0.7577409640142114,1,18.0,0.001798722322587184,0.4331052570815873,0.721721714485728,0.989893286910848,0.9757927312293228,0.9151191542174251,0.4097684208377642,0.01880794433864852,0.2100597746317875,0.989893286910848,0.25,0.5378279751122557,30.403158500844658,6.140184773037739,0.706367598119374,15.738928922662799,toward_HQ,0.10063166330901985,0.176569803471762,0,0
0.32916499763810814,1.0,10.0,5707,1,blend,obs,0.606,0.7901143644132684,0.9571733329579747,0.8514274380629386,0.951383057077466,0.9980855252342381,0.9934751004684546,0.9858482951732219,0.9997996913279734,0.9994796134759591,0.8794643336074998,0.9871080988209613,0.958509714830032,0.8928196710020277,0.9897188802434045,0.9650893232444696,0.8307435596009246,0.9718770149535874,0.905039243988097,0.9273908741925634,0.9950748540472975,0.9978757238071929,0.8732272094457623,0.9846561582803486,0.9666193377550516,0.8879568870883401,0.8438423038749503,0.6627494992127682,12.125701699047896,5.848461775678399,0.8284861481071966,0.16130700078530505,2.2063959007184875,2.1244032171262672,0.5673222066143876,2.3768354608122686,0.5400659959668728,gaussian,linear,0.0,logit_quad,0.6,3000,0.160425405631482,0.799683828265728,0.2944027172786486,0.34408171044055974,0.7953937622447913,1,12.0,0.002954646413630088,0.3947896425951334,0.7457204686105859,0.9989852245754016,0.9955516547855212,0.9585072035206428,0.6395417409398716,0.1693289078902495,0.33654976484851595,0.9989852245754016,0.25,0.724962420287329,10.356358050671199,5.443280934085117,-0.639258422634246,9.835691824580321,away_HQ,0.08199268359222023,0.06221292107456089,0,0
0.02462267734115331,0.0,6.0,8269,1,blend,obs,0.6006666666666667,0.9464517555388834,0.9972482988173331,0.9993593563842535,0.9892529342479084,0.9999051835397798,0.9997207707257779,0.989112717322005,0.9998957882504059,0.999695890066398,0.9541057790213471,0.9980087694704166,0.9995595923955872,0.9645623824010566,0.9988204000515394,0.999695118634474,0.9598605216309517,0.9984579179040372,0.9996329567767742,0.9360618168746697,0.9960437493734612,0.9993847798118741,0.9256999008871127,0.99490310121478,0.9964225044613132,0.959400271409494,0.9592335446131297,0.982288756291777,2.6069716847748414,2.5506649569419837,0.5738277261955276,0.23500747242259423,0.016601494293862196,0.020460618929342884,0.0026196921718612794,0.0062633093192766415,0.0063673911109695105,gaussian,linear,0.0,logit_quad,0.6,3000,0.0018264461706501561,0.0020136239731121802,0.28613818045198935,0.3230888701379657,0.9243640810226226,1,12.0,-0.006064931058626801,0.32761633990458583,0.8733941064579487,0.9996837237858714,0.9996631754104721,0.9995595911646321,0.9987869710283843,0.9854180180062475,0.7653542414791914,0.9996837237858714,0.25,0.9912283372199446,1.911209863382347,2.2762059495523896,-0.00018717780246201222,5.954681985019995,iso,0.0038591246354806874,0.0089395809281676,0,0
3.2106345009863624,1.0,10.0,2906,1,blend,obs,0.5943333333333334,0.8090068280438107,0.9666044815258448,0.9206892095161465,0.717438375820892,0.9297475976253431,0.8672761943801802,0.9039250207734253,0.9910792029738347,0.9851368935403529,0.7853502061054494,0.9580321865294986,0.9115804267299449,0.7903775134343207,0.9596588518005229,0.9195034571725897,0.813816963556234,0.9680954450804856,0.9293600985414754,0.7369484198899767,0.9351701191043682,0.9241029654575013,0.7629307834959599,0.9537421871406466,0.8537934223318763,0.8673450737634681,0.9105709923803258,0.8917756740889157,6.637120589760972,4.021282896828404,0.6745299692015019,0.2164367009650878,1.8027903036781978,1.8886096290263474,5.918488618272822,1.407223521549109,5.877177146151489,gaussian,linear,0.0,logit_quad,0.6,3000,0.7803958899754957,0.26165728513637365,0.16008410389781969,0.1893209868757335,0.9024356664876918,1,18.0,0.043621936485681995,0.22533262537719212,0.7104346458035065,0.8756961868473185,0.887111958608512,0.9115724326970728,0.9564306370349301,0.824360202436663,0.4889024782700434,0.9564306370349301,2.0,0.8867636066234817,6.4520313162816,4.129038347728947,0.518738604839122,9.95513775550015,toward_HQ,0.08581932534814962,-0.0050120674654339226,1,1
0.9281820644799379,1.0,10.0,7194,1,blend,obs,0.598,0.7489385034705422,0.9378847638060205,0.7792380285640057,0.8627353556248017,0.9843287885268404,0.9574603382796635,0.971635304300133,0.9991992259327419,0.9985877000279335,0.9333901456002255,0.9961068478665819,0.9926588944499534,0.953173284063865,0.9982040573476109,0.9948677486925492,0.8460294361104104,0.9754998040613195,0.9284743280845251,0.8744039529630514,0.9856373191779867,0.9920412981765423,0.8673961534862232,0.9834327671846901,0.9915409016434817,0.9169498906682493,0.8186005882982336,0.28673153024704534,47.99772544834366,8.96537651441648,0.9021092049969403,0.11814461076752104,2.732703832338688,2.6214342204866656,1.7148163757516595,3.4860807506964018,1.706391128756859,gaussian,linear,0.0,logit_quad,0.6,3000,0.4318163418488229,1.0647495430706373,0.25309864505620483,0.3557607377226566,0.6224519867452871,1,8.0,0.08292033207439463,0.43696250929480424,0.5792227929683722,0.9766915848044936,0.9894499447151375,0.992653070646758,0.6033871428424544,0.34960087898098124,0.3603443216456321,0.992653070646758,1.0,0.48892435466169404,26.383826695671306,7.692362056304493,-0.6329332012218145,9.841089990920343,away_HQ,0.11126961185202244,0.2021928244146487,1,0
3.7259978671126173,0.0,6.0,8806,1,blend,obs,0.5943333333333334,0.909917782677627,0.9925844130995887,0.9976438159520437,0.6886897113259399,0.9161134836140025,0.8245467074854611,0.8339707425217591,0.9740218541423283,0.9367844170886088,0.7864299822048614,0.9573195164154901,0.8849631967219745,0.7955517231434736,0.9606149233596573,0.8988533987685828,0.9363819230742122,0.9963617066929229,0.9958113386724455,0.801925491858612,0.9645697563567088,0.9416623186461064,0.8792082636801528,0.9867583432353443,0.9727699129301852,0.9416514119849998,0.8734503643496038,0.5804047357000671,23.209967734105984,5.498619521343153,0.847191659012743,0.14427869845961042,3.5788795038191576,3.7176412183853893,6.9947361669371135,3.7332714586987197,6.825054770937527,gaussian,linear,0.0,logit_quad,0.6,3000,0.8132177475606117,0.6989505464124404,0.14877754058844,0.2423164684980551,0.8495506142671092,1,8.0,0.06700592966526009,0.2476969383091907,0.6006434379206037,0.8367007810027326,0.8521545290200208,0.8849640966023852,0.912335233394133,0.681416540098206,0.38827150733506666,0.912335233394133,2.0,0.5686526106016837,24.525438767779193,5.8061440025267155,0.11426720114817143,5.9344361487494455,iso,0.13876171456623165,-0.011752125098383415,1,0
2.4085446807252406,1.0,16.0,506,1,blend,obs,0.602,0.6579352489806828,0.9037418843699412,0.5941313553475001,0.7568738889926387,0.9491915807603704,0.8852953543772436,0.9248545718678672,0.9941929685268809,0.9871335794955861,0.6880700482892936,0.9224043578871366,0.7281715841305967,0.749537760096955,0.9492407633243897,0.8648155568246412,0.7717232325021075,0.9577016599116868,0.881950499959584,0.6993203357849219,0.9186408966695154,0.8998098113498171,0.7388636636512935,0.9388430293343045,0.7730095056117203,0.715943235610977,0.8208679706953231,0.16593567365622652,69.89456657824664,8.528461989314723,0.7996634612709171,0.17081360129475268,0.46776604946938,0.3117803452953578,4.279875032060783,-1.6001412295385768,4.2558014631030225,gaussian,linear,0.0,logit_quad,0.6,3000,0.7116588896148895,-0.37871735605083756,0.1823508938732935,0.36529738658873234,0.2583173600684125,1,8.0,0.29904763229322723,0.49246205604635074,0.3702841500871502,0.8655533682879308,0.8411368033400238,0.7281932874387352,0.1652901372682707,-0.18663001040850452,0.07662438430994345,0.8655533682879308,0.25,0.9725919580611212,4.455242662682566,2.772798692698422,1.0903762456657273,15.818311204075899,toward_HQ,0.1559857041740222,0.8066562844048947,0,1
3.7283296343129515,1.0,6.0,1249,1,blend,obs,0.601,0.8208441613541031,0.9669133382275159,0.9035658464767508,0.7318298188008918,0.9341645432624666,0.8527935009658046,0.8918291365391127,0.9879011174153194,0.972176759875758,0.8405906729929438,0.976445868687523,0.9356014022218822,0.845867917790913,0.9779074105023754,0.9399868463060654,0.8372984367729656,0.9723409620852915,0.9202312756963922,0.9592055572057108,0.9981670602604424,0.9946546014768575,0.8658198419496621,0.9822830747725826,0.9656049450652293,0.9350565721065751,0.8859178157244448,0.006132117202622403,539.5667422349267,6.362282594597782,0.9833237651347818,0.04806708299051537,9.443787521798392,9.076039904749516,6.869936934773918,7.735986838754366,6.699232634194369,gaussian,linear,0.0,logit_quad,0.6,3000,0.7600243595627997,1.1843134157870432,0.1581593848305851,0.19198900272306557,0.9232008597073256,1,12.0,0.02974721200256937,0.20921845334849876,0.755953321990849,0.8980746943401523,0.908632395263254,0.9356087966787567,0.9955719802428867,0.7100040203402104,0.4160963897873804,0.9955719802428867,2.0,0.006266183307884982,533.5362570787671,6.72685606073489,-0.42428905622424357,5.923681151848234,away_HQ,0.3677476170488756,0.00013406610526257943,1,0
0.582674967419075,0.0,16.0,73,1,blend,obs,0.6156666666666667,0.8590488709703987,0.9798187464681246,0.9912613892252619,0.9174378627484061,0.9946618938720272,0.9837041300594107,0.9921794249149768,0.9999234755676136,0.9997421797698379,0.9187318951002188,0.9936161078888749,0.9937622613716313,0.9373386710142195,0.9961375337901398,0.9954909357753139,0.9098481586493459,0.991466481675491,0.9951355800146742,0.8908962987697805,0.9886047494206106,0.9917306215822878,0.8272073906963116,0.9739078526823377,0.9503170704026292,0.9179232446518899,0.9134339476976321,0.6962871385748102,22.32776540491684,4.307441290650822,0.6866292635534241,0.20383751430340333,0.6317748382220678,0.6715583964316902,1.0783864480294465,0.825594859648743,1.072933778955441,gaussian,linear,0.0,logit_quad,0.6,3000,0.3020160878952574,0.25765764296840726,0.2849288145622956,0.40484662730704624,0.7591574934178907,1,18.0,0.03878848303877303,0.4037739194894137,0.7056642363691991,0.9863182772620765,0.9890162289511452,0.9937623975720594,0.9453821251758207,-0.2814285709593637,0.2744824433352746,0.9937623975720594,1.0,0.8439199581315302,13.162043666848197,3.791041442339456,0.04435844492685013,15.465461730772413,iso,0.03978355820962243,0.14763281955672003,1,0
1.646216731198599,1.0,6.0,4100,1,blend,obs,0.605,0.783252829808684,0.9601643960388633,0.8785807341637413,0.7898597796061071,0.9623774751739459,0.9133091021371312,0.9357717422587407,0.9958250677260292,0.9935192454046066,0.7828880347022422,0.9606757818616491,0.8865004495405204,0.7934615145445448,0.9631587925870206,0.9038326509970495,0.7958630067877839,0.9637584103613561,0.9014687070981025,0.7534057326535561,0.9444970872916092,0.9281692907882414,0.8179761592811783,0.971776169797962,0.9031296778948379,0.8220533755692947,0.9509760756473619,0.9409968643375078,7.017066979855663,2.814399268283148,0.5923899524589973,0.2308228879207164,0.05333996141704898,0.07565167041503068,3.0747352241241956,-0.17642753361887753,3.067031758159869,gaussian,linear,0.0,logit_quad,0.6,3000,0.6182344548474743,-0.03915206669715693,0.20635640512650866,0.23019413816016576,0.8510591536290205,1,8.0,0.05128322100329686,0.29398316511266287,0.7019327281799518,0.9072618051785173,0.9015278784357973,0.8865003586501127,0.8351038975028193,0.5183545660899804,0.7115497222852846,0.9072618051785173,0.25,0.9863809889726861,3.5397367617171924,2.387564961090133,0.6573865215446312,5.997690118797185,toward_HQ,0.022311708997981704,0.04538412463517827,0,1
2.80026422387568,1.0,10.0,6144,1,blend,obs,0.6026666666666667,0.7666805678334774,0.9455815837292094,0.8286094543967487,0.7372309114295692,0.9375451043409424,0.8574049268990497,0.8902401825528772,0.9876529475327923,0.9695480100741642,0.8469941935750299,0.9786653740170828,0.9369570448063672,0.8608904445403923,0.9823082738598334,0.9483014152880023,0.8144629487506903,0.9644659742378463,0.8984426682276804,0.9207602467840986,0.9940026118853703,0.990054517574155,0.8634800525338269,0.9822456512219082,0.9754772039322982,0.9407598157757108,0.8818783891613308,0.09555473012492435,89.47635899886141,6.204635321307155,0.974980697273861,0.05637573555508036,6.472906467297489,6.245665415175904,5.075331510934683,6.372316017189998,4.989953747284137,gaussian,linear,0.0,logit_quad,0.6,3000,0.7145937338956647,1.305755914259122,0.17414755399052723,0.24653708061718316,0.7930478907761481,1,12.0,0.07096482840965647,0.2984047719754117,0.5835950706742613,0.8899874976858902,0.9040440289940551,0.9369363912225707,0.9747318946018896,0.687164712462152,0.41916723005621637,0.9747318946018896,2.0,0.07424276414131398,108.76599336510067,7.277567365989224,-0.5911621803634571,9.746971101974133,away_HQ,0.22724105212158463,-0.021311965983610376,1,0
1.9837565767507028,0.0,16.0,2904,1,blend,obs,0.598,0.8533290836871157,0.9785185396761129,0.9923966546488616,0.7776634310171473,0.9592988417753887,0.9045046867379737,0.9501737637893323,0.9976805731312661,0.9947584769004475,0.8730497917565887,0.9866047292124656,0.9571251008919718,0.8908521618098061,0.9901010891895627,0.9690771463811622,0.9041484617704644,0.9907155015227209,0.9943839282856125,0.8151020770180275,0.9687021934395658,0.9581650475199833,0.8113673593242832,0.970079368255216,0.9231985409020116,0.9071319802438067,0.8789908915222067,0.6687690715064554,16.70686917386572,5.629024637860922,0.79377591788364,0.169556790961013,2.0451652243453515,2.1634677320881908,3.320982531174779,2.34754813282213,3.2918134278663618,gaussian,linear,0.0,logit_quad,0.6,3000,0.6702630707759654,0.6024798968364093,0.21524453621959572,0.34058388392856226,0.7595677677084994,1,18.0,0.09041958478397112,0.3545104369369013,0.607159941691383,0.9148306572630206,0.9269944329382812,0.9571345127698567,0.937082371117193,0.6228783810208849,0.43686768938435216,0.9571345127698567,1.0,0.6705023201533897,15.335345271157864,5.701951893120003,0.0677831739395559,15.436523563103625,iso,0.11830250774283924,0.00173324864693436,1,0
0.7783075504631767,1.0,6.0,7639,1,blend,obs,0.6033333333333334,0.9067134245325652,0.9930807464881759,0.9782030080982446,0.9061901829782424,0.993173406408318,0.978450434659024,0.9610797506232127,0.9985359132900803,0.9975605975326032,0.9084223215624299,0.9933080052484214,0.9788060741766355,0.9102017508862394,0.9935646932457313,0.9797354256120459,0.9086089064608436,0.9933541096516834,0.9792736078649404,0.8962209349305101,0.9900506126918598,0.9843636990380116,0.8707167752441543,0.9865971798112231,0.9580116550825296,0.8845085350482091,0.9761629946057929,0.9948307828044868,1.5024589940020836,2.164454679934355,0.5399939644366034,0.2376952933067278,0.03322597997326478,0.0489247202603263,1.2533265291593951,0.09310061619009014,1.271378684880144,gaussian,linear,0.0,logit_quad,0.6,3000,0.34733670834428665,0.026597404995802376,0.2858852486639359,0.29514948786748024,0.9645829705007257,1,18.0,0.006470239465768562,0.3064653789637541,0.9328468019147695,0.9791007660010446,0.979291753484599,0.978806066333141,0.9736013157670613,0.9347387398324795,0.8821807543035349,0.979291753484599,0.5,0.9949981738144896,1.4087115488341966,2.0985468363005553,0.3207393033484842,5.973706171204682,toward_HQ,0.015698740287061523,0.00016739101000284862,0,1
2.435631243506375,1.0,6.0,6014,1,blend,obs,0.5986666666666667,0.8101130698261418,0.9623238718631291,0.8737140303325104,0.7528705883050091,0.9463573578237422,0.8851109180168414,0.9224764732423688,0.9936489202515797,0.9860190673409752,0.9211984020707129,0.9940612942841953,0.9805103452697435,0.9360048291134107,0.9958165388233999,0.9865736083593539,0.8466391244881308,0.9750101966143013,0.9198055869986428,0.9310021166722255,0.9955628158468819,0.997359637329841,0.8674101589895883,0.983109914857703,0.9699387351194877,0.9504302998747965,0.8207782102556402,0.17762091928201343,48.54571774795313,9.424395982506171,0.9795128894775396,0.05418784229941146,8.01707398515865,7.444131877798345,4.835221937913084,7.043899566851456,4.876329109569857,gaussian,linear,0.0,logit_quad,0.6,3000,0.7062332286143763,1.2076804146751756,0.16767459208258856,0.20455970585397992,0.8506601348520473,1,8.0,0.05804507262383511,0.2627773802412761,0.6380860937445743,0.9292779316502521,0.9478105614516706,0.9805572146607795,0.9045151346130125,0.6429635173127571,0.40418176430435526,0.9805572146607795,1.0,0.21292671776282557,39.80482471179941,10.531375088588,-0.5014471860607992,5.954002562188551,away_HQ,0.5729421073603049,0.03530579848081214,1,0
3.8529903593929746,0.0,6.0,8762,1,blend,obs,0.5933333333333334,0.9225810956270457,0.9944485835625945,0.999158923997311,0.694546676267935,0.918005310521044,0.8367040897507445,0.867635881772761,0.9830250909698313,0.9621726519889604,0.8033363533808948,0.9635468602926938,0.9084178606087862,0.8075042623487492,0.9648106261850773,0.9174149959553376,0.9513394607697244,0.9978181260127276,0.9982048172675397,0.7980079813439367,0.9624779351009775,0.9446623757574174,0.9074132610145487,0.9920833895468523,0.9892178906688677,0.9234903186164913,0.8700674091171485,0.5198076096543506,25.221991428230062,5.978128244454541,0.8501687695708233,0.142975585789032,3.520040018828879,3.6150452715104713,7.389032796251618,3.762464719873303,7.144413710210203,gaussian,linear,0.0,logit_quad,0.6,3000,0.7893492089798975,0.7032444716231057,0.14494113128921446,0.23118608463276497,0.8499333298669303,1,8.0,0.06586887166505495,0.24475134242254948,0.5921974925840517,0.8524380244821556,0.8692551153641302,0.9084279168126437,0.9553525718258038,0.7326656018536234,0.3841680117938021,0.9553525718258038,2.0,0.5291045267668634,24.42802139635505,5.79939445325218,0.08610473735679183,5.933066845073107,iso,0.0950052526815921,0.009296917112512793,1,0
2.646212228879259,1.0,6.0,3308,1,blend,obs,0.5956666666666667,0.7742042399457734,0.953970013832818,0.8660448014549462,0.7492057976889714,0.9441331350928086,0.8774501792213156,0.9229943708819971,0.9936914087823132,0.9841373397620865,0.7681208734901488,0.9521983167405471,0.8695446012032236,0.7771996212565866,0.954421199301279,0.8863974412557946,0.7842896383360152,0.957100912728232,0.8878337435911026,0.7276631972819595,0.9307058190498807,0.9048783104799322,0.8090366276091562,0.9676946116931138,0.8876284909584098,0.8196335769945787,0.9493157446848604,0.9680367763464796,3.5429162520721413,2.8189889423493426,0.5900524581905315,0.23267035027770303,0.5692169972656487,0.6431209439912803,5.001944502798355,0.2647502340241181,4.980061812459416,gaussian,linear,0.0,logit_quad,0.6,3000,0.7246747479713815,0.051792003083135224,0.16764706075242247,0.19961170274208528,0.8515669764090625,1,8.0,0.06325274240188976,0.26190635987131516,0.6401030537585801,0.8743788773620189,0.873197493321291,0.8695446146357263,0.8559392786994009,0.7596242483750808,0.732687612134055,0.8743788773620189,0.25,0.9812940566442176,2.4185937851628623,2.5202456039320666,0.6728827448882463,5.997054294102568,toward_HQ,0.07390394672563161,0.013257280297738094,0,1
0.5143314874687537,1.0,10.0,9932,1,blend,obs,0.58,0.819257974328262,0.9695321063658296,0.9043415990991084,0.9182227289142684,0.9947446861933188,0.9837927249303516,0.9855346533816675,0.9997548342517387,0.9991866962990272,0.8877528610656105,0.9887918238886911,0.9662837834146538,0.884922338423448,0.9884200807105262,0.9640213673025934,0.8393554692934538,0.9764213691049879,0.9256306638949003,0.9319621000429361,0.9957974154939139,0.996333046058543,0.9119691362652199,0.9929621284402683,0.9814763655401346,0.881355914850594,0.8133722655775459,0.11816253817965341,109.02885397856122,7.753121918286322,0.8524053548622514,0.1528398497450753,2.508164089396016,2.569116281808833,0.9288831345407305,2.6743029930738293,0.9256000823519153,gaussian,linear,0.0,logit_quad,0.6,3000,0.2689532917817854,0.8013548964564704,0.2919125949313034,0.2948203705417173,0.903104310912214,1,18.0,0.011865839048756077,0.34769341871038995,0.8395689398264136,0.9970109173764872,0.9992664297478926,0.9663192823101148,0.6040461877381553,0.22351933060944645,0.26841950369753076,0.9992664297478926,0.5,0.2003886296956448,76.99331635959072,7.9160629987689894,-0.532401604674685,9.942897377012814,away_HQ,0.060952192412816686,0.08222609151599139,0,0
0.8902086090238877,0.0,16.0,952,1,blend,obs,0.61,0.8686619423731445,0.9826178072483372,0.9938131677025329,0.876209121413973,0.987741046892586,0.965595848886207,0.9800374460241201,0.9996562304298539,0.9990714129533903,0.9160146349294995,0.9932462170133286,0.9865795790789388,0.9375081065374878,0.996246295236043,0.9905993237015809,0.9199162818682447,0.9933091771327229,0.9962525641932527,0.8668419777220303,0.9832781197015087,0.9831961276606216,0.8273876887564593,0.9743476414762956,0.94152843425674,0.9149547752707613,0.8967840126570773,0.6362559355575856,22.70420087443741,5.090455056847356,0.7192260987342953,0.19720985997197302,1.0001981543987608,1.0536070342363262,1.6085940425552157,1.237235147366798,1.6321060460222852,gaussian,linear,0.0,logit_quad,0.6,3000,0.4178620172551767,0.37449739533744536,0.2653930434299815,0.3864677484218224,0.7611624418091354,1,18.0,0.055925317299890746,0.39081512017446735,0.6790756798547225,0.9709242449121273,0.9764997499839303,0.9865810137889668,0.9018516061920763,-0.15009036709083995,0.3263791295501888,0.9865810137889668,1.0,0.798840720299366,13.170688386371655,4.249466691415667,0.043364621917731334,15.546053205407695,iso,0.05340887983756537,0.1625847847417804,1,0
3.3696491464137908,1.0,10.0,8113,1,blend,obs,0.5936666666666667,0.7562819923770339,0.9451678684039712,0.8370831969507533,0.7300212926259491,0.9312174300903447,0.8656481568816061,0.884286640079506,0.9856708714623402,0.97137491393013,0.7415592950278326,0.9387903780553357,0.850015088091635,0.7565973778915686,0.9431506279954319,0.8769607723165866,0.7779482885508328,0.9523437628093958,0.8776997595065303,0.7176878958311483,0.9235857564236549,0.9098578497913099,0.7399350553538634,0.9395436339274325,0.7854966537971922,0.8236135757786379,0.950055616180118,0.9484908113054838,5.423558437456936,3.007444277750197,0.5902335241329152,0.2284446446910352,0.6825515740842955,0.9108631771378435,6.369339806829848,0.14887395921982713,6.337959546261927,gaussian,linear,0.0,logit_quad,0.6,3000,0.7436198754065648,0.02778475992268109,0.1531633422002861,0.1969087815011682,0.795935995731408,1,12.0,0.07646784353802591,0.2814679354356508,0.5441591134109921,0.8602197108543888,0.857823953924435,0.8500149317703475,0.8216144460266429,0.6271118313616552,0.7078650174413589,0.8602197108543888,0.25,0.9802150494808372,2.744937275413343,2.6380985578966127,0.7158351154838839,9.981439108934481,toward_HQ,0.22831160305354803,0.0317242381753533,0,1
2.0687261484869848,1.0,16.0,2308,1,blend,obs,0.598,0.7073031832190183,0.9169474124224335,0.6798828078141808,0.7584007848146773,0.946253624009256,0.8781487060141926,0.8776275467878671,0.9843583196666169,0.9641887175623911,0.8490490889446571,0.9779610107202594,0.9347653958917853,0.8707601249671201,0.9837875198047183,0.9573763194733164,0.8127629949247561,0.9640738624805448,0.8929827077644085,0.8432633267571138,0.9766611928969593,0.9687929436877429,0.8691714880044961,0.9828460131578463,0.9539773805760039,0.9469108578545717,0.8888906789831038,0.5727710165525993,18.337124137442675,4.907250173290175,0.9419843831751684,0.0846923694140748,4.082348054336297,4.531155311076918,4.241311994995732,4.736031353481283,4.093724286315202,gaussian,linear,0.0,logit_quad,0.6,3000,0.6916948625264165,1.3123120587058006,0.18739447763010242,0.34346446194464053,0.5423564646915944,1,12.0,0.15645451445858127,0.4182901711818037,0.44800114977756467,0.8960604510130374,0.9084187451812935,0.9347700520821878,0.9395810359006687,0.613561364628504,0.41359897227289577,0.9395810359006687,2.0,0.28759519620897234,42.070621801061165,5.618350804451012,-0.6206171961793842,15.214501825883119,away_HQ,0.44880725674062116,-0.285175820343627,1,0
0.5342484245679571,0.0,10.0,2268,1,blend,obs,0.5963333333333334,0.8802323844711856,0.9863317822183177,0.9983916745204228,0.9246872937013091,0.9952999627131434,0.984102998686137,0.9952724119982916,0.9999773797506954,0.9999497208425232,0.9262074490634885,0.9950192735171792,0.996097914249665,0.9504991213940879,0.9977786191736506,0.9982152277711814,0.9233659759606341,0.9944231971192273,0.9997041192131296,0.9019452663941885,0.9904912218468113,0.992815669198041,0.8639566495542591,0.9826544612511455,0.9797342345882175,0.9289438676889591,0.9218757181507101,0.7769126777139473,14.21970199908351,3.953976081187147,0.6587811375046793,0.2149772879389573,0.6091287802380431,0.6769245273818507,0.906076105785077,0.7483679153837683,0.9145999182077801,gaussian,linear,0.0,logit_quad,0.6,3000,0.25395264382668703,0.24369314709261697,0.27919085433081137,0.38089996524973013,0.7969651387302911,1,12.0,0.015644089659043358,0.3858846103400122,0.7235086521973747,0.9870701590831874,0.9901929086518847,0.9960990361311516,0.9643796155824732,0.02698373975412749,0.5016775974789753,0.9960990361311516,1.0,0.8849617413699222,10.19181031553571,3.4515872063716686,0.010259496734070022,9.833352432571882,iso,0.06779574714380765,0.10804906365597489,1,0
0.017200763001941066,1.0,16.0,3953,1,blend,obs,0.5953333333333334,0.6990632754143404,0.9200451836930424,0.6697522247606311,0.977896153035086,0.9995360599047566,0.9994133573635209,0.9764925250400038,0.999484416002007,0.9993019803098518,0.8436201615629615,0.977975991669996,0.9349831503500683,0.8794122221023231,0.9881643914729975,0.9593002725538067,0.8850271369047195,0.9891154355560634,0.9639653304336973,0.8606112923197483,0.9820812932935574,0.9993012686582871,0.7711590580612803,0.9514025824257344,0.876580169338015,0.8263802316206896,0.8281356663334463,0.4128433980822549,31.169151440064457,8.49432259464074,0.8406130142735646,0.1468897169839458,-1.0221990103070104,-1.317193564711988,-0.023292214389716653,-2.349547112987946,-0.03675758376358383,gaussian,linear,0.0,logit_quad,0.6,3000,-0.01118844345827259,-0.7509753329956753,0.3034883411497736,0.4278574439471161,0.2688286368526738,1,8.0,-0.02517295807076413,0.5580266441156992,0.543859947101109,0.9986788594011174,0.9935685697786424,0.9349952839162279,0.32321817997565183,-0.06043574074024886,0.211718914477102,0.9986788594011174,0.25,0.8339046048744541,6.282633953272826,5.106980980692658,0.7397868895374027,15.672511533858499,toward_HQ,0.29499455440497746,0.42106120679219916,0,0
1.6153138045968172,1.0,10.0,7882,1,blend,obs,0.603,0.7953677877213687,0.9596811916785176,0.8762406536645747,0.7862246984248049,0.9639627231034428,0.906075508928748,0.9487562975359686,0.9979183621373131,0.9938903966262098,0.9495995376221208,0.997533085432405,0.9935605752200574,0.9493183980284524,0.9974437868645962,0.9931848032275159,0.8198124483381045,0.968786040380095,0.9076336685008658,0.9455243012295313,0.9964245380325859,0.9907023138724553,0.8785039094745261,0.9867608875673229,0.9659855677912969,0.9559818405390382,0.811378818424869,0.15362025581600355,55.361156159746045,9.712352733716425,0.955190230394812,0.07946722491115493,4.488878902637899,4.625178709462336,2.8652699411236497,4.875127640189689,2.881042163651486,gaussian,linear,0.0,logit_quad,0.6,3000,0.6192262328380889,1.1347318553028949,0.23151247329117702,0.23848114133734497,0.901368298127499,1,18.0,0.03161073579861834,0.2917984794700883,0.7933984910120442,0.9440407634403374,0.9665797830848958,0.9935560052930733,0.8167449878192348,0.6440179817554271,0.36303268303770264,0.9935560052930733,1.0,0.14345355479267352,58.87503604054481,11.028585520059009,-0.5155056224648059,9.936165932867201,away_HQ,0.13629980682443676,-0.010166701023330033,1,0
3.5042857953068736,0.0,6.0,3250,1,blend,obs,0.6006666666666667,0.973914603107967,0.9993208861438809,0.999311653926276,0.7241000954465531,0.9338134806783035,0.8720398904988897,0.8747125581340813,0.9852176432757017,0.9722950799476358,0.8521656824314,0.9796624191376795,0.9611210823357522,0.8540988023174572,0.9801517932403794,0.96267386043742,0.9804833180147339,0.9996209704398439,0.9995890181904721,0.891809574797189,0.9889068348589429,0.9872000119757843,0.9582016264161625,0.998414807885751,0.995265194102692,0.9754280604299087,0.8520635778640018,0.00880905034121381,446.6123539892305,6.794689643576363,0.9090747805721336,0.11650173996146801,4.793059372980925,4.851150328430413,6.058620963440162,4.6810912012857955,5.929558926780797,gaussian,linear,0.0,logit_quad,0.6,3000,0.7903260359114661,0.7791102413064628,0.16062723276189733,0.18338126580426745,0.9640973895871942,1,18.0,0.01641942309912804,0.18537964920558297,0.8664771642963052,0.9009036527881106,0.9230711713837757,0.9611265107012295,0.9828199959216232,0.7839652425208993,0.39318151413840996,0.9828199959216232,2.0,0.008009039901403668,468.67058805324126,6.977188213716109,0.011215794605003462,5.90590056912161,iso,0.05809095544948839,-0.0008000104398101417,1,0
3.307231923349953,1.0,6.0,9267,1,blend,obs,0.6046666666666667,0.8570671006558884,0.9813472223081502,0.9610870526034729,0.702068949829792,0.9236910912044561,0.8528293784976264,0.8446839624591174,0.9777885172741034,0.9607540204715315,0.7982230942034158,0.962407880891879,0.9347895182663567,0.7998654508886252,0.9629494637203175,0.9369426503239711,0.8566323123770617,0.981161671874897,0.961891296452547,0.7824428194399081,0.956381443745389,0.9406968640535974,0.8249250173961964,0.9733987451146491,0.9324667801546542,0.9487810523704333,0.8742413620781357,0.7436982589818563,11.743824311308153,4.837230636196297,0.7866690774954401,0.1804726203008858,3.067101427915213,3.1129793059944704,6.060745915957542,2.8023326260654007,5.939198932144665,gaussian,linear,0.0,logit_quad,0.6,3000,0.7822027198640017,0.4588342560815141,0.1632583356622604,0.17318773928942272,0.9650808089651992,1,18.0,0.015008077885901899,0.18690423580940313,0.8734865475640915,0.8746482528361675,0.8962498687605855,0.9347893716668254,0.9920754702447137,0.9276392103223541,0.4521288478172404,0.9920754702447137,2.0,0.73663609780841,12.051883911121914,4.942648464470465,0.3233684637824876,5.991012351675712,toward_HQ,0.04587787807925725,-0.007062161173446269,1,1
1.0353163107032142,1.0,16.0,8398,1,blend,obs,0.5976666666666667,0.7047700230506762,0.9157402898941708,0.6599416636139456,0.8659727516050211,0.9845706392816983,0.9529797962765862,0.9840231211422956,0.9996917752922628,0.9989709986215627,0.9563703559613507,0.9981181616744005,0.9990397916116368,0.9628484166849083,0.9986176377446091,0.9978978107134213,0.8093102336014824,0.9631288912226756,0.8834925954686051,0.8794678107899768,0.9858140254639524,0.986945014743435,0.8777238992864987,0.9844666355712507,0.9653635393892114,0.9511884495740287,0.85845317550038,0.4420316871062194,24.235897389440343,6.448973612009543,0.9005864193395008,0.11618365069512762,2.605089690075117,2.7725603257945015,1.8518130964797217,3.3660313741700314,1.8664867257855486,gaussian,linear,0.0,logit_quad,0.6,3000,0.4458550658707705,1.1718429158953083,0.24542278760860414,0.3940376202204454,0.5409347518934052,1,12.0,0.08814004653260255,0.4651508276660953,0.5276198020328556,0.9724811642908763,0.9849936522383592,0.9990402957853932,0.7349112767757016,0.3570841989346359,0.3457764295689937,0.9990402957853932,1.0,0.39738874209686786,30.444428236281293,7.4327993788333435,-0.7259878500245378,15.34831457461636,away_HQ,0.16747063571938448,-0.04464294500935151,1,0
0.9220294711073742,0.0,6.0,1148,1,blend,obs,0.5906666666666667,0.9491439737068365,0.9975585249962212,0.999557603571932,0.8630666150254589,0.9833322059463349,0.9505979478478018,0.9706228789120013,0.999015702350332,0.9968474808873711,0.9541403770287298,0.998036379218788,0.9945168042266149,0.9637436428944528,0.9987869113068641,0.9961720007473233,0.9632163365866635,0.9987417618924731,0.9997075447273561,0.9001733500010343,0.9900846564958503,0.9880819232267676,0.925425902945703,0.995115663027933,0.9919928088628659,0.9679583899551896,0.888800928362627,0.8199807397089492,9.60529059768744,5.5586589636610055,0.6972042025426284,0.20936563405162306,1.420218430277922,1.4632923571155394,1.7023433217084645,1.4142028358515786,1.667583504435783,gaussian,linear,0.0,logit_quad,0.6,3000,0.4086219846609444,0.3988449886528803,0.24668828045848007,0.29343391530060436,0.9230141377131614,1,12.0,0.011681272866870413,0.2922105220194857,0.8442142286786988,0.9622713832510799,0.9743825753393288,0.9945198433060471,0.8976398632850396,0.31312757954478654,0.34860000865837215,0.9945198433060471,1.0,0.8450959572684072,6.024131842577817,5.443185473877102,0.009776996008064072,5.942024462826869,iso,0.04307392683761746,0.025115217559458003,1,0
1.936523642377436,1.0,6.0,751,1,blend,obs,0.596,0.8715357551318831,0.9845471005546782,0.9669654267825075,0.7850599370842078,0.9602255763329449,0.9102713792545168,0.9279499396722688,0.9948818536932598,0.9904609369726062,0.8582998704732906,0.9811233230700399,0.9621640896167398,0.8590574177873836,0.9812601676871363,0.9635245383757489,0.8712954192335471,0.9844340534311684,0.9680121550348467,0.8146490815009519,0.9672146479904767,0.958844952872898,0.8480324897927556,0.9796077124398578,0.9452101100324023,0.9206384532005522,0.9007889119151403,0.9155991573997913,3.4861847225828275,3.492909870521426,0.6914606729129289,0.21429939690176067,1.580560821864837,1.6115690265106428,3.405841497630843,1.5765022927370356,3.3359422224270343,gaussian,linear,0.0,logit_quad,0.6,3000,0.6505221086035877,0.3217393720238757,0.20241034721624585,0.2090217061567325,0.9638412619246158,1,18.0,0.013226744768932385,0.2262082606029454,0.8947964441118659,0.9248818325629815,0.9389643687566213,0.9621676778695281,0.9888781248862314,0.8908106978962872,0.5858528251907993,0.9888781248862314,2.0,0.9131377928528441,3.2650000045106506,3.543644478793039,0.328782736579712,5.991056720600987,toward_HQ,0.03100820464580578,-0.00246136454694712,1,1
3.827368664602013,1.0,16.0,2441,1,blend,obs,0.599,0.6996590336230248,0.9165577812008661,0.8657839249928039,0.7100374196823036,0.927601009099415,0.8514130819861994,0.9002909403038043,0.9903128764343997,0.9790290881607023,0.7727792618780489,0.9558805909564865,0.8787339224657768,0.8191204788736,0.9703508770093178,0.9286818204611692,0.881669904518838,0.9861283108484883,0.9833730438221902,0.6992072396136576,0.9195304319769704,0.9011951418511029,0.8206085704244228,0.9705856787743588,0.9381231673438521,0.8539413149339947,0.9141790135296984,0.7576896946419853,15.940864619523024,3.9852991222596397,0.8779185869494323,0.11067085560607708,2.8534697333611576,3.511632934282073,6.469810129171207,3.802789253384616,6.400899702858258,gaussian,linear,0.0,logit_quad,0.6,3000,0.7918818163046306,1.0521113179489627,0.15552800296071997,0.44978275814501945,0.2539043330286836,1,8.0,0.33282522756383537,0.48496168083018887,0.3207016329506221,0.855740427159247,0.8620051361832219,0.8787554260022723,0.9275700643199559,0.6249738042263585,0.5142431137275578,0.9275700643199559,2.0,0.5061649460649362,26.48970272195966,5.990782376140976,-0.26022950164433234,15.42604252240067,away_HQ,0.6581632009209155,-0.2515247485770491,1,0
3.3523811815699496,0.0,10.0,1325,1,blend,obs,0.5953333333333334,0.8332543866218337,0.9746543398088495,0.9961051629395659,0.7175832419470265,0.9295778299029291,0.8615965186951681,0.8785985746176611,0.9853639346570207,0.9757301143845732,0.7848380182915278,0.9596878800683852,0.8871324938618297,0.8003441530692399,0.9631186829239764,0.9132799136891345,0.924492178234311,0.994853787460022,0.9955207415219147,0.7281919334623099,0.9327637642450297,0.9169632103122626,0.8399435315289346,0.9768572338425412,0.9535917492601841,0.8655794698683718,0.9053750063185744,0.7877425178221641,12.849484663573774,5.098536833180354,0.795302471538656,0.15945036465184032,2.4804834321889335,2.561003747963841,6.003537377851597,2.9255105602229334,5.959678231437129,gaussian,linear,0.0,logit_quad,0.6,3000,0.7552460835064236,0.5742680929839185,0.14931197118375872,0.35151802459463,0.6267122813712638,1,8.0,0.16018896170664798,0.3651613234451736,0.40889317021597676,0.8641298166614607,0.8701596437697463,0.8871308409222692,0.9406942493117912,0.8204527182242626,0.5960529213565413,0.9406942493117912,2.0,0.7983021585357228,12.488667174558437,4.433638426650619,0.18097799052250516,9.810733492903829,iso,0.08052031577490748,0.010559640713558749,1,1
2.3884073132855215,1.0,10.0,2013,1,blend,obs,0.6036666666666667,0.7447951767182772,0.9431697996008855,0.8113075223556443,0.7648403755574502,0.9499996483425684,0.8709069894489776,0.950732823144181,0.9970963356903013,0.9901320387434589,0.7472640234793005,0.9441371299460457,0.8265593527138185,0.7706282657826599,0.952470959019746,0.8620882807961381,0.7752404659557528,0.9545213784283579,0.8602120232907192,0.7609642410609851,0.9449671807237403,0.9142954988182761,0.7411942782203655,0.9412441634197034,0.7846959421634803,0.7784957450186567,0.9334171577971854,0.9339019120867932,4.797443994787369,3.7499854550874687,0.616205563700756,0.22624570218318263,-0.02874620019983455,0.23352019971827803,4.229639653579919,-0.23510077651250888,4.265122362563142,gaussian,linear,0.0,logit_quad,0.6,3000,0.6743798616953642,-0.04965396330910543,0.1867724030327605,0.22249762835618347,0.7920967752598255,1,12.0,0.06655649508803194,0.3087077786146165,0.6050135952872207,0.8608768890520602,0.8516981210724992,0.826561536809443,0.7263079155875136,0.3263811512226676,0.17830499223528185,0.8608768890520602,0.25,0.9777423063572362,2.198066443744677,3.0088151206207954,0.7240338250044696,9.960910228820346,toward_HQ,0.26226639991811257,0.04384039427044306,0,1
2.7943789669441084,1.0,16.0,8250,1,blend,obs,0.5946666666666667,0.7193428932641677,0.924426279337735,0.7296884319996847,0.7233539127160772,0.934395745078423,0.8755488520673543,0.901923749678994,0.9910566720913834,0.9803369221432582,0.8342395288736164,0.9774616511126001,0.9422872667986484,0.8701410721697956,0.9863915474677145,0.9611959274937282,0.7876235206628501,0.9563644832834791,0.8661833000835355,0.8982512703063147,0.990138766553624,0.9915709846661221,0.8890116864235004,0.9886255481026073,0.9640382067157852,0.9175801487680545,0.8830661560430799,0.013098315259225427,362.42913743179764,6.618635738410971,0.9936517675389426,0.027918270827753274,8.974697432926934,9.746693784005766,5.1266442561094845,7.890404149514591,5.072464658233931,gaussian,linear,0.0,logit_quad,0.6,3000,0.7591028038054877,1.4198442254272812,0.17121104738937176,0.18904828238194848,0.7636576535271804,1,18.0,0.10077003293133588,0.3167680224285445,0.5404934692484402,0.9128199952807541,0.9194938200649645,0.9423784137778811,0.9856155257861469,0.6176584236836468,0.376262122383064,0.9856155257861469,2.0,0.006111753478869034,536.4193120391056,9.880606330868194,-0.6607414216217933,15.636408755411962,away_HQ,0.7719963510788315,-0.006986561780356393,1,0
3.1731346613578,0.0,10.0,2006,1,blend,obs,0.5933333333333334,0.8767209634522793,0.9856830393475454,0.9968094824270202,0.720330921660286,0.9270308638317348,0.8464962168022574,0.8581412738421024,0.978736276833213,0.9519038274584257,0.8010865530035145,0.9606895802652063,0.8970506971841156,0.8092245047344436,0.9633544775240774,0.9119939731604484,0.9199940731001839,0.9940824520778246,0.9979704133493926,0.8067571866202881,0.9637017827313904,0.9459657985661462,0.8452036578370647,0.9789245913617016,0.9505641846992041,0.924275977748979,0.892218350067002,0.7849121227103583,9.265371271936685,5.101421026238012,0.8191929913427887,0.1550167742076059,3.1863878949329254,3.3843259078871317,5.982484889143199,3.5380460977241173,5.913921300222659,gaussian,linear,0.0,logit_quad,0.6,3000,0.7372340304019519,0.6832040831773734,0.15859779291517107,0.27518809450424586,0.7992532504215548,1,12.0,0.07226903659054418,0.28372481710636366,0.5589845630448161,0.8576260276462571,0.8700870872069735,0.8970523745267714,0.917528980865046,0.7241514541117119,0.4348815489202421,0.917528980865046,2.0,0.7722624278648367,10.833805003469722,4.858891392753198,0.05402994722457864,9.865769217919224,iso,0.19793801295420632,-0.012649694845521586,1,0
0.4297134125198361,1.0,10.0,1638,1,blend,obs,0.5973333333333334,0.7691308574762159,0.9564806968644075,0.8355341618639037,0.9168958617899243,0.994176332931733,0.9833703226310181,0.9695637295745825,0.9991057967314901,0.9985187678991604,0.8071039517310562,0.9701769221118555,0.8932891553926587,0.8229231521177927,0.9748956830682681,0.9135150792795412,0.8078201594479185,0.9704053945772804,0.8934651777441924,0.8446905693495286,0.9770098084236787,0.9743206249977713,0.7756174367330919,0.957941599711693,0.8479386135141389,0.8125511175753403,0.865136485606496,0.4629537090968851,38.905721273140266,4.965591128342419,0.757523550215823,0.19192870345567062,-1.3897735011865628,-1.3554957015104854,0.8027222578748064,-1.677930425518961,0.8110529313060021,gaussian,linear,0.0,logit_quad,0.6,3000,0.22507450968220427,-0.4758115518905599,0.2783197665710329,0.30454695348846084,0.7965229636633323,1,12.0,0.008193167858822894,0.38400471232471123,0.7247821644847108,0.9701627683680157,0.952214010689299,0.8932901967091698,0.574999988404274,0.15585115621410547,0.2827173543477557,0.9701627683680157,0.25,0.7776409866040231,16.331131111958843,3.915320640016917,0.7008860615727643,9.904159288648264,toward_HQ,0.03427779967607747,0.31468727750713804,0,0
3.4848302979536427,1.0,16.0,5828,1,blend,obs,0.5926666666666667,0.7062203655483157,0.9197450391376768,0.8493546088163542,0.7134825491644211,0.9288723336553977,0.8500997770575616,0.8879819020907289,0.9875105202562682,0.9723273576738585,0.7717108405226236,0.9544434521155842,0.8741795231015085,0.8200519902207396,0.9701314692913251,0.9321605912036486,0.8860518175135427,0.9869054301854736,0.9769647090941844,0.7091119308746082,0.9244721887745851,0.9048015973986936,0.836242802084222,0.9754337865433812,0.9402351381725085,0.8608126310697157,0.919096909363284,0.7646662848372265,16.948591011127917,3.453259200722102,0.8612878995690187,0.11952490762714442,2.6557878982262766,3.405670635480843,6.026783226367416,3.6935822645393337,5.976221173075941,gaussian,linear,0.0,logit_quad,0.6,3000,0.7769399906744804,1.0475254665370832,0.15634532489334435,0.45687708548983064,0.2588260413183474,1,8.0,0.31548849515672833,0.4868381993661981,0.3211443249459189,0.8542748816188238,0.8601522728576598,0.8741823716418189,0.9140469716219665,0.6735859783151031,0.5175588103207738,0.9140469716219665,2.0,0.6915835686537263,16.09369353644589,5.306489496628807,-0.2705854758626029,15.504218503474057,away_HQ,0.7498827372545662,-0.07308271618350026,1,0
1.2243453720113995,0.0,16.0,572,1,blend,obs,0.5936666666666667,0.7520492937090562,0.9441438643467464,0.9827235020323826,0.8359498724405279,0.9772776650949602,0.9478714484525625,0.9578033894241894,0.9982023490495718,0.9987599021248967,0.8614222083502454,0.9845065932742237,0.9480821354724707,0.9025050334367141,0.9922895620963849,0.9764023292849003,0.9425891374162018,0.9970550752263949,0.9947874963771438,0.7669322965599654,0.951322611311888,0.9565097286447674,0.8077647353859129,0.9663699227768376,0.9312294294438047,0.8549174294561207,0.8821016008440618,0.01600919795905952,328.7827422462592,4.924259908933076,0.8033777836326292,0.16503614299416103,1.0104445949736978,1.0397705017943244,2.1738479009533815,1.3276394520066006,2.183455131020467,gaussian,linear,0.0,logit_quad,0.6,3000,0.4875535921177873,0.29852191577847514,0.22716589862443845,0.5176136463526112,0.26587082156480646,1,8.0,0.1946145682588433,0.5209549427448857,0.43605671044699684,0.9480171686356808,0.9483642346195057,0.9480825982815573,0.9194337772732677,-0.30317645310242874,0.5194995890362024,0.9483642346195057,0.5,0.8621373094048956,12.245496774224717,3.495779181277542,0.18903167633931217,15.487927400853856,iso,0.029325906820626635,0.8461281114458361,0,0
1.1599899323345353,1.0,10.0,987,1,blend,obs,0.5843333333333334,0.7577607880712404,0.9518475974418844,0.8271583912479434,0.8316127938709967,0.9751092059616543,0.9310600667325937,0.9541391665858042,0.9978079656474979,0.9938460954453027,0.7721980697242872,0.9571304867073538,0.8597454854465416,0.7904359867970477,0.9630507199635474,0.8854369856428616,0.7905946372666,0.963389064228638,0.8777755751077566,0.7899188858893424,0.9579969389431815,0.9420572147252956,0.7557362075753904,0.9488467698827249,0.8110123061407754,0.8037018884253974,0.9114992390708739,0.88507143199164,7.017557457866448,4.07847591330808,0.6661498148894484,0.22105196771490732,-0.6692215792150088,-0.5328410352107402,2.1549104399909367,-0.8712266414651503,2.1279777255317898,gaussian,linear,0.0,logit_quad,0.6,3000,0.49774199665339125,-0.21885916185958432,0.236465871202716,0.2695045950143419,0.7957207231315434,1,12.0,0.04231229327609722,0.35244326271544174,0.6709331578105256,0.916750068871546,0.9007827874579453,0.8597457256008083,0.693865343341288,0.13653241279597458,0.34389035303745774,0.916750068871546,0.25,0.9553707950780412,3.992607420600335,3.22700179382316,0.7166011585129756,9.956271865775474,toward_HQ,0.13638054400426858,0.07029936308640128,0,1
1.7190451720562625,1.0,6.0,7979,1,blend,obs,0.601,0.812485925014486,0.9631064657374464,0.8827227720359387,0.7885777955451498,0.9624845778302604,0.9001383681266034,0.9462067791428712,0.9969855009554742,0.9918081529954844,0.9622965844446991,0.998742283291988,0.9973815182338337,0.9735682964678303,0.9993815286745015,0.9984345475466206,0.847664236500343,0.9751926629805813,0.9258469122119951,0.9420005812666096,0.9968943079798268,0.9968166132277552,0.8579607462075709,0.9807560392289193,0.9735255406357202,0.9463172712645622,0.8053192189297638,0.12244439508544462,79.01662850891701,12.069297373017829,0.9598508658408825,0.07526261491356921,5.596375284215011,5.515823729476507,3.1770403615769927,5.7331519148782,3.1514646699643896,gaussian,linear,0.0,logit_quad,0.6,3000,0.6080994103698357,1.137489756005333,0.2040055199940367,0.23906773929750913,0.8503305556927436,1,8.0,0.04922417611093493,0.29453007745322657,0.6926474937909668,0.9426672907626797,0.9653042258100384,0.9973821044896233,0.7868541277274769,0.5795940893908506,0.39349761823585294,0.9973821044896233,1.0,0.19268185617472522,53.51714264659724,12.235005680867427,-0.5293903456354973,5.964646967212477,away_HQ,0.08055155473850384,0.0702374610892806,1,0
1.6552795453145372,0.0,6.0,1319,1,blend,obs,0.6056666666666667,0.9443488860232875,0.9970678567628052,0.9999093263870287,0.7976461883130483,0.9632220447209382,0.9062981673670552,0.950223619290374,0.9974473034813307,0.9945475087793121,0.9232732420906459,0.9944664863242678,0.982392030132129,0.9291682784710933,0.9952666329035451,0.9858586724597206,0.9581607091014667,0.9983599938429869,0.9998729173436609,0.8839624333634217,0.9870073189853904,0.9787028848034618,0.9263983395824297,0.9952651330550759,0.9893952089264701,0.9598507522132533,0.8643997519652697,0.6395498095624278,15.331318049901787,6.09084788203409,0.7900836515840115,0.17454141790695385,2.384630696246781,2.446637629002157,3.1000260482109,2.4190500283808087,3.088282111441386,gaussian,linear,0.0,logit_quad,0.6,3000,0.604857744399429,0.5835024993133124,0.20780252112264924,0.2546349531314856,0.9225787202257643,1,12.0,0.02255185934700032,0.2548793156101212,0.8152977052108713,0.9264732330146858,0.9463665933837286,0.9824048794804552,0.9256251322865489,0.5387561028223131,0.35963141916784225,0.9824048794804552,1.0,0.6367065191380953,15.746698108549179,6.327960768087626,0.02135524508611657,5.93844091351434,iso,0.06200693275537583,-0.002843290424332512,1,0
0.861278108594246,1.0,16.0,5439,1,blend,obs,0.5936666666666667,0.7671976483285234,0.955814290689024,0.8522767829083374,0.8810451994679525,0.9889098267286536,0.9689484283512283,0.9829244198557615,0.9996375678748235,0.9992054670650756,0.8031490166247495,0.9691330197809378,0.89872961119601,0.8166255598465577,0.9733164204358796,0.913233767704176,0.8097888733817452,0.9708856772718459,0.9047378164602095,0.8259119971465851,0.9724539423037654,0.9695049977082805,0.7219507531725278,0.9354799159026604,0.7743240467776474,0.7942863825272637,0.8891874168779712,0.6427574353544518,18.130972178142887,5.8082047207672,0.7013641855351286,0.20438371451890067,-0.686310267469391,-0.5693743889913572,1.5257653106387077,-0.9791786407932433,1.5131590972795614,gaussian,linear,0.0,logit_quad,0.6,3000,0.4097818717512734,-0.30230221965981396,0.27338596655234093,0.33531580836913055,0.7614009202624026,1,18.0,0.05105714918532332,0.4002675609916383,0.683008050602562,0.9586826392029688,0.9450820296930134,0.8987473119108635,0.5642963321956388,-0.32255375187214474,0.0064119439292158464,0.9586826392029688,0.25,0.7746358190704132,13.395993585292556,5.117216032642563,0.7120840914110873,15.694990639252625,toward_HQ,0.11693587847803388,0.1318783837159614,0,0
3.951025143027961,1.0,16.0,3225,1,blend,obs,0.6046666666666667,0.7179565458688467,0.9220126334496309,0.7066891116654421,0.7205266377410589,0.9265709892406461,0.8538989891450295,0.8605437562853236,0.9794402674985746,0.9575748899866294,0.7853562927735178,0.9551386543789058,0.9018535906612547,0.8093734255304783,0.9642992090015235,0.9283085065401016,0.8286647892902267,0.9692630867449717,0.9091541906072109,0.8232211875464451,0.9697183192499802,0.961845426378205,0.8795390831896345,0.9851505240262635,0.9539409483533435,0.9045876520676985,0.9255863412851576,0.18516482881759697,83.04962891022542,3.331775919735345,0.961302479683035,0.061625658456824085,5.658571870033117,6.315296466143188,7.5116856225127,5.466375411493518,7.27489154891292,gaussian,linear,0.0,logit_quad,0.6,3000,0.7670711862855095,1.3924174949795727,0.14804208101281835,0.2944830570347251,0.546849249591871,1,12.0,0.1777341226778674,0.38911422467709406,0.3804591855660658,0.8694866753839766,0.8796208527678425,0.9018264418729994,0.9651602387216152,0.8215002334774976,0.4941135527047811,0.9651602387216152,2.0,0.3669380832758226,31.157794186123457,5.177712723458435,-0.625346308694063,15.053441441050728,away_HQ,0.6567245961100712,0.18177325445822565,1,0
2.18682566369989,0.0,10.0,1152,1,blend,obs,0.5943333333333334,0.8998224169113153,0.9904390838076738,0.998215159555096,0.76648010154551,0.9482139268419743,0.8896138680294821,0.9130032471582922,0.9917065164182363,0.9854522740440117,0.8608916570135442,0.9811102462402713,0.9441442445491608,0.8734850339216249,0.9838240050348015,0.9584724182136591,0.9438757960826334,0.9970695997071389,0.9991279302280948,0.8165528579701394,0.9671844580350004,0.9618814787435631,0.8641314780963051,0.9833498257845518,0.9610007953628076,0.915609239935605,0.8867774365777455,0.6300556520691032,15.136996917647071,5.476238797739564,0.7848612224187996,0.17323257444507775,2.471831805828575,2.6214100410073167,4.191377640054977,2.7283134286130375,4.163859393242414,gaussian,linear,0.0,logit_quad,0.6,3000,0.6558406141227581,0.5591298626353508,0.1806844036212555,0.2914229820627997,0.7934660832887098,1,12.0,0.06620635819582481,0.30398553807176715,0.5943848670149506,0.9004979746413677,0.9134651749203628,0.9441518948015145,0.9551292917007989,0.675399796906366,0.4350741274716001,0.9551292917007989,2.0,0.6195172589576227,18.14910720358902,5.629724512102126,0.0967107514874073,9.748602369895167,iso,0.1495782351787418,-0.010538393111480526,1,0
2.864542097262308,1.0,16.0,6496,1,blend,obs,0.587,0.7407449627699907,0.9438598230608753,0.8370879119330317,0.7239295203425509,0.93574181122336,0.8678979016825071,0.9539130416538661,0.9980281382616518,0.9963542015058199,0.7397422377593494,0.9436977499722823,0.8473511161749475,0.756992239576476,0.9503293147501936,0.8746545705964064,0.7677187748740899,0.9542753528815623,0.8797177504919037,0.6975655973333942,0.9178066537115362,0.9030931325945368,0.6892599506273078,0.921486011585749,0.7235504543070134,0.7725076642535592,0.92640733365899,0.8887845226059071,8.126954726611778,4.515722445359506,0.6405960183859875,0.22546146712450357,0.6980440723500305,0.861694979682983,5.432678122717689,0.21724071373416667,5.461342171855445,gaussian,linear,0.0,logit_quad,0.6,3000,0.767395365071333,0.033487753806613174,0.17454247583727292,0.24043520966307547,0.7635217249057112,1,18.0,0.09732721055405937,0.32378985611364497,0.5390609759436421,0.8637714181242315,0.860397703608166,0.8473515729415536,0.7594152156408448,0.29938156540394834,0.10404837691613378,0.8637714181242315,0.25,0.934133194435432,5.325312571061325,3.349943593594401,0.7339076112647197,15.758087856854722,toward_HQ,0.1636509073329525,0.045348671829524845,0,1
2.346675002074304,1.0,16.0,3525,1,blend,obs,0.6003333333333334,0.7137292163929885,0.9239008735414016,0.8765644063181905,0.7656129307323994,0.9529362159658628,0.8895988791817268,0.9349563646519734,0.9954985202009201,0.9878232878854439,0.8385142951829364,0.9767389961768459,0.9228738689781172,0.891825737655781,0.9888805200889293,0.9682908130314496,0.901583248669207,0.9903205992287263,0.9862544086124964,0.7452504626692755,0.9413508131871673,0.9262264500746368,0.8470424915900658,0.9784305685130037,0.949902672596783,0.8845369341862324,0.893444411440278,0.5247224655085032,34.65400070289445,4.32234105955369,0.8613354919586422,0.1262817282841131,2.265433208318527,2.8375143571800807,4.173259372967138,3.4001264521436587,4.1524479267765235,gaussian,linear,0.0,logit_quad,0.6,3000,0.7029383213811269,0.9666431943681487,0.184535585767345,0.4452988953866348,0.2632888795912667,1,8.0,0.29623624507859275,0.49574635243731857,0.3722379092858326,0.8960450839530679,0.9038077788964199,0.9228723660727461,0.9156450825629541,0.2947649087768782,0.3562617378587226,0.9228723660727461,1.0,0.302608140501649,56.83321471298549,5.880361452492329,-0.2637048729870217,15.492358734543831,away_HQ,0.5720811488615536,-0.22211432500685419,1,0
2.702041214281555,0.0,10.0,3971,1,blend,obs,0.5983333333333334,0.9291605088272579,0.9947032575907335,0.9960900142714921,0.7403102440826812,0.941268471828973,0.8874791548299472,0.9237273288500027,0.9943321973956857,0.9912278749649187,0.8809882108933436,0.9868518270797452,0.9682216503407045,0.8857186392020217,0.987825122931932,0.9724193280590734,0.9489787862406032,0.9971914037052761,0.9977052084320338,0.8519253150862115,0.9793162771510688,0.9752190674682623,0.9052686292373419,0.992000568630001,0.9806894972127468,0.9405916870941621,0.8410505454275401,0.5334533288481585,16.436501428941057,7.361418521731322,0.8555792369306163,0.14419512542916657,3.2716454069725622,3.3672765440475945,4.885122371076632,3.4184712649872577,4.9013933554365146,gaussian,linear,0.0,logit_quad,0.6,3000,0.7347812135046207,0.7190719794231818,0.17352733794300934,0.23377559210324703,0.9021820024429612,1,18.0,0.04069671362329121,0.2379883244683237,0.7291422313707069,0.9074810962078284,0.9278775576041738,0.9682379528257186,0.9200320324907793,0.6977428540581594,0.39172275233322806,0.9682379528257186,1.0,0.5246403713391236,17.516538516364232,7.447612037378969,0.015709234081438882,9.782152481898741,iso,0.09563113707503224,-0.008812957509034991,1,0
1.1318205048263912,1.0,16.0,9356,1,blend,obs,0.5986666666666667,0.681805212601917,0.9148744774450668,0.6529896815986952,0.8318635404246606,0.9755486433877171,0.9270502839350991,0.9552334059015248,0.9981117926481244,0.9935102256492294,0.7222414393540055,0.9376640466046358,0.773890443064904,0.7641114739732815,0.9538994369655449,0.8478243628411475,0.7670550567512433,0.9547854691338353,0.8415251177982714,0.7879436566297984,0.9569683346492599,0.9397595370346216,0.7180459334878146,0.9317846928622766,0.7300466920476673,0.7497055672467162,0.8521622839347742,0.6092028061915362,18.076133840582195,6.363289115009022,0.7711303820228045,0.18337211082744628,-0.9964516556635612,-0.9544573074096425,2.090406419968371,-1.57452128538923,2.0737618835701395,gaussian,linear,0.0,logit_quad,0.6,3000,0.4646447286418375,-0.4108033851160436,0.23065778813084978,0.31061912120271234,0.5441164246233773,1,12.0,0.08443679461951094,0.44970426636426397,0.5129099396713643,0.9038559241785236,0.8742799588738422,0.773879873877485,0.29587183158316127,-0.007320935979093073,0.09457547575288106,0.9038559241785236,0.25,0.9239901233551954,5.301084617569559,3.992409006706953,0.8754481137578811,15.703183941869808,toward_HQ,0.04199434825391868,0.31478731716365915,0,0
2.9211563654977177,1.0,10.0,7796,1,blend,obs,0.6013333333333334,0.7872097136785784,0.9562509657064088,0.864623676488779,0.7336744314852932,0.9398946340228672,0.8734965222497887,0.9094974274202718,0.992353090928773,0.9809897709186876,0.8618081813071716,0.9844290575225597,0.956935037134739,0.8751853380239589,0.9873574158744853,0.9644872948276326,0.8126147773602308,0.9660960326633077,0.8998272872490631,0.9662160906664828,0.9986164426453354,0.9966174806321505,0.8827744539068781,0.9874104182414986,0.9682420209400054,0.9374769725443292,0.8682647430307884,0.06215403338478685,155.63915469603836,7.817262515508103,0.9871423314225541,0.03950546479187334,7.132368129631115,7.451564481698833,4.957644821034138,7.250969739357684,4.859056036476445,gaussian,linear,0.0,logit_quad,0.6,3000,0.7821063598938944,1.2675828218287937,0.1804127108343573,0.18810442330875243,0.9047730484819019,1,18.0,0.042882520530362865,0.2423733215333823,0.7443587837678286,0.9076680864732446,0.9220918661828966,0.9568494833988753,0.9591356738163157,0.6936133500178159,0.39273370662531637,0.9591356738163157,2.0,0.05021092676165563,175.5356615335466,8.984722575892278,-0.4854764619348996,9.907634370319716,away_HQ,0.3191963520677179,-0.011943106623131222,1,0
3.9049868105641727,0.0,6.0,7535,1,blend,obs,0.6103333333333333,0.9167964162294433,0.99363520882206,0.999057571601145,0.6939810052623476,0.9180052828103847,0.8476179835454833,0.8410529644221857,0.9759587102420496,0.9575260700581472,0.7831452353897731,0.9563012991378356,0.9026103553272977,0.7926049997217101,0.9595997338985555,0.9147259196730247,0.9468074559511369,0.9974170505218699,0.9979940338883786,0.8084639242893867,0.9666252565511682,0.9500848498977524,0.8954890590775079,0.9900509916124483,0.9804582050375777,0.9242336038459532,0.8883237623094691,0.6310679101872131,19.013278591110605,4.497941127442589,0.8632722072434674,0.13357870909033034,3.683500494595893,3.8676385269020823,7.487666598753888,3.9089308671323346,7.237606483646843,gaussian,linear,0.0,logit_quad,0.6,3000,0.8017314512146001,0.7242311700614952,0.14427079195012643,0.2279902135791347,0.850346308024835,1,8.0,0.06723414958036787,0.2398751873434097,0.601441080871719,0.8601553767170893,0.8742155480167816,0.9026128436326318,0.9566463056000558,0.7842193070075519,0.42042540323531674,0.9566463056000558,2.0,0.6178405628312001,17.735474241232602,5.020085033383732,0.07750028115310482,5.93587300399049,iso,0.1841380323061892,-0.013227347356012942,1,0
0.6660695123568279,1.0,6.0,7844,1,blend,obs,0.597,0.8553446383743488,0.9823235078058681,0.9404726145625174,0.8852134196857001,0.9883971086048634,0.9663972792775494,0.963441012781613,0.9986441393047689,0.9972835920757329,0.8579765575190736,0.9830012139769909,0.9453613722608835,0.8628890623339128,0.9839459705700702,0.950419130132361,0.8628574736105985,0.9838942797931666,0.9477511771072407,0.8505010734500018,0.9783902162717993,0.9678882720664703,0.8383911192673618,0.9781987244861863,0.9233770901075871,0.8789703442321027,0.9596314618604446,0.9855187135843996,2.4282834259068524,2.3323782582145114,0.570125926018291,0.23587701870734457,-0.3420917378887701,-0.310682143023674,1.365407529112948,-0.371243237776144,1.3489244310677648,gaussian,linear,0.0,logit_quad,0.6,3000,0.3469504898927067,-0.09667522256039116,0.2570551719797969,0.2619555215469233,0.9237482765353743,1,12.0,0.009157369283709733,0.3006983321926209,0.8548606508902513,0.9613862006241969,0.9565964105384868,0.9453613945883067,0.9132728813590876,0.7760372791239355,0.8069042016846593,0.9613862006241969,0.25,0.9914634452390311,1.8657790227584454,2.159766859652362,0.4436257124530979,5.988534494118555,toward_HQ,0.031409594865096147,0.0059447316546314966,0,1
2.898351193442482,1.0,6.0,5951,1,blend,obs,0.603,0.8011019954623657,0.9586292660072574,0.8710481367224951,0.7214846136834123,0.9327083942857445,0.8540506605741797,0.8908976498753604,0.9882335969372532,0.971366965547025,0.8618211253680266,0.983119478154682,0.9481374425752354,0.8804876941533624,0.9869781785760465,0.9600498604718015,0.8391744385050786,0.9722888136130081,0.9216656878439571,0.9371109622442733,0.996335004438601,0.9941027103257793,0.8578711062605028,0.9805739053419387,0.9778949921866721,0.9492567332676057,0.85021776503913,0.06309250840505481,140.75774533503974,8.522945573888734,0.9840850788505463,0.04628567244586634,8.233050007841824,8.070698722376896,5.40592057540452,7.484241326971814,5.358457141337215,gaussian,linear,0.0,logit_quad,0.6,3000,0.764527448879786,1.2424723499746826,0.16543013369519252,0.21198321756350555,0.8501379918545869,1,8.0,0.06485194292373525,0.259890821319962,0.6365370383416691,0.8947291864677113,0.9112956887484294,0.948078016369748,0.9536419678991577,0.6752995679745476,0.39789611979872874,0.9536419678991577,2.0,0.11823643351794866,90.43868097800825,9.518855241635963,-0.4779449010948968,5.9465673679931355,away_HQ,0.1623512854649274,0.05514392511289384,1,0
2.3131485464277444,0.0,6.0,1157,1,blend,obs,0.6016666666666667,0.961387556263411,0.9984631138571664,0.999685843456981,0.7447698231376675,0.9454587665261345,0.8777990882167611,0.9282167367779062,0.9953366767137785,0.9865913135910473,0.9238030383832695,0.9948162485787306,0.98431589420548,0.9267753884017573,0.9952142518911689,0.9856149588379707,0.9674135707325929,0.9989023136027102,0.9997443601268206,0.9040250033325119,0.9914993155992632,0.9852463697675651,0.9458955442874142,0.9975309873450553,0.9942208095524342,0.9914938441993139,0.8118090237808671,0.04299188908489945,197.2910927175211,9.946871514797627,0.8701637710219174,0.13984492071189206,3.5515008988931416,3.5950825864769937,4.490646361004211,3.5008489106399794,4.509807730740502,gaussian,linear,0.0,logit_quad,0.6,3000,0.7372156688551008,0.7298805042500995,0.18767484400914838,0.21663216152766615,0.9642364993004418,1,18.0,0.01459949977587804,0.2115975748177294,0.886942320443946,0.9085378659605128,0.9359198592664927,0.9843139627038502,0.8604618645577327,0.6323174415907458,0.35988843396819903,0.9843139627038502,1.0,0.04782096716111136,186.0666218322145,10.19178647274027,0.007335164605001129,5.913098558496167,iso,0.04358168758385217,0.004829078076211912,1,0
0.3668614192194881,1.0,16.0,7621,1,blend,obs,0.6066666666666667,0.76488952453639,0.9536058804294567,0.8484702174897695,0.9449501762909842,0.9976602261838737,0.9926836899745883,0.9922417771786786,0.9999360091958343,0.9998035945886954,0.8224384197471348,0.9743602979420632,0.9185433256155675,0.8296512334158319,0.9765031842132322,0.9246513043746396,0.8086346075185209,0.9698845938969519,0.9026754354083831,0.8722755863936829,0.9849147107515633,0.9838782782985737,0.7278416545859594,0.9366912334323712,0.7786815793312936,0.8197409520954438,0.8655137519465377,0.6717068720350731,20.971004245200945,5.394105679920042,0.7662632706276773,0.1846394055960243,-1.3059717591790176,-1.2341046511959788,0.5467805176790885,-1.6051476320266178,0.5411865150360445,gaussian,linear,0.0,logit_quad,0.6,3000,0.16457237765443283,-0.5622166529096575,0.30674315879075353,0.3630815771547839,0.756254943744455,1,18.0,0.017300151657779216,0.42538925688670615,0.7210881653093755,0.9831971932028442,0.9693567581734379,0.9185391103431345,0.557558732596964,-0.07173750708177566,0.15089633301653116,0.9831971932028442,0.25,0.7782532106478791,13.68523418580271,4.875234261621754,0.7267890305640904,15.693590814426805,toward_HQ,0.07186710798303886,0.10654633861280605,0,0
2.16586267124306,1.0,6.0,2965,1,blend,obs,0.5903333333333334,0.7980445233106717,0.9579759722390571,0.8615144104162913,0.7698897457074343,0.9540836894708301,0.8862146203612742,0.9591224238714028,0.9979421729528256,0.992788005749665,0.9524626579983417,0.9978520624114597,0.9957433824378867,0.9635011088234327,0.9986804812738014,0.9970241603593718,0.8348817031516486,0.9714059635395895,0.9131515204596924,0.9520849015786202,0.9978542082553856,0.9985289936408008,0.8532859471295133,0.9796594417316034,0.9693084709295211,0.9619378853593583,0.7890896938229771,0.03949273253644052,161.42316141716972,11.802121200501832,0.9625636153212479,0.07244780206325353,5.862903133813353,5.681041947445586,3.9198551217823363,5.839642243076765,3.9220448681336157,gaussian,linear,0.0,logit_quad,0.6,3000,0.6622985861478927,1.1538445137022215,0.18387071853021453,0.23189730057663233,0.8509520348599972,1,8.0,0.05538965958057424,0.27866196072326543,0.6598342954774996,0.9296946575892081,0.954914312717307,0.9957402082566588,0.7433115394132599,0.5158883788980688,0.35828681847190313,0.9957402082566588,1.0,0.07582774525543885,107.58892245260103,11.761195983470264,-0.4915459275543287,5.944989991120243,away_HQ,0.18186118636776616,0.03633501271899833,1,0
2.036776333101575,0.0,10.0,8588,1,blend,obs,0.595,0.8861293543734333,0.9877486891193167,0.9991931276869382,0.7719940861003303,0.952091874598515,0.8900307200036517,0.9418406234811996,0.9963606650992933,0.9911864154263956,0.8769020711268467,0.9855033142428861,0.9518464168622058,0.8945235741192908,0.9890859052622831,0.9673423530647733,0.9316488356958947,0.9956387069015349,0.999668918695183,0.8231437094009024,0.9696376247802057,0.9600738240045243,0.8631842074005712,0.9833289668586647,0.9700455929427844,0.918047264963957,0.8660733278458581,0.6265199101576038,16.70041489147706,6.436848749742429,0.7895512443660593,0.17193052875166465,2.312996641787676,2.4730699431558993,4.036143932968691,2.6564510088315663,4.110934216128628,gaussian,linear,0.0,logit_quad,0.6,3000,0.6582012533981603,0.6071955193441325,0.18192465642693367,0.2973420037566471,0.7977779264400015,1,12.0,0.06438221534437108,0.3045653510006371,0.5973255192333192,0.9032031158078909,0.9182903163406987,0.9518463930606407,0.8935723978452357,0.554430945691671,0.4137303518551295,0.9518463930606407,1.0,0.6589585197761361,16.408245132602715,6.556531025769166,0.051005734054027634,9.772663884309395,iso,0.1600733013682234,0.03243860961853229,1,0
3.527611473610239,1.0,6.0,328,1,blend,obs,0.601,0.7545693460867707,0.9452185840929456,0.8454410307581001,0.7162219252389734,0.9298002435941195,0.8596191756061464,0.9054387225456799,0.9908451193619419,0.9804837128832569,0.742729326414958,0.9416462935882902,0.8528472191765837,0.7514419160702949,0.9439557644705886,0.8698729660897702,0.7646551396269956,0.9490429000722477,0.8700169493959209,0.7020612211002537,0.9188703874324923,0.8868219695033218,0.7925981453595776,0.9621107897086105,0.8736046914715934,0.8125303452440891,0.9421078711453039,0.9359135771794592,5.02643282812977,3.1339487999353417,0.602665148728727,0.22648217191862613,0.7919735178890226,0.8577803708250253,6.0933214768655395,0.5168893541125801,5.96806403727811,gaussian,linear,0.0,logit_quad,0.6,3000,0.7740135797340918,0.09689472964278403,0.1605482542923441,0.19180229068373944,0.8507769540660683,1,8.0,0.0652667081810057,0.2553308836577659,0.6287850963909865,0.8557637536802025,0.8553561415570449,0.8528462450197257,0.8363721122962908,0.6124539652458919,0.6332867160065216,0.8557637536802025,0.25,0.9590139640102586,3.627716439210216,2.959558074538901,0.6771188500913077,5.998554198248225,toward_HQ,0.06580685293600275,0.023100386830799402,0,1
3.374116774628961,1.0,10.0,6023,1,blend,obs,0.5963333333333334,0.7440451280049937,0.9350739919224863,0.7790373797235105,0.7099031084948875,0.9262948844392126,0.8525950283516903,0.8770954891075758,0.9851081222151551,0.9701462319021072,0.8229814172552343,0.9705646028544952,0.9151965416474956,0.8367066746402365,0.9744221233464955,0.9310928810930239,0.8420218138579587,0.9737413293711003,0.9335005253566273,0.8359556752819531,0.9761566441863774,0.9702700828263112,0.8653799073788856,0.9830195397506432,0.9941656537920619,0.916557320238076,0.8599795866139435,0.10889308515663029,114.46705887026438,6.847661363185905,0.9722819838087514,0.060268564260051755,5.537191964528753,5.150450011074433,6.187644813207773,5.757798289047757,6.124878978319251,gaussian,linear,0.0,logit_quad,0.6,3000,0.782345437732233,1.31442665691482,0.15390072441906774,0.27167217614105027,0.6278202723596605,1,8.0,0.1638162656328391,0.36592168665821223,0.42058377524592616,0.8749099743250427,0.88774245535816,0.9151842317586372,0.8975510599778478,0.5901988767300302,0.3753203058867871,0.9151842317586372,1.0,0.17665808382171277,83.61326563036702,6.7561294883709175,-0.5320812191825871,9.77914664635048,away_HQ,0.3867419534543197,0.06776499866508248,1,0
3.420647511200752,0.0,6.0,3522,1,blend,obs,0.6093333333333333,0.9565607774180273,0.9981564921514248,0.9988573088900295,0.7397537040186801,0.935295273561617,0.8697554863711441,0.8862237751359981,0.9862014792611963,0.9759255483734425,0.8475917114389337,0.9756656727248161,0.946686961902093,0.8501589105703324,0.9764193748915485,0.9509345021192982,0.9709977499607039,0.9991736288195989,0.999416910095994,0.8744154099260347,0.9844541822456481,0.9792506077745448,0.9341268212341249,0.9956175408925539,0.9887943577275953,0.9471028015743218,0.870350539970499,0.08826426936372643,119.37707233637917,5.52414624495471,0.8753447042964579,0.13242043618483856,4.2848886510480275,4.375863417536151,6.97854731755716,4.345564384968134,6.674472323153516,gaussian,linear,0.0,logit_quad,0.6,3000,0.7528501642380836,0.7168522957178766,0.1539560482306284,0.20103670775259724,0.9237071524091136,1,12.0,0.03105270725873277,0.20335239760929688,0.757089909145924,0.8902810791801927,0.9086340572443623,0.9466920211848805,0.9741569376570235,0.7180726269663965,0.40230512087192705,0.9741569376570235,2.0,0.08959125103610235,116.99406494682843,5.638093293662111,0.035997868520207,5.907126627629844,iso,0.09097476648812375,0.0013269816723759237,1,0
2.0114102828151874,1.0,6.0,5151,1,blend,obs,0.601,0.8404009068097371,0.975635340817227,0.9326637883577461,0.7851934130738436,0.9579576344157907,0.8995997004262061,0.943586266596729,0.996639659690993,0.994923914471987,0.8318221629389146,0.9727100924626442,0.9290768430719595,0.8342768514885492,0.9731189179867101,0.9347928520225701,0.8438696546586041,0.9763781137967361,0.938994180532828,0.7858042478582301,0.9554763943869403,0.9364945193029798,0.8209982437336029,0.9710824392722801,0.9048128830213076,0.8709191953106714,0.9368490229512324,0.9635125148387451,2.501789718890274,2.974111139577465,0.6178813645316841,0.22872902727929287,0.9465818678583493,0.9974734076971706,3.519321234273389,0.8714254652397538,3.5485024351267116,gaussian,linear,0.0,logit_quad,0.6,3000,0.6315728147364001,0.17933880486418913,0.19503838949134522,0.20668571104523067,0.9229980401762279,1,12.0,0.022859259491266395,0.24353054615100034,0.8008785451103628,0.9064019378547603,0.9144174120445898,0.9290818270068464,0.9512886658304328,0.8777151759849494,0.6729368550480334,0.9512886658304328,2.0,0.9645968693272396,2.1189352131020462,2.7141074828014626,0.45223400987221096,5.995242580931759,toward_HQ,0.05089153983882133,0.0010843544884945322,1,1
3.5763116648526747,1.0,10.0,5985,1,blend,obs,0.5983333333333334,0.7520656286968743,0.9383526768218883,0.7806059233627028,0.7087338049908312,0.9202080792952846,0.8318094740041687,0.8536884854768723,0.977397545318722,0.9491483407951711,0.7903089948030518,0.9573433560190727,0.8968338220712511,0.8052008164707691,0.9629061839188048,0.9098462517306843,0.8013466523284019,0.9592562143925469,0.870718334867143,0.9341722022915645,0.9957872112346752,0.9943619833891193,0.8493667151485516,0.9782848081704251,0.9640069049946414,0.9164257263766606,0.9100648667859339,0.21239608721616915,60.33446445754848,4.252068685691393,0.9821028906945295,0.046520940026732044,7.614667622460071,7.42540291863275,6.524800058444472,6.866831443883496,6.343715067881656,gaussian,linear,0.0,logit_quad,0.6,3000,0.7590561398657759,1.3421882501847973,0.15532729278761948,0.23241583741440247,0.7915358786716803,1,12.0,0.07793537911103303,0.28258611411833856,0.5496635716593388,0.8605752186826899,0.8717078834929302,0.8967640779147841,0.9739478526333012,0.794582019159156,0.4575097838742881,0.9739478526333012,2.0,0.13651197179165464,86.33119546490462,5.220245959710467,-0.5831321103190213,9.794676418673943,away_HQ,0.18926470382732052,-0.07588411542451451,1,0
2.9954318809202416,0.0,6.0,4195,1,blend,obs,0.59,0.9637252703428223,0.9986282759958531,0.997507070803653,0.7037473330947958,0.9232356286755946,0.8565714844703811,0.8713426559231492,0.984539480623048,0.968640318608832,0.8600800054905895,0.981793826669072,0.9603289874673142,0.8621310611893154,0.9822981047025193,0.9619690147255902,0.9677542484131703,0.99892172037556,0.9975901082261983,0.8766143694485886,0.9857534400676694,0.9791186334076785,0.9323387498382696,0.9955573060760816,0.9858285855682618,0.9853618486758029,0.8251322070963525,0.2712180828569595,38.53195936495017,9.085158873753102,0.8956848560011024,0.12434634994544073,4.4158042470627095,4.460802847161957,5.69845811836984,4.341226734569371,5.676630471827327,gaussian,linear,0.0,logit_quad,0.6,3000,0.7589056342115861,0.7395991874565768,0.15805111448420017,0.18022299014618037,0.9647086688961583,1,18.0,0.015003809751506994,0.182802226209694,0.8646016941987259,0.8851139283129523,0.9101822176285187,0.9603164199540675,0.9369498550134848,0.754788105598365,0.375345495787225,0.9603164199540675,1.0,0.2648737589030097,39.77922025305214,9.227573746165996,0.01930644675500915,5.936237356604855,iso,0.04499860009924728,-0.006344323953949793,1,0
1.9374026327541993,1.0,6.0,8692,1,blend,obs,0.5966666666666667,0.8620981924967389,0.9833027061464105,0.962072079550567,0.7473547727644099,0.9467131037628836,0.8903493075330818,0.9094713373777314,0.9925199278298513,0.9879664015235865,0.8447523468751847,0.978583231165887,0.9559861443789748,0.8458304106712271,0.9787757630662743,0.9576417466671245,0.8620963161006742,0.9831871477581485,0.9631609821966244,0.7961241868000223,0.9619940511838293,0.9496713674826375,0.82862233161739,0.9756842279981505,0.9342303285334288,0.9201447947338296,0.8913599008889677,0.8694441006038099,7.431255428039881,4.086544095553259,0.7067445403758252,0.20926551044455724,1.762599513930574,1.7855616229903029,3.592527795810505,1.6554136551247765,3.591099954412024,gaussian,linear,0.0,logit_quad,0.6,3000,0.6764373118329255,0.3514374556832985,0.20075905899921284,0.2134580664915976,0.9647292528084651,1,18.0,0.012527917821569335,0.2238467379270614,0.8968594354259857,0.9072216566651388,0.9246383636888708,0.9559866475077425,0.9977741768185507,0.8575446993265834,0.49534671675934494,0.9977741768185507,2.0,0.8698124146071995,7.116733282666792,4.119844311379983,0.324999856149627,5.992847208168688,toward_HQ,0.022962109059728952,0.0003683140033895471,1,1
2.6873958204421133,1.0,16.0,9338,1,blend,obs,0.6156666666666667,0.7058443963036835,0.9197741823257725,0.8652543045500821,0.7508609496592332,0.9471646560257707,0.8862595736529972,0.9433716993147199,0.9968226171782298,0.994744843799917,0.8211975399735318,0.9732399078303117,0.9141446271687806,0.8764985120807313,0.9862763114998145,0.9621624601060962,0.8931689837518393,0.9883450119662982,0.9831357474055454,0.7298198828755083,0.9350914768989192,0.9232631217560492,0.8600979771792263,0.982073045628585,0.9657440616511731,0.8526161764188132,0.8960751302368196,0.2065509807555923,69.28225031997032,4.595674660093228,0.8782752181052605,0.11244542646329898,2.393884468446755,3.0415301988775405,4.786793488413393,3.5240551483687197,4.785135800891616,gaussian,linear,0.0,logit_quad,0.6,3000,0.7450303925249212,1.0025806655244014,0.17164119198774042,0.4365012205710216,0.26749502918499163,1,8.0,0.3096351204352594,0.4787217336897685,0.35854062999147435,0.8910917535996405,0.8974802391011413,0.9141434393521589,0.9387296917373824,0.1894205684359769,0.4478406074955956,0.9387296917373824,2.0,0.20468518519502918,66.1140059133251,5.925065717446641,-0.2575502729994803,15.468863362782365,away_HQ,0.6476457304307854,-0.0018657955605631271,1,0
2.8651792575507335,0.0,10.0,7827,1,blend,obs,0.5963333333333334,0.9278144612160778,0.994633697825226,0.9970759744034495,0.7211566714171302,0.9328287749004781,0.8661397227242695,0.910043424348719,0.9923989212545388,0.983580635275344,0.859741841699764,0.982230768121237,0.9571105315731782,0.8679044515811514,0.9841507780445892,0.9634651407339995,0.9453550516516799,0.996896755176047,0.9975030532772589,0.8362969827897189,0.9750447767706347,0.9649071695540918,0.8872498869551515,0.9891273135126377,0.9706456311076003,0.9436358173016801,0.8481180206729193,0.4354810202213498,30.68419424913164,7.295892649730325,0.857319410896667,0.14335409542225194,3.3922810436335467,3.4935285350855025,5.307697266222723,3.474501183653118,5.333303499170528,gaussian,linear,0.0,logit_quad,0.6,3000,0.7642918227981929,0.7235156933559951,0.1691054180486597,0.22869257246085306,0.9033262163310021,1,18.0,0.04124610834108729,0.23361234886451876,0.7238719137520028,0.8880101805914081,0.9102526553620379,0.9571232519237014,0.9565074347645396,0.7359987279540042,0.3853271785393988,0.9571232519237014,1.0,0.4370696028166245,29.8346597654987,7.92291845421248,0.04077612944219779,9.757743994185535,iso,0.10124749145195588,0.001588582595274668,1,0
2.3496596194063426,1.0,10.0,2842,1,blend,obs,0.5956666666666667,0.7443312808227157,0.9428401583859689,0.8140247240735907,0.7481560986008049,0.9420781795835634,0.8674809974660584,0.8904259596324658,0.9874659003573811,0.9717127165803817,0.7390183996550165,0.9410453413551791,0.8323387104976101,0.7609785967608151,0.9483011674544666,0.8674497260460087,0.7732622061862602,0.9535048418710766,0.8622983756415151,0.7424905085621856,0.9367499213533539,0.9126680706110181,0.7231095847691538,0.9326887205649361,0.7519081437643079,0.8190807118172619,0.9392919837294189,0.9428316882812379,4.934572481920915,3.4441511043728186,0.6021541489303299,0.22711968115844228,0.34625171240149544,0.5248701311670078,4.292224735846787,-0.13599030574940743,4.273535224649023,gaussian,linear,0.0,logit_quad,0.6,3000,0.680621833778218,-0.027928322501465985,0.1810747035506004,0.2250134399506869,0.7971400960561413,1,12.0,0.06422817305902792,0.30329920595567234,0.5970167412079039,0.859494641351644,0.8524075666183014,0.8323398566884935,0.7486577972482229,0.2040152011300796,0.5760406427231817,0.859494641351644,0.25,0.9831783966126619,2.6621821316988203,2.4050429011289114,0.708550156279684,9.953959605173267,toward_HQ,0.17861841876551232,0.040346708331424064,0,1
0.9231843347991262,1.0,6.0,6339,1,blend,obs,0.594,0.8563681040736297,0.9790711881176708,0.9344551884352,0.8620353394067166,0.9828546979270889,0.9549553724293027,0.9596617608390194,0.9983378451080747,0.9982611947633915,0.9520953360919564,0.9980295227034651,0.9939872654496477,0.9580603075291216,0.9985156779381779,0.9948971005729059,0.8696157962263489,0.982756397923988,0.9449971213095144,0.9355969103716043,0.9957562716094361,0.9945420445244477,0.8953822280407445,0.9894641032246537,0.9728351920254578,0.9168562976565078,0.8169381004081786,0.5283277241583718,15.77608731214413,8.799558954746637,0.8781603666661139,0.13805061954651598,3.36191936441464,3.3116830181688885,1.7855087386639898,3.4314518431720655,1.7889572284384891,gaussian,linear,0.0,logit_quad,0.6,3000,0.41961586660884675,0.8337811255704927,0.23946806621829286,0.2617116438252765,0.9231686618512746,1,12.0,0.013515154020808325,0.2848114912360713,0.8407949594274106,0.9801974120772513,0.9933846207584527,0.9939996894532676,0.6929537005972634,0.3276492233648193,0.35915917080813453,0.9939996894532676,1.0,0.5367219403278526,15.17019247908391,8.536523973247663,-0.41416525896164597,5.946930591715076,away_HQ,0.05023634624575157,0.008394216169480773,1,0
0.6731519801373986,0.0,6.0,7083,1,blend,obs,0.5943333333333334,0.949467129124559,0.9975173667595556,0.9989359727061249,0.8854524151573617,0.9886826213650785,0.9645931520310392,0.9714974090798221,0.9991641872490794,0.9973165869795861,0.9567687502450749,0.9982499818118844,0.9959289550914634,0.9645360673156969,0.9988413533606881,0.9968160341488416,0.9626552261100276,0.9986643149883164,0.999222880581862,0.9091536330271911,0.9917942723313707,0.9893975636735306,0.9246629508407238,0.9948935249743348,0.9905767272857884,0.9636857246389634,0.9020632402400027,0.854793581581548,10.749655172671334,4.486881955262242,0.6729015614004445,0.21669141228674002,1.1427797523098548,1.167416733192011,1.2899888676767324,1.150474780660172,1.278493420348406,gaussian,linear,0.0,logit_quad,0.6,3000,0.33837354131092146,0.3333412304370416,0.26528600358937665,0.2931254397265428,0.9239436951338307,1,12.0,0.008417415055909053,0.30842338488317533,0.8601358281891035,0.9739892935873345,0.9829726193575918,0.9959280149350023,0.9298829330983761,0.24735679914071165,0.38831092200661,0.9959280149350023,1.0,0.8938030688904182,6.270946258299266,4.22203646420131,0.0050323108738798165,5.946707899266205,iso,0.024636980882156045,0.03900948730887022,1,0
2.7160449803520295,1.0,10.0,8694,1,blend,obs,0.5953333333333334,0.6714305219288106,0.9119150631490848,0.6909124506067847,0.7326955117248037,0.939963309604932,0.8584026303915446,0.9185293251380752,0.993588287951661,0.9822767708734444,0.6843633349052443,0.9202097552016383,0.745624204070567,0.7225524729801144,0.936782078216099,0.8269288062272893,0.727345118839104,0.9380029889966607,0.8204946267953314,0.688584176832223,0.9135607134594248,0.8795751099374964,0.7669569830489322,0.9539996826254181,0.832843703122425,0.7406973090522463,0.873508316116228,0.5722911451429233,28.549937399393762,5.374824861034336,0.7257783400454938,0.2027714414250901,0.04878659988136728,0.05155649756160865,4.941341153806608,-1.0766801365803935,4.939382507955456,gaussian,linear,0.0,logit_quad,0.6,3000,0.7469855754513571,-0.23900813116956682,0.17313263885067087,0.25308037945365125,0.6356330332886961,1,8.0,0.1485846537950963,0.3785709958415808,0.45733202160875797,0.8392107690656062,0.8170100425207292,0.7456254422783858,0.38695501983654784,-0.16022012611756534,0.04954592070916852,0.8392107690656062,0.25,0.9768053542705032,4.355931366233151,2.670228835812158,0.985993706620924,9.968094789338307,toward_HQ,0.0027698976802413705,0.40451420912757985,0,1
2.471297383420712,1.0,6.0,4076,1,blend,obs,0.599,0.8202304796655981,0.9655322851683688,0.8845674472396926,0.7460674811325998,0.9444679432124743,0.8839742099417294,0.9113243021477744,0.9920746940511415,0.9853423001654603,0.9113403414784901,0.993144463753827,0.9802691104454333,0.9262787684678148,0.9950078080697801,0.9868859199910331,0.8544029552965315,0.9770354215824663,0.9257310017794795,0.9157143553475722,0.9933081283953956,0.9941481548823233,0.8843031031996108,0.9869312696566928,0.9809757401602851,0.9532446422758998,0.830626932514253,0.13667441670241517,88.29231756393749,10.386471167106423,0.9773100174808758,0.055231401784238424,6.475576116766746,6.661166105850816,4.510269115908543,6.684881065996592,4.473379438882528,gaussian,linear,0.0,logit_quad,0.6,3000,0.6984106473246696,1.1929096107525747,0.17210065130611482,0.20656186611099542,0.8491072468005175,1,8.0,0.0573258995658525,0.2674965227729829,0.6433752839926521,0.9187749411185169,0.9388171768282485,0.9802758021213448,0.9080668496355123,0.7105020047698528,0.3937748939731718,0.9802758021213448,1.0,0.25686081527966814,44.79564851138012,11.231738411997169,-0.4944989634279051,5.9604209983626735,away_HQ,0.18558998908406998,0.12018639857725297,1,0
2.3558635525730374,0.0,16.0,5732,1,blend,obs,0.5963333333333334,0.7586837139002579,0.9472657583176902,0.9624709871100937,0.7602597876327299,0.9512396955538946,0.8899217268000839,0.9274340871523936,0.9946572800738764,0.9888163202622949,0.7865524500575711,0.9633902117708545,0.8728128293101792,0.838683273536576,0.9774270764529076,0.939304907213581,0.9226915859161504,0.9949381812623795,0.986992368256748,0.7099497460933756,0.9248381269315086,0.9105856509959097,0.7815406812918253,0.9575493824604457,0.8844674900957565,0.8232509365524022,0.880893584893254,0.7188057935079347,10.820161116322755,5.592500600906156,0.8006742737870988,0.16232436443333934,1.4951902023705161,1.7478791070706077,4.252522131364014,1.8236972287881312,4.237732382352995,gaussian,linear,0.0,logit_quad,0.6,3000,0.7027979880406909,0.4104737758839584,0.18220256574621013,0.4795784535950284,0.2651644103245602,1,8.0,0.292514993112571,0.49942666192785934,0.3648234658575932,0.8862478427014318,0.8838353676992766,0.8728182434456436,0.7386688125663948,0.16907814285900596,0.5704125929306189,0.8862478427014318,0.25,0.8647005911178346,7.549925573326685,3.883361139035008,0.2923242121567325,15.532877723647909,iso,0.25268890470009153,0.14589479760989987,0,1
1.0357406700159792,1.0,16.0,3744,1,blend,obs,0.5996666666666667,0.689590213120497,0.9192751956588997,0.6626305726122464,0.8589309505905316,0.982921497623367,0.9476152349335522,0.9846340184912962,0.9997850712072243,0.9994980010115593,0.7406806182193547,0.9459416567447659,0.7981995549837296,0.7826185807767883,0.9618169706305137,0.8687710351462685,0.7798470287706902,0.9605153236527558,0.85789538205827,0.810256755042939,0.9654402890526065,0.9547201395290396,0.71872692197647,0.9319119403902398,0.7310655124773549,0.7482077128897315,0.8450178138115073,0.6130001359695405,13.175201938284376,7.14724584253481,0.7916121871758712,0.17576390219226717,-0.9887516105070611,-0.8970183853384227,1.7422217724551479,-1.76820814456412,1.7468410173485645,gaussian,linear,0.0,logit_quad,0.6,3000,0.4295554914905908,-0.46968967802809036,0.2541236599130735,0.33104644430335617,0.5372130405501734,1,12.0,0.08216715077354211,0.46580602685113504,0.5455568310933164,0.9273468877368021,0.9001195971917546,0.7981854141531913,0.3068092017148921,-0.09606475651641237,0.028406364507753135,0.9273468877368021,0.25,0.8946505269183604,5.183214465914986,4.193818518988093,0.899245169518681,15.693214489586575,toward_HQ,0.09173322516863835,0.28165039094881994,0,0
1.7974800887372324,1.0,16.0,3181,1,blend,obs,0.595,0.7087969001477107,0.9185719493793435,0.7007466248380609,0.7851116629747898,0.9574076760850624,0.8921766008100344,0.9055695734884119,0.9903597133734208,0.9758697240098873,0.8835320119517589,0.9868956688862667,0.9587348175704248,0.912769789238195,0.992503673535969,0.9779588609070627,0.8137170049980239,0.9653454475780412,0.9068466250066324,0.8542894689427378,0.9793922870641175,0.9721303885780893,0.8674453801140223,0.9819185016588203,0.9568165722607674,0.9547751796971841,0.8883057007643067,0.3947715371124984,38.41409216678629,5.009025127820883,0.9321783034201334,0.09285366811798804,3.8081576002031485,4.126219200868494,3.43877681507138,4.513735702082065,3.3696055421309334,gaussian,linear,0.0,logit_quad,0.6,3000,0.6145203583574599,1.2408183346249055,0.1964609535900983,0.3391504984003597,0.539554817823181,1,12.0,0.13206991792431308,0.42828476407078525,0.4587157192396132,0.9127991011342798,0.9274790416292825,0.9587472007715659,0.9608937889687347,0.5963825474876996,0.3977062982295283,0.9608937889687347,2.0,0.22300481712236456,53.093264209606076,6.57921557013514,-0.6262979762674457,15.319868502448717,away_HQ,0.3180616006653456,-0.17176671999013385,1,0
0.8377167173549949,0.0,16.0,1623,1,blend,obs,0.6043333333333333,0.8566303019905543,0.9801599255875287,0.995746817987151,0.8647456455787,0.9856490161084158,0.9598770200562984,0.9733987319025357,0.9993926685030279,0.9983083280272896,0.9038012553499314,0.9923737020696854,0.9825942341896542,0.922229893471158,0.9950876183634423,0.9874891175069642,0.9086167485010157,0.9920061007846044,0.997111538706902,0.853569606287072,0.9803435438393466,0.9787327427272534,0.8166415119440638,0.9719123575234733,0.9305398862866057,0.9154316674964174,0.9083221510862098,0.3907411801643297,46.77147481589791,4.499829556857233,0.6978177823646592,0.20191345535290853,0.8914659005544006,0.9467989514145692,1.4628730119935678,1.104394945698851,1.462317630514863,gaussian,linear,0.0,logit_quad,0.6,3000,0.3949069438758069,0.34202767772490217,0.2740748033838558,0.4081927955560629,0.757735964935749,1,18.0,0.04593886814892474,0.4002921444003318,0.684686939821017,0.9644289756141532,0.9697794877995464,0.982596578569798,0.9746115624762808,-0.3124535134996659,0.2530249133700896,0.982596578569798,1.0,0.680200536444755,23.292886540443273,4.132252516783031,0.05287926615090472,15.459681860626217,iso,0.0553330508601686,0.2894593562804253,1,0
0.5813464976975311,1.0,6.0,6530,1,blend,obs,0.601,0.8995917516938359,0.9917195615485216,0.9746673215913465,0.9101284138724527,0.993468671731133,0.9802465595177599,0.9753824704949348,0.9992810627333042,0.997674900615959,0.9002400196176701,0.991826464687321,0.9748029740378236,0.902182748247889,0.9920832817759033,0.9760332735680611,0.9014674363775189,0.9919575672187917,0.9759091372546717,0.8861999633625276,0.9875998614777886,0.9831917446371143,0.8657791937449064,0.9855745176555144,0.9540081121896868,0.9079667635095781,0.9809455085450342,0.9967941882917333,1.488069769096718,2.0667334359489513,0.5289179687988691,0.23876820397860318,-0.08616137523987176,-0.07555630690707424,1.0869785449805593,-0.08901884008553954,1.0801032945813462,gaussian,linear,0.0,logit_quad,0.6,3000,0.29929524181707345,-0.02530805136106043,0.27949788242225226,0.28817164857951494,0.964632931655083,1,18.0,0.005393264142876682,0.29984898607153293,0.9321288228587652,0.9789249510100173,0.9777155577834558,0.9748024969837036,0.9663647489852272,0.9310419538780852,0.9071874952886783,0.9789249510100173,0.25,0.9974009860496755,1.3488491459999836,1.982761462560968,0.3246032931781339,5.9738217366527415,toward_HQ,0.010605068332797521,0.0006067977579422568,0,1
3.7078668291384593,1.0,10.0,665,1,blend,obs,0.6003333333333334,0.759891626416593,0.9418537110003785,0.7929277262281746,0.7164667908750959,0.9244012135648354,0.8459478026344934,0.8757394324678499,0.9835774190850394,0.9670712230640067,0.8171247458740112,0.9676372783735804,0.9225874034301184,0.8354208591727204,0.9735486747028886,0.9371060294610211,0.8078702263678172,0.9616945040080754,0.8752275466970102,0.9281232761949486,0.994961710504336,0.9937082242748101,0.8602520639540653,0.981330270282539,0.9649687167417526,0.9218938180979782,0.8925559873457012,0.010099094620307026,411.087702968736,5.865707522492165,0.9840870075423764,0.043694302804568715,8.489072125523444,8.30002905039337,6.970783541046509,7.254489831373387,6.786275324555175,gaussian,linear,0.0,logit_quad,0.6,3000,0.7539783902384354,1.332722337489347,0.15273505368568033,0.22612020945167688,0.7952207384625365,1,12.0,0.07709460046542288,0.27890308811528747,0.5476276893088603,0.8807114784356483,0.892011814689845,0.9226231600143405,0.9974139450300811,0.7909926754899868,0.4262637142648178,0.9974139450300811,2.0,0.007759367380940881,469.97124555533264,7.365795481800975,-0.5787439472509118,9.733294732785549,away_HQ,0.18904307513007446,-0.0023397272393661447,1,0
2.126225705993248,0.0,6.0,5153,1,blend,obs,0.6026666666666667,0.9657376807625968,0.9988182112518966,0.9992737562948113,0.7778240839696531,0.9599627047818959,0.9070868869493857,0.9695713908702943,0.9991229629292944,0.9987204054011848,0.9450695453234926,0.9973876865263122,0.9930478338943736,0.9467695827914865,0.9975256310629911,0.9936825290156764,0.9718235923259735,0.9991949390547868,0.9994471277047304,0.9091405173229147,0.992439395847078,0.9890646568794285,0.9561431391204888,0.9984633012043912,0.9960788806099665,0.962071921311155,0.8289758183379271,0.5106442188121469,20.101838495661053,6.567383121159379,0.8479457908920829,0.15340591436572773,3.0528973354293307,3.086951358325814,3.556671176774744,3.041779684338615,3.582150754899014,gaussian,linear,0.0,logit_quad,0.6,3000,0.6966267181702178,0.6877076616093569,0.2130203321258854,0.23092566035618434,0.9648722301645185,1,18.0,0.01380701778731772,0.23563577146649717,0.904023743085089,0.9370545302274583,0.9602704755753829,0.993038855153906,0.9338362252444153,0.6394425201753215,0.37822973598835574,0.993038855153906,1.0,0.5191949356753098,19.205246257195267,6.628390135318052,0.008919056560860884,5.93760876397403,iso,0.03405402289648318,0.008550716863162888,1,0
1.6263957255035244,1.0,10.0,8115,1,blend,obs,0.6103333333333333,0.7152790589136657,0.9349744655479889,0.7587015122477269,0.8181938964463358,0.9716368280074366,0.9268783994045309,0.9568007781219654,0.9978956805086248,0.9945316854140765,0.7386323053424417,0.9457221727822827,0.8147539383982243,0.7733004420690802,0.958570419347539,0.8760638652462504,0.774194895919433,0.9587744924165903,0.8711639506198047,0.7606593233002408,0.9476799508323608,0.9331205676875047,0.7957493798557733,0.9650145771072474,0.8806412922218095,0.7460284234194144,0.8677500393877113,0.6217176910266309,16.781340296074113,5.552801524354332,0.734625233421742,0.19375857291378729,-0.6186706132285407,-0.5827656967694578,2.867213685651034,-1.4420223921557265,2.8458585254975532,gaussian,linear,0.0,logit_quad,0.6,3000,0.5951755874412794,-0.36737718187238455,0.21406758922603564,0.278857087537003,0.6221659046020593,1,8.0,0.129603721781084,0.4041399533487744,0.5296867767025609,0.909343976576281,0.8881043949441595,0.8147601923247493,0.41179845538223026,-0.025189254684260188,0.19686803591851165,0.909343976576281,0.25,0.9598240843388745,3.2171827071238406,2.9225630064028945,0.9625527693136642,9.972082409143207,toward_HQ,0.03590491645908289,0.33810639331224357,0,0
2.0364155929595094,1.0,10.0,212,1,blend,obs,0.5976666666666667,0.796982481593556,0.9601907033927672,0.8734447052438369,0.7891102344239724,0.962622565710965,0.9137571639342418,0.9811830281017578,0.9996319715505185,0.9989054914762963,0.9735780778541352,0.9993375372723285,0.9991490815369021,0.9654588836733482,0.9988320145033676,0.9973426834163651,0.822275774808853,0.9696073662948839,0.9064722212997489,0.9603689707318108,0.9982265832208449,0.9971830910677841,0.8950020687422698,0.990012244041809,0.9731302791352353,0.966827892635413,0.7841265084333543,0.03169094359705292,190.14744579546164,11.504767045015685,0.9641002406948498,0.07039905309737454,5.447864493441777,5.5666112015237035,3.545050912000162,5.553385105875686,3.573055605647727,gaussian,linear,0.0,logit_quad,0.6,3000,0.6607052056949383,1.147007623611978,0.20625241244351972,0.2127349880312644,0.9014710754305437,1,18.0,0.03793184755656055,0.26816064644279175,0.7691375120827832,0.9557698358552282,0.9773538459849512,0.9991447430123154,0.7471912175896225,0.5239177720775781,0.3399685940887507,0.9991447430123154,1.0,0.03255462684414509,196.81874313721465,12.862723284881918,-0.48630241791703965,9.911253555740561,away_HQ,0.11874670808192622,0.0008636832470921701,1,0
2.3938229143426026,0.0,6.0,6344,1,blend,obs,0.593,0.9203330021531401,0.9941755983125992,0.9982814030261042,0.7250365879144696,0.9353884716351092,0.8613974553427564,0.9016775220786649,0.9906309465196442,0.9802871853670688,0.8498673000974032,0.9794081717373914,0.9376929321716392,0.8598090007303205,0.9816797389102327,0.9479557748925488,0.9481814090687449,0.9975730219444624,0.996970051642563,0.8110167134904682,0.9681980446168196,0.9532036071120509,0.8874719038553954,0.9885143350641955,0.9803453990123775,0.9265327946966928,0.8567963547493425,0.5621028732907141,16.90923839448179,6.240222412826947,0.8221787631568407,0.15810957781840293,2.899040685738349,2.950094083197294,4.6909406775637805,3.051929739668283,4.692428096979424,gaussian,linear,0.0,logit_quad,0.6,3000,0.7086895862716515,0.63497107405845,0.16953339448657054,0.26149610436035786,0.8504719312000197,1,8.0,0.05469011219008296,0.26538123677547526,0.6388296194052467,0.8764898621898973,0.8943114825009331,0.9376935073867412,0.9304092013548895,0.6926574698815364,0.3783044275442877,0.9376935073867412,1.0,0.5868168120040722,15.423296443487782,6.538008789687612,0.07371851221320151,5.9340124206205065,iso,0.05105339745894488,0.02471393871335814,1,0
3.628523396492574,1.0,16.0,6095,1,blend,obs,0.597,0.6380615816116433,0.8922968105395573,0.5446967258026741,0.6902203633514665,0.9167068584932438,0.8322128347587973,0.8554883698610243,0.9801862871938606,0.9556086206922282,0.6508368608566184,0.9023854818491306,0.6980697746953122,0.7000068162220421,0.9252955687122565,0.822623953223656,0.7463020061995171,0.9475958666196116,0.8519592104669902,0.6407761632396065,0.8844189475052068,0.858406446510506,0.7034826336379496,0.9193150171394292,0.6750261193793218,0.7379927143720453,0.8306391172737561,0.23742764919843318,55.70201922811261,7.76921091332941,0.809033680487725,0.16323592188834432,1.042192207914736,0.8970796275620578,6.644150734032579,-1.3233426803976203,6.50988114960412,gaussian,linear,0.0,logit_quad,0.6,3000,0.7951724070950045,-0.28727080175941927,0.15203906356437583,0.3744010981756578,0.26958661333998657,1,8.0,0.3214171262075793,0.4762201393132195,0.3192621458295293,0.812381028264341,0.7903755653759011,0.6980451444011901,0.21976634584725013,-0.14337037106026898,0.08647896220871121,0.812381028264341,0.25,0.9662660488841682,4.130097169703777,2.9231193795394135,1.0824432088544238,15.834964002664613,toward_HQ,0.14511258035267827,0.728838399685735,0,1
2.7339589524570265,1.0,16.0,8606,1,blend,obs,0.5946666666666667,0.7218829865449607,0.9254940094416273,0.7391442961820421,0.7239390501096359,0.9362462059133378,0.8634936328504942,0.9017687374528747,0.9915839491194541,0.9794618032812012,0.8291598905250099,0.9767142303222585,0.9367227109439433,0.8560908468308932,0.9837190141814227,0.9530963456527749,0.7896605182208485,0.9568678450658696,0.8728486751397208,0.904743394212868,0.9915600894892449,0.989542791669148,0.8865775689856912,0.9880266933471605,0.964043508352966,0.9184768949759069,0.8913202275509259,0.0496261974254756,125.0952264689625,5.787482809823679,0.9923891738700732,0.03056272801660338,8.923055895602907,9.989764965110762,4.988427719473686,7.544396298194213,5.005168096615452,gaussian,linear,0.0,logit_quad,0.6,3000,0.765949089075499,1.4276011707283882,0.1786595931811244,0.19767552111172454,0.7568566304011589,1,18.0,0.10264842696141657,0.32790097501629023,0.5448583773569095,0.9081785352047306,0.9154475214528713,0.9367891573036792,0.9969928514649282,0.6867212824952641,0.3694229702011338,0.9969928514649282,2.0,0.021126561308816995,213.19095818546322,7.464972378681798,-0.6616520816528892,15.613531541531625,away_HQ,1.066709069507855,-0.028499636116658608,1,0
2.435434420204618,0.0,6.0,7244,1,blend,obs,0.5986666666666667,0.9495395533920217,0.9975243677236576,0.9981590533485932,0.7492689455137339,0.9413525909103172,0.8663715341658064,0.8965451027032707,0.9885624764136813,0.9715090158173223,0.8666193212845839,0.9816597241073101,0.9498618613524714,0.8696715397293397,0.9824237707800151,0.9541163458195554,0.9613701698412968,0.9985941057634545,0.998461641993321,0.8617793921760579,0.9811246768866074,0.9692337342708339,0.916838219672962,0.9937220907048268,0.9853760293766037,0.9620754754953471,0.8626288878187617,0.30063583938330657,45.53727887033511,6.120924369177865,0.8351631810076288,0.15510047184648135,3.335844184889164,3.4085441033097315,4.468305712355268,3.3207657216232676,4.410795257557998,gaussian,linear,0.0,logit_quad,0.6,3000,0.672470694871274,0.6446810953192246,0.17288883481062695,0.21776537085190228,0.9224293691904184,1,12.0,0.024876387320636423,0.22329404307806072,0.7742653248935406,0.8883497575200651,0.908869472893182,0.9498742499580849,0.9631240461907372,0.6839282669964172,0.40082943966696005,0.9631240461907372,2.0,0.3021811482789975,46.57621341195983,6.100576070960217,0.02778959955204939,5.938890774368748,iso,0.07269991842056767,0.0015453088956909333,1,0
1.1367378992469601,1.0,16.0,554,1,blend,obs,0.6,0.761250554916188,0.9535153526149066,0.8445478614325777,0.84444833984398,0.9798943886682129,0.9484237711438922,0.9712216399501523,0.9991650474662213,0.9982588793747084,0.7822633980030324,0.9610619486835983,0.8740970361877015,0.7969827681921795,0.966261352639342,0.8934350536336862,0.7954961168005025,0.9660216446728922,0.8926485896711233,0.7943608058483529,0.960609222949843,0.954185629969308,0.7087274483448961,0.9301290074936697,0.7489173319370915,0.7915747086854337,0.8971144896490696,0.8344290910259927,7.745155992664942,5.24788737168231,0.67611875,0.21164719317092245,-0.5661156939686506,-0.41646710251205354,2.1957167461269855,-0.8659604277472823,2.214792892139842,gaussian,linear,0.0,logit_quad,0.6,3000,0.4976298265879691,-0.2433960919452537,0.23442232360773768,0.29804485647443,0.7561791603090906,1,18.0,0.06626551638544698,0.3702651043880668,0.6331202179993844,0.9359760466788404,0.9210019000659971,0.874096520697884,0.6017620326481526,-0.24166492005053888,0.005713626208499023,0.9359760466788404,0.25,0.9062362397400483,5.298241753113574,4.335376579172496,0.7410259185332229,15.773998044900072,toward_HQ,0.14964859145659704,0.07180714871405558,0,1
2.9998603008812252,1.0,16.0,7747,1,blend,obs,0.5986666666666667,0.7147887298419628,0.922046725063308,0.7255635527843493,0.7349035867153839,0.9404857243398101,0.8754450296320552,0.939345706811874,0.996567111472618,0.9941386549550265,0.8460735822403208,0.9809592081180658,0.9496486031019095,0.8836087625155695,0.9893462585798839,0.969401039960901,0.7816508428228935,0.9539091663540296,0.8647672098876261,0.9147367120820843,0.9931450579131007,0.9928649857536163,0.8913702595582007,0.9887669579182146,0.9663430728024472,0.8925825633655355,0.8856604912161973,0.015120352616788025,313.3884332324169,6.014862614172275,0.993141134969552,0.02922389613802423,10.601208389553669,11.284548837330751,5.0977900027208065,7.723383698577489,5.109126559127168,gaussian,linear,0.0,logit_quad,0.6,3000,0.7618442300474434,1.4261905959334018,0.1784935166549455,0.19568255892079978,0.7618624780821983,1,18.0,0.1012870390078743,0.3226980970564047,0.5531285070570047,0.9220643773305921,0.929363130584937,0.949654424693534,0.9958054077518355,0.7433990175825963,0.39690577619110834,0.9958054077518355,2.0,0.018778748273525814,240.04750162822617,8.74916466807519,-0.6643463658859585,15.685454827976798,away_HQ,0.6833404477770824,0.003658395656737789,1,0
1.7907558831593122,0.0,16.0,7326,1,blend,obs,0.602,0.8094103952494467,0.9659705462693493,0.990995328271954,0.8082156489511829,0.9662527958982295,0.913210852963817,0.965840097918753,0.9987053805728359,0.9968261313447206,0.8571634538318661,0.9824651062617592,0.9388514499820827,0.8937227273284464,0.9897637640178801,0.9667221668195776,0.9130741659004401,0.9930095653732682,0.9955175933452398,0.7979588090605515,0.9599881241941706,0.947950518491002,0.8183345316452346,0.9712097232700756,0.9200831593908148,0.8671746414207565,0.8997025093051272,0.4950145335698579,20.906342008689098,5.2277696370866344,0.7720804558043077,0.17457181264801144,1.5848519324575416,1.8413212661412952,3.123459281292472,2.0891865546317128,3.095296840068992,gaussian,linear,0.0,logit_quad,0.6,3000,0.5769467479513166,0.4813363696573953,0.19829719029193243,0.4015781922285297,0.5406925523071222,1,12.0,0.12452657772815369,0.42736454441332977,0.4640000975376829,0.9170275719790403,0.9228179644944752,0.9388500581015684,0.9395440660038189,0.45227346306527855,0.5298615913682136,0.9395440660038189,2.0,0.6190513729666538,17.774892248095465,4.624272811734194,0.09561037829392127,15.460449454985183,iso,0.2564693336837536,0.12403683939679588,1,0
2.854570546538442,1.0,6.0,6699,1,blend,obs,0.601,0.7651369867355471,0.9510420213199127,0.8564968249105405,0.7478735360865207,0.9447129040222813,0.8740976221180498,0.9326928038207951,0.9953136217021709,0.9885234735938431,0.7597845306517949,0.9494091524117232,0.8635331886579066,0.7699391710060448,0.9521688249818311,0.8813705021368913,0.7768548583676513,0.9548381945727656,0.8801412402853737,0.7278731638332854,0.9316099578787326,0.9006575452139874,0.8127072725635363,0.9692818753774668,0.8937067853311833,0.7946523494551325,0.9595469801522497,0.9702265526249328,3.535812653580792,2.751154047818402,0.5856117461336833,0.23154785203947592,0.445241485676715,0.4984098338629477,5.04561286018199,0.20595638909742517,5.031914845072832,gaussian,linear,0.0,logit_quad,0.6,3000,0.7265527288735192,0.04052498883693212,0.16377967385856623,0.2002650109613961,0.8516947900866705,1,8.0,0.061110099186960636,0.2587656775915939,0.6329265742772011,0.8712652563562627,0.8692597118034988,0.8635329125255611,0.8434620025987999,0.7208942983581361,0.7645763480269526,0.8712652563562627,0.25,0.9831625602025152,2.3807624759242585,2.426440155874199,0.686027740036587,5.998450854485461,toward_HQ,0.05316834818623267,0.012936007577582398,0,1
3.856763677742363,1.0,16.0,3521,1,blend,obs,0.6063333333333333,0.7080788259915018,0.9183302621322995,0.7046752140121273,0.6934356806605253,0.9187373643750985,0.8409347177009541,0.8444298902965335,0.9776254376263759,0.9473248156778524,0.7334113459585554,0.9388949372178689,0.8680327942734742,0.7466051063201317,0.9449281972637581,0.87781709493304,0.7801521475764257,0.9531008813041559,0.8602112869413739,0.9167735633785865,0.9935736555521485,0.991114554384025,0.8910899154020704,0.9888733428177058,0.965995987069696,0.8686718290783602,0.9557131226682967,0.03524785476596383,190.53402471618546,2.7223626477109546,0.9971935152466741,0.018211214135821063,9.932759102183365,10.241979674526894,6.928455849378538,8.447878090008532,6.688443965141965,gaussian,linear,0.0,logit_quad,0.6,3000,0.8206814185781677,1.4838370231314633,0.15412361591449067,0.18040820593784135,0.7630009707840489,1,18.0,0.10847288263826305,0.29947366104983764,0.5146483178994556,0.8654012872175141,0.8652366021186148,0.8681144443216162,0.8882741385040175,0.9651597893514686,0.766654096594159,0.9651597893514686,4.0,0.017214909922754634,240.13627731882687,3.7135212288977146,-0.6631556045532957,15.616465320046183,away_HQ,0.30922057234352884,-0.018032944843209196,1,0
1.0937820325159135,0.0,6.0,8955,1,blend,obs,0.605,0.9476600042044127,0.9974372392098522,0.9997275478060857,0.8473895621828403,0.9798084224109525,0.9414687886250973,0.9656456569400431,0.9987304927991113,0.9965471434979204,0.9447447631681409,0.9969408760609819,0.9898185033113571,0.9517556482260273,0.9977109390926302,0.9921554389969814,0.9611508142332916,0.9985983159755709,0.9996730017003793,0.8962785325055899,0.9897081663987355,0.9858720862091973,0.9280400914050302,0.9954304952621169,0.9932576338240741,0.9625649921651955,0.87965591196778,0.8186684027526278,7.540869158150803,5.1203447604388606,0.7328469970127046,0.19785211273578268,1.7028093050356454,1.7469010663330442,2.0506854594451505,1.745631176324189,2.0315355405049136,gaussian,linear,0.0,logit_quad,0.6,3000,0.4770744390130899,0.4640704768818258,0.2406320465928744,0.2765518825493204,0.9246853846465981,1,12.0,0.01530296127028856,0.2839449092598634,0.847460330315873,0.9561102180409683,0.969535471251971,0.989821769573178,0.9144598266662461,0.3129648569853246,0.3750009992533535,0.989821769573178,1.0,0.8420692478585552,5.872685585862958,4.855633965876107,0.013003962131264046,5.934707681556569,iso,0.04409176129739878,0.023400845105927437,1,0
2.4331664257490324,1.0,16.0,9700,1,blend,obs,0.5943333333333334,0.6535570841148901,0.9010150360205614,0.579042258088081,0.7244363328643388,0.9344406479294564,0.8585744757597153,0.8893407707930505,0.9879707570127928,0.9719939151904013,0.6756461846461281,0.9159907764628287,0.7070056843795386,0.7250147718703819,0.938843311700941,0.8422510001998917,0.7647377761177665,0.9557967632036297,0.8727576904598829,0.672588420278309,0.9038793231457708,0.8812077121080707,0.7172117910840633,0.928042447733493,0.7148555877721491,0.7302866885240293,0.8128186873496759,0.11345633106814008,108.62572534415183,9.625365956783357,0.8076621575723613,0.1641758988618002,0.8257310656767431,0.5854167118828784,4.534129274598926,-1.4064080994261374,4.516246586926777,gaussian,linear,0.0,logit_quad,0.6,3000,0.7087306789343286,-0.3213024279297116,0.17137835003853447,0.385866045188115,0.2575060946365493,1,8.0,0.2768418697395299,0.4896567626811748,0.3499969021159467,0.8396677193801102,0.8156876962574485,0.7070182285961907,0.09420797081063534,-0.1722531199117708,0.24019221882971686,0.8396677193801102,0.25,0.9473276061980012,6.359457970675968,3.3662167301151187,1.0300331068640403,15.79112321213238,toward_HQ,0.2403143537938648,0.833871275129861,0,1
3.6904555861017863,1.0,10.0,163,1,blend,obs,0.5976666666666667,0.7794505727618972,0.9529741529174935,0.8499228843191877,0.7062549194239167,0.9256296662901855,0.8583618317107,0.8769592673656313,0.985939312738945,0.9748635329172913,0.7929586205020522,0.9637207521461534,0.921130040120657,0.8040923159724545,0.9676310133555263,0.9287996365724369,0.8072181156119798,0.9640660940209752,0.8909395746693644,0.9558836273102126,0.9976857702563956,0.9948454614403274,0.8790170989347927,0.9866137206053167,0.9655178887065207,0.9014911962283956,0.9097666398906131,0.03307800892990135,204.6763422117737,5.371202926683078,0.9931349522283794,0.028774989588749928,9.45843668644477,9.483112349541537,6.249518934011946,8.47591329006146,6.177566294942649,gaussian,linear,0.0,logit_quad,0.6,3000,0.8224866548682803,1.3071298926242858,0.1606573068618244,0.16978245880576318,0.9021937232619869,1,18.0,0.046016800995017704,0.2257841927782926,0.7115525001326415,0.8957528725282713,0.9023314049749187,0.9211048506860902,0.9938387696415348,0.8421312923187352,0.3905468865323294,0.9938387696415348,2.0,0.020288420937931897,268.0275663587875,6.3109759846926385,-0.48464323775600526,9.933798488444301,away_HQ,0.024675663096767053,-0.012789587991969453,1,0
0.712214897012263,0.0,16.0,3410,1,blend,obs,0.593,0.8082205796020634,0.9650594820069331,0.9895130752930364,0.8896565847980192,0.9898460592730789,0.9687097817735058,0.9792768412544072,0.9995935885363386,0.9991969292339946,0.8975477059828776,0.9907685878737008,0.9827406369828082,0.945514886422623,0.9975491887737622,0.9931796285167575,0.9175834775729724,0.9935464186039112,0.9985966714270159,0.8466534845746345,0.977253923122575,0.9783683865767855,0.8364154653872427,0.9763146836206823,0.9526520673317846,0.8939987387190742,0.8983351453826204,0.7467925193378544,13.539862208077118,5.289378960750908,0.7371753172764977,0.1929621116247893,0.8431056815772173,0.9814448629879576,1.347835496329466,1.1325791504021254,1.3599280725035483,gaussian,linear,0.0,logit_quad,0.6,3000,0.34264912673381825,0.31948478120235246,0.2589481077126566,0.4459439653951485,0.5441553160750313,1,12.0,0.055423070745298536,0.47457339913323404,0.5456439576798915,0.9714271095574221,0.9749628117026715,0.9827414304338802,0.9143402227324909,-0.35906176782703286,0.2721692765604573,0.9827414304338802,1.0,0.8923115705625116,6.352961519045035,3.8974515730075985,0.02316434553146577,15.414459826689095,iso,0.1383391814107403,0.14551905122465725,1,0
3.2405829187768704,1.0,16.0,3060,1,blend,obs,0.6093333333333333,0.7011778062239267,0.9225685509926599,0.7207790413238969,0.7431123419177139,0.9365601953632621,0.8689510240400521,0.8767846241163662,0.9835517595532081,0.9663668306154602,0.6899959181405256,0.9187191094117396,0.7459678755393492,0.7384401301229593,0.9369032035616371,0.8385778885531183,0.7666274970614423,0.9493456322519994,0.8492742331028831,0.7104902714854,0.9184070858145096,0.9012788911054576,0.6890449786398369,0.9151610472896405,0.6731930512813177,0.7451303986267352,0.8466381232719173,0.06233275745626438,162.90572496782616,7.225884493319853,0.7382928898962666,0.19154958981476336,0.3887950171646453,0.4729513574752454,6.193494345506576,-0.8497098469139416,6.167536589268531,gaussian,linear,0.0,logit_quad,0.6,3000,0.728718174828588,-0.16689709958994442,0.15143254423490274,0.2520737199798886,0.5388113896011998,1,12.0,0.17529169692614308,0.39086700126267254,0.3874272930324354,0.8505730012883347,0.8294967053501078,0.7459747073267075,0.274212548623314,-0.10226584388005766,0.02175532417110071,0.8505730012883347,0.25,0.9202947663062765,10.020539903959648,3.3763945384719536,0.8956152744185322,15.883650881329666,toward_HQ,0.0841563403106001,0.8579620088500121,0,1
0.25249314379029153,1.0,6.0,2230,1,blend,obs,0.611,0.8675971138257393,0.9833710097258888,0.9430972341534668,0.9564018328849377,0.9983995304613089,0.9952685954613015,0.9816047910328792,0.9996865020034018,0.9996406622068167,0.9060421753489353,0.9924629015621889,0.9736028070938726,0.9086232114962914,0.9929001922192987,0.9752692682351407,0.8777325910792987,0.9860904906241913,0.9517368835096637,0.9205324441088434,0.9944414945908693,0.9949475650846158,0.9010627741844505,0.9907518640639646,0.97145671109994,0.9003136469856915,0.8651330077318081,0.8038757553645856,5.463454847891765,4.921859901099392,0.7738988299344916,0.1850529538036673,1.9442882432921282,1.9267094791213504,0.5923521134572729,1.9896113670571922,0.587430375661023,gaussian,linear,0.0,logit_quad,0.6,3000,0.16265684894201554,0.5883531817320312,0.2786120159065353,0.2992772661496281,0.924270869353997,1,12.0,0.0018137580530196234,0.3196488088562489,0.871619127577702,0.9996869935510151,0.9975018295390634,0.9736001091349222,0.7932126837288287,0.27821972382583765,0.3784346075591406,0.9996869935510151,0.25,0.8219226516874905,5.173658838058701,4.753787279121849,-0.4256963327900157,5.962348334071324,away_HQ,0.01757876417077786,0.018046896322904904,0,0
2.308452094977025,0.0,6.0,7098,1,blend,obs,0.6073333333333333,0.9705818682413028,0.9990935956731919,0.999453837534548,0.7559671240303517,0.948815448737873,0.8996986756384544,0.926187119812728,0.994643237217943,0.9942533939431242,0.9012661486763267,0.9907946932570961,0.9823293232395429,0.902902927426957,0.9910554973775316,0.9835118999470416,0.9773627137394926,0.9994565680830597,0.9996565266091351,0.8994625998980106,0.9904479988138151,0.9886861355840185,0.9502364728215615,0.9977794104749977,0.9933253994801718,0.9598098620534985,0.8395993547850323,0.5341334075550797,22.256884787840058,6.516939894742959,0.8557465443112757,0.14750074777531816,3.3263929434792674,3.3677098162471704,4.073203271645906,3.36432253669857,4.093461477770444,gaussian,linear,0.0,logit_quad,0.6,3000,0.7044734278541455,0.6887765685057708,0.19060225360030034,0.2131253625585069,0.9648082282427402,1,18.0,0.014127016804869646,0.21311619846108454,0.8943583593206065,0.9252534547869259,0.9468015963469816,0.982320735919202,0.9593510765945545,0.7028480134802406,0.38606669407379757,0.982320735919202,1.0,0.5328868677790577,22.483485154400576,6.597624721379549,0.01569685934837464,5.895492761744105,iso,0.04131687276790297,-0.0012465397760219599,1,0
3.158141070031708,1.0,10.0,1287,1,blend,obs,0.5913333333333334,0.7358746464872759,0.9364835293267966,0.8005187665513325,0.7279173710221658,0.9329547904700489,0.8529172125231435,0.8851262415551053,0.9865667090067146,0.9697723141292436,0.728865168512423,0.934937111641559,0.8275502899106316,0.7486110429272698,0.9418205918510525,0.8607277250949521,0.7624788225545628,0.947095711490833,0.8485633120846284,0.7225423722446607,0.927007995604793,0.8980150353897325,0.7233070055800755,0.9329149147854282,0.7548246067452139,0.8185964167132984,0.9494769735631432,0.9536147384005763,3.819629259917837,3.2984519174996114,0.5998124532167561,0.2279592800525177,0.4375152685017478,0.7270403211871552,5.448442844668218,0.20264655839897497,5.363264693287834,gaussian,linear,0.0,logit_quad,0.6,3000,0.7400707986088617,0.031971041488599805,0.17088058228323044,0.20498321166161998,0.7919768106105349,1,12.0,0.07337935920042384,0.2989936890348413,0.5715190271568507,0.8460858091571211,0.8413328188561273,0.8275505560344038,0.7708477162502826,0.4396176638294585,0.64810238383713,0.8460858091571211,0.25,0.9768425834222155,2.6605655056840645,2.6206148074919358,0.7080997571202619,9.986325805149933,toward_HQ,0.2895250526854074,0.023227845021639215,0,1
3.290945285071885,1.0,10.0,4817,1,blend,obs,0.608,0.7924578710350907,0.957688546182306,0.8840698891396636,0.7073281155871266,0.9274294641903357,0.8496685455398271,0.8628787614320602,0.9828985633064411,0.9658846215752748,0.7846609008469527,0.9613712538805577,0.9098576897456859,0.7910869767381397,0.9637146473403375,0.9148970155018189,0.8199035807399393,0.9679747345466738,0.9177521445263896,0.9580381016446193,0.9980084155900795,0.9952677897657666,0.8980200180861553,0.9901832280309565,0.9847113700030213,0.9067637631394608,0.9193967625666801,0.01716376785171375,313.9244823871072,4.89278098733896,0.9916998597684687,0.030678303738084983,8.593722177329663,8.696135038153296,5.958526365254958,8.201484989167618,5.865711148715844,gaussian,linear,0.0,logit_quad,0.6,3000,0.7885509974084286,1.2815582373224315,0.16326993537611528,0.17754088619278172,0.9029790231551692,1,18.0,0.04231989041132327,0.22718800074404433,0.7186556281203392,0.8827435578347584,0.8916042453632991,0.909781971997882,0.98323969529384,0.8488490930334649,0.43255235739721243,0.98323969529384,2.0,0.012013290193285106,376.5890309786321,5.3012070943381975,-0.49300723991400297,9.927147086893518,away_HQ,0.1024128608236321,-0.0051504776584286455,1,0
1.8191001646458225,0.0,10.0,9081,1,blend,obs,0.595,0.8701468166237627,0.9843165301978127,0.9955874120284938,0.7855448703675701,0.9588365727978386,0.8922620272089188,0.9292474312802397,0.9946961146051869,0.9850804838494098,0.8628514771227224,0.9833221219005623,0.942791266283003,0.8798770046916158,0.9868615498393892,0.957012176903934,0.9128275706470808,0.9930664383431094,0.9966932153014748,0.8299868261132548,0.9720670843373321,0.955547344252468,0.8322780484520481,0.974548101857566,0.934581321619587,0.9175438237458904,0.8957648567987226,0.5582636056728703,32.42810509961072,5.038625870989091,0.7600082996161428,0.18054935792342103,2.0672961094432405,2.169847834535104,3.1710318296450013,2.245918523053865,3.1155196137010894,gaussian,linear,0.0,logit_quad,0.6,3000,0.5939535996311802,0.5432638630861222,0.205602908490492,0.32038523827546717,0.7954572210898335,1,12.0,0.05430818608120191,0.3247921905651136,0.6330291012624369,0.9019580590397195,0.9140897021785197,0.9427995719764035,0.9628463505564252,0.19260965108149095,0.48823273441566095,0.9628463505564252,2.0,0.5419108279609198,34.30700254585782,5.282403571418387,0.050689736545058144,9.833199129078146,iso,0.1025517250918635,-0.016352777711950428,1,0
0.9112770904217822,1.0,16.0,9827,1,blend,obs,0.596,0.7640181277047648,0.9550967302030084,0.8488054640992535,0.8688053572251369,0.9864012095867138,0.9621541067344632,0.9902600071615437,0.9999203474874727,0.9997698912984199,0.7993170711472579,0.9681514177883291,0.896217143774936,0.8115786171412538,0.9719733276308221,0.9097786593660314,0.800705440003221,0.9683675969495729,0.8977325045922967,0.8135238384879043,0.9682140158763881,0.963059643999,0.716546750460789,0.9328866563248841,0.7592290303836027,0.7963040065550133,0.9008530367999641,0.45248000911204467,44.595978398982005,4.289626517790098,0.6902950362150309,0.20841569647884106,-0.8663496957931565,-0.7007523766909507,1.6274538046047742,-1.0166484652758767,1.6755114681710663,gaussian,linear,0.0,logit_quad,0.6,3000,0.4120268351152189,-0.3071203517010983,0.258894768992649,0.3194156982847656,0.7601070221376868,1,18.0,0.05008691459761629,0.3903063769890516,0.6633116552946078,0.9505795297371648,0.9361779479929302,0.8962217405540511,0.7076968012474202,-0.20334523888263928,0.09611697515007078,0.9505795297371648,0.25,0.6875545729786103,26.502938389234394,3.9124268278819048,0.7191471868163173,15.664057336559617,toward_HQ,0.16559731910220576,0.23507456386656567,0,0
3.830182936060209,1.0,16.0,8911,1,blend,obs,0.5926666666666667,0.7073534430810501,0.9204870235789947,0.8623894537265998,0.7147441062607378,0.9289973163584798,0.8480752563788131,0.8338035012070706,0.973217121017508,0.9354123236250016,0.760749172691585,0.9496667036299672,0.8575077172024367,0.7979652988955457,0.9620583567758209,0.9077692367531593,0.8905770082016173,0.9880807275268763,0.9804736567380502,0.7046047985682178,0.9213094451227625,0.9002974901973972,0.8385066607103151,0.9759639618871854,0.9412391460656954,0.8980022773790726,0.9222291399385478,0.006157492256463521,536.3475251998047,3.4094227673805957,0.8836081199751832,0.10808981847205526,3.1433753253140946,3.9099682710803663,6.906812025975932,3.95265179894915,6.678316752655725,gaussian,linear,0.0,logit_quad,0.6,3000,0.7913405199279425,1.047374361559383,0.15159195072298007,0.44026493826565544,0.27050857320021343,1,8.0,0.3233681973919954,0.48111653162086476,0.3150836455614445,0.8494786346635015,0.8524610313989522,0.8575071766736617,0.8544829114758232,0.342658992259745,0.5096250373878137,0.8575071766736617,1.0,0.015840853021616464,332.69996458005653,4.517215540766966,-0.25603384163144044,15.429206426750522,away_HQ,0.7665929457662717,0.009683360765152943,1,0
2.102938531609345,0.0,10.0,6525,1,blend,obs,0.6003333333333334,0.9281767098844174,0.9944206967684784,0.9948698853037756,0.7534827653431442,0.9469174457320533,0.8996399692091217,0.9087786342984514,0.9918971864575452,0.9884165235426106,0.8821587378862371,0.987159264252754,0.9703597330520873,0.8882718631846855,0.988374106901446,0.9750746574813075,0.946082289735642,0.9967701366806949,0.9957841951556251,0.8445159266999319,0.9771625994606274,0.9739533394623522,0.8752985254849536,0.9862464921020032,0.9631679181066214,0.9538836611810688,0.8558117268208244,0.38799458346002846,47.08003070049603,6.8845055540792925,0.8258605750952001,0.15814432474040147,2.7635514906319725,2.856045749302338,4.114993787742475,2.9463901598705022,4.10658104068121,gaussian,linear,0.0,logit_quad,0.6,3000,0.6959930910520563,0.6596539737796061,0.1850349245682076,0.24527241946925063,0.9021533754487031,1,18.0,0.03842793595130379,0.2480357526728036,0.746001020313779,0.916458184872945,0.9342913004830992,0.9703644135003882,0.9451910227900082,0.6693993429851903,0.38488291242042194,0.9703644135003882,1.0,0.4380430040663017,39.91851728804374,7.191059680631544,0.03633911727245029,9.775808304273937,iso,0.09249425867036543,0.050048420606273236,1,0
1.206987867207753,1.0,10.0,9906,1,blend,obs,0.5903333333333334,0.6974337159186597,0.9262763902067161,0.7133004530380065,0.8255231174461587,0.9756592239337994,0.925788882691395,0.9562439202161577,0.9981856580691773,0.993736749271611,0.7135550783999479,0.9346148388326563,0.7575032337055255,0.7657054674613464,0.9566040831764827,0.8566013324821589,0.767016991776187,0.9569069745496684,0.855808898325724,0.7692447440327018,0.9530550054476041,0.9319116298571192,0.7768114487712536,0.9581833594184741,0.8554624371821784,0.746395801103374,0.8452164356931036,0.6911073066837798,11.207949243507041,6.592560871226705,0.7456710339577287,0.1972482234985273,-0.6908555826759405,-0.7155697934897638,2.2285917190588576,-1.409104791015933,2.213627833852931,gaussian,linear,0.0,logit_quad,0.6,3000,0.5304147178344125,-0.3911326801456466,0.2407208249029169,0.3069483441378983,0.6276919242586059,1,8.0,0.1014236162553885,0.43278605091052025,0.5562120692117377,0.9017700429809877,0.8703752611411576,0.7575230209186428,0.24388389349099562,-0.1509349619793853,0.01949175311992868,0.9017700429809877,0.25,0.9617833760564876,2.350498981255972,2.964576135089634,0.9215473979800591,9.96308170553517,toward_HQ,0.0247142108138233,0.2706760693727077,0,0
0.0998842183888291,1.0,10.0,5062,1,blend,obs,0.5926666666666667,0.7544549581073687,0.9430056537884394,0.7854386420285243,0.9895806515545839,0.9999101772065053,0.9997623723519992,0.9899456140162413,0.9999178724901047,0.9997704070171191,0.8486447722608359,0.9803762727256446,0.9353401257129138,0.8745864997917252,0.9868150702857714,0.9544265337088895,0.833000141045121,0.9744407163996995,0.9107100192924843,0.8970397514212414,0.99019577227831,0.9986073954014987,0.8584372361443706,0.9812310553099013,0.9760461542309988,0.8575879431684499,0.8449293888526239,0.4085168092778823,30.372317996672052,6.422261824885763,0.8135545556805399,0.16711766735651684,1.721504970969959,1.6522835222891967,0.17893127548234675,2.1975855281097556,0.18091850351318076,gaussian,linear,0.0,logit_quad,0.6,3000,0.053679295201341404,0.7440501780679926,0.297171678091413,0.36956044295470886,0.6286548238151999,1,8.0,-0.003927512798780003,0.46863573473063524,0.6341208236333552,0.9976710602798687,0.9885905062537144,0.9353587078696003,0.5012727826748242,0.008317685961302087,0.2932078624982575,0.9976710602798687,0.25,0.7729310996832371,11.146195236722559,4.882198497076209,-0.6903708828666512,9.886650624833283,away_HQ,0.0692214486807623,0.36441429040535483,0,0
3.809234198731285,0.0,16.0,2788,1,blend,obs,0.6013333333333334,0.7589303738075973,0.9476229272176738,0.9358399361203612,0.69366023013516,0.9179587761964044,0.8297739644431003,0.8705663919555074,0.9833083509172842,0.9615561750829124,0.7290467803178967,0.9398969694675223,0.81197313583389,0.7684630487775796,0.9534019367423845,0.8874256436120329,0.9018784415154103,0.9922755924645031,0.9747412509902343,0.6561853993706889,0.8931527317922275,0.862131096727762,0.7833342764664447,0.9592224569488594,0.8758661902574405,0.8106599687691283,0.8823820871843852,0.01304552994136584,366.8137463058734,5.046171941248464,0.8221077371726896,0.1510615288458263,2.5101335679360655,2.5931738005028038,6.8529409281991365,2.291630499169273,6.734613689608058,gaussian,linear,0.0,logit_quad,0.6,3000,0.7675951343933636,0.45727582361342844,0.14300835074973234,0.4511757007166439,0.26705747208319636,1,8.0,0.30214713590392356,0.4715389778614467,0.30328002023992334,0.82589888377899,0.8237397381701312,0.811967131476543,0.6374923307618978,0.19212618996896927,0.5952075936455655,0.82589888377899,0.25,0.8293338932375718,9.235653848264745,4.331618951965409,0.31031931077993524,15.502724327611062,iso,0.08304023256673831,0.8162883632962059,0,1
3.9991332244504147,1.0,10.0,4006,1,blend,obs,0.6033333333333334,0.7852444528148025,0.9580426605931374,0.9082916604406992,0.6923152951130983,0.9171352126157535,0.8438536785029563,0.8406400807511487,0.9765127119226477,0.951707636264784,0.7509516867214093,0.9434089111059811,0.8894509950860705,0.7558045286515845,0.9453282770648451,0.8984519534402116,0.7898034456522829,0.9595819577627355,0.9168233052570031,0.7123074004377223,0.9239369388894138,0.9065460220377194,0.7472782332456467,0.947153224728592,0.8419612327031022,0.9046355107943358,0.9140825329135198,0.8988135012024081,5.04675346409903,3.625977002693663,0.6930082640791123,0.21074571660678781,2.1479429270428034,2.256964263287986,7.075080494786101,1.702213901232218,6.756718689473067,gaussian,linear,0.0,logit_quad,0.6,3000,0.819440105524549,0.290768591382825,0.15272776250062642,0.17457371914861883,0.9011078293524171,1,18.0,0.04551005336505288,0.21861195912098821,0.6986249202226903,0.8526739982013973,0.8650511649201696,0.8894517130147197,0.9338127053612236,0.8878373598575972,0.5599518798104568,0.9338127053612236,2.0,0.8948798143548656,4.7429102474599425,3.77336610119063,0.528671514141724,9.964104132129465,toward_HQ,0.10902133624518262,-0.0039336868475424724,1,1
2.2873818633866465,1.0,16.0,3942,1,blend,obs,0.5986666666666667,0.736524108443197,0.9331107331959839,0.7720216698124261,0.7299043020694489,0.9367710115497552,0.8800318073783406,0.8798387912467015,0.9862553911116015,0.9758285663300281,0.8237996563213063,0.9734904930564856,0.9402327149454329,0.854183129452111,0.9819805389143205,0.9585059345460983,0.8054548456828804,0.9632677785000605,0.8925523546257819,0.8829031380785601,0.9870533206118781,0.989849248836049,0.898410016716263,0.9900902497221514,0.9684434245333762,0.9211298175987708,0.9031040647844751,0.0789722671841676,83.81769998370693,4.767644386555467,0.9881311552434721,0.03709334583603622,6.593719662579695,6.938404703917658,4.145076014114708,6.932682018775479,4.028791031122033,gaussian,linear,0.0,logit_quad,0.6,3000,0.691404791740424,1.3755638963646732,0.17765518529609653,0.1952831713974249,0.7581074006821127,1,18.0,0.08702235137315632,0.3209255186328769,0.5535713895638364,0.9081186913363838,0.9180940733739859,0.9403250218591881,0.9985328041035199,0.7570271717877326,0.38636030137466426,0.9985328041035199,2.0,0.03237843499449947,139.0127060216388,6.989931610100564,-0.6841591046242492,15.615848453312495,away_HQ,0.3446850413379625,-0.04659383218966812,1,0
0.036963684741146086,0.0,10.0,6598,1,blend,obs,0.5853333333333334,0.8790761847687109,0.9861870668116458,0.9969483966528105,0.9671555069598861,0.9989769269913049,0.9963463063334503,0.9668638918423506,0.9989557981353411,0.9962793725262137,0.9095775182860683,0.9922778385382975,0.9974825552229616,0.9389020651223519,0.9963546347777295,0.9968720130047752,0.9228017602643512,0.9942577507327061,0.9967062081315325,0.8998843384675796,0.9903108339068228,0.9955240723291288,0.878507665433887,0.9864618211174584,0.9966652813433785,0.9115630650874316,0.910940756733717,0.48539876067353677,36.114214737964744,4.280429451551005,0.6481615169670912,0.22218078868529936,0.08334837834778491,0.11870960377158572,0.04604727186368116,0.18948350819725296,0.06104931221522555,gaussian,linear,0.0,logit_quad,0.6,3000,0.018370615929095932,0.06155218942598386,0.2996228817529023,0.4056660496095903,0.793466732802358,1,12.0,-0.013434820582341907,0.40728681695571994,0.735655732715447,0.9966293294750279,0.9969861541542318,0.9974825497240755,0.989751253886797,-0.9047513663915178,0.3457433345024157,0.9974825497240755,1.0,0.8705138927662605,13.77147157024848,3.1485206078736323,-0.043181573496887914,9.841798435563797,iso,0.03536122542380081,0.3851151320927237,0,0
0.3259513878387925,1.0,10.0,845,1,blend,obs,0.5983333333333334,0.83260500742437,0.9772197552714972,0.9274695946309103,0.9387681121004751,0.9970215772806151,0.9906241111581312,0.9809182272463879,0.9995656669272869,0.9985864888589271,0.8502112701509061,0.9819725086958374,0.942428021714339,0.8574227995919024,0.9837783894250615,0.9480981342255659,0.8463125729565181,0.9810025976836425,0.9390804616229808,0.8834105491496381,0.9873517177603413,0.9818995381899255,0.7774390061620664,0.9583009007242314,0.866306571652022,0.8585489491786085,0.900951545340835,0.836509089894107,12.449492648318568,3.9362195109499662,0.677564234445613,0.21542775957762042,-0.940561637533256,-0.9207200896127781,0.6731030566966892,-1.0503175924837524,0.6512259324503037,gaussian,linear,0.0,logit_quad,0.6,3000,0.19166197288544196,-0.329907188871287,0.29374400126835504,0.31642505497385176,0.903352589045464,1,18.0,0.007884109467703963,0.34609778090184773,0.8487312472877714,0.9836481986885901,0.9738579722997406,0.9424228890770691,0.7742790318201509,0.17877431896475687,0.39760894445106576,0.9836481986885901,0.25,0.8995457174635356,7.80044866641502,3.5264952005615946,0.521569161756729,9.944525172794096,toward_HQ,0.019841547920477876,0.06303662756942863,0,0
1.0534746398736758,1.0,16.0,7500,1,blend,obs,0.5833333333333334,0.6930124644563966,0.9096060395329194,0.6220363513476928,0.8532070487296832,0.9812370174246009,0.9448486048026158,0.9788570253105412,0.9995418461355041,0.9987014059328291,0.9596478670823583,0.9984122122259027,0.9995287308657131,0.9523550404506212,0.9976408129354911,0.994634301420369,0.800083869859706,0.9598581189955068,0.8721680009534062,0.8736751044136953,0.9844104772148453,0.9854684753625388,0.8605787092534757,0.9802548257124846,0.9578303784415995,0.947276462905655,0.8467801060070519,0.39429077860007666,23.3463645401555,7.234798328931054,0.9089698285714286,0.1135921143265403,2.8150083688547367,2.9741466603041893,1.9717276861385489,3.6183597960507856,1.9360837311857655,gaussian,linear,0.0,logit_quad,0.6,3000,0.4625018234782433,1.1793464062069328,0.24242165107607344,0.3935803687658772,0.5346490363953239,1,12.0,0.09224844324916555,0.4671681190497131,0.5189173686962925,0.9674092982774782,0.9821487731696968,0.999527386889452,0.7118365137702831,0.36504299380070576,0.3389210906587268,0.999527386889452,1.0,0.407011853066371,20.832124059434847,9.83900488614978,-0.7168445827286891,15.359131569249515,away_HQ,0.15913829144945257,0.012721074466294335,1,0
2.3555162778569003,0.0,16.0,5409,1,blend,obs,0.611,0.800979861006833,0.9632700450840532,0.9863747317544933,0.7647407724918723,0.9487690827720748,0.8886000049378968,0.9183542673504376,0.9928889395993922,0.9873191455773932,0.821479308387038,0.9725830349343726,0.9083937132639217,0.8498891388986796,0.9793213261235065,0.9415556798713103,0.9074766846976562,0.9922983752297142,0.9942733425093531,0.7627997599180785,0.9458488919740544,0.9325883548239626,0.791819269835879,0.9619268521189015,0.886500423492337,0.8608563239760122,0.8939393616826096,0.6195568855112039,15.790293128655362,5.198584013257883,0.801630911158888,0.15836570222530127,2.0786932930609163,2.3129716473325113,4.503065094309292,2.5688809040302467,4.5526706118138955,gaussian,linear,0.0,logit_quad,0.6,3000,0.6930515518483198,0.5412432489981763,0.17600661735152826,0.39065914306870786,0.5445483336885154,1,12.0,0.1579098593133003,0.40567297439792566,0.4338633048276046,0.8920151707684749,0.8968047238191486,0.90839377218812,0.9384600042600976,0.8724162822333489,0.6378801230508093,0.9384600042600976,2.0,0.7162830615470781,15.670604711332114,4.704388385974514,0.15180830285014354,15.491717243342782,iso,0.23427835427159494,0.09672617603587419,1,0
3.1863885799198237,1.0,10.0,197,1,blend,obs,0.6106666666666667,0.8026675320987114,0.9648652395104846,0.9188652557761043,0.716347779038061,0.9300907902606748,0.8687635753050058,0.8988761681322941,0.9903792042729007,0.9853331346953229,0.7807254093709501,0.9565989514886679,0.9115938204472543,0.7860401964674882,0.9583594468648541,0.9196089193302386,0.8071082189027616,0.9661892818578977,0.9273316038124377,0.7292143770746788,0.9324152981112529,0.9192969441677333,0.7606725979790578,0.9532912468237754,0.8576424991397649,0.8618659293999362,0.9157306392149364,0.8996139351659069,7.177302143873745,3.478058793761252,0.678132664353652,0.21394749569457489,1.7342995703633475,1.8191301658153591,5.915592026461172,1.427627708466526,5.873996683430996,gaussian,linear,0.0,logit_quad,0.6,3000,0.7941627495410212,0.2654282760436172,0.16723991689643822,0.19060298205391873,0.9025489604546578,1,18.0,0.04421036029015952,0.22958836336056707,0.728433769240251,0.8777735430104138,0.8888823842177026,0.9115871501710792,0.9526342456571719,0.8716199872637672,0.55567976091329,0.9526342456571719,2.0,0.8999445674532036,7.188739782411581,3.568447745744632,0.528734473497404,9.972589092143972,toward_HQ,0.08483059545201166,0.0003306322872966838,1,1
2.428666808351048,1.0,10.0,9212,1,blend,obs,0.6,0.7699111853551004,0.9459541209078456,0.8071011199642294,0.755653932097333,0.9447981781602061,0.8800165546770349,0.8935423259673766,0.9880887890698731,0.9766589249078315,0.8616543512368258,0.9818321093780923,0.9523532151909019,0.8748263925807889,0.9851141836013124,0.9638115322330937,0.8134448741486016,0.9634897620402596,0.8774160757096917,0.9160874496070588,0.9925341376297127,0.990307647014849,0.8737882150053802,0.9847376309478824,0.9738373608073138,0.9483340249235324,0.8883083408648633,0.018242597001855227,308.0807182574157,4.958464530095041,0.9669798611111111,0.06520278964519761,5.7910837422157995,5.716117827333895,4.618571152884924,5.902769887105525,4.592625358130105,gaussian,linear,0.0,logit_quad,0.6,3000,0.6949825257931899,1.2734353406909018,0.17596655543764814,0.25323569577142846,0.7902314091294141,1,12.0,0.07185898486560859,0.30181213282367936,0.5830334048911445,0.910225059267149,0.9243643404028254,0.9523505452664003,0.9963132156682978,0.6757050759991436,0.4213722359873586,0.9963132156682978,2.0,0.013564153672325436,358.00995641047655,5.991590300033074,-0.5784528148977116,9.771933670033498,away_HQ,0.07496591488190418,-0.0046784433295297915,1,0
0.31924155453773206,0.0,10.0,4100,1,blend,obs,0.6006666666666667,0.8864879167679097,0.9876661566495414,0.9979509988310066,0.9438686502583947,0.9972661659299267,0.9910222294229369,0.9837752668805899,0.9997094232019595,0.9991843126649331,0.9274776885466024,0.9951073527603564,0.9974204460231045,0.9529666298425794,0.9979661365599892,0.9987278690004011,0.9308169209206363,0.9954090933582214,0.9993387358416957,0.9000071858158507,0.9900052559730576,0.9946293345779484,0.8665230044048418,0.9837883095467601,0.9856712090190162,0.924013822342538,0.9210583287283424,0.6463736634949309,24.62766755243571,4.008672768839292,0.6726274738326363,0.21363033211827515,0.5227003569016033,0.5577353645139272,0.6785593676428505,0.5678756360375016,0.6682060964735825,gaussian,linear,0.0,logit_quad,0.6,3000,0.19103508110297193,0.17918337158747363,0.28387959431772175,0.3823408495612349,0.7969867955226126,1,12.0,0.00859121531671966,0.3865813804042151,0.7343333349911813,0.9925096883735804,0.9941596268540911,0.9974206069613676,0.9794714900425953,-0.035215711394639145,0.5084530822227696,0.9974206069613676,1.0,0.8335372106971487,15.706467195855492,3.280751477526696,0.011851709515498295,9.79073371251482,iso,0.03503500761232392,0.18716354720221784,1,0
1.7093337715084425,1.0,16.0,7499,1,blend,obs,0.5926666666666667,0.6734408830002448,0.9114278511605147,0.6210635322596566,0.7805227503686969,0.9596926419438357,0.9086147014692151,0.9312902202188942,0.9953615446181993,0.9920831549609499,0.7270977155381779,0.9408901039613119,0.7913340575939507,0.7727190187117668,0.9588875697504882,0.8874734605753017,0.7956756773530154,0.966992012359974,0.9023747737126824,0.71675072956168,0.9290544943500345,0.9221652600261826,0.7232131358036439,0.9306978511040758,0.7382623038046071,0.7539966270834386,0.8474932191304012,0.21320430433972976,68.38531512464378,6.790402002053962,0.7936527369430704,0.1698246959400116,0.36482983550064285,0.18791352772989306,3.1669416128523475,-1.4048596743699484,3.1601816045422457,gaussian,linear,0.0,logit_quad,0.6,3000,0.6293130688412909,-0.353978501447514,0.20453719767048256,0.3945229385037735,0.2595921710406635,1,8.0,0.25055080119610296,0.5109236650175748,0.4003282910441169,0.8928650392096844,0.8728588678580037,0.7913453914033438,0.23713933659474654,-0.2788343875821924,0.12649415082189508,0.8928650392096844,0.25,0.979854721144377,2.726698131247213,2.7844931321347985,0.9832915702888048,15.824194510759115,toward_HQ,0.1769163077707498,0.7666504168046473,0,1
3.3601472810755832,1.0,6.0,7047,1,blend,obs,0.596,0.8613128441171495,0.9809549952591827,0.95269287328678,0.7100708281340333,0.9271149409567079,0.8555185975256727,0.8647639434798582,0.9830823820012151,0.9655458749283538,0.8354317837504988,0.9764780935611708,0.9441270636356862,0.8359632727390205,0.9766175730743462,0.9450868156215085,0.8696220177442685,0.9831732429484119,0.9582846779875808,0.9648135786059299,0.9986675365285163,0.9960205250979737,0.9184489153046714,0.9935069079980657,0.9874409252819113,0.9564812184690084,0.8681694861287697,0.07966103719573504,114.65041905801019,7.430675779553741,0.9801195723599205,0.051814698936294735,7.606013907079112,7.6105970355727095,5.847587790148717,7.544982299304737,5.751738823539916,gaussian,linear,0.0,logit_quad,0.6,3000,0.7936929635067214,1.1019964897330694,0.16326131603511165,0.16827875512259058,0.9642475309330336,1,18.0,0.01615419347561358,0.1878782641989818,0.8689739429474485,0.894502203417972,0.9109120669164269,0.9442205098173645,0.9889407334483196,0.7701832138832027,0.40397004126898794,0.9889407334483196,2.0,0.06904607022067578,126.95887424646797,7.396609864116511,-0.308303526226348,5.975490595608926,away_HQ,0.0045831284935973216,-0.010614966975059259,1,0
2.897480457044409,0.0,10.0,7093,1,blend,obs,0.5986666666666667,0.9349602255483406,0.9955608733290787,0.9979704203925159,0.7190693752057329,0.9310436123860542,0.867155330789517,0.893928929804153,0.9892916251591068,0.9778357140856143,0.8553820169062774,0.9808082538847497,0.9538028335188241,0.8624872977005877,0.9825921638177936,0.9604321511964239,0.95392383944644,0.9977106379913375,0.9985339917120021,0.841485176410259,0.9763867056261871,0.9686367690563858,0.8970344873057584,0.9907668804420849,0.9759637501316472,0.94858281164888,0.8464114765210288,0.3007119554766337,43.81377229083214,7.519707074118809,0.8594574321674597,0.14023791355801718,3.567763933039445,3.699045224860494,5.148477401883126,3.6085818139940895,5.018761844098458,gaussian,linear,0.0,logit_quad,0.6,3000,0.759476741400722,0.726071927472079,0.17073313179992303,0.2310561935733243,0.902062221985634,1,18.0,0.04098090478155231,0.23445326257512386,0.7282181954930845,0.8864786898230228,0.9077134520111957,0.9538037180827483,0.931932073475448,0.723554956001461,0.3813441046760857,0.9538037180827483,1.0,0.28347322609222114,43.46864925590473,7.992005537127054,0.033404813928642925,9.723345341691072,iso,0.13128129182104908,-0.017238729384412566,1,0
1.533464201065347,1.0,16.0,9142,1,blend,obs,0.5943333333333334,0.655713494841524,0.9002514054163953,0.5527198848274725,0.797721203556618,0.966630297552561,0.9155135714743822,0.9683430579570477,0.9990919649720967,0.9975614753910049,0.7231091992403871,0.9386013780812442,0.7705379828880891,0.7818338944659797,0.9628334834408707,0.8860376053313352,0.7986264746362777,0.9681964239229758,0.8963924280018597,0.7378401790497036,0.9395384077293009,0.9287917083717029,0.7362971657188859,0.9370210569047477,0.7661230468149633,0.740982344434131,0.8313043851809396,0.12631952438044106,84.99434215309708,8.479639503117845,0.8079534137575227,0.1654201543981011,0.11212992952432208,0.06082460847294018,2.82762299104198,-1.6138249854282718,2.8253591175489605,gaussian,linear,0.0,logit_quad,0.6,3000,0.598413215295901,-0.4199746168224887,0.21791380362938337,0.4133712819601659,0.25444274076217427,1,8.0,0.23510122005221037,0.5198549740066991,0.4191819151980937,0.8992509170582785,0.8766632682561027,0.7705649077269113,0.2751751809490016,-0.22042418224113342,0.18733008474468882,0.8992509170582785,0.25,0.9506310654544915,5.131155358762889,3.1020351459321236,1.0183878321183897,15.831410135997567,toward_HQ,0.05130532105138189,0.8243115410740505,0,0
1.8707806392013242,1.0,16.0,2985,1,blend,obs,0.5933333333333334,0.7247650192579705,0.9271014468060637,0.7442909186938912,0.7595865712807277,0.9526651750177395,0.8944593433700894,0.927921464194512,0.9953963518407996,0.989290308924069,0.8989623706313947,0.9921384173685782,0.9757631325413905,0.9289856553649889,0.9960273826093189,0.9875042108013694,0.791736316166024,0.9578538552219343,0.8740641557276275,0.90360776311048,0.9912716561340376,0.9902464585408157,0.8921624836702007,0.9890163105563897,0.9683168217006273,0.9535530883600422,0.8584523387524023,0.03161277778581341,203.63933235433407,6.815567220583215,0.9811185301160434,0.04795310955480877,5.233774432001165,5.591970015044544,3.4931032455767417,5.858641932922804,3.499074116969176,gaussian,linear,0.0,logit_quad,0.6,3000,0.6806497811855794,1.365142830628204,0.20911330736891992,0.22362935471888193,0.7577476621192386,1,18.0,0.08707927483020013,0.35180737096518166,0.5943971747812409,0.927193616889963,0.9434762611668701,0.9757501374840261,0.9356432515805047,0.6073100287825547,0.36225277158015656,0.9757501374840261,1.0,0.013983390129333738,311.71539593134605,8.824347852115206,-0.6844930494426247,15.683826108559956,away_HQ,0.3581955830433792,-0.017629387656479673,1,0
1.0021269704964908,0.0,16.0,7161,1,blend,obs,0.5883333333333334,0.798465264402623,0.9616334470745372,0.9906868956988801,0.8551196831954205,0.9809481352465658,0.9461128944285209,0.9497594338099662,0.9972143477877474,0.9927510461861149,0.8688543373515111,0.9855041133058133,0.956454545878484,0.9175252419470569,0.994217901390391,0.9804298345145586,0.9055596814805976,0.991508840508825,0.9977916049673238,0.8264304843829283,0.9702822902887437,0.9693419048022718,0.7948398517461992,0.9623615584697341,0.9083636230493849,0.8835394402927239,0.8927290920022882,0.33146078263498674,54.6835067935861,5.353192462593681,0.7457249027996008,0.18797684461644645,1.1499319991985293,1.3047425006317748,2.0030446836813245,1.5564831476251006,1.9465311450840461,gaussian,linear,0.0,logit_quad,0.6,3000,0.45185964297992587,0.3722930836783943,0.23522433017797995,0.43559794247524936,0.5425271041657809,1,12.0,0.08676062363401,0.4543863169368131,0.5176747657449602,0.9474524806424847,0.95028715263339,0.956453314713073,0.9181076670181486,-0.48346720289282563,0.38986258060248125,0.956453314713073,1.0,0.7874831782692658,17.300499446024084,4.677613820352306,0.07956655930153166,15.525353494420038,iso,0.15481050143324548,0.4560223956342791,1,0
2.0710260942470553,1.0,10.0,3821,1,blend,obs,0.6073333333333333,0.7612146223879133,0.9495156629793038,0.8373731145239325,0.7804727902276157,0.9546803201576841,0.8949484780313183,0.9158967702995765,0.9922738536746659,0.9854093579737234,0.7574044912887393,0.9482671352239836,0.8478306706178466,0.7773677526450751,0.9543812319594943,0.879339394108718,0.7866354541255136,0.9579072325405216,0.8786671466835665,0.7613285335830837,0.9444813208174988,0.9261815509535222,0.7457133395773163,0.9431365928393839,0.7950712402182712,0.8043091937583188,0.927619943659686,0.8928715393853552,9.069541464702557,3.7960754023550494,0.6288337784370988,0.22225154375384326,0.02097100090953314,0.15328735056098985,3.8394024814987824,-0.3323213731835014,3.833034872709688,gaussian,linear,0.0,logit_quad,0.6,3000,0.6480256875031597,-0.07380708308391926,0.18857104485999812,0.22720879036894348,0.7927057760841326,1,12.0,0.06633445004293681,0.3085772732084933,0.6110982928175278,0.8853072222008624,0.8756788121345863,0.8478311229241179,0.7213762604169388,0.1491296114638876,0.387531708851242,0.8853072222008624,0.25,0.9737350802120033,3.7058372311456167,2.802825587461662,0.721832770587079,9.969924775205254,toward_HQ,0.13231634965145672,0.08086354082664804,0,1
0.3110773131937856,1.0,16.0,1009,1,blend,obs,0.6063333333333333,0.764395414611863,0.9478054435366494,0.822237330466108,0.949182329500574,0.9980073271892153,0.9937297710585287,0.9950064830167537,0.9999788019675396,0.9999547788843419,0.8598752898980633,0.9823213711922845,0.9427976278090251,0.853999689054106,0.9815576955374377,0.9391729387861983,0.8175778973626604,0.9697123970973025,0.9014798567835023,0.9280252755277876,0.994798495332627,0.9988076816316531,0.9216679742506672,0.9940655961956777,0.9827783855342345,0.8588159248252774,0.8169262668150049,0.33357971294773164,39.855020633864406,8.409607563375753,0.880359215152504,0.13351554210816194,2.577889814892856,2.7895439913555165,0.5272936121694147,2.9703538209352285,0.5255431600438998,gaussian,linear,0.0,logit_quad,0.6,3000,0.1614084429786823,0.911176833748519,0.3094737956009819,0.30898294415362515,0.7603577777462335,1,18.0,0.014539338296780094,0.4256746818562286,0.7270195029017642,0.9999005592943104,0.9951180047234907,0.9428219855899954,0.5994354580083816,0.25256794213257666,0.2917840871109103,0.9999005592943104,0.25,0.4937865192009525,21.38679244673906,8.50981791318826,-0.7497683907698366,15.731692964794508,away_HQ,0.21165417646266027,0.16020680625322087,0,0
3.679065346605802,0.0,6.0,317,1,blend,obs,0.5926666666666667,0.9545535000619574,0.9980311619782369,0.9997914663304485,0.7113095059069384,0.9224831516468077,0.8372937658333016,0.8605332512365689,0.9794751588047784,0.9524985947785356,0.8215446166525966,0.9672152878820657,0.9238028836503835,0.8267420179702327,0.9690184294533452,0.9305405864998006,0.9680173199968831,0.9990469367273771,0.9997944772288048,0.8589538416070508,0.980591601345916,0.9699929789667023,0.9234057738101356,0.9947363458698877,0.9870457258720617,0.9569295447901748,0.8606306126590407,0.32337987238547067,53.37482681843609,6.422020596746613,0.8830118616514997,0.1312698236787607,4.742526186792075,4.8579693854877455,6.773431970330061,4.659112095615136,6.663665796361328,gaussian,linear,0.0,logit_quad,0.6,3000,0.7313375954131771,0.7255925920340763,0.1464360245418894,0.1922780155408663,0.9230744329321052,1,12.0,0.026478429125881102,0.19886190991309663,0.7363704019833787,0.8616787050785408,0.8826949230380648,0.9237956531494361,0.9664710457440412,0.7836027550039429,0.4309582894915812,0.9664710457440412,2.0,0.3089912757288779,55.58490200466437,6.964040643881052,0.0057450033791007745,5.8943750530178445,iso,0.11544319869567055,-0.014388596656592756,1,0
2.0217076978670727,1.0,16.0,298,1,blend,obs,0.5966666666666667,0.7491138893271834,0.9487253867197932,0.8400831962443667,0.7708545693268135,0.9551650081409023,0.9013762714011212,0.9355499337249968,0.9959365681365028,0.9914065008215908,0.7576414866251954,0.9518821538419963,0.857343630110979,0.7725127793833431,0.9574599644996028,0.8801256496836672,0.7776683354987145,0.9592419401099136,0.8848571984365191,0.7344043785962934,0.9352640674561674,0.9227163949824297,0.6959098767076302,0.9243296127880237,0.72867969974221,0.7932219319414883,0.9194215191392745,0.5600322355870873,36.05577095874289,4.28720148443461,0.6341370792742047,0.22314600607136298,0.228921440349864,0.37549668278516335,3.525130197524318,-0.32561629658443914,3.5193459038315837,gaussian,linear,0.0,logit_quad,0.6,3000,0.6706341092988392,-0.0930092622190743,0.20232665100659314,0.27072027417024647,0.7634829305708388,1,18.0,0.08609761160265844,0.3403283874493154,0.5945041861567465,0.8926875666070463,0.8839597272733073,0.8573454060366179,0.7151697009284702,-0.040381343737468864,0.2414600547266953,0.8926875666070463,0.25,0.8878635141876319,13.059804089088788,3.4099981772946353,0.7636433715179135,15.779990876775653,toward_HQ,0.14657524243529935,0.3278312786005446,0,1
2.8229695249440625,1.0,10.0,974,1,blend,obs,0.5993333333333334,0.7592585424448429,0.9425864641863814,0.8102264428893207,0.7278527596119604,0.9307859361500013,0.846515977708984,0.8822732749216862,0.9849825153206261,0.9588919841942568,0.8380684337202066,0.9744946655258372,0.925115794538913,0.84966870108855,0.9778639833266197,0.9357030469158888,0.8075103087166796,0.9623147234257242,0.8885036852477607,0.9277403519283467,0.9949268161418675,0.993877661157326,0.8604196454102797,0.9811912105290559,0.9687807640998833,0.9357799190646441,0.8745979618955119,0.3438587457027966,33.89330147351085,5.833955523270808,0.9801524248610493,0.0522179971865658,7.17094395087024,6.76330311612181,5.51098678149639,6.7769486188196,5.556443889827969,gaussian,linear,0.0,logit_quad,0.6,3000,0.7165165440804625,1.3248147006548319,0.15705645115129063,0.2237678405127883,0.7966431207488214,1,12.0,0.07002723969082254,0.28293079164697077,0.5551055444939309,0.8826528119952626,0.8955530513094758,0.9251119405786316,0.9564097965390737,0.6349506243635855,0.4129901781199038,0.9564097965390737,2.0,0.3237997691295936,39.46132969278371,6.488848307348324,-0.6082981565743695,9.763842348476201,away_HQ,0.40764083474843016,-0.020058976573203047,1,0
3.4562083321925696,0.0,10.0,1006,1,blend,obs,0.6083333333333333,0.9019099239819747,0.9910558361941637,0.9987272970053803,0.7107957610462141,0.9220410329224489,0.8443681522445574,0.8353699352605792,0.9718396665336249,0.9412844512146046,0.7857006007309388,0.955128254456868,0.8907789340884651,0.7948253630082551,0.9581831774292627,0.905427845245299,0.9415105902938681,0.996901522629363,0.9978532117601061,0.7931518269988254,0.9591994740635705,0.9417677520247254,0.844417722121513,0.978450142825118,0.9424074076841849,0.9302536491205236,0.9047444669924743,0.5962728736822551,21.02064999964102,4.340171113152191,0.826856543281842,0.1480055878172046,3.6965467569542243,3.8515867770797363,7.03534952103956,3.66950348728281,6.696967516641231,gaussian,linear,0.0,logit_quad,0.6,3000,0.7527500582502333,0.6616280918008081,0.1503970309393064,0.2637670327135426,0.7956119987948526,1,12.0,0.07454910694857132,0.2753233455187517,0.5462560054830627,0.8537581922967558,0.8652217821098375,0.8907848586947974,0.9357123065101047,0.7345741944366155,0.44183365573876987,0.9357123065101047,2.0,0.6777368699248048,13.261846072681857,4.682141119531643,0.09112196644942533,9.752935400903244,iso,0.155040020125512,0.08146399624254963,1,0
3.980995059346219,1.0,16.0,7546,1,blend,obs,0.602,0.6464567726880714,0.8970806797109651,0.5600313571048261,0.7023822901565058,0.9207907751914235,0.838136974167842,0.850511240175703,0.9775037466898127,0.9488874818389129,0.6616762572200381,0.9071012577462382,0.7086951526657698,0.7071685292998425,0.9274312323763955,0.8271612631370621,0.7637445610593614,0.9540523137586595,0.8705453060454107,0.6517629884783969,0.8893278064206277,0.8628377588315397,0.7357820014035777,0.9367964680119392,0.7591742426380432,0.7368882069499645,0.8302925814615167,0.5159485858393104,17.86451247878603,8.240301867623952,0.8204217840772708,0.15953944792933647,1.2065533431178321,0.9416131674968163,7.588478098330744,-1.7624381734673336,7.3203493313592105,gaussian,linear,0.0,logit_quad,0.6,3000,0.7916020417554029,-0.34202305177048437,0.14033730246196535,0.3776785831193396,0.2526451286636481,1,8.0,0.33529803376115536,0.46962323161765096,0.2988295574274795,0.8191150910714474,0.7981896417830976,0.708698532311361,0.17245383100168815,-0.12867385299361053,0.18839315039633697,0.8191150910714474,0.25,0.9692924821344459,2.610231648321042,3.1210786407243085,1.1336250935258871,15.806759866992055,toward_HQ,0.2649401756210158,0.4533438962951355,0,1
3.220615753672665,1.0,6.0,4100,1,blend,obs,0.5996666666666667,0.8687244883936711,0.9831752255016414,0.955528327367635,0.7134478158767814,0.9288898756978743,0.8651382005629265,0.8656994298733052,0.9831261240828293,0.9699153900219103,0.8375314171480879,0.97709296364473,0.949697914615647,0.83897310461176,0.9774811873485821,0.9508888732806895,0.8771390876748536,0.9852960996776868,0.9609799687879734,0.9656134860155586,0.9986402787674096,0.997318831012211,0.9206713401956754,0.9940650049916093,0.9863390239671637,0.9540951449950779,0.8712362269308592,0.006551116258524914,516.427165725927,7.141770811032922,0.9821396751548991,0.049095156702127614,8.018963943443753,7.989917480259981,6.093074611753839,7.86628278811039,6.035032007430765,gaussian,linear,0.0,logit_quad,0.6,3000,0.7687294577579901,1.0912177145571758,0.1593077762687081,0.16370723372923393,0.9650968597484193,1,18.0,0.01511879799117733,0.1835142753677465,0.8680947351341975,0.9037536924097594,0.9186474885218964,0.9497593828226233,0.9920167777650136,0.811534254582362,0.39221292832249466,0.9920167777650136,2.0,0.006622780166629098,513.0282807582759,7.211322591361463,-0.3224882567991856,5.97967971755677,away_HQ,0.029046463183771465,7.166390810418345e-05,1,0
2.446798923501803,0.0,16.0,5269,1,blend,obs,0.604,0.7538239133143035,0.9449283478310999,0.9448099477848491,0.752201018713067,0.9461239213505374,0.8902825048086186,0.9224642797760713,0.993825079108499,0.9903360133614899,0.7923023527249113,0.9647237205991758,0.8858897440001237,0.8340571032793608,0.9753167931583812,0.9381062073328208,0.9159584530068859,0.9942179962745233,0.982443645247135,0.6996718607715454,0.9185629389497199,0.9092785060742813,0.7918299463064301,0.9619543925342723,0.8949093794168044,0.824204918869394,0.8923493838116295,0.7148986787059407,14.103758857326724,4.454561149483361,0.8209911383890414,0.15438394536201427,1.7087947928929432,1.7771583641682347,4.416224315139898,1.809570485282437,4.418430289791053,gaussian,linear,0.0,logit_quad,0.6,3000,0.721561737421377,0.36990114632769283,0.17484789597355058,0.4669713333327613,0.260829730139179,1,8.0,0.3068111159598647,0.48586462630509425,0.3598695737601536,0.8895279449956367,0.8885519732276755,0.8858883015667641,0.8532077723544906,0.69436699563812,0.6492166461687616,0.8895279449956367,0.25,0.8757772427628786,7.084024478481125,4.206804633453339,0.3516605910936841,15.53496637139331,iso,0.06836357127529147,0.1608785640569379,0,1
2.091329588309898,1.0,6.0,3599,1,blend,obs,0.601,0.8313681601653372,0.9717887047468985,0.9291184457267184,0.7685448141606621,0.9497186269551281,0.8941865825869547,0.9211372570711754,0.9933090665714945,0.9887064343444636,0.815666997219223,0.9662466341172863,0.924991845126855,0.8181605965283716,0.9669050890994019,0.9311419980607769,0.8336031076186329,0.9723541221417077,0.935540825148454,0.7733935118378681,0.9502618076457782,0.934954363402297,0.8210901410952972,0.9694271785002386,0.9048926201079638,0.8795584904648233,0.9338526055402792,0.9638630102276771,2.8073165101675226,2.8056912387782025,0.6209373961804121,0.22785759318029097,1.0210952691031223,1.0938019689952305,4.04488751220393,0.9914428878969734,4.07487398602362,gaussian,linear,0.0,logit_quad,0.6,3000,0.6445202760121602,0.18331759255224922,0.17639805707933026,0.18631290364714426,0.9228176104868349,1,12.0,0.024347240367977818,0.22596649327328416,0.7806381137489894,0.9019499118841836,0.9099501468102171,0.924993151625146,0.9498924075132159,0.915739075254376,0.6848435568171216,0.9498924075132159,2.0,0.9625127571337275,2.575622958389732,2.7240331362748265,0.461202683459911,5.984056922098462,toward_HQ,0.0727066998921082,-0.0013502530939495383,1,1
0.005657624161200303,1.0,10.0,1492,1,blend,obs,0.6033333333333334,0.7495623467277074,0.9407282285981823,0.7719932987701313,0.9887833006008647,0.9998578988645466,0.999578904446436,0.9873042619035178,0.9998199377309904,0.9994567408284005,0.8356199114274198,0.976245011034342,0.9189940400387197,0.8608361470829025,0.9833104245478819,0.9419796002422975,0.8275517577054745,0.972581939200242,0.9032360103284622,0.89724108117249,0.9903412937252771,0.9965660993077811,0.8493547121659819,0.9788681704539666,0.9671777177312225,0.8440711379652879,0.8425833262744029,0.43062969324922185,30.37648314460331,6.528330488220605,0.8153616695296904,0.16397037968106676,1.58510601120919,1.517386297657102,0.022077331255593084,2.1472947593495832,0.030168987789242267,gaussian,linear,0.0,logit_quad,0.6,3000,0.009262599342473983,0.7505030638602918,0.3071460330242022,0.3831140386634013,0.6243197254281112,1,8.0,-0.00848453350708447,0.4743514830257647,0.6475072683761787,0.9950163980446113,0.9832166479557959,0.9190330495688467,0.4656466467693182,0.052374203443573686,0.32455128508726805,0.9950163980446113,0.25,0.7830455498110506,11.103351132121333,4.914007769453435,-0.7412404645178178,9.914105221394836,away_HQ,0.06771971355208795,0.3524158565618287,0,0
1.6670483394447317,0.0,6.0,9555,1,blend,obs,0.6013333333333334,0.9044735853225978,0.9916207830981758,0.999294941969511,0.7800635051084148,0.959007700018389,0.905811340883301,0.9390680141723187,0.9961744340763692,0.9923140415539288,0.8897108049266292,0.9891627601698585,0.9634981506052943,0.8946364025206344,0.9897262307891533,0.9681751782577803,0.9369505545308521,0.9963422387227848,0.9985627555005078,0.8403764763918451,0.9769059906401699,0.9683404346099802,0.8915084039154161,0.9892613864306745,0.9906904671510266,0.9258946492090164,0.8702732372182878,0.6616981449847666,13.832595320126584,5.8760885735077055,0.7652309249605114,0.18079041455166084,1.9298124360363467,1.9787232306123475,2.928186654210292,2.2219074963670153,2.9326622725930793,gaussian,linear,0.0,logit_quad,0.6,3000,0.6073737419236971,0.5427237111168619,0.2108666560552017,0.3018553906771537,0.8521237121122655,1,8.0,0.046561702490846166,0.29641018431458577,0.7114015213168414,0.9174555714270389,0.9315291536087481,0.9634973664704283,0.9213862335252456,0.502613071339303,0.37119775754477224,0.9634973664704283,1.0,0.7290305112010856,10.683015036994945,5.1617074624961505,0.06465003080683511,5.927892414323081,iso,0.04891079457600078,0.067332366216319,1,0
3.9626614585471245,1.0,16.0,2658,1,blend,obs,0.6046666666666667,0.7290141603488043,0.9384737673449245,0.8254580298178033,0.7060367749116354,0.9245731353877065,0.8570772584191071,0.8898021770485449,0.9883939984149203,0.9792023871788729,0.7198982305394239,0.934497608900517,0.8210210386880717,0.7319369569914977,0.939408412131455,0.8458898149141538,0.7554304521827732,0.9488076612215848,0.8687874412589645,0.685938568388305,0.9099997597101119,0.8957039325391067,0.681489825623542,0.9179828716017417,0.7095335713832412,0.7876111847029925,0.9039950424579265,0.5914123917127436,29.101504227585938,4.630097359578301,0.6623965094422062,0.21753607019231164,1.2093649682448784,1.3352475041576128,6.777677036263337,0.12614981747448584,6.594689271691138,gaussian,linear,0.0,logit_quad,0.6,3000,0.7926673448797372,0.01740910438755644,0.15410355418559643,0.233292535225603,0.7589791692187845,1,18.0,0.1084407791178685,0.30239020977022996,0.5096181992885663,0.8482722782804828,0.8422111821153525,0.8210210231648766,0.6841456376184303,-0.10355170680564188,0.4186661759970971,0.8482722782804828,0.25,0.8915358205333785,8.256932336433326,3.6845683140326293,0.7752582404921808,15.786422057176395,toward_HQ,0.12588253591273446,0.3001234288206349,0,1
3.2427801137413095,1.0,6.0,2522,1,blend,obs,0.6066666666666667,0.8345526983735736,0.9711360846068962,0.912412961095677,0.734950166282339,0.9350208044349161,0.8578954292873218,0.8754816442241563,0.9837212177562207,0.9650660641470963,0.8506993760188617,0.9787473395501884,0.9451573180577771,0.852198933922147,0.9790671060066265,0.9471409760360009,0.8498187961167614,0.9759718957305749,0.9268583769030317,0.9497271555226761,0.9972606382193608,0.9934025278875295,0.8801095944297995,0.9855443174297559,0.9694554032915865,0.9560100705497354,0.877939915931236,0.02157148829935044,263.4986171739436,6.597669375315382,0.9807908828459676,0.05164734680527632,9.12916623716876,8.895501392794237,6.293991250745001,7.574771579320232,6.250070973573072,gaussian,linear,0.0,logit_quad,0.6,3000,0.7638633370281805,1.1756262189928535,0.16327052129876857,0.19521340421390287,0.9242157162685066,1,12.0,0.02900889705687785,0.21227247117113052,0.7691554180247075,0.9036466676708076,0.9161158147676328,0.9451582952387365,0.9955311777640342,0.7849952097992824,0.4458670760631127,0.9955311777640342,2.0,0.020048334661876246,272.10164366151923,6.4998678794346985,-0.411762881964673,5.913848575936551,away_HQ,0.23366484437452328,-0.0015231536374741943,1,0
0.3549632682889716,0.0,16.0,6239,1,blend,obs,0.6046666666666667,0.8103577708916404,0.9664916712619699,0.9974139271629927,0.9215742966710454,0.9949938611135142,0.9830673406135157,0.9740179427500878,0.9994453716944665,0.9980627260552887,0.8904537303583313,0.9888565429495453,0.9888596567463164,0.9413009708009823,0.9966202951576889,0.9934024398066463,0.9171896678892157,0.9934702935893045,0.998222833726317,0.8752222243023543,0.9846983613710374,0.9875100451338444,0.8137789671191477,0.9690644245395198,0.9450180539167202,0.8980104219500357,0.897077628498055,0.7615841347494459,11.0781054773597,5.13780872707445,0.712559100940595,0.1994257343014568,0.4401184118140971,0.5737087290249441,0.7451957453967348,0.6636182281945749,0.7454692383872532,gaussian,linear,0.0,logit_quad,0.6,3000,0.21231059327392807,0.2046097292149337,0.2855283220385373,0.4826052740220129,0.5448665271355425,1,12.0,0.01471705797441355,0.48358995809721816,0.5904347624628224,0.9843010969868964,0.9856776935675948,0.9888596472312693,0.8816549017981509,-0.5709804608445823,0.11686372470902295,0.9888596472312693,1.0,0.9114303040893607,7.512894648709895,3.337736274675993,0.007700864058994359,15.5594229282,iso,0.13359031721084696,0.1498461693399148,1,0
2.082290961069484,1.0,6.0,9800,1,blend,obs,0.5993333333333334,0.8711017001528452,0.9847601643167662,0.965716862388751,0.7693289701286291,0.954687621922994,0.9003427382660373,0.9576162341764339,0.9981744580740308,0.9949475624746477,0.8632154933989287,0.9827570537614717,0.961955369904164,0.8647916636434549,0.9830970705848228,0.9637890963721872,0.8715967216942273,0.9848104275005378,0.9670767579653958,0.8072845779618331,0.9650522188489535,0.9532894975874551,0.8382165001365788,0.9771531018401036,0.9404975113094292,0.8978256444573501,0.888071221799061,0.894252508681683,3.689022480827964,3.949365210147519,0.7058207585059384,0.2105546477130948,1.7293896030632445,1.7715401571707827,3.715743106127692,1.7200887289981972,3.690963737339386,gaussian,linear,0.0,logit_quad,0.6,3000,0.6664579044188677,0.3367151534184399,0.1960941486431239,0.20276532137970296,0.9646313210537415,1,18.0,0.012951947100011645,0.2193129676185616,0.8941292928203824,0.9176109149934554,0.9339660608335454,0.9619552331265243,0.9909953915720869,0.7600863209041482,0.4938325448645494,0.9909953915720869,2.0,0.8919274902550263,3.700436877007751,3.9652079771163566,0.3297427510004278,5.9768797288263285,toward_HQ,0.04215055410753821,-0.0023250184266567775,1,1
2.0869532900935104,1.0,6.0,8633,1,blend,obs,0.6046666666666667,0.843741683437437,0.9748146306365045,0.928786686425265,0.7734839672132623,0.9521491285446757,0.8902084791563354,0.9111428645199033,0.9914428942883995,0.9803891683598734,0.9157440213930892,0.9928379115273497,0.9785641739220168,0.9187995174988703,0.9933040024546091,0.9806846889053301,0.8599070532975491,0.9794808416975233,0.9416494109372034,0.9570723495308022,0.9979729897647016,0.9965439111685469,0.8942804668909402,0.9890565678055183,0.979145663488515,0.9710611080183447,0.8476080397670165,0.14628715690082217,63.11318911142552,7.22008483599324,0.9506896426705539,0.08620870424952902,5.818919865965791,5.755527853972425,3.879562524255906,5.810794616219454,3.8259002628670515,gaussian,linear,0.0,logit_quad,0.6,3000,0.6344660134487785,1.0414788030447082,0.18371857070385852,0.21736181706346785,0.923156024648294,1,12.0,0.02354469827002089,0.23199513642749947,0.7919069922453835,0.9284098922686155,0.9468405696587037,0.9785533309861998,0.9403087792518081,0.6325299740705947,0.40351352174358757,0.9785533309861998,1.0,0.15184189910216722,63.913129999382754,7.362960615824218,-0.40701278959592985,5.935961602653214,away_HQ,0.06339201199336575,0.005554742201345053,1,0
2.7790008876147514,0.0,10.0,7469,1,blend,obs,0.5923333333333334,0.8391618502486969,0.976371761431078,0.997987114212541,0.7410447727662768,0.9418218961941403,0.8756494568274393,0.9218729568929871,0.9937096527893956,0.9880681167940225,0.8127089546911312,0.9701012448982903,0.9024066693757541,0.8402375521067892,0.9768141019758612,0.9354794358635112,0.9291483135455645,0.9954436955866744,0.9962226580597938,0.7456057744463835,0.9411541535999864,0.9263469192503978,0.8408648710208196,0.977469478869514,0.953016701522185,0.8577021380458951,0.8862481894662224,0.11638568787738483,110.78281104884572,4.945541829239299,0.7970922632290222,0.1651328103649796,2.2304660631342323,2.318491029469275,5.220698023708961,2.6647371065988823,5.244417784241549,gaussian,linear,0.0,logit_quad,0.6,3000,0.7439936254132637,0.5748629434170455,0.16388485355067023,0.3591080673026541,0.6281463811458974,1,8.0,0.1538972711221034,0.37753094203197174,0.4340964813866605,0.8789482905686543,0.8855381699367629,0.9024000459137821,0.93315987174707,0.5975466565044638,0.5574238850341532,0.93315987174707,2.0,0.6950910535620618,19.170903757939364,4.7314251608018445,0.1691306819962183,9.819290353340739,iso,0.08802496633504253,0.578705365684677,1,0
0.9239584095430557,1.0,16.0,737,1,blend,obs,0.589,0.7135577722885693,0.9315165864676372,0.7209275595180837,0.8802938093060878,0.987594044417519,0.9658291762679354,0.9712110706326943,0.9991884821201681,0.9997759709593216,0.7676237849798733,0.9564690517654021,0.8398778672073408,0.8091076066024199,0.9704816238372448,0.9012676034915716,0.8050040402915778,0.9694221456908843,0.891964640649217,0.8085355478379315,0.9647121149615464,0.966438077153016,0.7452520789132656,0.9445425724399279,0.7915728784544627,0.7597987774069631,0.8437431681171728,0.5682724309017962,18.45563491929136,6.749201544656982,0.778983307102227,0.1829773998156699,-0.9802808425566022,-0.9209945112107677,1.6440085079728923,-1.6977852190249247,1.6272638716962928,gaussian,linear,0.0,logit_quad,0.6,3000,0.40723305040852836,-0.4537618360715153,0.25247252266270936,0.3297309537883866,0.5379469647577868,1,12.0,0.07562935761511701,0.4704531827770726,0.5366581243480399,0.9483577904392456,0.9259521556508764,0.8398781157358217,0.3220436855893325,-0.04823525348918572,0.049089691913273725,0.9483577904392456,0.25,0.904057110329484,4.770626932560102,4.001362520409889,0.8609948864800439,15.724668670142862,toward_HQ,0.0592863313458345,0.33578467942768775,0,0
0.33952849167624466,1.0,16.0,4596,1,blend,obs,0.5873333333333334,0.74314130815374,0.9379596242905435,0.7780328214810872,0.9395834541607648,0.9971721614143938,0.9913068787334832,0.9892709520067793,0.999898527067475,0.9997751792913822,0.8714612249380929,0.9849951853312819,0.9524165151578106,0.8609793548326085,0.9831506927051673,0.9445743987758818,0.8000622746236383,0.9635359122856281,0.8773497328395935,0.9170950624530306,0.9930627852811721,0.9987776203592246,0.9063721822208302,0.9912467946099466,0.973112828323584,0.8626089315710241,0.8184085175158854,0.22562052947060146,38.026082455283806,8.205207014500896,0.886851114627782,0.13010997197429594,2.599936528011929,2.7627139962660636,0.5610325831411932,3.0866762966160035,0.5711208006439278,gaussian,linear,0.0,logit_quad,0.6,3000,0.168550241394532,0.9473680011823575,0.2975127777400038,0.30847999994249126,0.7649064820038061,1,18.0,0.014955675497642672,0.4196476479178261,0.7089585256016058,0.9995325513455887,0.9971467625493382,0.9524331226486139,0.558357214215633,0.14066846138984637,0.2983556451574809,0.9995325513455887,0.25,0.2778653532615206,32.60456832531049,8.49966645735865,-0.7788177597878256,15.757489130567112,away_HQ,0.16277746825413475,0.05224482379091916,0,0
3.522550284919621,0.0,16.0,7543,1,blend,obs,0.6003333333333334,0.7915732479148538,0.9597502458093187,0.9821876285386087,0.6959687420762475,0.915029869515976,0.8197679165731704,0.8370517218113676,0.9727928256280257,0.9362371930520339,0.738048400967275,0.9394476074842641,0.8199378020125871,0.7652707258328205,0.9483246440634147,0.8715581503968172,0.8891939059224326,0.9890198819945535,0.9888718464428854,0.7277376667319153,0.9292505402331767,0.8953586488753069,0.7742248187339911,0.9558408582671168,0.8578000462946702,0.8591460914786735,0.904809084620837,0.6080717318742174,19.283319966221256,4.707483099574142,0.8207362326276895,0.15038937070737404,3.121485518096416,3.27750992252631,6.44658768060686,3.2740442134024415,6.252082591699365,gaussian,linear,0.0,logit_quad,0.6,3000,0.7513482631210221,0.6330627410671059,0.15681288474771557,0.3783404173417245,0.5386625073844898,1,12.0,0.1599129083883473,0.40017331577230314,0.39186242202351496,0.8185313099771978,0.819951144166395,0.8199371569177146,0.7830467722889184,0.5135645087511094,0.6386531585193562,0.819951144166395,0.5,0.7433169473888992,13.26641507937804,3.814806286763435,0.11828552205391628,15.414794594854621,iso,0.15602440442989396,0.13524521551468183,0,0
3.5761139990057007,1.0,6.0,2960,1,blend,obs,0.5976666666666667,0.8597969412343301,0.981497850918322,0.9691718165177582,0.687599483745023,0.9141651026855899,0.8578933188000958,0.8395078063269317,0.9757993733200205,0.9645501042599967,0.7932490323939961,0.9597990295463413,0.9398632112496197,0.794293082837682,0.9601435354322402,0.9419147665625225,0.8587849675635506,0.9811735893740454,0.9698583742232547,0.7662965681859475,0.9492388583491368,0.9445440683505731,0.833325018555237,0.9755089515036772,0.9439735290962292,0.9471033479737927,0.8615765138823261,0.7391994495380786,9.137840707208149,5.736301279933854,0.7970259468955724,0.1766735390176472,3.3130251304854395,3.366833730183346,6.958722114815559,3.0945063346306925,6.794097479795571,gaussian,linear,0.0,logit_quad,0.6,3000,0.7978723376280352,0.4679199965892189,0.14944391840050078,0.15865672022681793,0.9646244116178714,1,18.0,0.016043724459347267,0.1739331193687022,0.8592033474873213,0.8797460734654367,0.9016887701458473,0.939860156658436,0.9934477602906384,0.8758441670325762,0.4044972561578687,0.9934477602906384,2.0,0.7312110941025349,8.910843585829047,5.818247617846919,0.3299523410388163,5.988981640950744,toward_HQ,0.05380859969790652,-0.00798835543554366,1,1
2.5290360969380687,1.0,10.0,9534,1,blend,obs,0.599,0.7771571475809822,0.9499058283911923,0.834111914611415,0.7321852825992065,0.9323466011665247,0.8607251867760756,0.854611181941496,0.9776626558476404,0.957756764951144,0.8207895880131562,0.96856203801036,0.9260662710668621,0.8328110317222145,0.9724521301775741,0.9383986286644342,0.8243369085097285,0.9678313261908416,0.8994799448432139,0.9124346468374672,0.9923876463414749,0.9926091473247287,0.876327034054885,0.9853754750834443,0.9756231204552622,0.9426706292422569,0.9037391925529831,0.016521475849278166,306.64068433834433,4.410445322846809,0.9749813927433318,0.05484166148176092,6.536840045250822,6.391059410767813,5.0486894358501235,6.465661562380503,4.883469179038845,gaussian,linear,0.0,logit_quad,0.6,3000,0.6919559500394082,1.283317532240497,0.1634272305361955,0.2289021851519491,0.7939902911527322,1,12.0,0.06785772319498083,0.2871593694320151,0.5691168317420576,0.8871671290151762,0.8994457980228551,0.9260558577365297,0.9900463376677743,0.8342803100443825,0.4394825597469926,0.9900463376677743,2.0,0.012492306886678293,361.89684395673333,5.1140253776098366,-0.5913615822010888,9.742082274204273,away_HQ,0.14578063448300949,-0.004029168962599873,1,0
2.0567930169428297,0.0,6.0,4584,1,blend,obs,0.6033333333333334,0.9142420588210685,0.9932676829889275,0.9977788058142147,0.7642119581179239,0.9539521335856642,0.8857814091858867,0.9446570620755586,0.9973001664818537,0.9945048591754034,0.8795356210611527,0.9873177939714771,0.9587958021958574,0.8900738400835111,0.9892820369103398,0.9676636583643072,0.9402074695081598,0.9967654488158182,0.996554819289911,0.832295179492447,0.9749481818855604,0.9581276308915655,0.8919365091646495,0.9895350349170092,0.9847531795877028,0.9135721128669667,0.8732057775552459,0.6070478706625302,18.66713938131694,5.320943514632939,0.7925110265100516,0.17176141042670096,2.307656518969051,2.3505929474980793,3.4734121250811687,2.443206887145304,3.4763737427806225,gaussian,linear,0.0,logit_quad,0.6,3000,0.6542870773923601,0.5855854528560211,0.19950118766870084,0.2748028578135082,0.8505381042954224,1,8.0,0.051317341250408585,0.2895542710332407,0.6889941113864564,0.9023590526733631,0.9202020471418603,0.9588108689943289,0.9684323867962282,0.5897321902464118,0.3924041450661251,0.9684323867962282,2.0,0.6562132267920403,15.127634429119212,5.489565513265852,0.06870162453633902,5.946168422353878,iso,0.04293642852902835,0.04916535612951012,1,0
0.20270621080167928,1.0,16.0,5833,1,blend,obs,0.6056666666666667,0.7029298915978748,0.9225208702527253,0.6805118282588184,0.9673991122373817,0.9991166660927557,0.9972171262402987,0.9841385085797032,0.9997942209055706,0.9994269831891853,0.8124383117426399,0.9691144907020289,0.9003378670654685,0.8635584896921533,0.9852783544954685,0.9490239931773553,0.8688846749380649,0.9863369341176031,0.9528518367374544,0.8686367960589039,0.9839333171853505,0.9961376723170952,0.7525210590273075,0.9437806626186582,0.8175191499696071,0.8079183578957749,0.8268143408942293,0.5032594838797216,17.648202149260904,8.621706122611627,0.8206743301150818,0.15630475280094336,-0.9821437558561196,-1.306190639087902,0.41069431904771186,-2.0783396356194253,0.40762665690094674,gaussian,linear,0.0,logit_quad,0.6,3000,0.11764476812079014,-0.6884128048717699,0.28896492481852026,0.41713081951218806,0.2593952797762536,1,8.0,0.03666265825922681,0.5505930579302392,0.5248248604963931,0.9918858343084025,0.980783954295401,0.9003489078295785,0.24649171990002322,-0.4326992756438911,0.0258469887973507,0.9918858343084025,0.25,0.9086066746139654,3.2553966520616986,3.8075725290480165,0.8060575729925599,15.752899866725539,toward_HQ,0.3240468832317823,0.40534719073424375,0,0
3.717825127897752,1.0,6.0,7535,1,blend,obs,0.5996666666666667,0.8692777984184523,0.9831457494163423,0.959225817559253,0.7015517863980218,0.9219501095882816,0.8523825366786119,0.8686920395519809,0.9838675938214518,0.9686446533954921,0.8280295398121763,0.9740892771139759,0.9412910806039007,0.8316133499557073,0.9751462801342415,0.9437921502309489,0.8779192927625574,0.9853061945053871,0.9645690958719831,0.971919411932547,0.9991271220988889,0.9978713167346421,0.9234792509593445,0.9943946794661291,0.9897329661122062,0.9431312003182665,0.8675301464643377,0.0561554231513074,154.28958040215568,7.9674484911674,0.9855070283750016,0.043365283158327925,9.391556625409235,9.508104739668498,6.61149034519627,8.331766088105617,6.470769726573914,gaussian,linear,0.0,logit_quad,0.6,3000,0.7953332783170051,1.1097869965947016,0.15788170601785242,0.16235184279001658,0.9644912934867201,1,18.0,0.01604263028272415,0.18233217277885821,0.8659015225433606,0.8930092529354714,0.9072265118032097,0.9413229637006442,0.9887164302451098,0.8427938642356112,0.4110220937896415,0.9887164302451098,2.0,0.05278859787254805,159.45978437684377,8.290957705828705,-0.31445371827769664,5.971776933994857,away_HQ,0.11654811425926326,-0.0033668252787593528,1,0
1.9457485047909682,0.0,10.0,2725,1,blend,obs,0.5876666666666667,0.840608299246046,0.976946909595712,0.99101758818281,0.7583078603556896,0.9502619473175765,0.8910921424484228,0.9273083320912022,0.9946958682963237,0.9898216329750678,0.8377095832774677,0.9780011348667503,0.9240099551154766,0.8561375439247217,0.9820610091120179,0.9462346911847358,0.9225605485500399,0.9946835027763263,0.9909226788832917,0.751577402707944,0.9446452126964853,0.9335974841971454,0.834454206496094,0.9755444420246757,0.94405884383511,0.8743147479237718,0.8716529599772337,0.45541415971182925,25.981632116974286,6.12843933812676,0.7786098510155075,0.1755169945070123,1.8822034337589442,1.8938890303682197,3.587039511034882,2.1364789606966132,3.613035373775887,gaussian,linear,0.0,logit_quad,0.6,3000,0.6462717928017195,0.4908780094268482,0.19094018063029689,0.3769535102990559,0.6260024804505181,1,8.0,0.12498332493901242,0.39847616140627495,0.4791759184701132,0.8960592769457768,0.9036517171359947,0.9240115429453072,0.9477453738783767,0.15353159543576295,0.5045919313560778,0.9477453738783767,2.0,0.7368312318460573,15.25621134570355,4.558040182376965,0.1553937833748713,9.772578124751973,iso,0.011685596609275484,0.281417072134228,1,0
2.25334225078258,1.0,16.0,9837,1,blend,obs,0.597,0.7355962922871051,0.9418746969726274,0.8288193582788571,0.734520510881971,0.9406096734250415,0.8795816668806845,0.9101407470117161,0.9926501863212678,0.9846865251715169,0.7444764000031353,0.9464969265085919,0.8521154564393851,0.7576589076069227,0.9512857513434662,0.8734229001970069,0.7632175882825576,0.95288813526057,0.8746065437899785,0.7029984663454727,0.9209283132321192,0.9087068580877122,0.6851375028123262,0.9196787803541228,0.7151319688658344,0.81435393499337,0.9229184142574929,0.8660862335792728,7.9153250012740815,4.430890328820203,0.6471413680847949,0.22057976780528668,0.6292074045616748,0.7397509258201277,4.375261850448249,0.006245243628941038,4.37188187682588,gaussian,linear,0.0,logit_quad,0.6,3000,0.7345191974923734,-0.011563038322507713,0.1853561928218787,0.24757421856805306,0.7573482705430654,1,18.0,0.09754563312685921,0.3307794269894372,0.5603619140068155,0.8739495890689557,0.8689897290343128,0.8521176282640822,0.7487813122218133,0.14993770894565614,0.11964962799888113,0.8739495890689557,0.25,0.9175761279241966,7.046861098111472,3.6066911073555374,0.7460822358148811,15.767069160719181,toward_HQ,0.1105435212584529,0.05148989434492379,0,1
3.0655679623115457,1.0,10.0,9671,1,blend,obs,0.6043333333333333,0.7666513444985995,0.9452797032029111,0.8117089372420161,0.7274275937430845,0.9282597744932441,0.8648110359334447,0.8436153632432237,0.9739161650026306,0.9516024265373363,0.8037976704751619,0.9613129241949874,0.9167165645017591,0.8122453690050369,0.9643148460602409,0.9251659816486985,0.8147256199149262,0.9644543218137295,0.8854738980424481,0.9177830049145979,0.9932688861396748,0.9953998336604974,0.8722928642936049,0.9843261367698309,0.9678451769090198,0.934411775361165,0.9127502355098327,0.0055321212359587,571.2286518475217,4.085824775669645,0.9793996926624198,0.04881580857561627,7.356343564887695,7.203903907181188,6.2062534139433065,6.91523075862308,6.170319121912659,gaussian,linear,0.0,logit_quad,0.6,3000,0.7335762230382423,1.3103334722556177,0.15327228383385566,0.2237483787754878,0.792524016520544,1,12.0,0.07823120531133286,0.27832743013770483,0.5506905437168838,0.8883969833938458,0.8976903653333708,0.9166445855401815,0.9696242127753723,0.8043622244760796,0.5012675198974104,0.9696242127753723,2.0,0.005763775078464239,559.4798914832292,4.444518585671108,-0.5767572492173754,9.730573331867085,away_HQ,0.15243965770650636,0.00023165384250553936,1,0
2.55767252812427,0.0,16.0,3707,1,blend,obs,0.5993333333333334,0.8524545946704767,0.9787973314485832,0.9880859027666449,0.7321344888788337,0.9390582397944222,0.8774466048380514,0.9108650782224674,0.9924960336757601,0.9882594141714239,0.8240574165259307,0.974190055652553,0.9302287308314952,0.8387940193173579,0.9777637883496356,0.9446531979906035,0.9028651460780973,0.9909046136508279,0.9904489508149321,0.7761576510843109,0.9543414273205514,0.9432045056728147,0.8055517703604331,0.9694283397810388,0.9053419803688977,0.8871439225982016,0.8957628275473,0.6680455312009891,12.882616854548276,4.997040377798539,0.8126690036442785,0.15793102234716513,2.4924148837035327,2.5748898959857875,4.6245551163042995,2.9629343956726286,4.665975313405797,gaussian,linear,0.0,logit_quad,0.6,3000,0.7325273664169425,0.6533682972270684,0.17868652669931645,0.31798899378484574,0.759963002089487,1,18.0,0.09627133641664272,0.32447213064969876,0.5506991504679551,0.8874813974206164,0.8994108372514795,0.9302333534885631,0.9837111329953078,0.7676829384839943,0.4747263962775823,0.9837111329953078,2.0,0.6806146030487965,14.208445984263497,5.308028899553339,0.0791590691898741,15.394080617694206,iso,0.08247501228225484,0.012569071847807423,1,0
2.212672922692981,1.0,16.0,2883,1,blend,obs,0.5866666666666667,0.7400061620443226,0.9446354604478766,0.8264721562243514,0.7545656254526167,0.9501074352903209,0.8868557909824555,0.9363655354422694,0.9963694422866464,0.9914499236834716,0.7494494593802958,0.9492357220669051,0.8494567829483805,0.7634658372487411,0.954459325982656,0.8703119009768954,0.7699076748519079,0.9564684913382432,0.8742423682666186,0.7258475773714921,0.9322216280476607,0.9162727275236,0.6792214434031776,0.916077286965653,0.6919735789276674,0.7992782805852018,0.9241599838199293,0.7965210705923425,10.88656600407724,4.188222349344485,0.6429561491935485,0.22245125428056114,0.4227497451045295,0.5217708686666657,3.885376400518328,-0.16660895709350496,3.8770462702922783,gaussian,linear,0.0,logit_quad,0.6,3000,0.7050637090258305,-0.05205992473147003,0.1985743781732499,0.27383687156082037,0.7640363897985591,1,18.0,0.09008143716686205,0.34269463290240687,0.5794499216152015,0.8793895229773744,0.8721912952385007,0.8494585357190454,0.7267867352911078,-0.021891533787991004,0.3186884744961834,0.8793895229773744,0.25,0.8970225516187972,6.51851030836507,3.6503076129437666,0.7571236337573005,15.777475872781402,toward_HQ,0.09902112356213616,0.10050148102645473,0,1
3.173977071871534,1.0,6.0,9183,1,blend,obs,0.614,0.8771479714222384,0.985053169394509,0.963602093476785,0.7082621416854427,0.9258145836214162,0.857593709037447,0.8676558838483129,0.983516906090347,0.9637773730252206,0.8332343222259712,0.9756606639787516,0.9424880123674687,0.8363613549896802,0.9765550881121915,0.9448416263341871,0.8856160270954314,0.9870519769439042,0.9684597724993569,0.9695953941842615,0.9989531592134095,0.9975412210236224,0.931789037171954,0.9955426583743594,0.9908905898944614,0.9440959370345933,0.8688554933440311,0.08964292268365297,78.99700502205803,7.175303275507705,0.9824194247073186,0.049596725524211766,8.050007512266331,8.088053934190798,5.92953174196007,7.772540026128509,5.856851432656861,gaussian,linear,0.0,logit_quad,0.6,3000,0.783001477389632,1.097920781877621,0.16141446867181547,0.16408342490298405,0.963758300484211,1,18.0,0.015921535753664402,0.18530490710685477,0.8710749822655098,0.8957889264571784,0.9112744943619148,0.9425046093461584,0.9912719376209116,0.7449802257780727,0.39958406714431105,0.9912719376209116,2.0,0.08417383703627451,81.84762500032159,7.458463885591312,-0.3149193044879892,5.985046952464427,away_HQ,0.0380464219244665,-0.005469085647378455,1,0
0.08476994386892178,0.0,16.0,5070,1,blend,obs,0.6026666666666667,0.808054197948033,0.9652945339500572,0.9947363028488904,0.9825644393181733,0.9996713053711012,0.9994581429871398,0.985897626782815,0.9997959481921058,0.9998170660428594,0.8930032270773939,0.9891598571658768,0.9993073303862969,0.9428439719434683,0.9968796371995763,0.9993770543260606,0.9206977332950239,0.9940154586191667,0.999433003713458,0.8817785457213209,0.9865391649628791,0.9992772255011497,0.8317736130628215,0.974053159147169,0.9655998071801278,0.8805422294776929,0.8800510635905097,0.45042117357757516,40.13334589128194,5.475494938256799,0.7382030646789808,0.19351294056618606,0.05793714706848556,0.09202354574733858,0.16586071207604836,0.146849443121416,0.12528129669530103,gaussian,linear,0.0,logit_quad,0.6,3000,0.03681712442796996,0.021209707320853657,0.28896077692373334,0.47941265433952274,0.5407746355754388,1,12.0,-0.023910026498281535,0.4816623240988709,0.5999239767493593,0.9995489087343487,0.9995669578273841,0.9993072988263528,0.9639963442593995,-0.9633531648045683,0.08246994470571944,0.9995669578273841,0.5,0.9162819708145116,8.463412824563061,3.7045904690156246,0.015607417107116309,15.498314987301626,iso,0.03408639867885302,0.4658607972369364,0,0
0.24496197003785358,1.0,10.0,3450,1,blend,obs,0.583,0.7813916682711552,0.9605662891644272,0.8556059598207184,0.954522278081232,0.9981796755600854,0.9947488583208067,0.9811694193538902,0.9996775640567472,0.9995344796350052,0.8144361419143675,0.9721474270895498,0.8992787778693161,0.8362449596953669,0.9784735138135414,0.9236672502375771,0.8240099169322077,0.9749868185910738,0.910526098951189,0.8689474506618607,0.9833154697687969,0.983960123266064,0.7727235307366279,0.9560398546978149,0.8478817203761204,0.8109959368830614,0.8419081240363918,0.7338667177176557,8.917771994971162,6.6580983147375,0.7711849959712047,0.1887403731590674,-1.7046137928411609,-1.639991524902994,0.5065985361494194,-1.813372946261893,0.49545593709343905,gaussian,linear,0.0,logit_quad,0.6,3000,0.14040013954425573,-0.5172347242822836,0.2823240372287162,0.30162173089399247,0.7971810640996657,1,12.0,0.0008414081808038736,0.39055600196358176,0.7228772207040416,0.984380609246501,0.967554630308473,0.8992684045468134,0.46535287442189655,0.13285144122821074,0.26648334186797173,0.984380609246501,0.25,0.8437851913578108,5.5275620977310185,4.932452196846634,0.6576348638265392,9.937709261132344,toward_HQ,0.06462226793816694,0.10991847364015517,0,0
0.8790784949091468,1.0,10.0,9991,1,blend,obs,0.5966666666666667,0.8178531001583159,0.9679373956827885,0.9023208855120788,0.8715047401983835,0.9871309259433025,0.9614895595294317,0.9876806964061025,0.9998574033412219,0.9999681606618872,0.8920390134623981,0.9888387321108126,0.9695591791873404,0.8888591588919231,0.9883260225683562,0.9662557559154121,0.8402793099975271,0.9754846586010748,0.9260975342078267,0.9514028651885009,0.9973818573226394,0.9968086406260909,0.9113154786492441,0.9926370105239942,0.9835562592009927,0.8988100681297841,0.7822693890505462,0.32547416454416744,26.432199213024354,9.98890567439371,0.8958866983701925,0.12608555152484027,3.275028443062951,3.3646905133145806,1.5077445284470954,3.3681878759892943,1.5140575857741294,gaussian,linear,0.0,logit_quad,0.6,3000,0.40303328220774287,0.9292028866042205,0.2753760791880482,0.27799500310086744,0.9022824133809847,1,18.0,0.019713142414462505,0.3316671684994139,0.8302783794788986,0.9885135249129501,0.9991045594950364,0.9695980602124757,0.5750204531669929,0.3549168355966729,0.2635309737144559,0.9991045594950364,0.5,0.37953026513674415,22.15602002533367,10.263621414443097,-0.5261696043964776,9.954638068214546,away_HQ,0.08966207025162953,0.054056100592576706,1,0
2.9713418803701903,0.0,6.0,5566,1,blend,obs,0.6016666666666667,0.9606890971796717,0.99848850953789,0.9995986347423628,0.7379801778678043,0.9355187606130004,0.8708732463861916,0.8772000224379641,0.9846210160766858,0.9799308642114538,0.8449439517189006,0.9751038356095528,0.9501238991374475,0.8477741139040058,0.975969782940141,0.9551683840074725,0.9753237326233253,0.9994127663129099,0.9999121751440614,0.8604878603017352,0.9809425874741526,0.9751613761828024,0.9294709831546191,0.9953116504759809,0.9856961636994971,0.9423120918094053,0.870003925922373,0.14874986263770565,96.39668656680746,5.197216088498054,0.8600971267631753,0.1424529458004487,3.902623942082871,3.9686366237272988,5.486197501627222,3.9703348985539977,5.559233824858333,gaussian,linear,0.0,logit_quad,0.6,3000,0.7164654160824409,0.6841715481400469,0.16307450565375986,0.20382888610490266,0.9237608564869946,1,12.0,0.02665622340007839,0.21234694650905883,0.7679625647303716,0.8926611360085085,0.912257984022725,0.9501237182621459,0.9911766959055736,0.80863269224745,0.4260660983543165,0.9911766959055736,2.0,0.15471414462007613,93.50051432284127,5.458668742682581,0.03229386794239401,5.937048396527844,iso,0.06601268164442775,0.0059642819823704785,1,0
0.987260005726013,1.0,16.0,2845,1,blend,obs,0.6083333333333333,0.7666029917791363,0.9557313450840444,0.8512924667208843,0.8641170856035301,0.9846629799762342,0.9597555507155504,0.9785795876102651,0.9995115205829125,0.9991333961752542,0.790693397137262,0.9646489083222831,0.8847379048515136,0.8050099344518489,0.9693800956788489,0.9020286540358027,0.8026214996266502,0.9685675331321437,0.899212609680405,0.8128509769588115,0.9673344428157827,0.9628087571682874,0.7012974323533572,0.9257177286494636,0.7290440882615762,0.7876344648659204,0.8916208989769436,0.8390203213421131,6.071955156849989,5.162185042365818,0.6970196444185368,0.2054057984719165,-0.6904466039863493,-0.5431458199221114,1.7381369001358178,-1.014883337827372,1.7379239101979393,gaussian,linear,0.0,logit_quad,0.6,3000,0.435992074309445,-0.2940097139490584,0.25296613350814146,0.30828488755194133,0.7617412275122828,1,18.0,0.05661739405471263,0.37778979836512816,0.6695949297806435,0.9477853391160551,0.9326811849751853,0.8847389064906428,0.5910919572801562,-0.15693934847674654,0.023700509594034136,0.9477853391160551,0.25,0.9013915712326495,4.5129724355366285,4.455566033624651,0.7300017882585034,15.779083384923542,toward_HQ,0.14730078406423786,0.06237124989053633,0,0
3.105553321734444,1.0,6.0,4675,1,blend,obs,0.6046666666666667,0.8862658895116796,0.9874886850011906,0.966919416703292,0.7034457336821468,0.9232336114145209,0.8682595157813694,0.8620120169917576,0.9819235879931998,0.9715471739213233,0.8362822777098393,0.9760998839637296,0.9538238412893945,0.8382068094637899,0.9766415870115505,0.9553240681615052,0.8941889647593027,0.9891987852980209,0.9710955129287269,0.9525639753330875,0.9973188088502511,0.9959178281447587,0.9281374979655961,0.9953778255989799,0.9872400448780863,0.9532504945951826,0.8598622734468669,0.1041436613431645,108.81447463649415,7.8353755543444175,0.9763847236502303,0.0569671197313108,7.0950374514208185,7.108648630241388,5.458245061212325,7.083712404660795,5.406455071991679,gaussian,linear,0.0,logit_quad,0.6,3000,0.753691439373487,1.0660865450697097,0.16287421094285603,0.1666931812053096,0.9645296331845398,1,18.0,0.014638970307908656,0.18672097102280416,0.8722866534523552,0.9016030789793157,0.9190741618077932,0.9538004169693763,0.9904607091328975,0.8157040382732167,0.4114598318275,0.9904607091328975,2.0,0.0953740129087331,114.61442828507266,8.056499277041922,-0.3123951056962227,5.986260472350133,away_HQ,0.013611178820569059,-0.008769648434431399,1,0
1.55734746237634,0.0,16.0,1848,1,blend,obs,0.599,0.7589915096877571,0.9470307361702411,0.9453068968775186,0.7947006482916267,0.9639611782397317,0.9178137492270488,0.9305662717698312,0.9950473386466058,0.9908408318944886,0.8228670416686937,0.9740425985615936,0.908862944397145,0.8680545764250395,0.9849107344245949,0.9559642555556706,0.9200818530077942,0.994787259803708,0.9840415479857603,0.7396283130763429,0.939026391628582,0.9331289435839714,0.7827154301452426,0.9578812494313073,0.8848156337081957,0.8434283330293119,0.8660167259626456,0.02337378493647152,273.5379074627367,6.3580413110757386,0.8105966302940479,0.16086671648253612,1.3446850458602198,1.3423620178873352,2.9121098466837387,1.3778026666688425,2.902238431545519,gaussian,linear,0.0,logit_quad,0.6,3000,0.5994344378077838,0.30182247388487726,0.21174011453670893,0.4759875951822369,0.2728117527236086,1,8.0,0.23737802427565788,0.5074452774762328,0.41726689346641166,0.915436511946152,0.9140746897001453,0.9088622466623111,0.8639991736930834,0.2744768279546861,0.5622040912663655,0.915436511946152,0.25,0.6286547708588945,30.86564683171209,3.9248777322717814,0.29761196392290656,15.441573164763243,iso,0.0023230279728845282,0.6052809859224231,0,1
1.7380835513776804,1.0,16.0,9973,1,blend,obs,0.6006666666666667,0.751825953997662,0.9493560314622435,0.835445161554539,0.7924890132075718,0.9634996753033713,0.91375494838167,0.9476966000369355,0.9972868932591544,0.9936591597624823,0.7658114938140734,0.9541651515761,0.857192287343271,0.7811556950658888,0.9600861620678094,0.8811207917516645,0.7814346367687348,0.9605188648142977,0.8822326835096572,0.7524823889977394,0.9434393393001498,0.9322622995053478,0.6899788251243224,0.9214062500620073,0.713245220056479,0.7918059633158301,0.9116343303136084,0.8153313218434158,11.885950088095118,4.898671329278176,0.6433706566067382,0.21869557586550825,0.13679113475225327,0.2293159278572421,2.9823645806678223,-0.4490361421324589,2.9605777701451594,gaussian,linear,0.0,logit_quad,0.6,3000,0.6217572256579029,-0.12288090456797546,0.21409166856249123,0.2829964207392177,0.7615630764291547,1,18.0,0.0811917684091843,0.35016981056821844,0.6113938497870104,0.9041120303934376,0.8933176115675527,0.8571942309591873,0.6282707909962971,-0.295380690466508,0.003280542045614121,0.9041120303934376,0.25,0.9285548307249811,6.263074544884773,3.8519908484127647,0.7446381302258784,15.774036458039271,toward_HQ,0.09252479310498885,0.1132235088815653,0,1
3.608941387307191,1.0,16.0,9926,1,blend,obs,0.6033333333333334,0.7208188043367403,0.9252085744013994,0.7344375057676792,0.7109700004118913,0.9275526551309492,0.864974965749464,0.8721256203066673,0.984556384036926,0.9739937039693736,0.7650484113947584,0.9524944793753375,0.9036697157555786,0.7826992393720387,0.9595349821251935,0.9155976353232443,0.7910847195897731,0.9578284553905093,0.8729835951471555,0.8939394135729877,0.9894377035777076,0.991336609997643,0.8759936597117854,0.9857793069514381,0.9535022198589835,0.8702037279612989,0.9433490077688418,0.2244520736117981,57.759102653374306,3.5134014431815066,0.996153721156971,0.02077646036045408,8.991156528807958,9.43403104736216,6.587792153577855,8.33776500817703,6.440840640507582,gaussian,linear,0.0,logit_quad,0.6,3000,0.7928356824055542,1.4556068180270416,0.15677708895729248,0.17647743613116137,0.7634230639215591,1,18.0,0.10507079024813665,0.3023953675972473,0.5184506965268724,0.8896831362540656,0.8924801258532697,0.9036557186470978,0.9531859165988897,0.961389420304988,0.5995256084746294,0.961389420304988,4.0,0.1141064556589044,82.64976104394152,4.764713722247655,-0.6627711356214874,15.619751384622862,away_HQ,0.442874518554202,-0.11034561795289369,1,0
1.2529591902887072,0.0,10.0,1807,1,blend,obs,0.5976666666666667,0.9192746888340685,0.9933767253709841,0.9964989737626537,0.8191924441306699,0.9731679482592169,0.9357852529995504,0.9549333854921596,0.9980486836344358,0.9961034680209307,0.9327311514993131,0.9959440874764044,0.9870535868001326,0.9387166520691574,0.9966342059831861,0.9894037915125332,0.9379378804066993,0.9960594192327744,0.9972913101929818,0.8783904633341473,0.9862571823495848,0.9835045436376164,0.8786319951502644,0.9873180076300243,0.9726001292552091,0.9557479566025917,0.8704737464818784,0.7254643637807737,13.265386834930771,5.381899185998882,0.7509799454843955,0.1909245062032446,1.7125439891317824,1.7661715577014996,2.2600150584612266,1.8517122430241328,2.2583508188185726,gaussian,linear,0.0,logit_quad,0.6,3000,0.5455652295344958,0.5169423535463014,0.2448021749674791,0.3019722943698736,0.902358697942046,1,18.0,0.028480741541443495,0.3024484439129275,0.8094013373001704,0.9499292850240582,0.9636665552364505,0.9870526180713503,0.9178586819301356,0.4793541683003585,0.39472235144882806,0.9870526180713503,1.0,0.7705787938320687,9.75647961498966,5.262215727101175,0.028622875988194473,9.73869625713596,iso,0.05362756856971718,0.04511443005129501,1,0
1.118447677513045,1.0,16.0,50,1,blend,obs,0.5843333333333334,0.7068737402654545,0.9272715614957711,0.7076381705057346,0.8656572300411003,0.9843989949129712,0.9513755053600795,0.969725814000715,0.9991973599118693,0.9977621593019195,0.7518270419203521,0.9498341998936983,0.8141885092412965,0.7971059449501563,0.9658919209072393,0.8830712321826591,0.7977554139998342,0.9661537543899128,0.8796465840422483,0.8139088481034451,0.9665944739605613,0.9593858977000881,0.7153603656446051,0.92829469346069,0.7116707354702216,0.7456639057508496,0.854365069355584,0.046992307783281284,187.86114462917803,6.319423959077393,0.7709276936638806,0.18670384149137628,-0.8290926233631954,-0.7706138610611738,2.0328722203739726,-1.5480069701796793,2.0554231497550264,gaussian,linear,0.0,logit_quad,0.6,3000,0.47820944137585375,-0.406907270299748,0.24352785155202458,0.3268673368835958,0.5442500544763382,1,12.0,0.10263421299165834,0.4675328195956455,0.5208786235854933,0.9318771205766233,0.9058862407669239,0.8141689238239959,0.31481903085108803,-0.06358773354910886,0.013982928513761927,0.9318771205766233,0.25,0.8848825007758654,11.034269411575298,3.58832525014009,0.8851167116756018,15.771500872417104,toward_HQ,0.05847876230202165,0.8378901929925842,0,0
0.5699265146592065,1.0,16.0,6325,1,blend,obs,0.6096666666666667,0.7491374232498803,0.9396626700105537,0.7945181587006845,0.8942454060762951,0.9911888138605369,0.9731527719648309,0.9718372288271405,0.9992425090442169,0.9975672056544852,0.8838395547035248,0.9868868894317449,0.9658569049404822,0.8671055814285809,0.9833346208091834,0.9491972254099517,0.8109081383001833,0.9659059565504083,0.8944193656626425,0.9277267234242743,0.9948656131728401,0.9982115805620083,0.914559935839978,0.9923490847289757,0.9784841994462726,0.8639014936101452,0.7983583436160913,0.01592553261246232,325.780567261437,10.75522995176767,0.9144777727092543,0.10976780803616477,2.9479493147257045,3.1486633159946154,1.1077489423988394,3.5027740830190983,1.0582567061520989,gaussian,linear,0.0,logit_quad,0.6,3000,0.3125614831259448,1.0441168785448458,0.29303019891274473,0.29531468805735694,0.7602717788964206,1,18.0,0.03577917733049223,0.4091366842183327,0.7162159009832796,0.9912647796483265,0.9992754473088653,0.9658496280037016,0.5071466931831214,0.27974856336221476,0.28567833224721095,0.9992754473088653,0.5,0.018526631632886287,297.9229699071413,12.33624596838617,-0.731555395418901,15.677375366582678,away_HQ,0.2007140012689108,0.002601099020423967,0,0
1.0390071656228494,0.0,16.0,9402,1,blend,obs,0.5973333333333334,0.8609314991098695,0.9803979620133789,0.9909872498889728,0.8556922990013967,0.982982504036377,0.9535663145322382,0.9676326523209031,0.9987986622658304,0.9963343699203826,0.9048222591992806,0.9910354606667958,0.9831088944484941,0.930585802840159,0.9950279432874705,0.9883671858948588,0.9148830017642327,0.992346293743272,0.9948137328588506,0.8556128313766124,0.9801671280029642,0.9788361624163513,0.8257897201240612,0.9744652159301487,0.9395522358486973,0.9104052490198941,0.8742256633855774,0.6560106489672195,13.72785419224039,6.411320410233939,0.735211591621334,0.19294858440390453,1.262762717717552,1.3182130074561729,1.916173989288444,1.4950713673332625,1.9142616679274502,gaussian,linear,0.0,logit_quad,0.6,3000,0.4803875558844257,0.44450342664146936,0.2561908730605441,0.38030169162584393,0.7600970286882571,1,18.0,0.061789581321580606,0.3861644951558503,0.6634242046440579,0.9606005531067476,0.968394492516452,0.9831091161548848,0.8049876796498111,-0.25477674819125445,0.15499096226399778,0.9831091161548848,1.0,0.7915471623115817,7.925950278118993,5.513892199625426,0.03588412924295639,15.470876339923215,iso,0.05545028973862087,0.13553651334436223,1,0
0.9458415343148676,1.0,6.0,6607,1,blend,obs,0.5973333333333334,0.8979619989287745,0.9913531922049643,0.9754425352956849,0.8636655753176169,0.9851478406836877,0.9612294280447645,0.9784131628143,0.9995430044250727,0.9995549160085085,0.8998468661691617,0.9916847377273992,0.9770490704586778,0.9006436091274586,0.9917171792911279,0.9779225553647767,0.8989915952756243,0.9914295371058081,0.9765092416292809,0.8634203530589122,0.9825757886446596,0.9773272228567348,0.8624538168000382,0.9849192523951426,0.9526514516267703,0.9081295775809635,0.9550864815602775,0.9832810331715411,2.3518957143671617,2.377587878843767,0.5871233258928572,0.23502742423397183,0.4838686913480312,0.49671449640672805,1.7783516589577133,0.49812148035630216,1.7580266525761066,gaussian,linear,0.0,logit_quad,0.6,3000,0.45373691587147824,0.13235693626260225,0.2602170874706394,0.2698030596534849,0.9652670887229099,1,18.0,0.008360720366254447,0.2811828861616042,0.9254371452787665,0.9661367780063808,0.9701380124985893,0.9770496809752268,0.9844233464828276,0.9578089839751668,0.8168536905896394,0.9844233464828276,2.0,0.9838182316237845,2.193375969567711,2.2805128156865653,0.321379979608876,5.9844643475677435,toward_HQ,0.012845805058696869,0.0005371984522433149,1,1
3.028961350783149,1.0,6.0,508,1,blend,obs,0.6,0.7982591691143628,0.9570896408978374,0.860604865678995,0.7028923954841086,0.9252222160201845,0.8341940283705812,0.8745141965396062,0.985312881244663,0.9604815716400342,0.8221268987792313,0.9733836205043609,0.9219999570192814,0.8467522092217299,0.9800185507350042,0.9403415753667799,0.8353692506764454,0.9707087342611708,0.9142290535042443,0.9335854741572583,0.9960322978161074,0.991450857505628,0.8539457456565274,0.9794110914240429,0.977504620887525,0.9359370064689284,0.8733607305766351,0.08591646572044863,72.30155109378441,6.878232020804932,0.9869462962962963,0.040390068376018114,7.829896419057096,7.8918365045200645,5.63064290147623,7.417203249463477,5.53748777878836,gaussian,linear,0.0,logit_quad,0.6,3000,0.7861933642712027,1.2807999100503256,0.1624748346755931,0.2040152040266392,0.8510659992485153,1,8.0,0.06278361528835773,0.2580145752538791,0.6297118467657201,0.8710088108776702,0.8867062649042418,0.92202452843069,0.9860683787896246,0.7167166089692084,0.3881382711132172,0.9860683787896246,2.0,0.11929075106483601,59.80232828347893,8.50250952149834,-0.49460654577912283,5.947449972533552,away_HQ,0.06194008546296814,0.03337428534438738,1,0
2.360665242393047,0.0,10.0,5552,1,blend,obs,0.6076666666666667,0.8806948815717919,0.986607332510461,0.9991219935046151,0.7574479929049873,0.9468713296292147,0.873736580944756,0.934750312308168,0.9954039204919304,0.9876981174975081,0.8522977788534363,0.9796620740835085,0.9346653091585299,0.866455188933605,0.9829288599097407,0.9493665446936955,0.924715739199717,0.9947231316148616,0.9991291251851144,0.8208830888051363,0.9696369027056428,0.9527962764756431,0.8613634048200466,0.9831011916094722,0.9666158422280171,0.9040422454922292,0.8814449964248844,0.7057667540871614,13.860993282355382,5.359173453108397,0.7906787666888353,0.16629694218549684,2.452197030212543,2.599421903648854,4.269330030898137,2.7334816935137107,4.291946920333993,gaussian,linear,0.0,logit_quad,0.6,3000,0.687827493665961,0.6271304164636453,0.18199492313187285,0.29339441638765795,0.7962589003890191,1,12.0,0.06710938286819985,0.30149257695002085,0.6036464478594529,0.8864881178299245,0.9013258293791975,0.934666554124085,0.9288779294461772,0.5900311315596579,0.4129386935292275,0.934666554124085,1.0,0.7086282867257143,14.81211668908427,5.245366190300534,0.0606970772023156,9.782582508087321,iso,0.14722487343631085,0.0028615326385529327,1,0
3.5471734785944613,1.0,10.0,3221,1,blend,obs,0.606,0.7915111331771683,0.9608876405389607,0.9111800609921342,0.7095501290785917,0.9264797004927966,0.858325650635787,0.9057498321585135,0.9914903741857671,0.9865358443104815,0.7728350346654765,0.9534539335053474,0.9017189649665359,0.7769862513533337,0.9548031768504565,0.9099861968831805,0.796423213021241,0.9624209041673228,0.9199723084113175,0.7245610690273143,0.9300412768064916,0.913149462033786,0.7497831934709329,0.9486903557557983,0.8377319345999918,0.8517112680224674,0.9168428435854296,0.916785181230161,3.9111366688842266,3.7250643616231596,0.6722733187024287,0.21573431544927565,1.8245076935650584,1.916695446806808,6.462934026908658,1.389863897165785,6.3328352167993645,gaussian,linear,0.0,logit_quad,0.6,3000,0.7966071862357539,0.2528454671221685,0.1577595247793164,0.18446490292494813,0.9022374985981731,1,18.0,0.04537419616210137,0.22204751122391303,0.7104764377216166,0.8663782043547202,0.8777321245955194,0.9017205684103993,0.9498109304246402,0.8729485582875897,0.5339887012560434,0.9498109304246402,2.0,0.9103506088137243,4.198568485545041,3.712863669981074,0.5437617191135854,9.949316477315877,toward_HQ,0.09218775324174966,-0.006434572416436635,1,1
3.8042807210226286,1.0,6.0,9900,1,blend,obs,0.6,0.8443964636649153,0.9745977319885148,0.9236556391263953,0.707853528596013,0.9201009388640413,0.8381589537528078,0.84459736009893,0.9747505166927415,0.9482911872661265,0.8040083698306407,0.9623053831974764,0.9102212928985158,0.8081133368878267,0.9637760347122661,0.9150719923897888,0.8599309550711276,0.9791860682138406,0.936955196431044,0.950994145912136,0.9973693587604672,0.9960356730722495,0.8971131426509484,0.9893812520877363,0.9786003066613774,0.9339416186689684,0.8928539905551179,0.14105927335422797,88.20899942429106,5.625912276367909,0.9848293981481482,0.04517945929029014,9.112220558495238,9.038652749024344,6.773228165362717,8.265457570960729,6.58029428578268,gaussian,linear,0.0,logit_quad,0.6,3000,0.7585227533152086,1.1616029108868142,0.14806733964953206,0.17382060712342887,0.9236577803721421,1,12.0,0.02810702186690742,0.1986668779825807,0.745304608161783,0.8725419814448998,0.8844473739823017,0.9101596385011724,0.9742979236189142,0.8032016252807355,0.46221217966142447,0.9742979236189142,2.0,0.11333721729683469,100.65411423073886,5.7401398252116,-0.4030801575716056,5.927414994831632,away_HQ,0.07356780947089447,-0.02772205605739328,1,0
0.8181038711107385,0.0,10.0,556,1,blend,obs,0.591,0.8873556837093992,0.987971531439243,0.9987335107989059,0.8789579762230817,0.9874430890598539,0.9614828494242407,0.9809475150457342,0.9996547421486819,0.9989381825831424,0.922438772602859,0.9947476231387526,0.9912245773591608,0.949293567783436,0.9978701274912414,0.9948187107297993,0.9324379374330717,0.9957088391720632,0.999680541094531,0.8736363860227238,0.98444063108717,0.9834052932214244,0.8542395189439653,0.9807121205543466,0.9750601025083981,0.926868774548263,0.8985145121656493,0.6274888145531251,16.94381310208334,5.000613296054949,0.7025216608265521,0.20587187327727918,1.0694055768212956,1.1295744420145761,1.5440350105443963,1.2068139750686542,1.5583131843926936,gaussian,linear,0.0,logit_quad,0.6,3000,0.39384362773987097,0.3593654763404158,0.2578354162900568,0.36026044359865833,0.7956165582714557,1,12.0,0.032899605879595416,0.37006711633875855,0.6967260934744466,0.9684965361371941,0.9760263318730756,0.9912251345734218,0.9169436919780826,-0.24605573515099446,0.2486095607589206,0.9912251345734218,1.0,0.795702945640889,10.317179205927832,4.111877642384596,0.03447815139945519,9.841241515477812,iso,0.060168865193280574,0.16821413108776384,1,0
0.24434498124097148,1.0,16.0,1622,1,blend,obs,0.6016666666666667,0.7632364447268236,0.9525244018616839,0.8511563091300488,0.9576891574536657,0.9985906762289866,0.9955567049123198,0.9892813084287287,0.9998600052322972,0.9995342916257428,0.8250598130465678,0.9750075256256733,0.9250364777479728,0.8317005290719355,0.9769175165472931,0.9298075283057137,0.812090878151362,0.9706603449851935,0.9087699839978524,0.8839648902803118,0.9872730939499617,0.9863915345079675,0.7260737677864066,0.9350899900789608,0.7764406142159032,0.8295445373352882,0.8585417387689249,0.4896372452659639,27.2411142299423,5.672792398899025,0.7714567855445705,0.18264251016288388,-1.3136128105801657,-1.2126294993156161,0.5429720042215965,-1.6268506692835902,0.5377266979136497,gaussian,linear,0.0,logit_quad,0.6,3000,0.160511220750858,-0.5682686410544534,0.29823215922892465,0.36279879432278195,0.7669915337871012,1,18.0,0.015702466010347672,0.4136470626048659,0.7209821758454243,0.9874031258264495,0.9748943160672959,0.9250288940394366,0.4644684195183749,-0.2142177982921586,0.1298442859450697,0.9874031258264495,0.25,0.6386205525563887,20.23846457245141,5.428495508210382,0.7287798618053115,15.64375134219767,toward_HQ,0.10098331126454951,0.1489833072904248,0,0
2.5932017322274015,1.0,6.0,6096,1,blend,obs,0.5936666666666667,0.8327022161325173,0.9707668173814942,0.9109484053704905,0.7545394967486213,0.9444975091669977,0.8763151135128537,0.9075195454567427,0.9909350259012579,0.9827442324510963,0.8960982164118823,0.9895471181586414,0.9718578851861692,0.9012734689379874,0.9905106089338273,0.9761230691874475,0.848492680341614,0.9757545042267809,0.9260879826569469,0.9574463269687099,0.9980210908197352,0.9955006157053004,0.8796351226183173,0.9856008054081793,0.9684553316574369,0.9660023445374276,0.8520475473694045,0.09570467697841789,106.29664268947403,7.497626311940144,0.9655819172294925,0.07151598941277676,6.602632046890584,6.52247564218711,4.540896974870783,6.481685797742333,4.559019720977971,gaussian,linear,0.0,logit_quad,0.6,3000,0.7062330758816283,1.113661755861831,0.177627424515034,0.20805091555498834,0.9237518829826461,1,12.0,0.02678720638551065,0.22734966754949643,0.7812961700344806,0.9186261296093958,0.9373035885776861,0.9718583232137903,0.966830296496323,0.6830893542282037,0.42390709067474,0.9718583232137903,1.0,0.09415436749791134,110.05743994337786,8.01746949815156,-0.4074286799802026,5.913477444372042,away_HQ,0.08015640470347396,-0.001550309480506551,1,0
2.3489410996020914,0.0,16.0,232,1,blend,obs,0.6006666666666667,0.8005664471854199,0.9626473896980658,0.9954324552223128,0.7586217532465585,0.946624886720758,0.876782957730868,0.898446437949987,0.989084736135793,0.9759881331797418,0.8109150755091721,0.9685658557698962,0.8978556316490832,0.8419474160615994,0.9762836747464799,0.93680096196664,0.9105121368930764,0.9925172486592266,0.9989434188423724,0.7658358588675696,0.9471741525849408,0.9281990804587541,0.8007388055582312,0.9655254141596747,0.8994428825167262,0.8783392550001382,0.9080967804919315,0.3995613838459149,49.13041648470094,4.534802186757623,0.8021170133722686,0.1610767659593198,2.2372492708369425,2.5588555357765865,4.6262622830692,2.8833971473280906,4.630087667557948,gaussian,linear,0.0,logit_quad,0.6,3000,0.6942397777178544,0.6144139106580955,0.17389065842096216,0.39181137908210073,0.5445077136626131,1,12.0,0.15534249048061188,0.4108382880283518,0.4232581613935701,0.8804846301236395,0.8851944296095954,0.8978558200324243,0.9311827911533285,0.8655898588025034,0.6610540838530343,0.9311827911533285,2.0,0.2975715520982891,63.56097564981003,4.132030145597031,0.07982586705975901,15.442271881257671,iso,0.32160626493964406,-0.10198983174762577,1,0
0.7696815717543699,1.0,6.0,6945,1,blend,obs,0.5943333333333334,0.7870007374001615,0.9637676831709951,0.8721738100373535,0.8726355705167634,0.9868524573718505,0.9609131933748352,0.9731700814549933,0.9993099419935416,0.9981657423351432,0.7976972927931509,0.967505740581249,0.8896718808881998,0.8097583264656562,0.9711676998581182,0.9069321376002707,0.8074026436312504,0.9703567348849543,0.9014514272676204,0.8213625542569805,0.9712542913272948,0.959672681603409,0.819132254443248,0.9734407117698517,0.9066322463823429,0.8132941741652968,0.9071594800666175,0.9172042841511888,4.139062181096195,3.7433646522723114,0.6635097015499714,0.21995941721489173,-0.8608937451376053,-0.8873880562340499,1.5659508474782033,-0.9914905654800805,1.5644132007831495,gaussian,linear,0.0,logit_quad,0.6,3000,0.39324094596044223,-0.26490189050605806,0.2513855739159819,0.2705481486238821,0.8492572817495063,1,8.0,0.02893847341399946,0.3368277177186896,0.7463328006928844,0.9478288646464598,0.9322570578616727,0.8896738319220335,0.7160954877688911,0.1414637257195396,0.5087271046757303,0.9478288646464598,0.25,0.9614874969960839,2.334791881479464,2.9382926030467065,0.6581428364665004,5.996068877927838,toward_HQ,0.026494311096444623,0.044283212844895115,0,0
3.563952957428493,1.0,6.0,4334,1,blend,obs,0.5963333333333334,0.850322527874869,0.9765488396950774,0.9358947616643254,0.716608786673113,0.924669221867526,0.8379419568669387,0.8643613116622821,0.9805363832297657,0.9578254523558813,0.8358605423765577,0.9736794188349434,0.9334881608665763,0.8415094077471794,0.9753357234671894,0.9386853232766595,0.8662007018405212,0.9809851459020444,0.9475888599296973,0.9552353049184605,0.9978563530398512,0.9971852353529896,0.8946261864568102,0.9892232088312657,0.9826073103291242,0.951823306676256,0.8722575256824171,0.03459207496284013,205.0681542723981,7.58767929473376,0.9830166828296051,0.04831126912399493,10.007357159313605,9.52844911022484,7.017978879304897,8.174764238891226,6.883770490870864,gaussian,linear,0.0,logit_quad,0.6,3000,0.7355700728871309,1.1316677029815787,0.14729788666575586,0.17996946171625045,0.9239158993449234,1,12.0,0.02717162989279374,0.19866779197015222,0.741428115775736,0.8831292302205628,0.8971268142026929,0.9334735226729466,0.9940006059504995,0.8124879173979576,0.4479022378346914,0.9940006059504995,2.0,0.02566542881419214,241.31123031345396,8.138650125899249,-0.39609763009444776,5.913733393738679,away_HQ,0.4789080490887656,-0.008926646148647986,1,0
3.333670279585201,0.0,10.0,401,1,blend,obs,0.603,0.8357989295424055,0.9754698502728552,0.9887240634700856,0.6903751395042137,0.9161932610252985,0.8357926957132991,0.8741838599703242,0.9843284814618294,0.96869777787892,0.7653955966626971,0.952312482928737,0.8655645662895711,0.7831342843223796,0.9573275428406208,0.8968814380397895,0.9142045274807877,0.9935854378834231,0.9876893968377619,0.7094741191660235,0.9239536706122199,0.9005425440531902,0.8290732498992031,0.9742714853196035,0.9364152377419609,0.8568906212340429,0.8942504101736923,0.7622710612105098,12.719581660922172,4.9623552862727855,0.8146407620447997,0.15281530798990395,2.785953302337762,2.841141285730819,5.9956548137109715,3.088947185817326,5.99485918733122,gaussian,linear,0.0,logit_quad,0.6,3000,0.7636123648430848,0.6076612324880857,0.1499034219632493,0.32951513783283926,0.6227237758300487,1,8.0,0.1543110997796115,0.36137038683079015,0.41481933059844445,0.8403778438266322,0.8469258026939214,0.8655638362473509,0.920665634528222,0.7920495423157494,0.595255042783958,0.920665634528222,2.0,0.7866046121986568,10.833074891061859,4.677474139631515,0.15595113235499922,9.840201959004798,iso,0.05518798339305686,0.024333550988147046,1,0
2.3943033383487933,1.0,10.0,3368,1,blend,obs,0.593,0.7976879502130547,0.9634431926255416,0.9146913631062565,0.7373460443040725,0.939951354869044,0.8832261640092487,0.9144788498921,0.993004841571966,0.9874383680967345,0.7909510896742066,0.961013113189255,0.9100439902463631,0.7958608023862527,0.9624410703819251,0.9189760340627304,0.8032074299173528,0.9650441350981713,0.9240598849806746,0.7360528255290226,0.9352392723807648,0.9263335827392423,0.7612756018970079,0.9536219243237912,0.8528675348993187,0.8632922834711237,0.9252600233065748,0.9246472987901834,4.47491944097257,3.412800793320911,0.6398672933242917,0.22713851144876154,1.2239274275918421,1.3028394604522189,4.435334327047554,0.9237718838154805,4.3773056725700945,gaussian,linear,0.0,logit_quad,0.6,3000,0.714164409469938,0.18574972466196507,0.17414330953308232,0.20399610379846392,0.9024084879655164,1,18.0,0.03885564562129772,0.23880882632064657,0.7292163870830368,0.8879499106902788,0.8952718350140427,0.9100471802604918,0.9371162392295704,0.8267983118532918,0.5881906246481984,0.9371162392295704,2.0,0.9285054429523159,4.191649433102158,3.346090605305378,0.5284146848079729,9.942212682305538,toward_HQ,0.07891203286037674,0.003858144162132482,1,1
1.2074041300082716,1.0,10.0,3724,1,blend,obs,0.6103333333333333,0.8262800232190602,0.9707421541045447,0.911237895388108,0.8234774759622627,0.9741255288707468,0.9375725063697015,0.9457848897088214,0.9972388985511147,0.9951671056716608,0.9850010867997109,0.9997307148675412,0.9991167114661567,0.9802026204954253,0.9995342248985597,0.9984854541815059,0.8497663910963704,0.9782675232725999,0.9345888081034107,0.9384684154570383,0.9957014914183598,0.9953273300245035,0.927394290257067,0.995253835715902,0.9873591159513231,0.9403649205682519,0.8207241121339753,0.2766762604918296,46.92353086584864,8.28286501241529,0.9341466867310865,0.09817876663050025,4.00173516622756,4.086140136587804,2.22581580140246,4.271978639856381,2.2154747284197183,gaussian,linear,0.0,logit_quad,0.6,3000,0.5347372544045036,1.0413647899875704,0.24452736513633672,0.2461855923341161,0.9036327061790582,1,18.0,0.027186707340877317,0.2998270384002103,0.8155614198141151,0.9676595929751447,0.9848387709925098,0.9991171798199057,0.8485189855099967,0.6006617443044747,0.3716986527795655,0.9991171798199057,1.0,0.2978610031605762,38.93501539714921,8.794470682242862,-0.506627535583067,9.923727327732596,away_HQ,0.08440497036024386,0.021184742668746592,1,0
2.2982954510800813,0.0,16.0,1554,1,blend,obs,0.6033333333333334,0.8476949523546835,0.9771023210982865,0.9877892682640197,0.7468012863381915,0.9463339582701111,0.8818190965112788,0.9191700028810381,0.9939777116561794,0.9875678275314412,0.8354650570256614,0.9778464256063105,0.9331866849530683,0.8519524196930411,0.9817227241211548,0.9485505312978562,0.8963962273632119,0.9893910015453229,0.9900314873493198,0.7974161706689414,0.9626150114125825,0.9462352878117337,0.7970486703475805,0.9656427340056172,0.9030560537027261,0.8966541332175881,0.8916362190809825,0.6551643369446574,12.960410131450212,5.288713542613453,0.8015685500719625,0.1634354139539952,2.3475776640173747,2.4533215945010594,4.243169629867464,2.7166170122766644,4.185470967711695,gaussian,linear,0.0,logit_quad,0.6,3000,0.7335264625273907,0.6158703335473166,0.19040210387295786,0.3264983273702698,0.7620149945425282,1,18.0,0.09680774055545942,0.331404324165138,0.5745311391232208,0.8911832097968035,0.903051751099713,0.9331876816698077,0.9785833782617888,0.6654475678329145,0.5489166364637952,0.9785833782617888,2.0,0.6599134235526395,14.570823451011492,5.355804593392643,0.11765612898007417,15.46192464549132,iso,0.10574393048368469,0.0047490866079821226,1,0
1.369857690686846,1.0,16.0,3825,1,blend,obs,0.594,0.7591770126668276,0.9521951927862231,0.8418622125935359,0.8223227019166952,0.9741444243244047,0.936032612132456,0.9670987661400363,0.9989898832158839,0.9983208259332784,0.7782471051417925,0.9601017726746797,0.8752771059188303,0.7910477879890858,0.9643330862658619,0.89184920891734,0.790620643938588,0.9640227646322229,0.8892975296367418,0.7732144507315908,0.9528224351483758,0.9443733788320994,0.7024627514588411,0.9269371730198871,0.736295509526799,0.7918369586073797,0.9126702883706733,0.4471211275949328,43.24582864242514,4.758600085708603,0.6618278663297822,0.21531434430439064,-0.3797981552842103,-0.27480013714453205,2.427144118492462,-0.6412356140255578,2.4192835475344863,gaussian,linear,0.0,logit_quad,0.6,3000,0.5507347914050068,-0.17507086900528646,0.23484754494157029,0.2944073474961546,0.7640179066496623,1,18.0,0.07029722313810927,0.3689794284485483,0.636478694568519,0.925303391140924,0.913021986731372,0.8752794569780322,0.675941970160968,-0.02900188969793608,0.012966998857425471,0.925303391140924,0.25,0.737778853482841,21.40279766543229,4.166520168339028,0.7258056604102932,15.75928339048304,toward_HQ,0.10499801813967824,0.2906577258879082,0,1
2.54010914933416,1.0,16.0,3148,1,blend,obs,0.6056666666666667,0.6978832815862467,0.9123129522425647,0.6636405744200466,0.741748779011083,0.9389478240005436,0.8577682680622856,0.9122402024930223,0.991892387661621,0.9803023565299356,0.8464493046354088,0.9780899506261166,0.9362108193592428,0.8775048034586136,0.9860134867176887,0.9613825694560644,0.8076349579421033,0.9629016793910927,0.9023886576112001,0.8311539567037765,0.9726258318319152,0.9554252102445892,0.8588610586725917,0.9807227401827916,0.945578300597358,0.9207503243622903,0.887399456605509,0.22105388054181924,49.960791862840075,5.183042018921548,0.9492435721426874,0.07944193132917997,4.384851153054925,4.712629499584255,4.4314883311153,4.844626423947103,4.386864007725344,gaussian,linear,0.0,logit_quad,0.6,3000,0.7030048147005336,1.3507811393828741,0.1828480057604404,0.33816780246140954,0.5414989168201066,1,12.0,0.15210309978748007,0.41186092569554783,0.44395570046283944,0.88096077377156,0.8966727898127331,0.9362163038744413,0.986603225567403,0.7095099289645824,0.4005413081241862,0.986603225567403,2.0,0.12153243928836323,78.1862377194074,7.219621904380224,-0.6477763246823406,15.326932749082342,away_HQ,0.32777834652933,-0.09952144125345601,1,0
2.3076369736928277,0.0,6.0,7470,1,blend,obs,0.5983333333333334,0.9186441956790622,0.9938830562594906,0.9987598770666274,0.7594029999247411,0.9498786229890024,0.8775449104278772,0.9387259594590266,0.9959540982299733,0.9885604506468266,0.8813834710933456,0.9860302154315554,0.9547291512041728,0.8881454488538678,0.9873853240862485,0.96125118581176,0.9468507721993444,0.9973813874316945,0.9985992178776348,0.8328199472751954,0.9737628686117136,0.9589870995425027,0.8955352084900364,0.9897760096022311,0.9870883062785543,0.9327365306552857,0.857902773318519,0.215375061047304,55.459852251006204,5.54687051813224,0.8180531443960287,0.163326053023183,2.713453872936438,2.762526719500434,4.459522979104325,2.9124115210677433,4.488650113404258,gaussian,linear,0.0,logit_quad,0.6,3000,0.6954252019191278,0.6212677459107863,0.17379752792975503,0.25233059245523826,0.8498097146156776,1,8.0,0.058670170763487885,0.26915051977373167,0.6457261463803318,0.8961822343331733,0.9154274203755225,0.9547257318404304,0.9373543337249918,0.5970069773351776,0.3657712420241296,0.9547257318404304,1.0,0.36824993749334184,32.02143000943364,5.536583599257614,0.07415745600834163,5.962149460735937,iso,0.04907284656399602,0.15287487644603784,1,0
0.5088427778084159,1.0,10.0,8895,1,blend,obs,0.604,0.8504505606413845,0.9821096463301987,0.94255314631804,0.9296505770256921,0.9961046373200535,0.9882198579777735,0.9888943850789045,0.9998583633367688,0.9996091528068777,0.8585330868494812,0.9840492525642766,0.9489249142816351,0.8668439802950314,0.985903514057215,0.9553280491340398,0.8613996009573575,0.9846976089446384,0.951552159391149,0.8722432270483174,0.9846173882547997,0.9828330073175743,0.7876009015126082,0.9625790866638603,0.8807732942926761,0.8527963142021096,0.9211379891433881,0.9356507917873585,4.66906429961031,3.462368824696406,0.6491887231401581,0.22192313668288155,-0.9048399243172046,-0.8636632057167467,0.8919927513006441,-0.8382844336770358,0.9113166228424536,gaussian,linear,0.0,logit_quad,0.6,3000,0.24957679709868758,-0.24475758318891072,0.281352144695752,0.3000455006636042,0.9033423789595503,1,18.0,0.011996701146317753,0.33550699573370923,0.8385880123914323,0.9811560523088929,0.9724766267914415,0.9489216791906593,0.8557893926944856,0.43268006015042126,0.5686739329785258,0.9811560523088929,0.25,0.953761953827192,3.681036612869937,3.005020679003614,0.4943343802875982,9.915409155119063,toward_HQ,0.04117671860045791,0.01811116203983343,0,0
0.34590839669850615,1.0,6.0,5572,1,blend,obs,0.6013333333333334,0.881794177695855,0.9882977686763423,0.9620876060996916,0.946792716958055,0.9976734486640016,0.9940014880410695,0.967693590674834,0.9990577728714723,0.9981049617979221,0.9026948704954596,0.9925346346475704,0.975920362318728,0.9027192221239783,0.992554047629477,0.9761622767647358,0.8862346369242647,0.9893316300484898,0.9652597182699828,0.9254568773259736,0.9949675752627116,0.9937700388744184,0.9230169872878329,0.9952321168955172,0.9846659115454821,0.9118925720111045,0.8621942132385318,0.8012610551765189,6.397694660526663,5.124446969472895,0.7595447037056262,0.19165096026007408,1.7369817765629343,1.7517805173240708,0.7112236934845445,1.809742641820175,0.7016052742306552,gaussian,linear,0.0,logit_quad,0.6,3000,0.20169517848519608,0.5344016272119685,0.28921855636844007,0.29065757169508993,0.9640362396537389,1,18.0,0.004122619385591297,0.30951771162777764,0.9344168217302243,0.9980438963385775,0.996804457226884,0.975921169062828,0.8185460854219663,0.357968863581896,0.3597761844898826,0.9980438963385775,0.25,0.8093081282489498,6.14275546185474,5.075098143403393,-0.3327064487267724,5.981723203425216,away_HQ,0.01479874076113652,0.00804707307243091,0,0
3.1239432349447,0.0,16.0,4489,1,blend,obs,0.6016666666666667,0.797472324195579,0.9614020355282078,0.9891536265107592,0.7442627759732585,0.9390035629797484,0.8717696952243629,0.8760887586783369,0.983781451440491,0.9727522617603812,0.7885073961051201,0.9601243425939204,0.8794879544171627,0.8120159207264609,0.9659482730697765,0.917767667447737,0.9059102250240403,0.9918052533199008,0.9965296936654544,0.7626615627167043,0.9460155972390606,0.9314376115744593,0.7751705524025058,0.9542119265632069,0.8638420302463982,0.8584677273612208,0.9119002029735988,0.8033108806875371,8.918047779308433,4.778489628136075,0.8170702024826434,0.15128030773897558,2.6835590615126446,2.784446543356969,5.641959642196855,3.141886171045268,5.507359368209948,gaussian,linear,0.0,logit_quad,0.6,3000,0.7512960983430588,0.6185067619918707,0.16366782674469643,0.3797975621052148,0.5447610600256875,1,12.0,0.17698529961541706,0.4019400856961832,0.4071945858826556,0.872425621967679,0.8755907658340408,0.8794882900544941,0.8726378595132547,0.7344915788618912,0.675509857862216,0.8794882900544941,1.0,0.8420068210949473,10.840538531486628,3.75190724216108,0.13278933635118814,15.367756980746856,iso,0.10088748184432461,0.0386959404074102,1,0
0.369126634451034,1.0,10.0,5790,1,blend,obs,0.6116666666666667,0.729743153446069,0.9385938482058335,0.7552501465410236,0.9394653743428855,0.9967877989497848,0.9903662611783371,0.9754279242303464,0.9993869191576363,0.9987216438500449,0.7909340092930826,0.9648226480579551,0.8721150974682657,0.822788075488039,0.9753855386486935,0.9148468951411295,0.813654011810446,0.9724499166625019,0.902277158895391,0.8535374095061146,0.9801622770693038,0.9857745309183494,0.8176564523622759,0.9713750617683503,0.9165016858729388,0.787200050152279,0.8308540956219906,0.4157347241815198,26.014722899817922,7.5541063925652905,0.8163681865490989,0.16352842499077047,-1.4736481498009035,-1.555651621154528,0.7708786995963276,-2.28913589564433,0.768381971649207,gaussian,linear,0.0,logit_quad,0.6,3000,0.20948260028424193,-0.6676924425263971,0.27166318932699485,0.3121215288539834,0.6280866538388974,1,8.0,0.033664750980877206,0.4410430692056134,0.615956146451416,0.9781937843118764,0.9596380302766998,0.8721106189473887,0.32050762837797375,0.062007962666476006,0.25423465043599247,0.9781937843118764,0.25,0.8421047003025809,5.650436191561134,4.55565220050111,0.877175042810639,9.973804823900933,toward_HQ,0.0820034713536244,0.4263699761210611,0,0
2.0595290938727633,1.0,6.0,6057,1,blend,obs,0.594,0.8181520494468915,0.9651258236168482,0.887833809767994,0.7732817074204321,0.9570889065428038,0.8970883362120069,0.9379058234318153,0.9960810681064638,0.9915992018147075,0.9352763837027748,0.9964516039711538,0.9881543143158408,0.9466676121238382,0.9975106266778774,0.9921397486263978,0.8522682390409813,0.9765183597226779,0.927374963576603,0.9345442358635979,0.9957885647043084,0.9949101487315715,0.8725540573922476,0.9844955056360039,0.9790249653579616,0.9635996531795342,0.8295236614246448,0.08033864347683532,119.77537246289636,8.448348248360501,0.9649857911352164,0.0705484153451933,5.663112316664889,5.592130229617188,3.7228957819611668,5.95418226170847,3.7138099039526833,gaussian,linear,0.0,logit_quad,0.6,3000,0.6619044208656595,1.1505770065265082,0.19309227711564447,0.22406360169128337,0.8489236989520171,1,8.0,0.05470416327173157,0.28734219043331816,0.6719941712160584,0.9359094440486002,0.9564083977785143,0.9881515121083664,0.9084626363890556,0.6583457958537133,0.400437282692076,0.9881515121083664,1.0,0.14438545369043004,79.89820473037086,9.129075760062712,-0.4886725856608487,5.946901952720146,away_HQ,0.07098208704770048,0.06404681021359472,1,0
0.8785096495739686,0.0,16.0,4635,1,blend,obs,0.5943333333333334,0.7736078937829234,0.9534225737462141,0.9848009294592682,0.8676260634996772,0.9859241944683065,0.9579144953409798,0.9769582413221597,0.9994533318000338,0.9982743205973995,0.8675384215902082,0.9849447514192371,0.9632330278915623,0.9280421600616245,0.9958936268508624,0.9859897028499447,0.9453271481342354,0.997338828931204,0.99471557986526,0.8074092311946803,0.9666594275892437,0.9652065634396844,0.8018688275403737,0.9646095816038162,0.9198405909399939,0.8755410872238121,0.8868136710499246,0.5822294843915884,26.67405687539149,5.437702991596561,0.7574573335035399,0.18338347697763557,0.7245939162191708,0.8317615361299419,1.7748565233216662,0.9101759475915785,1.7959033749051336,gaussian,linear,0.0,logit_quad,0.6,3000,0.4310049622639357,0.2492562034497492,0.24858561709203525,0.5033779117152838,0.25990092448372076,1,8.0,0.17386387559578867,0.5422861340808263,0.4584030486292763,0.9586223887525042,0.9597242320006454,0.9632330669094781,0.9861298457949712,-0.8278258931129183,0.3107567924255653,0.9861298457949712,2.0,0.9464932286989965,4.963991837532982,3.2007295168234253,0.1817487588141865,15.52275364064985,iso,0.10716761991077106,0.36426374430740815,1,0
1.828071909153877,1.0,6.0,7302,1,blend,obs,0.6056666666666667,0.8795494454788487,0.9870612887408396,0.9679238722070963,0.7883446056320971,0.9628486747309782,0.9125114595220263,0.9637502463831791,0.9988188266299429,0.9978672814098241,0.87136301468566,0.9851463180616244,0.9643756594865333,0.8721503300663485,0.9852603072090993,0.9657655668399094,0.8794690622697889,0.986962027658347,0.9688322169905964,0.8255526273879398,0.9716777897463875,0.9594689897059445,0.8467249807616446,0.9804757524949272,0.9435585260044992,0.8892700736628549,0.904718989035257,0.9307216462123776,2.8786447542459785,3.367597835744327,0.6785445619957283,0.21635880208847008,1.3796383653641011,1.4022778195159766,3.219702605872502,1.3916482557248566,3.268546968447722,gaussian,linear,0.0,logit_quad,0.6,3000,0.6295809795502894,0.3035398653700526,0.21167815445232685,0.22334651576783554,0.9645655413759043,1,18.0,0.012097381323617259,0.23420393812301044,0.9038197911990172,0.9273014351443598,0.9408792495233125,0.9643747852466104,0.99308897390527,0.8564413966899455,0.5866501468016236,0.99308897390527,2.0,0.9299933824533688,2.825360272274009,3.3127086189385486,0.3260411141802368,5.986480745047864,toward_HQ,0.022639454151875515,-0.000728263759008807,1,1
3.1201003782481314,1.0,16.0,2120,1,blend,obs,0.601,0.7233950552391054,0.9264328199486856,0.7431443642516431,0.7201447786990349,0.9326537959330036,0.8711577932313466,0.8948627243972375,0.9896608178161819,0.978566009135204,0.7936804943935156,0.964082717763177,0.9193917176537768,0.8267738580245525,0.974974598263442,0.9394076978109382,0.7922156881369664,0.9581089114088491,0.8762456220018796,0.8972056007237483,0.9901229702953039,0.9905208313780626,0.8963705046787172,0.9899126422226544,0.9690105538510484,0.881308582236302,0.9228668401912439,0.005365371077212214,577.4487118252085,4.058453033567894,0.993936820235095,0.026338813829129816,7.93524059860711,8.76090538848075,5.498997394318962,7.785367275143356,5.462015609313811,gaussian,linear,0.0,logit_quad,0.6,3000,0.7905540545718648,1.4406243385696709,0.17240492245467842,0.18712793523590152,0.7627480443962332,1,18.0,0.10678945690717083,0.3158651868014859,0.5458180567490998,0.9003844518777039,0.9059103102347436,0.91944057482491,0.9766190474685102,0.8211187257547758,0.4823123087434428,0.9766190474685102,2.0,0.005846148712141552,551.4322891153154,6.4066013129662815,-0.6500702839978061,15.655203414421653,away_HQ,0.8256647898736409,0.0004807776349293382,1,0
0.9150089955771206,0.0,6.0,8152,1,blend,obs,0.6083333333333333,0.9577892378146208,0.9982952098495609,0.999665977757421,0.8741267727230145,0.9866614774264232,0.9603678744634043,0.9871824004687444,0.999818530331769,0.9994705612629918,0.965433500996143,0.9989633305734351,0.997155072340439,0.9732042212106222,0.9993966073546419,0.9980467118326423,0.971467450875742,0.9992376689454124,0.999848699920185,0.8956343084590539,0.9893658387006203,0.9877855230941361,0.9293431705964272,0.9955633428866335,0.9922881984728918,0.9563644414280563,0.8926711086366004,0.8239710345655326,11.602843712516107,4.186288941083535,0.7032566598659283,0.20710272178408756,1.3275860138116302,1.3775176301493406,1.6575366693092743,1.3985216461077878,1.7371239243152645,gaussian,linear,0.0,logit_quad,0.6,3000,0.3952576035860817,0.3889821559960849,0.24286664988513124,0.28090729548901805,0.9234306958343279,1,12.0,0.011666512283855363,0.288052643952294,0.8431328612465495,0.9727221258045248,0.9832029414156673,0.9971550757107241,0.9427467636517476,0.3488560965630243,0.43483676510978064,0.9971550757107241,1.0,0.8652866494969338,7.593991296847668,3.975676535700106,0.006275447589996798,5.946876319136085,iso,0.04993161633771037,0.041315614931401234,1,0
2.8753814658207633,1.0,10.0,5478,1,blend,obs,0.6,0.7448995525134755,0.9411045382876754,0.8176283015994599,0.7296574118913803,0.9318290587493192,0.8549811321472833,0.8599577684645072,0.9794126639910516,0.9546289228874744,0.7315488452473786,0.9358282446349333,0.826682563703005,0.74954551516851,0.9414385968382077,0.8592689023891261,0.7717693258656554,0.9512253047726091,0.8631801269856341,0.7295908374297475,0.9298087566153128,0.9052700275849647,0.7163035537022968,0.9288267969934614,0.7431042548491639,0.8344091829211792,0.9399049367795794,0.9290226711604085,7.814724631644558,3.18652390419507,0.597387037037037,0.22680926743110505,0.6360744449396387,0.8768755907789548,5.6646177719355615,0.10460520903318288,5.589519303097859,gaussian,linear,0.0,logit_quad,0.6,3000,0.7334953240927677,0.01699208417294512,0.1605005545435917,0.20317255947727125,0.7936565816723434,1,12.0,0.07342999167280126,0.2863775820126554,0.5604508335310232,0.8467878212367158,0.8414302847078213,0.8266839635185664,0.7641472494307858,0.2839183771717734,0.6358080679623094,0.8467878212367158,0.25,0.9808281565857156,2.8672177223317603,2.488655752303938,0.7165032399198225,9.983049122934766,toward_HQ,0.2408011458393161,0.05180548542530716,0,1
1.8017277955026905,1.0,6.0,552,1,blend,obs,0.5966666666666667,0.8396614191144778,0.9733070519784852,0.9179442180056198,0.7968165130185223,0.9628529504628279,0.9033118750935069,0.9568863314303878,0.9979435272832533,0.9938293184818047,0.9690689230790434,0.9990258850637064,0.997743494306459,0.9745607377575239,0.9993503650393989,0.9983210576460969,0.8549788845031784,0.9779206485299808,0.9321760352387254,0.9576737134915593,0.9980261042281393,0.9954991827669608,0.8830102335579635,0.9861963609730506,0.9699068639245996,0.960849606373826,0.8079107788876276,0.16272092843114402,80.09352496784723,11.13404667586919,0.9365056096772705,0.09803128491735369,4.861160556819957,4.795840649160718,3.2728102122948597,4.854997820849904,3.2889659346437754,gaussian,linear,0.0,logit_quad,0.6,3000,0.603246417725107,1.0222406878803347,0.20341596124922556,0.23765360601148344,0.9224152299558315,1,12.0,0.02148903745230766,0.2517862279363329,0.8078915313059207,0.9433422863856292,0.9664166988692443,0.9977438619815256,0.7391182179242032,0.504868747880497,0.36991916286186133,0.9977438619815256,1.0,0.20809020648132925,61.57254301754264,11.00111573853525,-0.41899427015522767,5.948189215638796,away_HQ,0.06531990765923901,0.04536927805018523,1,0
3.4324523270566925,0.0,10.0,7476,1,blend,obs,0.599,0.9243858837881065,0.9943030239064812,0.9978356027324553,0.7004495222652374,0.9223815203360004,0.8538577462052559,0.8368890762050487,0.9755686087901676,0.9518807601947872,0.8024913619238956,0.9649208029668415,0.9247180020666588,0.8077255130348888,0.9666423794165636,0.9303628398412043,0.9436376955047844,0.9968405146488157,0.9985471684250121,0.8471048190908094,0.9784011089059497,0.9692391493518664,0.8825431141966945,0.9883953621964615,0.9688246074205584,0.9577621607576123,0.88148522569443,0.20500231433925253,70.03673048391084,5.553826794261258,0.8800540847843293,0.1265792768061691,4.089272882609797,4.215264115399908,6.2613602340382055,4.142951130316317,6.083752792305593,gaussian,linear,0.0,logit_quad,0.6,3000,0.8007992837495689,0.7764649476320027,0.16133747993849124,0.21868519685569024,0.9043697624539334,1,18.0,0.04257998611133709,0.2245140722774879,0.7186074275962817,0.8710561156927965,0.8888674413036708,0.9247273708861483,0.9779537733938465,0.7620362021002844,0.3987962811605591,0.9779537733938465,2.0,0.2342548946213339,58.02709839986192,5.880375205875496,0.024334336117566316,9.77022363697507,iso,0.1259912327901107,0.02925258028208136,1,0
3.1840558798786374,1.0,16.0,6062,1,blend,obs,0.5906666666666667,0.7223560705800043,0.9355350002942091,0.8177583797418245,0.708790239303507,0.9258616579788779,0.8598848125014932,0.8777747502493753,0.9857879472414194,0.9766951861514686,0.7173860692515155,0.9329830316198265,0.823120849991792,0.7302385188013377,0.9385469550693939,0.8471437536987592,0.749117444756235,0.9462009101096946,0.8638064893990425,0.6815759391459153,0.9074149379443507,0.89561370369075,0.6683276640890253,0.9107564935918148,0.6837773059707104,0.7965292691157237,0.912386872350769,0.7714712209139565,17.472083970305547,4.698718058752907,0.658935642017338,0.22008573204989762,1.0790975343799378,1.1976847079737711,6.0837153665507175,-0.043092679198422176,6.036653381077852,gaussian,linear,0.0,logit_quad,0.6,3000,0.7540380857870146,-0.01567235524346089,0.15926717859252726,0.2370597919074804,0.7600304275265721,1,18.0,0.10046838937159518,0.30986987445674197,0.5139808407375885,0.8513744908005706,0.8449437340983486,0.8231213821613734,0.6973165852937284,0.055696774500717965,0.4246199592263967,0.8513744908005706,0.25,0.9062714788070942,8.108263038390442,3.7915175306824116,0.7697104410304754,15.733610556732568,toward_HQ,0.1185871735938333,0.13480025789313776,0,1
2.608261297751374,1.0,16.0,7662,1,blend,obs,0.588,0.6935939731552643,0.9093130345636591,0.6281179506862057,0.746452153404232,0.9406760452792768,0.8640150752801172,0.8939150559487561,0.988091068737629,0.9706898905182875,0.8481538286665092,0.9778263247074186,0.9363284715310342,0.866870701811976,0.982647939832996,0.9563056096108807,0.8045520660582928,0.9611964998124346,0.8844540844165101,0.8430949896866208,0.9764887883879262,0.967098891642197,0.8519896084472006,0.9779129559825168,0.9442812976759435,0.9382710389206834,0.8868355131050456,0.12372027975828652,104.0584404606986,5.152881568869303,0.9487355891655477,0.07921946014846745,4.5477802764715785,5.01087843616816,4.658862294420167,5.003446909525995,4.59270730972005,gaussian,linear,0.0,logit_quad,0.6,3000,0.6940768822382388,1.3462898921872422,0.17726874623459504,0.33404882377272,0.536500733710948,1,12.0,0.1558179663274859,0.4189540802060945,0.42312213822429395,0.8870653762960955,0.9020930316649426,0.9363339886826366,0.9687885434272878,0.6389216886971233,0.3982683867689447,0.9687885434272878,2.0,0.05761018812735455,160.4364819304852,5.513288318945946,-0.6522130099490036,15.173369776901785,away_HQ,0.46309815969658175,-0.06611009163093197,1,0
2.5309016127694344,0.0,10.0,9912,1,blend,obs,0.609,0.9267366171142561,0.9942983708155381,0.9951534965672452,0.7608694329701258,0.9507959386275724,0.8990501973345092,0.9142452658905034,0.992796370321703,0.9880882255811131,0.8675738500912527,0.983936207394342,0.9627185610393045,0.8722638816708843,0.984952792452007,0.9669599922644005,0.9454392638896651,0.9967664654280919,0.9965922613420941,0.8553330463476494,0.9802448663391722,0.9743073024784484,0.8840450694530878,0.9881573519805378,0.967659766697889,0.937090206848347,0.8775392124217903,0.6501900238471237,14.612757977836136,4.920408910923538,0.8335477452683555,0.15255233871912996,2.92327836246974,3.0167259107140314,4.293937291117257,3.042332370728634,4.20428623532015,gaussian,linear,0.0,logit_quad,0.6,3000,0.7139002201382417,0.6820671459112716,0.18317561666618565,0.24074715627276772,0.9024378730567921,1,18.0,0.0403335120831872,0.24539418521252926,0.7464545930766134,0.9154408803684286,0.9323064762954143,0.9627124548502827,0.9759344948286964,0.6816341507872246,0.4093532514085698,0.9759344948286964,2.0,0.6434198944710128,15.36852508869565,5.034278508128684,0.03183307422697007,9.850246388985045,iso,0.09344754824429158,-0.006770129376110878,1,0
1.4771055360558107,1.0,10.0,857,1,blend,obs,0.5953333333333334,0.6964289156486598,0.9254379861281132,0.7132714046900122,0.821499910984097,0.9733669045614708,0.9236957685352928,0.9746467970012725,0.9992197739426726,0.9973064024180796,0.7096412788361987,0.9324517447948774,0.7537768911066465,0.7657365998144949,0.9560793868053271,0.8577582762378819,0.7670543303308269,0.956332539847454,0.8546678637287317,0.7733051644502835,0.9532649804434123,0.9340058267416088,0.7931158594717972,0.9643835445763355,0.876235766500213,0.7169591275797511,0.834935647891697,0.1708878715701731,67.31669584008367,6.916159643425595,0.7429858998507521,0.1962122683731036,-0.7470025661207795,-0.620069444442447,2.669160637524887,-1.515047546702329,2.6554249674215904,gaussian,linear,0.0,logit_quad,0.6,3000,0.5715985485733022,-0.39145354641856844,0.21801291887795868,0.2907749419832003,0.6264468418533966,1,8.0,0.12217849418201189,0.41366058911262316,0.5270333326789381,0.901043367169065,0.8708996582099813,0.7537783183658555,0.1929236689628867,-0.05890523102164113,0.12403418290502599,0.901043367169065,0.25,0.9429726468065718,4.417850693540778,3.1535131891795496,0.9630520949918704,9.957466814311339,toward_HQ,0.12693312167833248,0.7720847752363986,0,0
3.7714948748176194,1.0,10.0,2739,1,blend,obs,0.5906666666666667,0.7337443379185402,0.9295178437415618,0.743940716609769,0.6864246744782286,0.9137399359249172,0.8254255973238286,0.8538379410967496,0.9792240701607706,0.9483317966509637,0.7871618831886034,0.9587244266906859,0.8909131836166012,0.8153113100819174,0.9681104964218673,0.9164162081988009,0.8317718319269909,0.9702537298766305,0.9241288086536942,0.8274868570154835,0.9735082163384737,0.9653081781065399,0.8614048912096122,0.982024303522767,0.9926744457826893,0.9203933379250911,0.8826647077356307,0.0062225586795661885,525.9005156208451,5.520188899105488,0.9724576933257844,0.05598072670123512,5.6849096490354265,5.500811554982842,6.784056011116355,5.69033606741617,6.696292027250265,gaussian,linear,0.0,logit_quad,0.6,3000,0.7911371624616629,1.3631983305856559,0.1420876657535263,0.27839641190188047,0.6291278874860095,1,8.0,0.15678860581134907,0.3593282727433237,0.3954257889832753,0.845879563625724,0.8590578356234957,0.8909276451020092,0.9500262683906955,0.6480556827997104,0.3571269962940917,0.9500262683906955,2.0,0.018004160873294005,306.2150663739823,7.2025991764302555,-0.5720611681239929,9.77979590449814,away_HQ,0.18409809405258493,0.011781602193727817,1,0
1.4184561369445126,0.0,16.0,9913,1,blend,obs,0.6,0.7936030654299344,0.9604650422534615,0.9871484556226134,0.8017718486904782,0.9653482023919225,0.9073983137009977,0.9521699646995452,0.9979017783018872,0.9935825321550199,0.8444922333322256,0.9802043859242241,0.9304378964995867,0.8826519969092513,0.9886191925131241,0.9611313278771021,0.8983287913780198,0.9905290002036446,0.9946656416723394,0.7977536350421129,0.9611097081885479,0.9444906375352716,0.7901949786583471,0.9614634789367569,0.8872677376755509,0.879846448473493,0.897836300805776,0.008240626778201782,464.3465430374957,5.0914147654776825,0.7653185185185185,0.17893908154531254,1.442560444097242,1.5739649461069063,2.694826720807567,1.8328948031948475,2.736671566777427,gaussian,linear,0.0,logit_quad,0.6,3000,0.5552454388256755,0.4461181246880044,0.21696393856429808,0.43907065367805953,0.5483351182538964,1,12.0,0.10636806213836578,0.43788611492631657,0.49548028852389336,0.9101258650228513,0.9152096592903952,0.9304443330380543,0.9078744769905559,0.23861637666467306,0.4403310224251482,0.9304443330380543,1.0,0.05869394858421608,168.5219270474639,4.888430035017076,0.1091273141376711,15.53580218161634,iso,0.13140450200966436,0.0504533218060143,1,0
0.5254070250487519,1.0,16.0,6357,1,blend,obs,0.6016666666666667,0.6875520549010847,0.914339584921159,0.6200747335966775,0.9259928705499266,0.9956741747971074,0.9853453331959748,0.972668345651938,0.9994054261031147,0.9980621045087809,0.8088758977019082,0.9683094356837173,0.8926690128274158,0.8471873043629994,0.9813129931287478,0.9346932995045274,0.8544909320399885,0.9829996854414376,0.9411234035487628,0.8566993400004996,0.9811807494893896,0.9867769398644859,0.7556499938632433,0.9452939827791597,0.8288451685282252,0.8086774318015378,0.8582727095096397,0.24414287699545778,47.70504101269639,6.365968787684711,0.8060364631022612,0.16361248670940207,-0.5678644519201527,-0.7271982181308386,0.8300795763566594,-1.733886608734175,0.821818070713055,gaussian,linear,0.0,logit_quad,0.6,3000,0.24786823352477744,-0.5828604104946058,0.3001177552378624,0.46433716257585855,0.2614379115968273,1,8.0,0.08911597041957856,0.5563118926065813,0.5394775111343934,0.9766503035727888,0.9630029854326771,0.8927096399978023,0.3302652474707836,-0.12861148607423628,0.10398201726543332,0.9766503035727888,0.25,0.9198231009650631,5.235636947906908,3.5790415317566633,0.8307286440193832,15.763114289374977,toward_HQ,0.15933376621068596,0.6756802239696054,0,0
1.5566826104818272,1.0,16.0,4409,1,blend,obs,0.601,0.715853007503683,0.9214499531152786,0.7018631820862112,0.8284792716580511,0.9739069036001369,0.9307158300787405,0.9709216891401437,0.9991972085994159,0.997217561441229,0.9634050215562193,0.9987935423709998,0.9989931095174683,0.9568131564129165,0.9979312278403323,0.9938290193167938,0.8179327384040521,0.9660089952358961,0.8945578712935854,0.8676316888136872,0.9831222470717379,0.9812170535504317,0.8711276727209414,0.983286295438959,0.9556531113050413,0.951047865972892,0.8413623987594914,0.23988628233076983,39.967342151984504,7.898678428785812,0.9156186824984444,0.10704163509607319,3.098607551698761,3.3303915566698783,2.650616865036953,3.734681829461449,2.693641063151262,gaussian,linear,0.0,logit_quad,0.6,3000,0.5557241993501434,1.212473181536652,0.21940244854832253,0.3732162196271057,0.5416867140374683,1,12.0,0.12056066658605767,0.4435374015772219,0.49466504463462607,0.9562607739665673,0.9732547178759171,0.9989923746780279,0.6991241839138019,0.3799024388554992,0.33771982043191695,0.9989923746780279,1.0,0.23356327077293454,33.789187560541464,11.141382625612192,-0.6567489821865088,15.266228703701914,away_HQ,0.2317840049711175,-0.006323011557835295,1,0
0.8039992122030433,0.0,16.0,2857,1,blend,obs,0.5963333333333334,0.7898472574119048,0.9598554272215252,0.9780209295841059,0.8915213892428426,0.9905078404332242,0.9730048071082188,0.9772740302293172,0.9995412771452309,0.9995723998528155,0.8868429385578511,0.9889961935877158,0.9740161398917921,0.9358069914768482,0.9967791123686283,0.9894192825399121,0.9478324839188202,0.997775940590836,0.9933945735885442,0.8191762226458104,0.9705812255797398,0.9772034260845427,0.8097171924314595,0.9671851892423332,0.9273934457433982,0.8726481073235517,0.8968049737422044,0.8061920240892186,8.149276222063435,4.7407922722738745,0.7425190828067108,0.19030196400600066,0.5776787015506861,0.6146763939132935,1.4602579647801657,0.5876724095406375,1.4700552330103258,gaussian,linear,0.0,logit_quad,0.6,3000,0.37314644716549916,0.15631416329646503,0.2576636051427093,0.47934648023725746,0.2556239124371195,1,8.0,0.1470012100504043,0.5426757427838347,0.474802142105963,0.9727964511582606,0.9731578255169892,0.9740161773533115,0.9784616860616576,-0.8893834625339636,0.4554792225024912,0.9784616860616576,2.0,0.973714736944503,3.0587943120989283,2.791958217348339,0.21683228386903408,15.560899041265518,iso,0.036997692362607415,0.1675227128552843,0,1
2.367185509326032,1.0,16.0,7862,1,blend,obs,0.5946666666666667,0.732844478832142,0.9407706559201029,0.8189179379403769,0.7506943680447284,0.9457763420023094,0.8930846750594955,0.9274856885752618,0.9948377917808853,0.9900346133158735,0.7431279950199854,0.9442146632144831,0.8423486683530883,0.7567262183900455,0.9499522955291988,0.8646601002063333,0.7615586785880758,0.9518155462605821,0.8685061539822673,0.7094042815781022,0.9225758089236384,0.9161689667597965,0.6832730977950523,0.9182029547446248,0.7081951139808771,0.7832652925069413,0.9080998240714786,0.8128452851030425,10.49295027560264,5.242314256912396,0.6594991389101958,0.21712409547544043,0.3430103078012585,0.5343128816965423,4.254360873588576,-0.385104830998123,4.218208205951645,gaussian,linear,0.0,logit_quad,0.6,3000,0.6850345454198111,-0.09397933817368509,0.1769505971742628,0.2513549408474558,0.7615469741761381,1,18.0,0.09159861751524247,0.321785508572314,0.5499023183466236,0.8836894787236721,0.8739365064943297,0.8423520531692631,0.6592419946534988,-0.19125865131713282,0.018471139556430982,0.8836894787236721,0.25,0.8857453024775442,9.80341263185684,4.279065259952037,0.7790138835934961,15.783390967852531,toward_HQ,0.19130257389528382,0.07290001737450169,0,1
1.4663328361521524,1.0,16.0,4580,1,blend,obs,0.5896666666666667,0.7078073946546481,0.9174081766989546,0.6746624479131316,0.8220997349524559,0.972247439859897,0.9233398016122281,0.9841681307909422,0.9997475158225778,0.99925337963944,0.949255734855034,0.9976838197266089,0.9962613767805273,0.9675799946196058,0.9988589750073849,0.9971225675112211,0.8141062144487874,0.964552683657889,0.8890195978779138,0.8661176852059926,0.9827810302265955,0.9797244647155373,0.8654398372048997,0.9813834969913878,0.9532005366171559,0.9481737955269562,0.8407960821205178,0.1609483040621947,51.77989230199886,7.9103167607412335,0.9223909472598534,0.10311375925361226,3.194532799737129,3.414785834449724,2.7790162431011076,3.885308540463026,2.849863494194565,gaussian,linear,0.0,logit_quad,0.6,3000,0.5613975272919411,1.2272340204715348,0.21668128958288754,0.3743496384720128,0.5475414810521119,1,12.0,0.117511640215302,0.44766686495433794,0.48402351513103176,0.9498689598844436,0.967589170197623,0.9962568058192833,0.6873851849609054,0.3758717808751057,0.3510815454579712,0.9962568058192833,1.0,0.1626436669220655,60.99465490492186,10.251324744212228,-0.6658364931795939,15.291929759742672,away_HQ,0.22025303471259505,0.0016953628598707915,1,0
3.6209745620992946,0.0,16.0,5955,1,blend,obs,0.6,0.7539362929356336,0.9455239410160204,0.9255286381863077,0.70275387419347,0.9220567480728129,0.8502452527741359,0.846436691446722,0.9769620213543071,0.9542401841552584,0.7278861355959892,0.9397746175342868,0.817813962443354,0.7646223337539333,0.9512010223539997,0.8936226272917235,0.9083205949295434,0.9932314122830546,0.9776726494994413,0.6600203639391153,0.895488051888476,0.8777617115861595,0.765420675716372,0.9511870080085403,0.8503577445488666,0.8215004141347486,0.8790015258758977,0.5028575502919472,24.705504926273377,5.467453898224545,0.8240648148148149,0.15192697415187262,2.294216666377777,2.403605680855263,7.28333308821726,2.164280412429878,7.07652994966557,gaussian,linear,0.0,logit_quad,0.6,3000,0.7863469819343525,0.41627422703321126,0.14557963933662427,0.4770218574971886,0.2554120863587189,1,8.0,0.3329245935452894,0.47184350217067783,0.308533737705186,0.8437444827489768,0.8391340891951223,0.8178122988700863,0.5904051111506445,0.21369425314227183,0.5905052867161762,0.8437444827489768,0.25,0.864071514013571,8.195748011043074,3.7828896708669837,0.37007275490114117,15.436601973437918,iso,0.10938901447748606,0.36121396372162373,0,1
2.7256565756478857,1.0,6.0,6502,1,blend,obs,0.6073333333333333,0.7619215920007353,0.9488924475858932,0.8562058127879422,0.7485208595471545,0.9448348023897605,0.8747418388467664,0.9437826134650169,0.9965772444275522,0.9919650824204865,0.7628878783169576,0.9504721590561626,0.8686232455122921,0.7708596708795572,0.9523071916295726,0.8852041311374441,0.7720324475272519,0.9523585363615795,0.8795217519824361,0.7224655611028972,0.929078572991511,0.8979754500722987,0.8027265938170459,0.9661805286167966,0.888302345662626,0.7991616530451799,0.9623759484682812,0.9798132762345504,2.6379414531966017,2.5883519901617698,0.572574821228561,0.23186504057998505,0.4211915665306644,0.46658937461259553,4.926288283689985,0.245628560359853,4.960537312269961,gaussian,linear,0.0,logit_quad,0.6,3000,0.724066929682935,0.048158900081815836,0.16796072005314575,0.19845146580928164,0.8499636999233173,1,8.0,0.062096478844404314,0.2621160049244858,0.6407877309954206,0.8725887552098198,0.8716804107210051,0.8686233261602377,0.8567816557415492,0.782890130531191,0.7690377990972992,0.8725887552098198,0.25,0.9856894593044557,2.0052500667046944,2.3006824626917903,0.6759080296011192,5.997552683331115,toward_HQ,0.04539780808193111,0.0058761830699053386,0,1
2.2692471760598836,1.0,10.0,4419,1,blend,obs,0.5976666666666667,0.7483279324690035,0.937211303743983,0.7996236925741653,0.7403583338222464,0.9433119630090612,0.8702091187487455,0.9107522096829151,0.9921221719903124,0.9808966245200011,0.8644877932728845,0.9834102124389229,0.9459631261725817,0.8883790567947669,0.9883614902137944,0.9640260144385735,0.8472477009640667,0.9754496468801461,0.9417775755186979,0.8401329873063644,0.9778137151988424,0.9686085613920915,0.8582106992208611,0.9811679924718658,0.9901754602542218,0.931798887467599,0.852798220300439,0.4538211200410638,21.345294073384746,6.405775261501692,0.9533472941583098,0.07867636128513812,4.325907990011194,4.201590488561672,4.080981335311831,4.904005965960907,4.061875875631536,gaussian,linear,0.0,logit_quad,0.6,3000,0.6953217560254463,1.2629478672144994,0.18750124501022014,0.3046732789702037,0.6274923851776291,1,8.0,0.1364027700750796,0.3880468411152957,0.483192298309446,0.8959140668437123,0.9126564440188412,0.9459649430051268,0.895364010463078,0.5664212973950139,0.3762122373976472,0.9459649430051268,1.0,0.5483145041254363,17.34878525475554,6.9883063791518145,-0.567626111189053,9.828486448188386,away_HQ,0.12431750144952147,0.09449338408437247,1,0
1.229786580275268,0.0,16.0,2932,1,blend,obs,0.6086666666666667,0.8648060028856313,0.9815975747946061,0.9927628380917745,0.8334342072380214,0.9769498179295267,0.9423227238909878,0.9669801892713333,0.9988937831177798,0.9975475904532205,0.89872197499381,0.991394940764772,0.9751433060576719,0.9226458272872845,0.994903802996998,0.984370414906018,0.9168201705530318,0.9928672848864925,0.995874469006442,0.8425217894679707,0.9766430405858162,0.9738037405303345,0.827375157721468,0.9750440487055537,0.9381666033821742,0.9054288194907835,0.8932206421575264,0.5478519214588949,23.422561602378266,4.920287683707907,0.7483120494989094,0.1868604774130935,1.3539718121552278,1.4682347314038182,2.1303261574758516,1.6732751237514718,2.09673039352201,gaussian,linear,0.0,logit_quad,0.6,3000,0.5129261374463191,0.46847475746047107,0.24398037023209218,0.3671616257071382,0.7601387306982637,1,18.0,0.06599642495820277,0.37059071789556264,0.6583553188206108,0.949528020947213,0.957409795564037,0.9751427951390538,0.9601586784598864,-0.18508280145538566,0.3448700383088553,0.9751427951390538,1.0,0.6996554988294077,16.723654041954333,4.88275810778819,0.04445137998584806,15.347201507004048,iso,0.11426291924859044,0.15180357737051275,1,0
3.640395577757143,1.0,6.0,2070,1,blend,obs,0.6066666666666667,0.8261252388537587,0.9688298555982887,0.9245306039137831,0.7244373577179902,0.9274850751182584,0.8618453383416678,0.8587138610402258,0.9786892830198198,0.9599391646570231,0.7774605361838532,0.94942299053282,0.9011501686337855,0.7809222959972956,0.9507578957925094,0.9084071706254021,0.8288074892916804,0.9696766205387349,0.9314589091409057,0.7576201985221793,0.9423647449801684,0.9243850923249876,0.8035020047247422,0.9605448364615208,0.8816046716020751,0.9082187598589395,0.9131962506727893,0.8957295396615065,8.896373462210562,3.292046355773188,0.6871740547588006,0.21077776543577967,1.9886875417948526,2.117567120962223,6.631229884929285,1.8026685166863488,6.467591321118987,gaussian,linear,0.0,logit_quad,0.6,3000,0.7401904152945027,0.28295921409183916,0.1513093780909,0.1617336439643502,0.9235575559939674,1,12.0,0.02925042669708839,0.20124234866160184,0.7518764270900734,0.8706475138008939,0.882183350626224,0.9011474353032931,0.9303683378554243,0.8807285896538884,0.6094876596675509,0.9303683378554243,2.0,0.8924226356614942,8.851229622661867,3.3140547612311164,0.4572312012026635,5.99572474682106,toward_HQ,0.12887957916737047,-0.003306904000012323,1,1
2.8716259491818725,1.0,10.0,1973,1,blend,obs,0.6016666666666667,0.7601364628049829,0.94202960089742,0.7981561954956531,0.7480866341031287,0.9412052212212058,0.8719507582298482,0.9082834469285397,0.990694330344336,0.973092172660539,0.8534146996290424,0.9795290703420519,0.9382853768882815,0.8682601965824267,0.9832974128829997,0.9492947440253463,0.8069628471107623,0.961284595567493,0.876021445500502,0.9260888668492555,0.9945231830489378,0.9923539301369345,0.8630524398022943,0.9821589820147313,0.9673850283778344,0.9250371617865881,0.8757426453118652,0.07313674035515108,121.87537057798735,5.165652125151638,0.9756174735451268,0.05742013542236134,6.342747702896679,6.168083842770126,5.287733451009529,6.307860868480091,5.309721022896944,gaussian,linear,0.0,logit_quad,0.6,3000,0.721930783517885,1.3148301133413909,0.16924387780738462,0.24340280084012206,0.7948955596546917,1,12.0,0.07549043535857672,0.2930220164735989,0.577580756027025,0.9028892571231106,0.9147163804917775,0.9382434900960346,0.9539964479314273,0.5837480623013943,0.40153070378980615,0.9539964479314273,2.0,0.056851260103269845,144.90354880293674,6.058732822882838,-0.5928993298235059,9.720417425337414,away_HQ,0.17466386012655288,-0.016285480251881236,1,0
1.6222551591337804,0.0,16.0,3537,1,blend,obs,0.595,0.792539268903117,0.959889101365034,0.9932802333891376,0.8022726484450576,0.9640288565315352,0.9129314803630737,0.9466519784527373,0.9970266794801086,0.9943394946758206,0.8499576674499856,0.9814448562605433,0.9348149252666987,0.8955316457991379,0.9906400610072825,0.9696174167271975,0.9049295813630748,0.991642406104869,0.9980301528419001,0.7919048326310574,0.9581084935806159,0.9499944796569264,0.798912539526201,0.9640455158487233,0.9079041988977401,0.8691727070410357,0.8907816963225247,0.22472259469449615,75.90027392354801,5.299784519799421,0.7862350866272434,0.17228816838365743,1.6191443646421169,1.8317707889372803,3.011034952088066,2.1129442533610754,3.0079423866182378,gaussian,linear,0.0,logit_quad,0.6,3000,0.5928552694198835,0.47800834876932585,0.20685642634420628,0.43496888274856726,0.5403873851685985,1,12.0,0.12929366651040256,0.43358284610673314,0.4770862782087218,0.9159756916916953,0.9207642327992657,0.934814493515447,0.964428120369277,0.6085518822349864,0.5986235542860567,0.964428120369277,2.0,0.4957950881453364,37.7353692278766,5.475992234751079,0.11484692065055775,15.384582611355333,iso,0.21262642429516343,0.2710724934508403,1,0
2.5775044114969843,1.0,6.0,3243,1,blend,obs,0.6036666666666667,0.8616037280965109,0.9823057919309804,0.9661875602890493,0.7398614195425142,0.9419885863703706,0.8815306933876983,0.9273612095108756,0.9949778758709029,0.9908108828134989,0.841550066837108,0.9766657096624721,0.9586304825027548,0.8428032834585982,0.9769690839265421,0.9602701412891697,0.8611129751621357,0.9821059445474521,0.966926794041951,0.7887694921195287,0.9585169472744823,0.947346798117404,0.8323246250070458,0.9756129065175244,0.9389262333741493,0.9074886429555769,0.8766810511352514,0.8574341300621572,4.448540657323261,4.378171742622286,0.7361010811882713,0.19977492646015993,2.193883394017808,2.2346593375313963,5.065757910267204,2.184395273054882,5.137916938362644,gaussian,linear,0.0,logit_quad,0.6,3000,0.7250489719395179,0.38075202167160543,0.17378257192965924,0.18403498068912366,0.9644652029946406,1,18.0,0.014433054092208311,0.19773406649502223,0.878870166431509,0.9040705247802857,0.92426832354124,0.9586413796098958,0.998710304291426,0.8250609736326671,0.44653444520222874,0.998710304291426,2.0,0.8539885177656888,4.473714785431104,4.437658234710802,0.34429695026791246,5.988339637240322,toward_HQ,0.04077594351358815,-0.0034456122964683367,1,1
0.06441562641033549,1.0,16.0,309,1,blend,obs,0.5906666666666667,0.7496846901068236,0.9421381591094072,0.7947323894344063,0.9753949954376124,0.9995267769670005,0.9985274594265403,0.9826489295501593,0.9997548233354694,0.9992459328165468,0.8279002579889254,0.9742100785369916,0.9137188308472158,0.8221320067245216,0.9731524007512461,0.9098819082556353,0.801440775194106,0.9652010633499043,0.8820932682300561,0.9030992000817042,0.9907205212714425,0.9967959346479163,0.9146127894585463,0.9927190869521795,0.9767772037409245,0.820662052151654,0.8121277495613348,0.3171218320044176,41.92015090003776,9.067886198248758,0.8528133524753495,0.14828098172900675,2.085889696041455,2.2125715935383936,0.16066338674394734,2.5763252691980014,0.16242820812403597,gaussian,linear,0.0,logit_quad,0.6,3000,0.050053895705489376,0.8402738355682229,0.31040402620744234,0.3267455095126236,0.7650713554003588,1,18.0,-0.0039482460775053544,0.4284097663798587,0.7245493697083832,0.9980898443958223,0.9879792619469326,0.9137579141295077,0.4663775768000642,0.17272407798491338,0.2088525713007019,0.9980898443958223,0.25,0.41981309317369986,29.650763110656946,9.197576609778714,-0.7902199398627336,15.730274213236997,away_HQ,0.1266818974969386,0.10269126116928223,0,0
0.8532299008273889,0.0,6.0,7574,1,blend,obs,0.588,0.9471959884800184,0.9973353734190011,0.998616433107649,0.8741421937202122,0.9870692770948436,0.9584021798955855,0.9733396459252107,0.9994133084463939,0.9979584841232143,0.9493778978990823,0.997886529280422,0.9944023106677948,0.9548015376920606,0.9983293227712512,0.994798908293894,0.9588902779318663,0.9983701372166253,0.9981818576427374,0.8972516837958433,0.9900716050714834,0.9856948042121998,0.9204198557671801,0.9943401254913109,0.9926438149034787,0.9626258402842148,0.9081887291627333,0.8588241765854708,8.567653594908093,4.283589299408221,0.6681240322450447,0.21828866821029191,1.1504064355425312,1.1732670082108843,1.4224630033008145,1.1177466845657726,1.417740180116884,gaussian,linear,0.0,logit_quad,0.6,3000,0.3710952425468589,0.3402664946830674,0.2654847916697842,0.31141372065185136,0.9228776663901479,1,12.0,0.009796947544578626,0.31080776946539646,0.8541768184445009,0.9683155943797159,0.9784102162887635,0.9943999040868663,0.9482770313272412,0.4112272698292385,0.4230963346841796,0.9943999040868663,1.0,0.8820992501271874,6.82929403711424,4.186780721085822,0.030828747863791466,5.925439009874731,iso,0.022860572668353063,0.02327507354171654,1,0
3.8139833314322678,1.0,6.0,2657,1,blend,obs,0.5973333333333334,0.8368610167394801,0.9733532550818581,0.9245949567342777,0.7182393315723234,0.9271201972050507,0.8398531172831201,0.8623888081769805,0.9804539908000888,0.9583548120392491,0.783013617199426,0.9526724438961094,0.894566686932141,0.7864270542901793,0.9539863092892055,0.9015562053267859,0.841078378093536,0.9746263776480992,0.9317777382622665,0.7709310515818248,0.9489959562611225,0.9187363416323454,0.7991651848568709,0.9607573503896166,0.8732835462756192,0.912147991645944,0.9014941491016161,0.9062063283480407,4.081934898180629,3.548686896874038,0.7093215985690634,0.20612909474166846,2.2441334894592377,2.3616474316284912,6.812137085508862,2.0433889703612667,6.581940721803237,gaussian,linear,0.0,logit_quad,0.6,3000,0.7674676227509782,0.32641196679660395,0.1566312284976308,0.1667019802158784,0.9233706244327997,1,12.0,0.029138597233322787,0.20784331615312557,0.7536024318541714,0.8537202709838891,0.8687124256348037,0.8945668144515103,0.9337374384155082,0.8822131114168557,0.5992633416731208,0.9337374384155082,2.0,0.8981696319398973,4.484355723176951,3.4813086479256037,0.4410556559543743,5.997249072889876,toward_HQ,0.11751394216925348,-0.008036696408143418,1,1
1.8346179631547361,1.0,10.0,9681,1,blend,obs,0.6153333333333333,0.752091685830681,0.9385922005303873,0.7916693299168787,0.7880607086758128,0.962073722335983,0.9053199875953313,0.9590258807948303,0.9981903729142493,0.9947858360296796,0.9274668122862332,0.9951820293341602,0.983816691701037,0.9454151471088632,0.9973030577498108,0.9907758758695043,0.8477185454591274,0.9753867105739173,0.9344272064691387,0.8639124913493916,0.9836444217895226,0.9800142316036441,0.8755127830512917,0.985509356012167,0.9961888819772263,0.9450237889198763,0.838663645484292,0.008918976908726874,452.3027056313321,7.119019752479607,0.9415603741097431,0.08939092706352957,3.7604322743902063,3.5887996434740863,3.3230383894440174,4.408940298444353,3.3342861557135186,gaussian,linear,0.0,logit_quad,0.6,3000,0.6371199232359503,1.2135780910128744,0.20646366822989912,0.31337343203681,0.6268905166092232,1,8.0,0.13328644494428124,0.39534044133205526,0.5222427220808551,0.9315495657751363,0.9493745440058702,0.9838201968947529,0.8334172800407101,0.44181738526120934,0.3476931355676327,0.9838201968947529,1.0,0.03237281973928301,232.8804543977369,7.039368840155161,-0.5764581677769242,9.842869464769928,away_HQ,0.17163263091612002,0.023453842830556133,1,0
2.1832531761406506,0.0,6.0,4185,1,blend,obs,0.6013333333333334,0.9573238848747697,0.998034862145331,0.9971133898266615,0.7820254378198448,0.9590823841062742,0.9094113094869214,0.9479984603244346,0.9972273483089111,0.9928893949922305,0.9314838529051637,0.9952965106997381,0.9862690096814922,0.9313440410188785,0.9953725074812977,0.9871818980634127,0.9632404287378347,0.9985263649049311,0.997576013229963,0.9161707376844109,0.9931450033030018,0.9919305848866358,0.9477737260482627,0.9969060782722605,0.9910510354244056,0.9735866641683997,0.8306057418917354,0.4326837805950708,29.26988278632538,7.7131686147345535,0.8425829538965806,0.1537794275498204,3.065561368702807,3.0989527686514737,3.7970400121757093,3.051259126999189,3.773707599081477,gaussian,linear,0.0,logit_quad,0.6,3000,0.6853147083731825,0.6667644526654338,0.19547300490831077,0.22281378678474106,0.9652311200509903,1,18.0,0.014035548353205867,0.21830065975591384,0.8954302067931122,0.9325820331698715,0.9531644729271538,0.9862683444872182,0.882173974206427,0.5389339986610836,0.37638532667814195,0.9862683444872182,1.0,0.4458463115963026,26.463677950978113,7.4018885233526746,0.018550255707748625,5.9363002254565975,iso,0.03339139994866658,0.013162531001231825,1,0
0.3554544605858112,1.0,10.0,7790,1,blend,obs,0.6016666666666667,0.8490419674769302,0.9817083936153056,0.9417110288350464,0.9411664843951723,0.9971536281455354,0.9918902238950962,0.9842100759507559,0.999745575103042,0.9996026052635805,0.8647967782748299,0.985510973566573,0.9537294726230786,0.8712817282945615,0.9869491709424922,0.9585059455867858,0.8605046328843685,0.9845574554706157,0.9506463194103567,0.8784530769167526,0.9861498583694116,0.9841770996920427,0.7888376899774115,0.9629793153054683,0.8837694560926258,0.86696074887368,0.9130205171713,0.9220071412411361,4.13297650923387,3.5816573351381016,0.6575155020340987,0.21942921334122714,-0.8449115182062521,-0.8213033207771406,0.6966870684607838,-0.9477384569453702,0.680646782299464,gaussian,linear,0.0,logit_quad,0.6,3000,0.20272515343278782,-0.3006159578279064,0.2955665706881479,0.3182803023024846,0.9032365791800769,1,18.0,0.008570307559271875,0.3470864182151785,0.8515647838023713,0.9859353610484566,0.977995908140224,0.9537289510628856,0.8325898390060842,0.2254719261095572,0.48136753503071406,0.9859353610484566,0.25,0.9435494806767114,3.229760285219207,3.191670298063684,0.5033411112606943,9.953004705300195,toward_HQ,0.023608197429111466,0.021542339435575264,0,0
0.9421594766137389,1.0,16.0,2215,1,blend,obs,0.6013333333333334,0.7139899370260635,0.9205571110013796,0.6871991706662356,0.8747957212951709,0.9867662826635145,0.9593822234850041,0.9889243153963091,0.9998988109725195,0.9997075979037592,0.9230774394284433,0.9942241262694392,0.9938003669172102,0.9213798505634754,0.9935155082927284,0.9819864845151218,0.8145176843463823,0.9646317781315566,0.8841080768595437,0.8841589546099655,0.9868355872419039,0.9886343602338458,0.8775777601673086,0.9845461189239489,0.9671835130414903,0.9272382530767205,0.8266195007579566,0.272748050603586,55.166198240838455,8.763890358260642,0.9012277158154677,0.11762753076635923,2.676534841965151,2.896183448937544,1.6680704748628243,3.3052048982919833,1.6803636795158754,gaussian,linear,0.0,logit_quad,0.6,3000,0.41276789609585784,1.14842572862753,0.2521645244811942,0.3856689916000894,0.537014472425326,1,12.0,0.0804724322366328,0.4665930245194472,0.5404378360368828,0.9801042716309231,0.9924171235314536,0.9937928126965223,0.47544995992419237,0.23895226416547166,0.33274785245825944,0.9937928126965223,1.0,0.37300059332665736,25.15143162145056,10.420176444791387,-0.7356578325316719,15.415032014357447,away_HQ,0.21964860697239308,0.10025254272307138,1,0
3.020863977357641,0.0,16.0,9002,1,blend,obs,0.597,0.8135691212741591,0.9673665061986513,0.9819496054764931,0.7261002223282558,0.9297543296731322,0.859121797539563,0.8754069461378876,0.9835364586695812,0.9687596971655039,0.782071170477753,0.9580814990557631,0.870701053126928,0.8048412996267903,0.9632598115546652,0.9107586123075141,0.9112757530672888,0.9928843706386005,0.9925025069563428,0.7414836813544705,0.9359442502119432,0.9228452176950478,0.7757895193262679,0.9556808313026713,0.8572582596965914,0.8574656270895447,0.8921940969581917,0.06170604276120715,163.7802717325986,5.362657130957903,0.8096970931303886,0.15758880084235694,2.650477889128284,2.8491709568479404,5.843692375127983,3.048007882797,5.925567157313571,gaussian,linear,0.0,logit_quad,0.6,3000,0.7043417662796803,0.5713496263355886,0.15648728702650327,0.35762792970721885,0.5421368722529636,1,12.0,0.15085757967062297,0.40088222758095127,0.3903572577182992,0.8612048853208331,0.8645127545873836,0.8707020831187947,0.8820542891762608,0.7907318082939824,0.6495544690397169,0.8820542891762608,2.0,0.06132664981448035,165.23288480600544,4.202932389185656,0.13299213994409162,15.455537594779665,iso,0.19869306771965656,-0.00037939294672680035,1,0
0.19255932491202232,1.0,6.0,9813,1,blend,obs,0.5973333333333334,0.8638971136876586,0.984796496403556,0.9468936410136508,0.9640943829809681,0.998874258834256,0.9960844511647082,0.982846742129937,0.9996848968792154,0.9989082904729873,0.8682850464030043,0.985894214137404,0.9504599444372519,0.874931536657476,0.9873624849698317,0.9559004910551937,0.8743034357913139,0.9871903927472618,0.9551019468831188,0.8924903580944947,0.9892847378095793,0.9829460779301774,0.8606835597883912,0.983976656629573,0.9473346885380608,0.8733322163319739,0.9009197069554897,0.919995437169228,3.2129942601031196,3.531167803083532,0.6816154487198439,0.21717512652406845,-1.1809494258197235,-1.1792271482499237,0.32806224653429156,-1.165837608061586,0.3309720302211729,gaussian,linear,0.0,logit_quad,0.6,3000,0.09873921929737053,-0.348948048929535,0.29812752653643054,0.2992749013793996,0.9229284333641143,1,12.0,-0.0015403993215673231,0.33987442926573574,0.8771696275606989,0.9901451145202943,0.9809677110491261,0.9504569751846612,0.8047438958643344,0.4124333178326066,0.4803192210684838,0.9901451145202943,0.25,0.9378126965290887,2.511732470273357,3.135595895464671,0.4476872682269056,5.980513719748467,toward_HQ,0.0017222775697998127,0.01781725935986067,0,0
2.8933770297042223,1.0,16.0,4196,1,blend,obs,0.5993333333333334,0.6994897413847351,0.9128829045814661,0.6529412215826093,0.7470474351728928,0.9384568486608896,0.8769005829353723,0.8890960965164033,0.986736362136209,0.9763861306035212,0.8299228388564455,0.9707858668390791,0.9302408173381189,0.8521240306836544,0.9777508057078711,0.951940745078664,0.810164046642347,0.9630996454994528,0.8871539795941795,0.8367143020855564,0.9738010398023181,0.9731475070810662,0.874968574550438,0.9832901810247214,0.9541643482607965,0.9138581318057483,0.9029232866154012,0.03363150421215412,220.89805790783723,3.9560694405179753,0.9559651230152193,0.07253430442867326,4.669398060877919,5.183105185548444,5.126589574104001,5.160639696674489,5.115307608365658,gaussian,linear,0.0,logit_quad,0.6,3000,0.7093815967562844,1.3642005943498083,0.16436616738835436,0.31810018638258025,0.5480955998592858,1,12.0,0.16274803821951406,0.3989589181507944,0.41198770076429003,0.8940963868620914,0.905204195614888,0.93025305111876,0.9764785761152417,0.6854344681128933,0.4189443046963788,0.9764785761152417,2.0,0.015855202397893314,320.57936123689996,5.135694482310714,-0.6548189975935238,15.258653631489063,away_HQ,0.5137071246705247,-0.017776301814260806,1,0
3.641373191684144,0.0,6.0,3751,1,blend,obs,0.5963333333333334,0.9585525820858293,0.9983729198889563,0.9988938973252585,0.7172486278723603,0.9241320097811208,0.8520503594103152,0.8561530069902931,0.9780189393166312,0.9557839930322212,0.8199014392678432,0.9663922419092484,0.9277640180370067,0.8229000504438002,0.9674175399928977,0.9331866091323839,0.9713146503984655,0.9992442412750788,0.9991402856243844,0.8574588679698522,0.9799541714701109,0.9737295211753533,0.9188435723077447,0.9936494629819426,0.9820702055268883,0.9575296625303722,0.8711866950040676,0.14953922815268011,69.73678569099374,5.065183589293717,0.8731263954093255,0.1347332952782573,4.429729730997286,4.532352188584175,6.472061257705019,4.383479673174809,6.370015853887801,gaussian,linear,0.0,logit_quad,0.6,3000,0.7536775589743681,0.7083652910995095,0.15628355492718027,0.1982554852087841,0.9222790911947827,1,12.0,0.029332831328033153,0.2074222017606208,0.7534562529981339,0.8723754614754208,0.8910416335672536,0.9277606923138306,0.9708965516390176,0.7937726361596931,0.4226860022692649,0.9708965516390176,2.0,0.12852413596721246,76.43899959944414,5.296636453549872,0.04531226787485865,5.917005464933116,iso,0.10262245758688948,-0.021015092185467654,1,0
1.3125218415434756,1.0,10.0,9351,1,blend,obs,0.6,0.8269778108194739,0.9755515163342511,0.9295271727955279,0.8100384689083744,0.9698040669571644,0.9325977301072182,0.9363388814911567,0.9961496828090667,0.994784078670649,0.8229195498742559,0.9742991903538504,0.9286586910325088,0.8286805851029657,0.975614736446881,0.9354702961654687,0.833833347279197,0.9770839538930094,0.9381235775201299,0.7887453758748268,0.9589022534622672,0.9524242706657685,0.772842884295907,0.9585557272084732,0.8617324207701892,0.8614753035098369,0.955905203836696,0.9280811097210081,7.431021346713248,2.9698729378064974,0.5972898148148149,0.23285231093071734,0.3845975327539955,0.4207774159809397,2.3620763960614206,0.16593432516019804,2.358260094452713,gaussian,linear,0.0,logit_quad,0.6,3000,0.5575946532930347,0.04206796928088405,0.2383116109424645,0.2654526396234207,0.9024057867535648,1,18.0,0.029408245437360675,0.2954544433727081,0.8065934234126261,0.9317237889652329,0.9312708074753603,0.9286586037949122,0.9083670289777634,0.6708107149765941,0.7058500104366642,0.9317237889652329,0.25,0.9628952069926565,5.114224458834287,2.67650930507835,0.5155266840121507,9.922959430832528,toward_HQ,0.03617988322694421,0.034814097271648414,0,1
0.07702347124700148,1.0,16.0,5502,1,blend,obs,0.5896666666666667,0.7238586982713682,0.9282990173311402,0.7832738286487944,0.9850232442400589,0.9997719883146198,0.9992399509682979,0.990972212123664,0.9999054166709853,0.9996972597854287,0.8887978349364207,0.9884904178652081,0.9871832138271267,0.9207527331122524,0.9946422721581887,0.9824931765239134,0.8878380453559043,0.9882650425702163,0.9641446654242339,0.874723623475526,0.9852555281991138,0.9997425190485364,0.8711572146049293,0.9838449652138184,0.9856767612381772,0.8863199156135946,0.8817044901850679,0.19350865473527692,58.720536249783656,5.56639382637449,0.7869949977934819,0.17290080670050376,0.6417008978999241,0.9382492809496371,0.1737746854910328,1.8271588542494897,0.1769360860172135,gaussian,linear,0.0,logit_quad,0.6,3000,0.04962793772779594,0.5710820835334222,0.2812723126071739,0.5149541487355108,0.25835168360092997,1,8.0,-0.0027891475967569248,0.5574855217433223,0.5045374303669852,0.9997650747305146,0.999081858598977,0.9871863356344681,0.6166542615376919,-0.4081396801905856,0.025261481186993895,0.9997650747305146,0.25,0.87149818744869,8.420421166392014,4.222990869471266,-0.5214541458056262,15.639546249213753,away_HQ,0.296548383049713,0.6779895327134131,0,0
1.4041032852856357,0.0,10.0,7422,1,blend,obs,0.588,0.9185815623014066,0.9935542638418027,0.9969088305478613,0.8118072498074184,0.9713681932731157,0.9284397884514367,0.9706184356240342,0.9992403920068639,0.9984295699782252,0.9481033469050513,0.997853943037383,0.9932689387721827,0.9569684750221157,0.9985333046590994,0.9953866972135246,0.9384212570666742,0.9963327308160299,0.9980711222657336,0.8731115553073886,0.9851878828112082,0.9813061433075331,0.8969060430171552,0.9912225123904128,0.9807634821126191,0.9622551672664228,0.8591169019674663,0.6334383909214673,14.219917418858106,6.008844272330309,0.7714896638266958,0.18446360821253835,1.9186306896247498,1.9764954850571643,2.4666903569533507,2.0198664511976396,2.4589028698758173,gaussian,linear,0.0,logit_quad,0.6,3000,0.5734634800643696,0.5701046821992604,0.23819315531682095,0.29523719329819326,0.9017784197414653,1,18.0,0.030317807571709356,0.2982494462488077,0.7986373765740835,0.946607220469543,0.9636691382437902,0.993269117302876,0.9113326604255506,0.5373928262475285,0.37831772660071417,0.993269117302876,1.0,0.6464073791692971,13.848068740202608,6.2649318519060415,0.0033587978651092513,9.756152967341091,iso,0.05786479543241452,0.012968988247829882,1,0
1.2026412905953894,1.0,6.0,6583,1,blend,obs,0.5956666666666667,0.7862364513214846,0.9626220869329497,0.8730112518864328,0.8403769538988639,0.9789544223974508,0.9373347450976235,0.969881500771145,0.9989581188919057,0.9963948379688089,0.7921751459277058,0.9652024018827987,0.883990316644797,0.8050291527062285,0.9688221998190418,0.9024807970263665,0.8033744331129511,0.9680053221492939,0.8983576044391367,0.8008935884663777,0.9634841770809035,0.9433778629972025,0.8199031344634014,0.973761700275833,0.9074725490326463,0.8035081629114665,0.933630006488168,0.9575378882020816,3.9234825754584897,3.0458194242517926,0.6196898826414643,0.22910491443173958,-0.5554748009080125,-0.5572608981967848,2.1116922433953067,-0.6664656820609146,2.0931267002291256,gaussian,linear,0.0,logit_quad,0.6,3000,0.49008691433293017,-0.16797943559303605,0.23757704350880282,0.25386011376000134,0.8495563658889118,1,8.0,0.0390251081493448,0.32421561763015005,0.7327748282003477,0.9262053186620984,0.9141204051805427,0.8839914645215381,0.7799801708879168,0.31067241886694513,0.6427821697055862,0.9262053186620984,0.25,0.985847405539412,2.060629614388076,2.374053752148008,0.6580663499259662,5.99624840180248,toward_HQ,0.0017860972887723259,0.028309517337330337,0,1
3.6149611181884898,1.0,6.0,9639,1,blend,obs,0.591,0.8298040260502741,0.969807256331768,0.9148829818823936,0.6979111298687959,0.9167901547387092,0.8240896320977625,0.8425653425609821,0.9747382648324094,0.9403528395195623,0.7993374289229301,0.9621075998847622,0.9045124167720984,0.8047332277985493,0.9640081354931658,0.9102884889671436,0.8468110600796213,0.9751993971868881,0.9302859150328231,0.9508672742239901,0.9973845065821862,0.9927971853575472,0.8777882456229339,0.9852891288983056,0.9741427965368066,0.9394203240884783,0.8886243068484667,0.12096782925461015,84.75642430373699,5.167463554818884,0.9841386072257454,0.049011236063784124,8.970043138040836,8.83665711226708,6.34543566079744,7.933858324068704,6.201451031364225,gaussian,linear,0.0,logit_quad,0.6,3000,0.7714037082129457,1.1917934025190204,0.15702291778196398,0.18678520510199564,0.9235144073842437,1,12.0,0.028278425961420772,0.20856876784596956,0.7528592099557648,0.8668126611823086,0.8786438592878152,0.9045392981462602,0.9778019646091302,0.8687792972355337,0.48958288586190735,0.9778019646091302,2.0,0.10321854612975788,95.68484311012966,5.49897443617841,-0.4203896943060749,5.910279989715632,away_HQ,0.13338602577375624,-0.017749283124852272,1,0
0.48314139513656373,0.0,10.0,2570,1,blend,obs,0.599,0.8372994889172011,0.9758532392575585,0.997563811151602,0.9202036347969037,0.9947890869625358,0.9831938587771513,0.9844203504877896,0.9997201901974806,0.9991332620390541,0.910683692489949,0.9928788581261557,0.9908174148629264,0.9481072277532309,0.9977171021362427,0.9949894735269386,0.929472934011182,0.9954712727219581,0.9990044360255308,0.8643845815071829,0.9828666694134162,0.9890573377704541,0.845483140432056,0.9781517979658065,0.9776656894946242,0.9115985838017518,0.9101759895917276,0.8704429828329892,5.088547111288107,4.450231182084386,0.6921524791249477,0.20555457168680596,0.4979673737020517,0.5305813226135964,0.9266355417353938,0.6700417938292494,0.9133163378116786,gaussian,linear,0.0,logit_quad,0.6,3000,0.25502096483000936,0.18819396759366133,0.2780795096034462,0.42446633566168335,0.6280190234993662,1,8.0,0.04434789301737575,0.4514719778275118,0.6159396889737606,0.9847778582288214,0.9865822454715076,0.9908176221061308,0.9611707312821133,-0.25661754379066287,0.3688217204070644,0.9908176221061308,1.0,0.9593484517450194,3.058772854352502,3.288721346337168,0.06682699723634802,9.811057459898082,iso,0.03261394891154468,0.08890546891203022,1,0
3.1953249535629142,1.0,16.0,9388,1,blend,obs,0.6003333333333334,0.6564008171794765,0.9022040660597445,0.5777303427418409,0.7082624066727986,0.9249627068549375,0.8564389891577268,0.8623917602132782,0.9812653662755876,0.965114854629215,0.6773714005505167,0.9170143439580714,0.7508349180935249,0.7158891752348817,0.932236898111908,0.8460373629526232,0.7656656212536593,0.9554842093646743,0.8759165326106229,0.6486676642770961,0.8889578410532427,0.8735810782103345,0.7178400631118839,0.929085384619468,0.7230123856154154,0.7472132113595209,0.8462642612777622,0.05624360940386419,166.162950404896,7.323183869893318,0.8122167325260408,0.1587455217234827,0.9088461663485521,0.7569941754586959,5.730808942900364,-1.402412420697265,5.629191931312938,gaussian,linear,0.0,logit_quad,0.6,3000,0.7601936008383123,-0.31502078392685545,0.1548969544188152,0.3975180953457264,0.27298913523806,1,8.0,0.3075820609643483,0.4751502037953338,0.3259957655106795,0.8403559065275855,0.8229810463948437,0.7508394880419667,0.2642306566527071,-0.13957672522027278,0.14201147886509957,0.8403559065275855,0.25,0.9498567195632658,7.337548226232295,2.8609451269706403,1.0752143847651678,15.861766579048773,toward_HQ,0.15185199088985624,0.8936131101594016,0,1
3.7893773963449817,1.0,16.0,6390,1,blend,obs,0.604,0.7098598643292716,0.9223139929766722,0.9099544762660763,0.7032098173419363,0.9214759397119165,0.8396087845145455,0.8552493269097952,0.978738522532382,0.9495397874004972,0.7571315316469538,0.9465962449086769,0.8552834436068092,0.7941601535812411,0.9596939949661771,0.9057370686451715,0.8909288707194799,0.98843430134293,0.9883201622110007,0.7051402008001019,0.9205732012850865,0.8949143611966256,0.8339610535896629,0.9753018361224555,0.9395698426805131,0.8684591867168097,0.9175700450349633,0.8432504650072356,8.736457220262718,3.735236877092953,0.8698187262618831,0.11553874434053366,2.887381360928619,3.7124994427282676,6.780187371990868,3.8431585640773545,6.59320218795779,gaussian,linear,0.0,logit_quad,0.6,3000,0.7746968263968504,0.9905863460359654,0.14568463051857747,0.42994447781236034,0.25780451721344877,1,8.0,0.32615713511579003,0.4682748070985062,0.3111092638556814,0.8416556530455579,0.8459847689193016,0.8552815872134691,0.878492598167265,0.529927034093507,0.5518119319918238,0.878492598167265,2.0,0.7312941481978146,9.87348505721176,5.040007070074072,-0.21588951963911499,15.464985223796964,away_HQ,0.8251180817996486,-0.11195631680942097,1,0
1.2088763690624074,0.0,6.0,8459,1,blend,obs,0.6023333333333334,0.9474424735412854,0.9972773692193867,0.9972771790806232,0.8534355021399622,0.9828810748009448,0.9514421931114745,0.9882395134007423,0.9998389104412254,0.9994990307330593,0.9756931962938344,0.9993288910036496,0.998641672228171,0.9783126354584772,0.9994635263286317,0.9987202914366269,0.9536519264028676,0.997884191627955,0.997792588001936,0.9418236919183544,0.9967835854307322,0.996129447064931,0.947879739312907,0.9975209944514816,0.9952919684896155,0.9831117649556922,0.858434181768844,0.7403990574499705,14.034162289933239,5.581613749412928,0.7599238038159324,0.19085406048315598,1.8699698752196485,1.8927017045967596,2.095812288021198,1.8877046286293138,2.0917462396680087,gaussian,linear,0.0,logit_quad,0.6,3000,0.5286249617430341,0.5252554846663645,0.2577343387958319,0.27871584083778417,0.9641103539519712,1,18.0,0.011053776752616666,0.2792062413348777,0.9230966240711913,0.9692087624921647,0.9833410081478078,0.998642100528314,0.8921633427731623,0.38865552316055185,0.354403280573222,0.998642100528314,1.0,0.7508491108959172,13.301978845620551,5.2420966650499405,0.0033694770766694577,5.923664939447597,iso,0.022731829377111046,0.010450053445946739,1,0
2.9479582415457837,1.0,16.0,1416,1,blend,obs,0.597,0.7331108879782171,0.9377109715214993,0.8235970978953889,0.7258737047174204,0.9341571014376935,0.8683977631584991,0.8815774361217903,0.9866564349883864,0.9756115833816322,0.729718063777093,0.9365106471753049,0.8296142354871109,0.7426964293933652,0.9418259818236799,0.855043216817445,0.7581055782599693,0.9481499810136063,0.8673315796711258,0.6959365476633083,0.9148396318881716,0.8999427397784313,0.6733351565856145,0.912314107730622,0.6900444967096531,0.8099227061008305,0.9172608932693166,0.7356092983492626,18.671611392419575,4.673508166707875,0.6527560142408577,0.22125144711980219,0.8108839812214069,0.9141774545491688,5.185810553146464,0.09003206402002097,5.153870378366249,gaussian,linear,0.0,logit_quad,0.6,3000,0.7468343836065321,0.009030722115684509,0.16675240786829332,0.22665804963232228,0.7614753742775469,1,18.0,0.10172719452566452,0.312945883381211,0.5328474241828132,0.8603964925657601,0.8535378161336521,0.8296171416942,0.6886254584277159,0.11817183635838026,0.17085356396975337,0.8603964925657601,0.25,0.9183636226505847,6.965258313804459,3.711767783957089,0.7378036614908475,15.790122930048884,toward_HQ,0.10329347332776184,0.1827543243013221,0,1
2.4418584711636666,1.0,10.0,6014,1,blend,obs,0.5926666666666667,0.7917209673936971,0.9579059754113269,0.8691162901540622,0.7549079113360979,0.9495251631251636,0.8925138425703261,0.9228447633788289,0.9944037437916429,0.9896347699858338,0.8965754523901002,0.9914275225869835,0.976817540738495,0.9073950632696667,0.9931314417430753,0.9814503339734749,0.8172650343616683,0.9676233915582432,0.9030393566361551,0.9504475308909136,0.997127836895036,0.9951732579360268,0.8913424799648234,0.9893400517253977,0.9714395202694447,0.954165534605978,0.8566721116453118,0.00851597660788803,334.7143755806194,7.742207693361284,0.9813249867907263,0.051124719356151274,7.111492559924271,7.281854739000773,4.204524514121658,6.986763067656852,4.196893177151847,gaussian,linear,0.0,logit_quad,0.6,3000,0.720897872953562,1.2283939833331943,0.19019256969629994,0.19733948631577147,0.903614923249275,1,18.0,0.03941711106124219,0.2535284696496045,0.7501822969197914,0.9342258718249906,0.9490937964168072,0.9768474126798684,0.959334954268156,0.7285435533158013,0.3803717993075848,0.9768474126798684,1.0,0.00749970488888387,341.5648764353368,8.444358057840251,-0.5074961103796326,9.934043095131107,away_HQ,0.17036217907650197,-0.0010162717190041592,1,0
1.034057538655861,0.0,6.0,4475,1,blend,obs,0.6046666666666667,0.9494289986732728,0.9975418194957123,0.9991540752672163,0.8719620116584013,0.986071833662956,0.9584735095558716,0.9869332651734611,0.9998431675152925,0.9999507126619064,0.9683126616244906,0.9991402859995616,0.9974425122798997,0.9758649535363109,0.9995102181931171,0.9983432019845,0.9629607157422433,0.9986500258718825,0.9991670575887367,0.9113715953052441,0.992367949857249,0.9913671696416735,0.936347752277654,0.9963861987209567,0.9959409531073623,0.9592049418121731,0.8929752148988004,0.8619775739493686,5.783918501110507,4.494297909520377,0.7100068141548496,0.20391824471446732,1.4444945588030254,1.4838617863621721,1.7888356860031143,1.4894373825620306,1.8036912457042864,gaussian,linear,0.0,logit_quad,0.6,3000,0.4359131762826501,0.42911164455523215,0.2484364615495595,0.29497015829551754,0.9237228430057051,1,12.0,0.014106630057547797,0.2922920661576779,0.8499596476065131,0.9704054705859649,0.981450514855214,0.9974420184959482,0.935635675148265,0.4684146016919264,0.4126154788660432,0.9974420184959482,1.0,0.8695704009156976,5.5892005232911925,4.548993742790593,0.006801531727417913,5.936424732022637,iso,0.03936722755914679,0.007592826966329014,1,0
3.214026629465935,1.0,6.0,6790,1,blend,obs,0.5986666666666667,0.7532941959145468,0.9456943073267648,0.8486097125489956,0.7097970328802153,0.9269343150041243,0.8443156542901088,0.8891259981954891,0.9879090668737855,0.9710839172870963,0.7355969731830746,0.9385285828486231,0.8416528676244208,0.7452754110021635,0.9415171438158377,0.8617933223801797,0.7622961570010773,0.9489627754482051,0.8713439406286719,0.6934362710487085,0.9144478130409248,0.8775960016466652,0.7942640847244722,0.9640727065926428,0.8789526354919188,0.8292166460213554,0.9469479245050219,0.9591460708197337,3.7786906217251848,3.0032649437069514,0.5930553962663431,0.2297434029253431,0.8832984463693276,0.9527564863073863,6.379497305512252,0.5193631881777285,6.268756567005656,gaussian,linear,0.0,logit_quad,0.6,3000,0.7785964954036717,0.09548648258403158,0.1557437536864526,0.19037503099384345,0.8493031837971983,1,8.0,0.06495820923690308,0.25282416435785254,0.6160160919824487,0.8419274392870273,0.8423650690648881,0.8416528213323542,0.8315913623764956,0.6604458437769064,0.6697978300989669,0.8423650690648881,0.5,0.9702813827766389,2.496181358837299,2.714702031373437,0.6831100128196401,5.997808445790059,toward_HQ,0.06945803993805866,0.011135311956905203,0,1
2.30647827232259,1.0,16.0,7093,1,blend,obs,0.604,0.7121621150491524,0.9189446463581458,0.6847264358065723,0.7805682130347129,0.956347212727918,0.8988858701188253,0.9269180522355074,0.9944883731919858,0.9912943599713525,0.885436678221372,0.987809688542353,0.9658157838330795,0.9060004999341511,0.9917700057900791,0.981290547759118,0.8147732760158155,0.9642830749162498,0.8863693641828928,0.8438135331916685,0.9768267822677679,0.971605746111459,0.8583489651902078,0.9800596943574221,0.9436876446112635,0.9302272320569891,0.8905491115219477,0.21403677737125695,60.34606039685102,4.951636290224077,0.9464343118454598,0.08302674606576789,4.214459367337207,4.592066954190411,3.942175455987144,4.76408909731775,3.9495857269409136,gaussian,linear,0.0,logit_quad,0.6,3000,0.6786677109671684,1.3217182581311502,0.19226466100365952,0.3385728232503686,0.5405827353101031,1,12.0,0.15369179870611896,0.42331776711081714,0.45418519122380235,0.9214672836261728,0.935972415785366,0.965852246692289,0.9776329410164,0.6672551130176623,0.40664327620681484,0.9776329410164,2.0,0.1654827131018136,64.78576713559647,6.334192037718452,-0.6430505471639819,15.130656614244199,away_HQ,0.3776075868532045,-0.048554064269443364,1,0
0.6167703560360107,0.0,6.0,6845,1,blend,obs,0.6103333333333333,0.9689899645597676,0.9989649737018712,0.9989922113822818,0.9304168208364575,0.9962334630734602,0.9881412740822086,0.9701214281044676,0.9992597986607782,0.9977519918121368,0.977223578575803,0.9994170737434764,0.9993885102567879,0.9804569281497109,0.9995657776452377,0.9994588067687836,0.9738785940801064,0.9992516354231324,0.9991232834812138,0.9442851357268541,0.9968980426883589,0.9983846559104114,0.9517318768532521,0.9979316474025289,0.9965034457403712,0.9753585014124951,0.9252117212518942,0.9535021234891111,3.030380474803085,3.0005259208239994,0.6309717305655522,0.22495052942113897,0.8480457757791287,0.8569546935069342,0.9410426925072625,0.8263221781306637,0.9542540573893331,gaussian,linear,0.0,logit_quad,0.6,3000,0.2616758699596665,0.25606589227329657,0.28054604250531784,0.30410297077837556,0.9641925329502752,1,18.0,0.004875387817490078,0.30088879035946864,0.9323911408269895,0.9931650075958386,0.9967574757352466,0.9993881552989684,0.9694511686342924,0.6755405116282605,0.6072695531365707,0.9993881552989684,1.0,0.9564814317916994,2.8041236271777,2.912019360558444,0.005609977686369994,5.918144859218213,iso,0.008908917727805554,0.0029793083025883016,1,0
3.297425201167495,1.0,6.0,91,1,blend,obs,0.6006666666666667,0.8266912180609933,0.9702859087781853,0.9179230552520055,0.7197397593435977,0.9281302163141316,0.847226353302538,0.8627742558735092,0.9806613786798838,0.9606656707995559,0.7842422973981575,0.953860653569681,0.900352667309584,0.7890212581184292,0.9555912319557608,0.9080142861965398,0.8313884952672478,0.9716936037903173,0.9257314454333023,0.7607546721386647,0.9449008068543415,0.91306504378858,0.8028444610695074,0.9627288092506012,0.8787354195353763,0.9118736770867059,0.9092780984217553,0.9156709090212006,5.69712459783102,3.343148643899942,0.6906944889651454,0.21090867814199024,1.972221896397843,2.0790257734380413,6.111007300788567,1.7920575379185613,6.075099494748166,gaussian,linear,0.0,logit_quad,0.6,3000,0.760781117917025,0.2977499367272851,0.1606445815375397,0.17056238830934192,0.9242104231922632,1,12.0,0.028348244102276734,0.21055605530491678,0.7629539853646204,0.8597357863698742,0.8743418662871809,0.9003570163062299,0.9445554990306271,0.9250981613878317,0.6163253850040455,0.9445554990306271,2.0,0.9082238330380049,5.629694076695335,3.430374870945758,0.46303118118973974,5.9959030549136445,toward_HQ,0.10680387704019823,-0.007447075983195717,1,1
2.878001980166369,1.0,10.0,1539,1,blend,obs,0.6,0.7491631842643087,0.9376565144652891,0.8036071240835394,0.7207200323188201,0.9332527822805173,0.854296995259166,0.8950364235238479,0.9892964243889383,0.9741451254466841,0.834374045214336,0.9754721539318985,0.9285305204643239,0.8556395764939632,0.9808181309329116,0.9455619593311778,0.845892271280407,0.9751258799559798,0.9440115914997277,0.8267157954097656,0.9735070355927182,0.9644732288443156,0.8526294603710736,0.9798483718315173,0.9948281901156666,0.9249881639207798,0.8726389058923321,0.12460884575928849,103.90144480047589,5.578235389574776,0.9601351851851853,0.07241985944064043,4.794977871380309,4.5517261017817,5.468025691628997,5.23860871184736,5.460410876238133,gaussian,linear,0.0,logit_quad,0.6,3000,0.749581195794608,1.2587270742439214,0.16415057669363375,0.29040101118473716,0.6217743975478245,1,8.0,0.15630357064067887,0.3757723950247556,0.4368351131349593,0.8781095121769669,0.8936908940624289,0.9285105822020692,0.9669062429643154,0.6781944244285688,0.3813112413193206,0.9669062429643154,2.0,0.1829320935304041,79.37347610704414,6.580026432900234,-0.5091458784493136,9.800503566546864,away_HQ,0.24325176959860872,0.05832324777111561,1,0
3.518702289803611,0.0,10.0,3934,1,blend,obs,0.6033333333333334,0.8470263446444433,0.9786743056961311,0.9962502342784408,0.7138725915200278,0.9277428496745481,0.8636481531024809,0.8762800760375207,0.9846466034593345,0.9735647826790368,0.780468548177141,0.9575338251778186,0.883253409100967,0.796672066519119,0.9612616875181373,0.9121318315693483,0.933966392570174,0.9961475512213874,0.9941389853130554,0.718330053509227,0.9280322878348066,0.9136818885985766,0.8380237737756566,0.9767316376562162,0.9534054911527144,0.865024706893435,0.9022052440170254,0.6837297068067308,16.22986368087851,4.708498793970592,0.8037011931844561,0.15727171171890952,2.454461015337847,2.5867868191661825,6.374696694410512,3.0722231988715363,6.331380296329112,gaussian,linear,0.0,logit_quad,0.6,3000,0.7751802687699385,0.6007140795776817,0.1508586989870082,0.32787230753016017,0.6226267319903773,1,8.0,0.16926766997876214,0.36277792025781147,0.4158431110686094,0.865935510978219,0.8711962539986744,0.8832531417040396,0.9117143298361233,0.6421340454932828,0.5756463079351132,0.9117143298361233,2.0,0.7887530203639861,11.821608721492966,4.467912905392341,0.1744661891922568,9.783839003846081,iso,0.13232580382833525,0.10502331355725525,1,1
2.1357539887138137,1.0,10.0,6515,1,blend,obs,0.6016666666666667,0.7425314580708454,0.9412241442337835,0.8149735824970796,0.753362658926121,0.9442319212589289,0.8728363123376733,0.9037348808731566,0.9902838006095487,0.9778253888390261,0.7387333257134487,0.9396865478440221,0.8307837415833511,0.7589647504101742,0.9467765239091408,0.8638677662901292,0.7681022158935827,0.9506747310745256,0.8594856675421495,0.7383629381272816,0.9343509279756108,0.9096752649619393,0.7282895071238988,0.9352209911113508,0.7681513996859,0.809770360160347,0.9393654053398557,0.7294360532317059,25.106814987369177,3.6323333480332214,0.6023470369383048,0.22716591468621095,0.13792297108941493,0.30304995557229975,4.136918116987386,-0.20316433857828792,4.163225354873098,gaussian,linear,0.0,logit_quad,0.6,3000,0.6720190212871451,-0.042298298776625165,0.18063777131345418,0.21824229389504496,0.7982987421417406,1,12.0,0.06407102120181413,0.3011384533088647,0.59984956862411,0.8642054865078724,0.8554412033192691,0.8307845772924475,0.7289902906531186,0.2740518761613207,0.3879615768404784,0.8642054865078724,0.25,0.9558545966075901,8.65021434902912,2.6887018229466513,0.7143173200637704,9.986025584455913,toward_HQ,0.16512698448288482,0.22641854337588418,0,1
2.765773995793293,1.0,6.0,9487,1,blend,obs,0.6046666666666667,0.8739699534825027,0.984402308728737,0.9582935118673035,0.731023919674709,0.9387525791806393,0.8804667210097283,0.9086403900416022,0.9921169902269334,0.9872601420286811,0.9006988350832026,0.9916635750376316,0.980288697547161,0.9048729221110993,0.9923313883470581,0.9820105097214858,0.8817790277975683,0.9863183259196455,0.9630482648953221,0.9512815183405592,0.9972647899975358,0.9935155056470631,0.9164650242482224,0.9932108460741678,0.9825477945965065,0.9705478205512298,0.8249640393247207,0.016910395685100145,303.31559140568555,10.498284208536402,0.9709819727024771,0.06467011964790384,6.837951931503329,6.897080574997515,4.934709723554008,6.74417366324552,4.904018239653188,gaussian,linear,0.0,logit_quad,0.6,3000,0.7648743231043181,1.0782291335391763,0.17794745452350566,0.1826786185743395,0.9644505869358925,1,18.0,0.014906782464771678,0.2016219980205865,0.8825795611118606,0.9243830978157643,0.9442208893806967,0.9802887199568385,0.921927987162194,0.7213935206579969,0.39842801299702135,0.9802887199568385,1.0,0.015569673081960547,316.47292272035594,11.01355109703177,-0.3133548104348581,5.983258868055602,away_HQ,0.05912864349418623,-0.001340722603139598,1,0
1.6067996439807688,0.0,6.0,1183,1,blend,obs,0.5963333333333334,0.978240034480543,0.9995305344442034,0.999955552693776,0.785172210286246,0.9620112045283191,0.9133318008745488,0.9541380858557718,0.998079480555948,0.9958287300606499,0.9488868659112969,0.9977030004374752,0.9934036005958994,0.9510543853104454,0.9978922743018089,0.9941855773593873,0.9832577507176135,0.9997249058723445,0.9998926690443308,0.8945080703545949,0.9897319905637397,0.9867340474741693,0.9481006554471768,0.9978421168729611,0.994110013818575,0.9832411112661532,0.8292573281980284,0.1971417793068172,79.7333787297799,6.934357010584948,0.8102757977344808,0.17150538288402553,2.571395632051704,2.6027936252266497,3.0118216843877823,2.556695511899154,3.020646166470479,gaussian,linear,0.0,logit_quad,0.6,3000,0.6203940514269143,0.6014294471756191,0.22005481026117085,0.2405221665779781,0.9646423581896297,1,18.0,0.011898199554484134,0.24262404345791985,0.906978579389378,0.9393299524597435,0.9608742005795466,0.9934032889046147,0.8989585492106281,0.5265087849985733,0.35885176279010955,0.9934032889046147,1.0,0.21050861100543256,76.05940807993215,7.060716886114701,0.018964604251295217,5.913957579557145,iso,0.031397993174945515,0.013366831698615356,1,0
2.1841108831350966,1.0,6.0,2451,1,blend,obs,0.6026666666666667,0.8334328157380212,0.9737988273243874,0.9219842183839558,0.7658002557904442,0.9504654547481705,0.8817783335417226,0.9208347037227045,0.9935752772517276,0.9860395207203991,0.8164236904415907,0.9678308037291312,0.915317740484961,0.8201485272495899,0.9686842403173972,0.9217866776450716,0.8386394054641724,0.9750902128149752,0.9295996053250879,0.7825916362063521,0.9542475712764935,0.9251982140777751,0.8164560838012749,0.9685350673036568,0.8965893967972213,0.8851834292733274,0.9315791469912235,0.9238748371339517,7.217257613663312,2.994314531405335,0.6359498890093247,0.22405829196824312,1.1712571261145577,1.23428783524284,3.8879026524471114,1.041079124898919,3.8171367184461054,gaussian,linear,0.0,logit_quad,0.6,3000,0.6646937979245964,0.2092383602632677,0.19347111256372396,0.20330618919891752,0.9234884660114164,1,12.0,0.023944383903740884,0.2412436023405651,0.8019740655779115,0.889258158818782,0.8984084409746681,0.9153190032060246,0.9417842486723469,0.8457767402024201,0.639012860389096,0.9417842486723469,2.0,0.9420057641681329,4.772342413172348,2.8310493000761086,0.45545543766132873,5.994994623503484,toward_HQ,0.06303070912828224,0.018130927034181177,1,1
0.8312196202991591,1.0,6.0,2153,1,blend,obs,0.5943333333333334,0.8525666877973861,0.9784348433340921,0.9332411629664286,0.8849435016437877,0.9882839770358204,0.9627715476157039,0.9794081497666148,0.9994828578534747,0.9981932571447937,0.9227936442358221,0.9946705635478409,0.9833619132119457,0.9250646630716607,0.9950216291252576,0.983765347095036,0.8651874534807782,0.9819751599713045,0.9432984484272267,0.953838300687384,0.9980598424334534,0.9979896132338365,0.8885605712390623,0.9881849145302958,0.9700948444379823,0.9199739282591802,0.8162426704479362,0.28551786316659106,57.95180270163321,8.927227864065637,0.8612537564904736,0.14729028418538354,3.0685857197588406,3.0538152321481022,1.4651324540586463,3.086432697171599,1.4489283285524228,gaussian,linear,0.0,logit_quad,0.6,3000,0.35929842888985547,0.7962051295190722,0.24991883497766965,0.26999981739909096,0.9228244662410776,1,12.0,0.010860280094145174,0.2948279556689094,0.84767685754443,0.9852953620776868,0.9963121209264749,0.9833819032887564,0.6669315869277387,0.37062732924032565,0.3200810477830379,0.9963121209264749,0.5,0.35372410432080525,46.51257483114123,8.770652095688819,-0.4369067006292167,5.938666382254918,away_HQ,0.014770487610738403,0.0682062411542142,1,0
3.959173192874441,0.0,6.0,7011,1,blend,obs,0.5943333333333334,0.9761771958958432,0.9993997421177003,0.9996846458935694,0.6972476909385092,0.919818842679458,0.8530542524699086,0.8553512330517572,0.980336387918673,0.9675630172420511,0.8244788808079337,0.9714521764638645,0.9483818074831113,0.8261864357402213,0.971958998644832,0.950260358231465,0.9825257155958464,0.9996692873427677,0.9998017771367387,0.8832193012169407,0.9870770479828493,0.9831487077944641,0.9486300883078046,0.9975709147098344,0.9925583164840635,0.9637892092466582,0.8515901788339172,0.3535679744681619,27.351816465302456,7.368522949334035,0.9127307525516023,0.1129597566278048,5.013891292588262,5.057758822216642,7.0452460724243675,4.890777680992098,6.835616076047575,gaussian,linear,0.0,logit_quad,0.6,3000,0.802218475487865,0.7869067330263779,0.15000984512770496,0.17727370035394122,0.9638320279526491,1,18.0,0.016265875087426645,0.1754729450400721,0.8548887413580923,0.8803397816434323,0.9032688735115341,0.9483961621872747,0.9939670178178284,0.8974293709684725,0.4138279233999288,0.9939670178178284,2.0,0.3416955145861377,28.264236097606904,7.5478639098989095,0.015311742461487036,5.903817131891025,iso,0.04386752962837992,-0.011872459882024178,1,0
1.076280558853616,1.0,10.0,7546,1,blend,obs,0.5996666666666667,0.7802690111333315,0.9601916842584246,0.857842243087337,0.8625341484870699,0.9833335925178591,0.9533633940302195,0.9765560626305343,0.9994282765230116,0.999418373632974,0.7931889016064189,0.9647853878285175,0.882373456566379,0.8124610464588861,0.9702582558472205,0.9072313417249394,0.812587806927975,0.9703515413155175,0.9011070129513943,0.8153032839804781,0.9671558174956081,0.9605848438670022,0.7681799665292497,0.9547731437374036,0.8351047399489093,0.7957931110181623,0.9060765300480228,0.8658199104348316,8.192387275870823,3.999262201109528,0.6763823365649989,0.21604362672984423,-0.9796951663526854,-0.8596384826750639,2.021303495958943,-0.9745930647051646,2.0349643634991756,gaussian,linear,0.0,logit_quad,0.6,3000,0.46255350557491914,-0.24929505378563904,0.2362754259308649,0.26963415290111914,0.7930842145340142,1,12.0,0.04221523831905242,0.35248743927863313,0.6703087815395733,0.9388408268593744,0.923396688707051,0.8823772194746052,0.7164527210057492,0.15135564661495118,0.4710156211110502,0.9388408268593744,0.25,0.9514600172897436,4.613908675528128,3.093794611013394,0.7118485593605582,9.9494741157409,toward_HQ,0.12005668367762146,0.08564010685491197,0,1
2.6592439657426787,1.0,6.0,8433,1,blend,obs,0.596,0.8731320728393841,0.9842483762324843,0.9611693126231393,0.7247164863715603,0.9348328625771055,0.8723976449175703,0.9048195284173136,0.9914101216657307,0.9831910363851601,0.9118988747884906,0.9932034749535347,0.9825033601598792,0.9152668997944203,0.9936879802224574,0.9839543548980494,0.8816198888379106,0.9863062989548276,0.9661048179660012,0.9712387948556487,0.999037185054935,0.9980653003965898,0.9215188136952744,0.9942420820963017,0.9870081793424732,0.9741298654239285,0.8073688542458776,0.2613354301492678,45.23623591254971,11.525542082611034,0.9695891569022674,0.06629667785867328,6.434223659922609,6.4371648712263445,4.803833426724905,6.524388601416606,4.797610398090128,gaussian,linear,0.0,logit_quad,0.6,3000,0.7475854970295974,1.0640701153667922,0.17261359341469426,0.178658368182112,0.964423262568203,1,18.0,0.014700530662332508,0.19682210667182942,0.877003078228915,0.9143862110629253,0.9377486375674228,0.9825421401308226,0.8947987823330671,0.7371459909042679,0.39267387921054864,0.9825421401308226,1.0,0.263485531985952,42.54891896821552,11.868846743431702,-0.3164846183371948,5.984667373278115,away_HQ,0.0029412113037352583,0.0021501018366841818,1,0
3.2312885678802803,0.0,16.0,7837,1,blend,obs,0.6023333333333334,0.7590545687631455,0.9474162239956045,0.954058360057586,0.7232075396451534,0.9331844999821355,0.8531621841180891,0.9190091324961935,0.9930650871282852,0.979684619411941,0.768799209710117,0.9556840296558289,0.8565176705869945,0.8064680344498676,0.9664798824837495,0.9143688555576708,0.9113837621219608,0.9935593189079314,0.9807754272668273,0.684021475021915,0.909630901133609,0.8814717327350186,0.7774789574888102,0.9560191108470324,0.8782946975610461,0.8246973264332118,0.8929319247318781,0.5414179504085828,21.77286838056931,4.680357920568563,0.8055113971882653,0.15992900288551454,2.016006578150885,2.150047777216432,6.2374776525899005,2.1853725140069624,6.101798070617046,gaussian,linear,0.0,logit_quad,0.6,3000,0.7705664517123327,0.43458924341271815,0.15746106494513146,0.4522008739936093,0.2626824552374402,1,8.0,0.3218792567149324,0.47862462343632517,0.328986552790842,0.8530472660127885,0.8540212384285297,0.8565176708580763,0.8479811074061583,0.45098467250926544,0.591002102327395,0.8565176708580763,1.0,0.7283270032209062,20.074518106096598,4.247992901763494,0.33597720829961464,15.462654811019222,iso,0.134041199065547,0.1869090528123234,0,1
2.6328472573745088,1.0,6.0,2850,1,blend,obs,0.599,0.8267725375339702,0.9697661986896435,0.9230238358627206,0.7432194260827502,0.9377179830188699,0.8757977794385209,0.9003548937054796,0.9891704046000721,0.9795492165274894,0.8020958695464047,0.9604206605056891,0.9130012826977272,0.8057137996045296,0.9615443965966493,0.9197445709892189,0.8295663654670645,0.9704851488712422,0.9298852727256456,0.7617300186519582,0.9442574664493966,0.9249523845235575,0.810978963193643,0.9656189702116109,0.8957220582517675,0.8860765456725919,0.9157634094933994,0.9155269414252387,4.981886197388078,3.251516622645008,0.6593838164743956,0.22027310474813275,1.4686512640776894,1.5502338555593822,4.888749462013431,1.3417905433825703,4.923958918463881,gaussian,linear,0.0,logit_quad,0.6,3000,0.6986647552694742,0.23077900847439442,0.16581167501634997,0.17453969819487242,0.9252841708523549,1,12.0,0.025868917735530923,0.2143208429199886,0.773660987691485,0.8849446338693251,0.8948535099384933,0.9130010923767584,0.9401086901318302,0.8247013518128606,0.5891273019256584,0.9401086901318302,2.0,0.9236078711128465,4.541519863407649,3.2324288808342603,0.4678857467950798,5.996670265477031,toward_HQ,0.08158259148169278,0.008080929687607763,1,1
3.7190028962078068,1.0,6.0,1187,1,blend,obs,0.5866666666666667,0.8408966298184541,0.9737145950851207,0.9241347984505802,0.699641045068107,0.9154290664148337,0.830188163784791,0.8226693943692338,0.9676442717107473,0.9333816236824136,0.8002009704794648,0.9609390004384252,0.9094687756213189,0.8071559685465906,0.9634907226191802,0.9162780918186141,0.8580621898096074,0.9788202127050082,0.9392441735406308,0.9541425807092967,0.9977155142555718,0.9963662687870846,0.8819293431738432,0.986245735653207,0.9747689967910103,0.9570484851730885,0.88957865493944,0.2744804467386588,51.125043625738854,6.59229868996714,0.9886501099706746,0.04045003512988545,10.760775911722162,10.384049889998915,7.5063165403198235,8.751573670807533,7.2849637656381026,gaussian,linear,0.0,logit_quad,0.6,3000,0.750557022978262,1.1626313417132903,0.14559660506080166,0.17234207206132093,0.9220561000035826,1,12.0,0.02825719256447016,0.1993220005297559,0.7304592803294997,0.8684614833038219,0.879856323597212,0.9094225757818949,0.9864928782988917,0.8607595703975823,0.4679518417291375,0.9864928782988917,2.0,0.21548002432087088,58.97265075584643,7.3028351099275595,-0.41207431873502853,5.887674559746834,away_HQ,0.3767260217232469,-0.05900042241778791,1,0
3.0379091759562824,0.0,10.0,8827,1,blend,obs,0.6,0.8291809580584907,0.9733947464278355,0.9836583230899366,0.7219817578067722,0.9332807322905489,0.8557813886938098,0.895936796195018,0.9891994335597856,0.9771710661890256,0.7837914347323149,0.9604794498927486,0.8759005077771576,0.8060913662962729,0.966100846377177,0.9103440453980449,0.9085681436214639,0.9927273553624135,0.9862521707253489,0.7312915119453792,0.9351265636849455,0.9104793961961433,0.8222383637142034,0.9721578681263897,0.9282913256244812,0.8518369678364534,0.8972183576496031,0.8019543871154873,9.315836905974354,4.808676045799357,0.7918777777777778,0.16442647469768765,2.3267569927138334,2.3558718012804487,5.316776025937474,2.612979972751244,5.326164808863691,gaussian,linear,0.0,logit_quad,0.6,3000,0.7524156038505934,0.5308005651345763,0.16719022369466066,0.3441651633683033,0.6250682829699111,1,8.0,0.15636547221409552,0.3737103000984337,0.4473792230254919,0.8580373152590844,0.8631848962064703,0.8759003489825159,0.9113343177381847,0.8508146705182109,0.6306259825465111,0.9113343177381847,2.0,0.854358921223969,5.673610947328189,4.476972758205205,0.2216150387160171,9.843313231422721,iso,0.029114808566615302,0.05240453410848167,1,1
1.847616050699168,1.0,16.0,8446,1,blend,obs,0.609,0.7037546958735182,0.9260139047906809,0.7219332949241097,0.7880035298835455,0.9591240603701368,0.9006893189359693,0.9583824751399191,0.9981365717661744,0.9959654013324211,0.7290585827706533,0.9393465596220183,0.8050716410196921,0.7693575759559592,0.9534933956665601,0.8691287167261657,0.7783332946219416,0.9571367632613427,0.8619208854001269,0.7435209405930934,0.937009020202403,0.919611119823101,0.7082998882013773,0.9261672515025762,0.7118709374825892,0.7509748289650846,0.8850841769494061,0.6291835773948142,20.35258762580365,5.578843746435861,0.7314272368950913,0.19262717056488243,-0.42130452197688384,-0.15359584320603908,3.4920463085971813,-1.0150781269148592,3.532119286557289,gaussian,linear,0.0,logit_quad,0.6,3000,0.6461879895879858,-0.23872392047200663,0.19874902383648002,0.27939239414405476,0.5387514548112345,1,12.0,0.14320312150371842,0.4233504463596338,0.4694669051267371,0.8846774801840629,0.8659648323579251,0.8050430326376619,0.47436771583269915,0.04423225876190339,0.07826503013553032,0.8846774801840629,0.25,0.9588662654243589,4.280872706486644,3.2553067694853097,0.8849119100599926,15.797033767366033,toward_HQ,0.26770867877084475,0.3296826880295447,0,1
3.6978119125991142,1.0,6.0,8944,1,blend,obs,0.605,0.8210805962541283,0.9660591191673924,0.9024822870514123,0.7036277223649603,0.924014213916061,0.8396492583641423,0.9185245566057217,0.9934117861583471,0.9838785903024252,0.8373520965002008,0.9771828653582676,0.9347671278821252,0.8622902394646768,0.9833947781441895,0.9522095309946873,0.8566257064076284,0.9776603885695451,0.9395599959443055,0.9254635640870094,0.9951598285769513,0.9925768445316534,0.8708868301598456,0.9841078635924883,0.9868739596340641,0.8996594685488355,0.8598201512678094,0.0703909525907121,139.8555094451411,7.427033074753769,0.9872483174669596,0.04083980934240337,9.726831054428002,9.523483383018204,6.643135604482124,7.86199315757654,6.520086226344762,gaussian,linear,0.0,logit_quad,0.6,3000,0.7776924154741234,1.2462941346808707,0.15220861247927525,0.19031813772600165,0.8495444973482152,1,8.0,0.06411005463701099,0.24902419184588748,0.6112201844769842,0.8868483200869153,0.9009371395497315,0.934734223928046,0.9887936720691393,0.7226109266757273,0.3997529051812859,0.9887936720691393,2.0,0.10596167834618753,104.72205788847933,9.134381501054731,-0.46860171920674704,5.936320808223364,away_HQ,0.20334767140979793,0.03557072575547543,1,0
0.21915813587201383,0.0,16.0,2380,1,blend,obs,0.595,0.8054439952006525,0.9646707628940363,0.9890208946723303,0.9486064587302243,0.997817065838003,0.992624096090983,0.9817526514906781,0.9997254452595354,0.9990666093409125,0.8889793468516453,0.9886206035620364,0.9928526768546717,0.9390445112185232,0.9965206582910495,0.9962293605839891,0.9169408248823113,0.9935769902656556,0.9980533494416574,0.876389742676354,0.9849030582030343,0.9924871886074347,0.8117849412316334,0.9677757474862179,0.9438861002831151,0.8922121594843506,0.892975344016491,0.7263755852502937,17.001166284663277,5.266576481775071,0.7074150153888715,0.20173778650619628,0.19135892225339465,0.2821926442506092,0.44482841835803383,0.18641823152161585,0.430471001885332,gaussian,linear,0.0,logit_quad,0.6,3000,0.12872808678810496,0.05735408257574276,0.296405156169874,0.47298497852969523,0.5470808594816563,1,12.0,-0.0051588578984705265,0.49284530869039755,0.6014162069585082,0.9929586052453364,0.9931056171467008,0.9928528005459923,0.9116197486823479,-0.923810142141434,0.04930632874200569,0.9931056171467008,0.5,0.9522101982191039,4.189078523251378,3.2745904636057297,0.07137400421236222,15.490500798839847,iso,0.09083372199721454,0.22583461296881024,0,1
2.3465593571657077,1.0,16.0,3196,1,blend,obs,0.6003333333333334,0.6576871358371709,0.9019928021759576,0.5685283189128831,0.7667197177891295,0.9546767395919238,0.8916400566638698,0.952545093126926,0.9977676441527121,0.9955219990802625,0.7133391382820555,0.9350399900578507,0.7712596641693263,0.7610377107052249,0.9544680269803834,0.8733779021731898,0.7857281824549993,0.9636650334967432,0.8887348873808154,0.7104595937435151,0.9257619766465776,0.908554226656615,0.7281396454154917,0.9336423211773729,0.7449412477785644,0.732757003939841,0.8495447650832342,0.4840057385980831,27.076928273848466,7.291879926055276,0.7989591085297345,0.16868893299919682,0.4261305988245499,0.2793660634755073,4.053755137910429,-1.4557700066386416,4.0754472563718975,gaussian,linear,0.0,logit_quad,0.6,3000,0.7006629868029373,-0.37388835784004926,0.1919587173722025,0.4103910853247927,0.2629846304337561,1,8.0,0.2850078884293914,0.5014712202061868,0.3827910947576932,0.8744615844594369,0.8541768466467218,0.7712752999751954,0.2933395400446351,-0.1650923196610429,0.2679939029329311,0.8744615844594369,0.25,0.9786010085226037,2.8861056990751197,2.743163203303242,1.0745513446429864,15.853212879112526,toward_HQ,0.1467645353490426,0.4945952699245206,0,1
1.4127985551561806,1.0,10.0,5225,1,blend,obs,0.5936666666666667,0.7687360497124195,0.9468418608267763,0.8206299275884704,0.813067919391851,0.9688247142733492,0.9188784003104739,0.9465763772476307,0.9971059574630307,0.9930933692433351,0.9587873717407638,0.9985277873936363,0.995993245159711,0.9690880100795366,0.9992418986173953,0.9975716682230136,0.8168632924154159,0.9656605774300275,0.8922469673591569,0.9220726356869766,0.9938350075247225,0.994622399287363,0.8727346388266831,0.9844195241462683,0.973503756483656,0.9503806274317416,0.8360239517595295,0.1515165150637216,62.318122097937795,8.265840043095007,0.9412092551078077,0.09170151973179277,4.313697471779608,4.1575562578290866,2.679586705137275,4.632549089663232,2.6953745808427136,gaussian,linear,0.0,logit_quad,0.6,3000,0.5401870865341996,1.1539223302913624,0.21204836401304328,0.27450736635503203,0.7989561562153682,1,12.0,0.04907375225813397,0.32929574037330533,0.6439450561147714,0.9524322435792842,0.9701025805868284,0.9959996278365606,0.7795080807408933,0.46925938360268116,0.36040894827693626,0.9959996278365606,1.0,0.14652678864614285,56.19470634522198,8.131453276753009,-0.6137352437571628,9.831583917132454,away_HQ,0.15614121395052116,-0.004989726417578749,1,0
0.5917263942008777,0.0,16.0,4470,1,blend,obs,0.594,0.7571134785332583,0.9463611913346816,0.9937010822259634,0.9038734322835501,0.992065262470549,0.9775584606409966,0.9749420698456194,0.9993407987694182,0.9988588571240179,0.8862712405417899,0.9887148908686795,0.9780340172892613,0.9462375186616439,0.9976980627946338,0.9921920930991243,0.9504016345929884,0.9977757857472174,0.9981625507381535,0.8272483319535896,0.9723233396781901,0.9815552109889873,0.8174440788768433,0.9697888973535839,0.9475100036003743,0.8791228601870856,0.8875757381132817,0.6203171483436423,19.791837377784812,5.047071844610238,0.7707647999793594,0.178419990586935,0.46295882563271873,0.5606465252410905,1.132622848006925,0.7954955800349452,1.1404965517241141,gaussian,linear,0.0,logit_quad,0.6,3000,0.3007986901535671,0.18972674689730967,0.2633648728045258,0.55063346574313,0.2682107435927585,1,8.0,0.10710425679006357,0.5409618518958794,0.48684555460154044,0.977405738723611,0.9774214798701996,0.9780339291962188,0.9832391410085513,-0.9090985413361146,0.4218966945070689,0.9832391410085513,2.0,0.9523010432606498,4.937517225642688,3.2450458833519464,0.11107194325625741,15.56790547883603,iso,0.09768769960837176,0.3319838949170075,0,0
3.3390382981966673,1.0,10.0,1886,1,blend,obs,0.6156666666666667,0.8211943675426676,0.971331679641141,0.9328819250715839,0.7456446470042121,0.9441727416467441,0.8880430364187897,0.935582577314614,0.9958738292450754,0.9953280816209554,0.8028792280408605,0.96514620925361,0.9244047112806296,0.8077355899024591,0.966493705481037,0.9314280367083883,0.8258566919895246,0.9724934543827242,0.9404536389615306,0.7528936368414002,0.9433756496637272,0.932847376814657,0.7746648842491876,0.9585228362605699,0.8677722509888989,0.8439090751123325,0.9263972225566475,0.9217615482410089,4.893387620170173,3.458733398155742,0.6604463016607414,0.21640289886160433,1.5905996992972438,1.6934634153662909,5.5488430096287535,1.2187993591272235,5.517620459600611,gaussian,linear,0.0,logit_quad,0.6,3000,0.7647602624538185,0.24474309421012067,0.17269804701912317,0.20231660899042805,0.9030909948001872,1,18.0,0.0430176495195959,0.23440028134920587,0.7367655278614632,0.8946533532075361,0.9043976554808962,0.9244023754806937,0.9607380552617845,0.8493828638799311,0.562252712125217,0.9607380552617845,2.0,0.9204621565992464,4.264383907293927,3.4973338061480908,0.5200171682436978,9.949070117582295,toward_HQ,0.1028637160690471,-0.001299391641762515,1,1
3.2336403892206365,1.0,16.0,6866,1,blend,obs,0.5973333333333334,0.7052558959028918,0.9197155738607856,0.8947549273551539,0.7142747486493952,0.929558115050652,0.8518195329066861,0.9003278486541553,0.9901964499993593,0.978936722135352,0.7743740801852589,0.9566059490339963,0.8774463653833048,0.8212050730147398,0.9711414588516086,0.9291408387016061,0.8909447260610429,0.9881912128418056,0.9842783321848825,0.7025227037402504,0.9209701875398698,0.8982964339552159,0.8408648373847314,0.9777481678077943,0.9426847805943924,0.8521351398704571,0.9162427536584707,0.5682645991292424,28.62223498611732,3.6857756793164946,0.8582563878459083,0.12061403633754306,2.5866686031725004,3.237204005796748,6.046895185225347,3.6074263077682933,5.931354865372629,gaussian,linear,0.0,logit_quad,0.6,3000,0.76203588200103,1.009885964505887,0.16358795510894497,0.46906568004573224,0.2495259488658204,1,8.0,0.31812730808644446,0.4883501546311738,0.3349808606746417,0.8550083205943234,0.8614438036084748,0.877452553853201,0.9276598303771073,0.6528072696888367,0.5449559046742207,0.9276598303771073,2.0,0.21299307243238402,67.45609175808904,5.382090741817894,-0.2478500825048571,15.43210112507377,away_HQ,0.6505354026242478,-0.3552715266968584,1,0
3.3454035795564914,0.0,16.0,5641,1,blend,obs,0.5966666666666667,0.8028639524023433,0.9640579019688064,0.98737086337952,0.7120590013071854,0.9225372098762419,0.8512875524690724,0.8441941398365583,0.9749911609409493,0.9525035521960312,0.755270251305095,0.946632000293759,0.8525252305889515,0.7764414330095044,0.9524546804299405,0.8937435684168241,0.9090049496885627,0.9925742195841274,0.9937417014241092,0.7327784834557247,0.9321845712282072,0.9137704381952598,0.7894875234559171,0.9620080268951804,0.8747138627543851,0.8653796541748882,0.9118606898686454,0.7882045232496633,8.260574676448941,4.545389943881197,0.8007350293180663,0.1562749468252162,2.704721863402327,2.8448530841215884,6.232600940124503,3.0537601532592293,6.159461741832838,gaussian,linear,0.0,logit_quad,0.6,3000,0.7526623870828639,0.5749973486393156,0.15945052324631184,0.38094569109072857,0.5437639976715464,1,12.0,0.1740009937991326,0.39996651911487424,0.3986596768128887,0.8507755133957776,0.8521047475296188,0.8525248749301814,0.8348433667709821,0.6702799431981544,0.6561286348697282,0.8525248749301814,1.0,0.8401881657473982,9.528731075886787,3.783538388445855,0.17766503844354842,15.466655161351067,iso,0.14013122071926132,0.051983642497734905,0,1
0.3803561302872369,1.0,6.0,5935,1,blend,obs,0.6013333333333334,0.8634459903415987,0.9850446690611538,0.947678647031103,0.945473101302002,0.9975728162799815,0.9919543227375764,0.987895545610616,0.9998218098672559,0.9993970791957716,0.8735191860350889,0.9872377107952967,0.9553171434760166,0.879344322389398,0.9883639002464443,0.9596892932419804,0.8737033215845846,0.9872617540986223,0.9553709338589607,0.8851455537611946,0.9876335938075185,0.9816639335748313,0.8502706473782784,0.981750150095272,0.9381823884032648,0.8683273328911406,0.9213318379552864,0.9448247144239511,3.788196554886566,3.1094295970852164,0.6449354926621629,0.22381238608372306,-0.879532364194062,-0.858780015473154,0.6062742927277831,-0.895750431814564,0.6254985537294917,gaussian,linear,0.0,logit_quad,0.6,3000,0.17555355379003867,-0.25731660925490646,0.2838783557232607,0.29166840051256815,0.9232686786667451,1,12.0,0.0014766131679683177,0.3263209607754264,0.8699360134534091,0.9861159392085413,0.9781124806799698,0.9553192089035614,0.8635864577839263,0.39267762313249993,0.6056221697087087,0.9861159392085413,0.25,0.9598893083819764,2.9455746651577606,2.8008666994416247,0.4328701630449452,5.984884439424658,toward_HQ,0.02075234872090803,0.015064593958025285,0,0
0.05014697361604359,1.0,16.0,1543,1,blend,obs,0.602,0.748275511684319,0.9417739636684694,0.7927982205364487,0.9838138683790694,0.9997586035179215,0.9994846714698559,0.9830532220315861,0.9997407848442351,0.9993526474914209,0.8116383088264305,0.9686287497238154,0.8941135962184255,0.8118191631380619,0.9695588287993131,0.8978348388257368,0.7988749860126392,0.9644334069818421,0.8790926363828642,0.9106019192845048,0.9925601097565175,0.9968516512939573,0.9176756702109428,0.9935151138837249,0.9806188369109536,0.8200191011429162,0.8132166443132215,0.10651667688943792,92.15870487568618,8.757129052466446,0.8519403495884739,0.14914260638349358,2.0177670026143253,2.166231836012623,0.0424225719756544,2.510575574283102,0.05256845390005713,gaussian,linear,0.0,logit_quad,0.6,3000,0.01631527184815964,0.8117252153057545,0.3146047543942414,0.32378271486923793,0.7615531931477018,1,18.0,-0.0022509857434039717,0.4307959123379557,0.7302872320372359,0.9949067480903634,0.9797845264064362,0.8941038219884073,0.4862233227884362,0.2516501461028006,0.1527417568029067,0.9949067480903634,0.25,0.3126828555499424,36.56473902823193,8.134735828776698,-0.7954099434575947,15.738779073844666,away_HQ,0.14846483339829764,0.2061661786605045,0,0
3.267405959611273,0.0,6.0,3557,1,blend,obs,0.5836666666666667,0.9631341687787547,0.9987211979329006,0.9989443321581467,0.6943482543497548,0.9191117988913373,0.8476054896663844,0.8450427274522672,0.9780177545039457,0.9546990190863786,0.8332025708249631,0.9745528927141852,0.9501009215046514,0.8350671465044319,0.9750738531910673,0.9519927096890815,0.9696179736360657,0.9991415005152204,0.999180862614574,0.8900917397486502,0.9888417746079662,0.9835855581917637,0.946015451426307,0.9973810334438813,0.9921788197336064,0.9857297777715043,0.8439828519789482,0.31361341487544225,35.30460498699989,7.280173241309221,0.9026748526176738,0.12063851102362833,4.615605524982837,4.667690708394373,5.583623474898189,4.482942126514776,5.529370661129264,gaussian,linear,0.0,logit_quad,0.6,3000,0.7774148259864795,0.7762071534808312,0.16205960279336123,0.18565323706197304,0.9651986097268245,1,18.0,0.0146713298064336,0.1866782427339567,0.8681226072195218,0.8777389242307019,0.9026648554492127,0.9501005568536863,0.9859652912066407,0.8225856014627332,0.38399965118583756,0.9859652912066407,2.0,0.31165851053298704,36.39877980015917,7.453573691152216,0.0012076725056481216,5.917085354936303,iso,0.052085183411535674,-0.0019549043424552104,1,0
0.42639707010969996,1.0,16.0,1724,1,blend,obs,0.5953333333333334,0.69203992348567,0.918928031811763,0.6343337722014752,0.936073988328032,0.9966441054549743,0.9884510256691186,0.9892222535143255,0.9998939962710445,0.9999404029735609,0.7742306431859409,0.9578811427714436,0.8420383023135769,0.8165478716171968,0.9729669745823769,0.9024606370419855,0.7981619378068514,0.966729282673003,0.8783877053288653,0.8689495944424453,0.9831738727178512,0.9848936790426539,0.7357317288294178,0.9391296251809588,0.7679052748984322,0.7790812343678314,0.8261298949584948,0.5053267214243663,20.676688262687406,8.53665701765228,0.8198829538179986,0.1643743427087619,-1.465085351882241,-1.420208599640101,0.8608695373756516,-2.1230586179137583,0.8677173253685123,gaussian,linear,0.0,logit_quad,0.6,3000,0.24695524922749593,-0.6457445613474391,0.28630987582968936,0.3561992695285656,0.5387628324268438,1,12.0,0.03449828373764968,0.49079799516844747,0.5833558381415649,0.9736516098647999,0.9506706388478975,0.8420552158229717,0.24430990548648437,0.0378012497274704,0.17582573476573393,0.9736516098647999,0.25,0.8319661197579756,7.420040673177563,4.717040025063818,0.8926998105749351,15.736946467505996,toward_HQ,0.04487675224214005,0.32663939833360933,0,0
0.8034407801449253,1.0,6.0,1463,1,blend,obs,0.6043333333333333,0.8242625387644109,0.9681044773116961,0.8926921534627031,0.8779295387853584,0.9881989570258541,0.9627719452685691,0.9892270020031649,0.999895376842397,0.9996625344991303,0.9069873189440862,0.9916524392987767,0.9773205223695879,0.9175282731168859,0.9934624384658315,0.9801781341948844,0.8566960748847641,0.9786575763900177,0.929747760374638,0.9357181044682947,0.9958685514896837,0.9963667182416313,0.8727775154041406,0.9846391982664805,0.9709560457380101,0.9009508435008498,0.7979114716997403,0.2614010125427928,51.935795575537526,9.531914282140812,0.8983369663355221,0.1254979812190275,3.7321778276268636,3.604710158884445,1.4982496412526556,3.6460282631891947,1.5013866045074,gaussian,linear,0.0,logit_quad,0.6,3000,0.3836275572701038,0.9203996815701349,0.2582987643538736,0.2729545378045563,0.852354715758253,1,8.0,0.02941917264194291,0.33974906120111303,0.7602633644982311,0.9897117261338603,0.9992762388223095,0.9772878186556438,0.5702952730211949,0.25966048417850185,0.32369383023553944,0.9992762388223095,0.5,0.47947538049103905,19.163084404910084,8.750283514331072,-0.5367721243000311,5.9604082865388825,away_HQ,0.12746766874241855,0.21807436794824625,1,0
3.902640710061603,0.0,10.0,5426,1,blend,obs,0.6016666666666667,0.8763009452317788,0.9857183336009893,0.9977137548461837,0.7049250414196249,0.9196967239297982,0.837372603416487,0.8355441011428888,0.9721957503468642,0.9357587426185264,0.7765988869646909,0.9515668771634093,0.8776779770567749,0.7840879359466224,0.9539566859686326,0.8931191608753115,0.919554218015805,0.9940724859342184,0.9981088478231184,0.8016727494535134,0.9626989844799301,0.9436299887416916,0.8364014720015989,0.9761354840873978,0.9388247836381146,0.925797381826845,0.9012516677643777,0.03214990654737885,232.94558515483945,4.455730145714297,0.8272511271572456,0.14807537877360286,3.460067131895611,3.651548516323129,7.375593851327421,3.7174864514272223,7.158708725496307,gaussian,linear,0.0,logit_quad,0.6,3000,0.7723166700863047,0.7014368367811858,0.15214847451694594,0.2776362544215068,0.795840109964636,1,12.0,0.07588643428633597,0.2787075614756366,0.5459072359263784,0.8459091431576773,0.8563211719499719,0.877675867632419,0.906748186792657,0.6745014904431843,0.42149093963335726,0.906748186792657,2.0,0.04599205438696311,193.75625850100704,4.159506917296225,0.07087983330511877,9.758594637718778,iso,0.19148138442751828,0.013842147839584262,1,0
0.224108851668106,1.0,10.0,591,1,blend,obs,0.5973333333333334,0.7217337463545814,0.9339401070493952,0.7290078222056984,0.9620834920557323,0.998885600583635,0.9962495433385365,0.983779115679623,0.9997863360368578,0.9992804167920101,0.790399508350215,0.9637554465007675,0.8666021013684877,0.822899382481439,0.9751930737860748,0.9126213926796382,0.8114369561838416,0.9712599616595394,0.8968145100690395,0.8682792215277637,0.9844327764254601,0.9903054049041163,0.8087467255994338,0.9680974271319247,0.9139289854100098,0.7894956751447687,0.818851028814515,0.3782919010878497,30.776692455550837,8.378895053929647,0.8367475294908941,0.15568830198687858,-1.7621436501136376,-1.8416908689466427,0.33528093191390346,-2.4285397816255987,0.3461421093362114,gaussian,linear,0.0,logit_quad,0.6,3000,0.09856379798171294,-0.7430763859631003,0.2865554867173136,0.3281597795639633,0.6209329970719829,1,8.0,0.0075315576361412945,0.4645341809017238,0.6168663114543489,0.9856492102873695,0.9661408725901369,0.8666373801482866,0.3492226948692859,0.06385502304856112,0.2781055399910676,0.9856492102873695,0.25,0.7925146134560416,7.521075523409708,5.146228088298889,0.8416401839448132,9.953599045335917,toward_HQ,0.07954721883300508,0.41422271236819186,0,0
2.405797268013668,1.0,16.0,5086,1,blend,obs,0.594,0.7040279302492218,0.9156642475976218,0.678975318962918,0.7486062916900451,0.9407142748732601,0.8692531648066568,0.8823474087657553,0.9851241560772407,0.9658985168771149,0.8396306869172394,0.9746927541132303,0.9293777821245237,0.865113658337179,0.9818717239609116,0.9545087332265033,0.8152086878658722,0.9654227591051617,0.9046790442573895,0.83441989484893,0.9733981961448941,0.9655399528840675,0.867228592048107,0.9815624619847451,0.950651006994764,0.9351413661860941,0.8934684348592538,0.3703958946501017,39.23999824600618,4.902989744841828,0.9542526616281406,0.07353066430974074,4.611839198325157,4.982867771055331,4.647894667806846,5.1107297922582315,4.620003301465554,gaussian,linear,0.0,logit_quad,0.6,3000,0.6844726058863086,1.3528811620855816,0.17385773664894016,0.3165590960792147,0.5376883617046269,1,12.0,0.15316040082337634,0.41354950768889065,0.42040368424215774,0.8883371362667938,0.9007582722577699,0.9293463128675976,0.956814201879647,0.6468656945907927,0.41223626456392737,0.956814201879647,2.0,0.17797682159953127,83.70007917519533,5.995456798901347,-0.668408556199273,15.223442954560985,away_HQ,0.3710285727301743,-0.19241907305057043,1,0
0.6530361693580398,0.0,6.0,7582,1,blend,obs,0.6046666666666667,0.906042165149361,0.9918862809377101,0.9986229791024177,0.883425263179999,0.9895088222514773,0.9661647506884227,0.9786488674299316,0.9996252243381133,0.9987905678399229,0.9279919454510929,0.9954092268718616,0.9936864815181716,0.9444735862612236,0.9973370220356897,0.9950154398186444,0.9357728251753875,0.9961647886832902,0.9982868038013066,0.8900740947123261,0.9891971518229777,0.9864658119996503,0.8951993569956216,0.9900841573709126,0.9913844007138872,0.941402930121149,0.9062764330060556,0.8476101224396468,9.591377176145361,4.118727736656207,0.6711582296955849,0.21344134106888912,0.8560414908129373,0.8818008754784745,1.3029485370323692,0.9199477232271441,1.3269310281711484,gaussian,linear,0.0,logit_quad,0.6,3000,0.35652454137357914,0.30860970895153866,0.2752130987167652,0.3594365658108022,0.84887353435809,1,8.0,0.026046689931466457,0.3568879393459672,0.771147097940941,0.9730839515833228,0.9800570355125344,0.9936864406813605,0.9509822677672592,0.013545623415396689,0.42947439704635226,0.9936864406813605,1.0,0.9099285967740319,6.392359253865442,3.6687417238333393,0.04791483242204044,5.927298385945527,iso,0.025759384665537177,0.06231847433438509,1,0
3.7683389756921044,1.0,6.0,7672,1,blend,obs,0.6043333333333333,0.8194747871057866,0.9662371520140662,0.916789537738908,0.7161473850794757,0.9229998020828201,0.8487243416008557,0.8409323370523556,0.9729688493851294,0.9482876278767683,0.7673739381247602,0.9447570831710344,0.8892357884731553,0.7704654427089763,0.9459832371161419,0.8971008398951161,0.8224020123986,0.9672365897551738,0.9244974104628046,0.7508111484495663,0.9384591594097603,0.9149626017121697,0.8066305551011149,0.961969232719766,0.8877071041429819,0.9150199462303789,0.9140034940337884,0.918861267811566,4.581137468436543,3.342587844146145,0.6889461629502549,0.21011071183195762,2.223579083996307,2.3737420486316845,7.608320213466967,1.8936729727736086,7.307163648769232,gaussian,linear,0.0,logit_quad,0.6,3000,0.738335975385604,0.2823876948926449,0.14508001199768714,0.15452323690979827,0.923939330773482,1,12.0,0.028195686554839235,0.19534744982456498,0.7426767645442961,0.8570635207281605,0.8688947902519527,0.8892308746497817,0.9223033904675823,0.8872016308927752,0.6112650413893355,0.9223033904675823,2.0,0.9087808483695117,4.972073249109304,3.3346951141605956,0.4559482804929591,5.995572554072254,toward_HQ,0.15016296463537726,-0.01008041944205429,1,1
1.168840201762921,1.0,10.0,1749,1,blend,obs,0.598,0.8120482256612442,0.9657771802110974,0.8997974921011219,0.8308390524602408,0.9768335925553605,0.939713063166419,0.968488064474394,0.9990335384730323,0.9971363702840025,0.9528305614082839,0.997814780782089,0.996122256649776,0.9458774955470083,0.9971892602901865,0.9932085818151318,0.8369313968072948,0.9743073121608564,0.9261274566720047,0.9556907065960751,0.9977769110788023,0.9974683309299464,0.9039089840616915,0.991398861165683,0.9810083766466269,0.9249716884079568,0.7973547984659604,0.19796911105441017,45.44275681691427,10.220291376881725,0.9265011342396159,0.10446787677314226,3.840335823578284,3.924404128234133,2.0785645158354473,4.100941016393878,2.0607778883351298,gaussian,linear,0.0,logit_quad,0.6,3000,0.5040093165820426,1.0184827503698735,0.24718548767641169,0.2533994254186245,0.9032825505533949,1,18.0,0.02584606046092438,0.3041054085005199,0.8128283179678768,0.9714155975120209,0.9890843759544229,0.9961210820653856,0.7210298536471345,0.4722545507615636,0.3596490259053291,0.9961210820653856,1.0,0.19583197077720366,45.0640073371053,11.230021707941468,-0.5144734337878311,9.9132801593802,away_HQ,0.08406830465584925,-0.0021371402772065173,1,0
1.2579430075916074,0.0,10.0,6356,1,blend,obs,0.582,0.9106211589047107,0.9920112742393377,0.9936892661224869,0.8088454144219278,0.9696474649905008,0.9296931374433127,0.9442780017389154,0.9970233737495572,0.9941304020196043,0.9283636770981755,0.9957055587910402,0.9864412328005371,0.9350367839204978,0.9964010759718777,0.9889340319848484,0.9302928792237315,0.9951085198089653,0.9948861500597648,0.8717084348264363,0.9846807706793925,0.9816586817709483,0.8759589105126139,0.9870818834063794,0.9691870772506707,0.9583798191631246,0.87112695807198,0.5450653967822408,28.913560221685113,5.66496524580511,0.7521603263600009,0.18976966617735214,1.7789715100683086,1.8298590147871048,2.3038150924603444,1.9267056277014651,2.2779831762052654,gaussian,linear,0.0,logit_quad,0.6,3000,0.5313770760577964,0.5177631892810313,0.23382688286186232,0.29915208383256037,0.9024401514135505,1,18.0,0.026611275541111076,0.29372125207775923,0.79608431874708,0.9436932626124946,0.9580068493185625,0.9864392671897916,0.9279130754381761,0.512765007196354,0.37472317303310054,0.9864392671897916,1.0,0.6122410731578907,23.192098399076546,5.651412081903981,0.013613886776765049,9.785709977451747,iso,0.05088750471879622,0.06717567637564992,1,0
3.2787911274432373,1.0,6.0,550,1,blend,obs,0.604,0.8523139816236446,0.977834513281116,0.944483389083551,0.7581886193145969,0.9445108127586773,0.8810197853361431,0.9045348893157064,0.9900691697405613,0.9818294189311763,0.8157570372463185,0.9652870145732,0.9237536797854956,0.8192330287636738,0.9663740160028547,0.9315462833871595,0.8539614549556174,0.9781418236556276,0.9497000571191503,0.7804979905776718,0.9526439098682749,0.938314984576992,0.8316393623677053,0.9716051377010921,0.9120500309999275,0.8900369959501161,0.917503030401623,0.9232948382621069,3.955912249393012,3.397510543683548,0.6727349841312313,0.21563754866041937,1.8436742939141546,1.9556020915382522,5.456600869763798,1.5402721445019207,5.443540645809601,gaussian,linear,0.0,logit_quad,0.6,3000,0.7281285460892337,0.2710196573227478,0.1666893712570902,0.17831626224287778,0.9229530796067026,1,12.0,0.029804339570762547,0.2162263241142352,0.7709023031304275,0.8900557681401627,0.9019441284621816,0.9237549860391693,0.9562099782671317,0.8301633033185112,0.5797329690819779,0.9562099782671317,2.0,0.9190365420351357,3.711386288444746,3.401700526780759,0.4571088887664859,5.997724469248595,toward_HQ,0.11192779762409755,-0.004258296226971159,1,1
2.150919923103248,1.0,6.0,1469,1,blend,obs,0.5953333333333334,0.8681667439779406,0.9831552184231607,0.9546753826887423,0.7635585848863407,0.9533612639312119,0.8946790227446426,0.9402451317230912,0.9965782856947789,0.9916709184726938,0.9515649296152319,0.9979873354513477,0.9936962334078923,0.9540732302568055,0.99819248072617,0.994349692862949,0.8766493376180875,0.9852897019761587,0.9603616473224912,0.9662234464169984,0.9986274379470369,0.9966301677232822,0.9145968389820566,0.9932674606873269,0.9841897587959323,0.9714766839290039,0.8004993972072932,0.2286952406127674,44.61020517550862,10.986518675333466,0.9497053782762139,0.0869951820312706,5.376865804099656,5.425086780395766,3.771262378138948,5.413587384506887,3.80852053481659,gaussian,linear,0.0,logit_quad,0.6,3000,0.6855387992638646,1.01039305441763,0.19867326951053366,0.2028456299019077,0.9645294681887648,1,18.0,0.01333382049353487,0.2222178877249589,0.894047151399591,0.9371104496012943,0.9604953196163584,0.9936815619784742,0.824028226421304,0.6374049082180002,0.37225936799619486,0.9936815619784742,1.0,0.22197642803181397,45.5717525578166,11.189236430489432,-0.3248542551537655,5.983150804837702,away_HQ,0.04822097629611033,-0.006718812580953415,1,0
3.5050319799401275,0.0,10.0,7623,1,blend,obs,0.6056666666666667,0.9342607043690555,0.995217550744575,0.9956203236100603,0.7073368752924951,0.9243529914220576,0.870261079172056,0.8717343853801798,0.9840872046030932,0.974563993840506,0.8155014433878712,0.9686162504745205,0.9395703931534888,0.8209257978874002,0.9702493270601023,0.9449617737385644,0.9526246086239375,0.9974337487358138,0.9966452928022217,0.8314625856196558,0.9733264421436894,0.9698035331525189,0.899151262439959,0.9910488749479353,0.9751906366842319,0.9293131320414344,0.8725510003664535,0.13029365959008649,106.13124046772855,5.407662080555574,0.8737054613816818,0.1317734192061769,3.8549225008373886,3.954621654344494,5.887530594272384,3.9703205331808413,5.737049879210056,gaussian,linear,0.0,logit_quad,0.6,3000,0.7682504144735988,0.7371713271619849,0.1545721225497431,0.21009617793232493,0.9010791727579921,1,18.0,0.04253381909824318,0.21945431460160286,0.7043476125331742,0.8875131243570052,0.904612794973498,0.9395835052445732,0.9749044185317488,0.7487186247319696,0.38924053454845753,0.9749044185317488,2.0,0.16675054728508917,90.96240494262881,5.825982545122498,0.031079087311614007,9.771558022040225,iso,0.09969915350710545,0.03645688769500269,1,0
2.564393917429331,1.0,10.0,2562,1,blend,obs,0.597,0.7636420113776928,0.9497413098332974,0.8426494074451819,0.7610666545184799,0.9457979486655143,0.8879544426901121,0.8954742230990438,0.9881419198745643,0.9784749161012744,0.7614930368563135,0.9488315099446281,0.8610972806632572,0.777501044608528,0.9533848280925136,0.8868003308814817,0.7887100820530164,0.9579582285427964,0.8834452556209682,0.740315336005676,0.9347418191128625,0.9234108280520031,0.733759261854354,0.9371326985382058,0.7755696805361857,0.8259056328213918,0.9377501506659741,0.9491036803085717,3.822638681973111,3.4101575194801104,0.6062554755211588,0.22747060974057653,0.43319636012260937,0.601454276609284,4.880639191223902,-0.12739886113528187,4.864049686839835,gaussian,linear,0.0,logit_quad,0.6,3000,0.6832498948966829,-0.023967100102504024,0.16792032388743536,0.2118778759708675,0.7920780146507268,1,12.0,0.07184768603979258,0.2943371060535418,0.5705034140577898,0.880748195666978,0.875780179028271,0.861098826633461,0.8007384521571935,0.3820941695409781,0.6202017788967563,0.880748195666978,0.25,0.9828865900832062,2.1724962449745044,2.73408479252017,0.7072169949991868,9.97876681813093,toward_HQ,0.1682579164866746,0.033782909774634495,0,1
2.3807833441125235,1.0,6.0,2041,1,blend,obs,0.593,0.8741673318954548,0.9845671167852151,0.9567380453603561,0.7581996277795042,0.9496771591812014,0.8885013231779119,0.9396496348495156,0.9963854285983443,0.989943774874363,0.9495590604090521,0.9977813649460594,0.9932489927865966,0.9533979094632407,0.9981038881325639,0.9942391343722655,0.8819594556188988,0.9864692741972642,0.9618260375553814,0.9635579167398532,0.9986336219610585,0.9973305188817777,0.9274757548138655,0.994980984747168,0.9875049319529609,0.9753245176282772,0.8049603271402745,0.008052808666998049,436.87787776061265,10.245772915220094,0.9579492109003069,0.07769437193245442,5.918615612054369,5.95400241344549,4.165937728723002,5.91948380452305,4.173044963697021,gaussian,linear,0.0,logit_quad,0.6,3000,0.698893450902575,1.0174739516917288,0.1887469480926573,0.19210922235962824,0.9646233578154607,1,18.0,0.013861503876985771,0.21250226617062407,0.8882114600185348,0.9317954089220741,0.9556557250261775,0.9932202923754716,0.8677864018594821,0.6402323561567037,0.35448855463317064,0.9932202923754716,1.0,0.008134988176758003,434.97733574708167,10.652822551902522,-0.3185805007891536,5.991839897950017,away_HQ,0.03538680139112138,8.217950975995467e-05,1,0
3.5169247413435225,0.0,16.0,7966,1,blend,obs,0.6016666666666667,0.8610827999446321,0.9799386393720786,0.9847634941369262,0.7062177806914818,0.9240326408349613,0.8650387154598826,0.8816778442298975,0.9864630059308512,0.9821596444525295,0.7847791902546634,0.9592707425754485,0.9023605332741994,0.7967251833598884,0.9630180153647124,0.919090114772362,0.9107530520164535,0.9914314558892923,0.9895615582159029,0.7703099159544026,0.9511643695310198,0.9443557526569073,0.7937112051272625,0.9639749801727836,0.8918430798444261,0.8654541564769783,0.9005487512961089,0.5703564543731897,27.344120954262653,4.544652207287047,0.8322437673130194,0.14730395741844218,3.001418375590136,3.1435034592260633,6.2657365880267015,3.4355780880986933,6.20760374536964,gaussian,linear,0.0,logit_quad,0.6,3000,0.7631617974255329,0.6724210583687895,0.15096047310226615,0.2838588509318347,0.757951878432817,1,18.0,0.10263067181830121,0.30027866458006053,0.5027345959240369,0.871373749749134,0.8804622583160302,0.9023700778119965,0.949624214446925,0.7932565841104607,0.5390634847418239,0.949624214446925,2.0,0.5099612027192374,32.721765896935715,4.935902227065372,0.09074073905674337,15.379694597732,iso,0.1420850836359273,-0.06039525165395232,1,0
2.7596341790569894,1.0,10.0,7269,1,blend,obs,0.6013333333333334,0.7466671332916808,0.9404761750607549,0.8209320101318276,0.7513986597920139,0.941582901197714,0.8731604606264178,0.9115844302431928,0.991573731918902,0.9842936437038133,0.7429920807441219,0.9399600027502566,0.8380133570950712,0.7634215212843152,0.9467716051997004,0.8706120619499486,0.7725961070751294,0.9502099946450739,0.8653067252268702,0.739789555460765,0.9341917438743171,0.9165245878617184,0.7301558662494578,0.9353261753812246,0.7660516105157685,0.7986998717357924,0.9390040170401753,0.9440055876864393,4.688218741318811,3.5634379258931417,0.6016456369717239,0.22701152572630431,0.21672210969784853,0.4457981843399945,5.023484581415366,-0.061397726729075605,5.047201404360848,gaussian,linear,0.0,logit_quad,0.6,3000,0.7017368580937778,-0.013499165926865286,0.16479828825264395,0.19753894256630672,0.7948765197304675,1,12.0,0.07241200246906747,0.2895448677157173,0.5691632165777056,0.8654351675056899,0.8583267688244084,0.838013421010324,0.7535365018827042,0.36847248800044635,0.5217479813877635,0.8654351675056899,0.25,0.9819752207725037,2.466124641023017,2.6990533591534254,0.7152360240206432,9.98101463366198,toward_HQ,0.229076074642146,0.03796963308606438,0,1
1.3725008284121918,1.0,6.0,7300,1,blend,obs,0.6216666666666667,0.8113451790282864,0.9637004514760523,0.8825649578782119,0.8325598595485917,0.9763684380737752,0.9377585660730969,0.9658305098710465,0.9986938081678208,0.9969496589268393,0.9604680607444962,0.9985540412697236,0.9976696286790576,0.9703290716106462,0.9992109857482584,0.9983389471698687,0.8471151759350384,0.9757760541733089,0.9248776492417377,0.9444853111314119,0.997031252284427,0.9980488811861307,0.8613015831900548,0.9816333897278888,0.9648759357135788,0.9405952413330236,0.8159917550458059,0.1388111642909119,59.84651924524373,8.940996423617504,0.9445987410093183,0.08977398366880326,4.792526301367702,4.612911953136707,2.709463757553618,4.89887372818641,2.730609630290713,gaussian,linear,0.0,logit_quad,0.6,3000,0.563577195681382,1.0834237743558857,0.2189152239274501,0.2468895098921916,0.8497530881383523,1,8.0,0.04787391233491347,0.3031202941384591,0.7222057650401136,0.9690655441269921,0.9847573322294825,0.9976668610742253,0.7576710358760582,0.4181717795928238,0.3646379195501537,0.9976668610742253,1.0,0.23823534190451964,42.314232687001805,8.544092933908633,-0.5198465786745037,5.96455078114033,away_HQ,0.1796143482309951,0.09942417761360775,1,0
2.0135777015537872,0.0,10.0,6932,1,blend,obs,0.601,0.9102111371181442,0.9921513784970358,0.9965397130014548,0.7599978808050837,0.9523520830023428,0.8865856626494284,0.929616060277956,0.9950517627010002,0.9846454492883041,0.8971546879078852,0.990101994858485,0.9680788481721174,0.9059014039984825,0.9917946333265235,0.9736946114439118,0.9286147117894461,0.9950729372483313,0.997245465341418,0.8606895747776588,0.982334783623119,0.971406093291044,0.8826142114313679,0.9885636032256878,0.9715699655654545,0.9576741975649322,0.8385783009404069,0.39969781760495104,40.00464676990677,7.344404359817191,0.8251781237156489,0.15986188309544136,2.669966165509158,2.7821729393716916,3.868326660204216,2.726387542606967,3.875662686978189,gaussian,linear,0.0,logit_quad,0.6,3000,0.6955963336210611,0.6715077626761733,0.2008260555158127,0.2625672005134081,0.9029396183968087,1,18.0,0.037316289482226844,0.26254146510336746,0.7649308098312918,0.9071674525124721,0.9276656289525175,0.9680796441466117,0.8463060089996715,0.5267593278256082,0.3637652476898946,0.9680796441466117,1.0,0.5400876987094805,20.135887306389264,7.338025629922525,0.02408857094488787,9.778445165966513,iso,0.11220677386253364,0.14038988110452943,1,0
2.7368616405298183,1.0,6.0,7932,1,blend,obs,0.606,0.7628726502435647,0.9497177718112333,0.8570558916259188,0.7388450225879363,0.9404380532423047,0.8774735044262005,0.8899720937782356,0.9879106997573878,0.9812240315575204,0.7506385614863087,0.946009935915965,0.8640143317360144,0.7595995073798807,0.9481281945435186,0.881357197280809,0.7729076757270186,0.9530830142776204,0.8800541854015224,0.7160353530163661,0.9257939594156499,0.8991276629434627,0.8028398627054955,0.9669116158999037,0.8867635782206743,0.8258948002236968,0.9566101072722137,0.9148501972341103,11.944629323819735,2.735897104823347,0.5847868839337402,0.22911546582033127,0.5471799260072991,0.6074628825575068,4.928746674029074,0.23892262035771938,4.899807338295994,gaussian,linear,0.0,logit_quad,0.6,3000,0.735220732179101,0.04555032788556446,0.17057941079242517,0.19577035901718065,0.8483909955819163,1,8.0,0.0641261547363348,0.2634803272845656,0.6474085278032731,0.8723818616953477,0.8702117191789996,0.8640142699028709,0.8394523718904244,0.7038602823504699,0.7574629314771397,0.8723818616953477,0.25,0.9722816507676609,5.5811640457855605,2.4019348542821803,0.6896704042935365,5.996823984370656,toward_HQ,0.060282956550207656,0.057431453533550614,0,1
0.8204862890170959,1.0,16.0,2336,1,blend,obs,0.6056666666666667,0.7467802387979815,0.9384965192794609,0.7924177619343934,0.8851787694389963,0.9894052243053321,0.9699908957714896,0.9793515753214312,0.9996039202856801,0.9989361537287691,0.9123072963901269,0.9926396894994247,0.9799268014859036,0.8956550365615333,0.9900540763990441,0.9695125761553957,0.8079028309735121,0.9648980649340141,0.8919832353464825,0.9267282054312016,0.9947439737916632,0.9991623539840314,0.9109959496259635,0.9916002003157603,0.9762550380582886,0.9030380590165533,0.8077110529547442,0.28703191452577537,25.900277031735815,10.00102636977563,0.934202476749363,0.09694419510068358,3.527579292827239,3.836265907932582,1.4789763775432085,4.056609525158753,1.4832125262417795,gaussian,linear,0.0,logit_quad,0.6,3000,0.39568804506358374,1.109781640204019,0.26805136884487046,0.27330998041518145,0.7602650140530083,1,18.0,0.053278608488546944,0.3925722448963197,0.6828077438731416,0.9906908238361887,0.998820331369269,0.9799225732523213,0.6504539696271194,0.40405138665245266,0.3480048429595297,0.998820331369269,0.5,0.28471936235379336,25.404194122607763,11.185919583331712,-0.7140935951404352,15.719854679284602,away_HQ,0.3086866151053429,-0.0023125521719820075,1,0
0.356397833473606,0.0,10.0,5672,1,blend,obs,0.5913333333333334,0.9021118594098004,0.9908128168719144,0.9987074216770475,0.9566898973833594,0.998318393298935,0.9957719967150548,0.974601693703924,0.9994262893646949,0.9994109471140458,0.9500132988570392,0.9976704112373509,0.9995232708523152,0.9765841748169561,0.9994909979379952,0.9998422469973542,0.9472503975074765,0.9973315694704861,0.9997136281118791,0.8917598333641645,0.9885734613474783,0.9974968095602941,0.8773533775166277,0.9862313447857676,0.9880883756410516,0.9269388502457645,0.9277723292147606,0.9077399827947981,5.011675713689053,3.974904757487958,0.6530733947485061,0.2200730453825491,0.34206537319205876,0.3962680866744678,0.6453536507578878,0.40688673033106665,0.6472101105178012,gaussian,linear,0.0,logit_quad,0.6,3000,0.18324986997955212,0.12370853098533777,0.28175956176225914,0.3699493898982336,0.7953557733090174,1,12.0,0.00953653470248465,0.38832382596714204,0.7255788672263962,0.9968340691677899,0.9978295680861734,0.9995230470073098,0.9815008808897986,0.20652806624121178,0.5777182479204463,0.9995230470073098,1.0,0.959264435649621,3.9078054821329373,3.116444527696801,0.05954133899421435,9.812197730546531,iso,0.054202713482409015,0.05152445285482299,0,0
2.6506149681552693,1.0,16.0,4913,1,blend,obs,0.596,0.7411640376808206,0.9444318182285252,0.8330662186640797,0.7393134399784209,0.9413427756742931,0.8791787679545269,0.917662155297552,0.9935145100170952,0.986689688860372,0.7473575675214177,0.9465037533273608,0.8516129999147233,0.7621343614511129,0.9522923141216764,0.873610700006034,0.7698159545401031,0.9550825649660255,0.8774572579886262,0.7120591374807462,0.9240973971317302,0.9118047975834729,0.6930304374052609,0.923416660349774,0.7272036745794067,0.8034432182314917,0.9254933819318398,0.9079008440890282,5.321905463273252,4.185926228532706,0.6392652058830044,0.22283189072182405,0.6764593167804072,0.8679903332597376,4.886944306891791,-0.03202033961567684,4.906786739259136,gaussian,linear,0.0,logit_quad,0.6,3000,0.7455480593833183,-0.015252164484372777,0.17394639600701634,0.25046716647114053,0.7678399163731425,1,18.0,0.09771079687995822,0.31752560346938763,0.5478184880413474,0.8732138930639193,0.868130910758266,0.8516128934768015,0.7628203448433997,0.1530114481161292,0.3086544354044094,0.8732138930639193,0.25,0.9416742115050714,4.095467875390077,3.4596885228280922,0.7608002238676911,15.739998442197392,toward_HQ,0.19153101647933046,0.0337733674160432,0,1
3.437124875113356,1.0,6.0,8650,1,blend,obs,0.6033333333333334,0.8776349064500616,0.9854402628174097,0.9591942737433538,0.6936316565678933,0.9167046922259557,0.8546351246346628,0.8506535600720567,0.9790141528810395,0.9607352964245572,0.8271438763724731,0.9733261193085448,0.9424233340927384,0.8310820523517897,0.974503943480965,0.9451416792800204,0.8857959641221527,0.987373755864397,0.9644243444069184,0.9573251743781149,0.9979624529437152,0.9976542632791965,0.9301513864779587,0.995412973126126,0.9872917876941364,0.9571145520322445,0.859737293090739,0.014206453385837833,275.93629943088024,8.267122949287293,0.987369887181392,0.039304079951971896,10.146779036478518,10.235897306843635,7.036200054837413,8.602774504559951,6.830785183776843,gaussian,linear,0.0,logit_quad,0.6,3000,0.7924932527144801,1.1049693872710014,0.14787909553287998,0.1520162816899892,0.9646752782440963,1,18.0,0.015554588984720258,0.17225441775385794,0.858492324674024,0.8965145323058827,0.9094756682175742,0.942496926920886,0.9874659814772087,0.7634588435960142,0.3956095821783715,0.9874659814772087,2.0,0.014715518333040415,287.14996473259436,8.620131711707408,-0.31247613455652135,5.9935810415315744,away_HQ,0.0891182703651161,0.000509064947202582,1,0
3.171973840932287,0.0,10.0,9827,1,blend,obs,0.5946666666666667,0.8825795012368853,0.9869884463343609,0.9989237466180592,0.7103017903491746,0.9217851465047181,0.8380822937349622,0.8536162252182832,0.9776947925484506,0.9521888464653513,0.7961818353990285,0.9596347180835633,0.8936594203394461,0.8032961077904304,0.9615554567130672,0.9100758563715186,0.9271207535522469,0.9950783006965542,0.9989129472491843,0.8011240462747374,0.9616562778865484,0.940182198980371,0.8488731767591493,0.9794439554925473,0.9468995020394698,0.9190813797480681,0.8922507679238628,0.487057953934695,34.670561557826886,4.992956581448459,0.8238084877271653,0.15376937592483497,3.395386126703997,3.502530922081073,5.737680202372366,3.617304465304612,5.679494240001627,gaussian,linear,0.0,logit_quad,0.6,3000,0.746865742213696,0.6754266011571657,0.1626232653825822,0.2716875879876453,0.7950489004179817,1,12.0,0.07365143665147096,0.2880410358965497,0.5645836707828968,0.8495216641003939,0.8631248552279471,0.8936649247487677,0.9406785067375523,0.6897325793898794,0.5513350444841586,0.9406785067375523,2.0,0.5191987393386219,30.95861555418979,4.820935328304372,0.07143914105653033,9.754043728097981,iso,0.10714479537707611,0.03214078540392695,1,0
0.11764495694097077,1.0,6.0,6359,1,blend,obs,0.5906666666666667,0.8556457157996167,0.9829801843829444,0.9412534680111462,0.9707733292334034,0.9993073714826795,0.9976284011802249,0.9881519777514709,0.9998787275930261,0.9995844139490938,0.867176099547134,0.9857551602134045,0.9503005452549276,0.8744738460738237,0.987344086587089,0.9556598317485386,0.8676953157717152,0.9858518163921504,0.9506053478142915,0.9000862631432868,0.990770643703662,0.984702392635845,0.8463751866542372,0.9806031750841029,0.9355196839540783,0.8781489536884362,0.8950400607780318,0.9075562049964548,4.3906352345611355,3.66964205314772,0.6837794391217711,0.21679274402426973,-1.1938534732170656,-1.1854189792864034,0.30112428216238807,-1.1924062817457992,0.2834633449944758,gaussian,linear,0.0,logit_quad,0.6,3000,0.08341693214786497,-0.3558557769477029,0.2937761364634933,0.30065139811104724,0.9233833181450852,1,12.0,-0.0027810133653689896,0.3362696812021233,0.8736325422300318,0.9917207884538204,0.9822695292145074,0.9502979826831596,0.7903143111798792,0.29540821004762946,0.4803984238719725,0.9917207884538204,0.25,0.9279187227453787,3.3513390843706463,3.3036779269520977,0.43927270909556776,5.98429236985754,toward_HQ,0.008434493930662201,0.020362517748923836,0,0
2.1778475807386757,1.0,16.0,3036,1,blend,obs,0.6113333333333333,0.7356627634840871,0.9350818015000255,0.9247086652005041,0.7669925977197941,0.9523747548945016,0.8858701884969639,0.9318662860646217,0.9949759159753306,0.9856744616759578,0.8306601071175289,0.9747710695251759,0.915410844245107,0.8958781887877325,0.9895841132450425,0.9710897559654652,0.9180948706200291,0.9934835663918662,0.9927166472667185,0.7407125263323221,0.9381079285465329,0.9193420125770065,0.8637488491480054,0.9828393573101156,0.96024905224552,0.8733333250175739,0.900574693214704,0.1449282118502677,78.83300385907339,3.9373877585246695,0.8533382216228249,0.1275238017065286,2.1317844691094945,2.8359662375761374,3.928179964148448,3.292516801739831,3.915937022465293,gaussian,linear,0.0,logit_quad,0.6,3000,0.6879091378967969,0.920856082955248,0.19096716905752004,0.4249713401350823,0.250078358417891,1,8.0,0.2914664988923964,0.4902756881089214,0.3895097670335513,0.8919261771918124,0.8987772565429626,0.9154053879925237,0.9539123454580399,0.02110955984833269,0.48495143023227816,0.9539123454580399,2.0,0.4218387887339544,26.999100512383013,5.749559789052389,-0.23294694505845112,15.459845775703158,away_HQ,0.7041817684666429,0.2769105768836867,1,0
1.068738764660719,0.0,10.0,2642,1,blend,obs,0.6033333333333334,0.9112918627513746,0.991866787878155,0.9933467602888154,0.8491069390576513,0.9815419575393554,0.9485242261122597,0.9734909983002251,0.9991512703580337,0.9972036172080286,0.9369648327729567,0.9960722412433475,0.9891296454092097,0.9462590475973442,0.9970625815506085,0.9914962231744708,0.9297892779706899,0.9948164627300388,0.9945402118940491,0.8920625467181843,0.9889132152216226,0.9854857375304958,0.8676898116740783,0.9844903518106974,0.9619756004513845,0.9545741307922737,0.8880083374842178,0.40388955999190146,47.94237865793029,4.741102606981501,0.7228984632527043,0.19982472127969444,1.4338611007496216,1.4777748995721698,1.8705652861802415,1.5104096855343894,1.8783928413642281,gaussian,linear,0.0,logit_quad,0.6,3000,0.4634649968963108,0.4508474294241148,0.2534402186903829,0.3122024271265815,0.9025323358877919,1,18.0,0.024252718056605446,0.3099694137331366,0.8176297642985458,0.9595514294686626,0.9706723496201762,0.9891327684217571,0.9253089615647739,0.26549323878649633,0.36580528419897695,0.9891327684217571,1.0,0.6692035402159237,23.758349669334812,4.7837037898139645,0.012617567472196025,9.755375456261774,iso,0.0439137988225482,0.2653139802240222,1,0
0.5505679826960863,1.0,16.0,7443,1,blend,obs,0.5996666666666667,0.7692987115771819,0.9560557571299088,0.855948091251628,0.9241914529363351,0.9953856929827323,0.986333247723468,0.9837103008637598,0.999702030582212,0.9992314989078239,0.821040813548084,0.9743579045140704,0.9170541937747352,0.8315757128084246,0.9773589741056631,0.9268749452400207,0.8141391908294194,0.9719273079306655,0.9088372111586471,0.8566527001241795,0.9806368097337564,0.9803593200147867,0.7261142889807111,0.9360614985507616,0.7764986387826422,0.8158764962960571,0.8797561757964251,0.7726393742379402,8.843707323291833,4.871980110995962,0.7357887789450981,0.1951182519713176,-1.1825359750150057,-1.0277537265821022,0.93312311502349,-1.3832608347113735,0.9281927985659462,gaussian,linear,0.0,logit_quad,0.6,3000,0.26544849169228035,-0.44710486651447134,0.28761482855525233,0.34288916573427614,0.7619730994947971,1,18.0,0.0304632178788863,0.4090391253720172,0.703147475913629,0.975492142963922,0.9616494425243274,0.9170554633508098,0.6281071908280578,-0.14017930418018046,0.09944626645404808,0.975492142963922,0.25,0.8451952337960157,6.718324572031964,4.409579651969991,0.7125533582067518,15.615632153273797,toward_HQ,0.15478224843290356,0.07255585955807553,0,0
2.7963867554354693,1.0,6.0,3720,1,blend,obs,0.5986666666666667,0.8388906421659724,0.9731370139466693,0.9286700983365747,0.7351471031829355,0.9369699354547565,0.8515980714023655,0.8827265229209401,0.9860205794474223,0.9623357013487693,0.8631888360148506,0.9829218458755384,0.9478018941664533,0.8680450337106224,0.984048533088904,0.9517006145977697,0.8556328379575292,0.9781107443561982,0.9422291733141581,0.9629097864698528,0.9984806568061735,0.9953272061236129,0.8839172924357002,0.9867794379847361,0.9813157189875651,0.9648459609314373,0.8627793145007109,0.10447141119331706,109.76303437384217,7.082197218963258,0.9726237338049115,0.06324667936341177,7.24561379534077,7.100767151559688,5.03803126612393,6.978469657629185,5.025949620362703,gaussian,linear,0.0,logit_quad,0.6,3000,0.731461796833712,1.1375300135108626,0.1790188034351936,0.20445496520193274,0.9228987688209261,1,12.0,0.02712592257277733,0.22848226173977743,0.7835129172481728,0.8949920417957186,0.9125578477891374,0.9477234215682577,0.9750591355520197,0.698918414897222,0.42835661463052865,0.9750591355520197,2.0,0.10128675309518866,111.8534080801897,7.387966104295175,-0.4060682166771506,5.909123971379723,away_HQ,0.14484664378108203,-0.003184658098128401,1,0
1.2962647181177513,0.0,10.0,7173,1,blend,obs,0.6056666666666667,0.8938132132163109,0.9890318362758336,0.9963534244791655,0.8468252174090464,0.9781047859623255,0.9415208892649969,0.9709884545694151,0.9990931429637131,0.9980088744335787,0.9353414889840432,0.9961110659475525,0.987603250028291,0.954155736865069,0.9979480395667213,0.9929920710785746,0.9370385063498874,0.9961195589082684,0.9987640308957314,0.8637533744917605,0.981478620972156,0.9799839316975826,0.874053161273845,0.9852508052834463,0.9707654794177768,0.9362677051154139,0.8857833414629324,0.7466873462863418,11.28975633735988,5.765611435865395,0.7377373272339617,0.1888105806493298,1.589157850196366,1.6920714239398351,2.4156654251136507,1.7930487430842799,2.400454585647848,gaussian,linear,0.0,logit_quad,0.6,3000,0.5340911442906995,0.4790774363792485,0.22713230448186283,0.3179280458453171,0.7959221834109129,1,12.0,0.05493344049094777,0.3378855788649693,0.6722166280219752,0.9521048391517332,0.9634997404614445,0.9876008892752279,0.8759856299534579,0.4158206093788748,0.3709676683689975,0.9876008892752279,1.0,0.7696417570128528,8.942196767348639,5.991360956192873,0.05501370791145107,9.781086651633865,iso,0.10291357374346921,0.022954410726510943,1,0
1.8098934849628758,1.0,16.0,1756,1,blend,obs,0.598,0.7489174117602624,0.9485985100148389,0.8424364636510833,0.778807143079512,0.9583047013361192,0.9113805296618547,0.9489941201562148,0.9974276894639961,0.9960333153955014,0.7652278457947593,0.954878143873547,0.8725972832554871,0.7788697774032447,0.9596048336506309,0.8898976710759032,0.7771793510230507,0.9590719156022874,0.8864130822486982,0.736166269810939,0.9362185843509064,0.9294794317394897,0.6982957906222444,0.9254205420747373,0.7317461961636961,0.7932778941810187,0.930649343242588,0.8606077376431707,10.412954964804591,4.040804104830984,0.6309334967673709,0.22006737656930253,0.06623735331888353,0.2287047601566998,3.3174548966625164,-0.4533612564923538,3.3366281727772042,gaussian,linear,0.0,logit_quad,0.6,3000,0.638020085130377,-0.11475220602540193,0.20233494752043174,0.2675253431353468,0.7618318890498765,1,18.0,0.08442301410807666,0.34210775542779415,0.5914363071583068,0.9051863166511518,0.896942212234838,0.8726082069257958,0.7483117966421116,-0.02549244846109192,0.22385090855432888,0.9051863166511518,0.25,0.9309534376528585,6.1295259393420505,3.58700648288267,0.752772291155779,15.757754751635094,toward_HQ,0.16246740683781627,0.07034570000968787,0,1
3.924781723284847,1.0,16.0,6835,1,blend,obs,0.6026666666666667,0.7289386328547973,0.9290746647901365,0.7563654650577877,0.6995744837779627,0.9211230383173898,0.8567034645378357,0.8541120989007948,0.979888070351205,0.966885004010931,0.7397705211454939,0.9410168213715533,0.885853007190814,0.7456033750062437,0.9437147490292659,0.8903194036476718,0.7958776642031662,0.9593004048714019,0.881148712417448,0.9060037070653013,0.9915825902319984,0.9913636223573035,0.8994748864588913,0.9901635257818838,0.9709923201301934,0.8621799446302543,0.9574328524595541,0.22345825403099376,52.55563703053959,2.7469230183065405,0.9970987909811724,0.019243273285160283,9.703297991607936,10.25039453901232,7.164109817991449,8.488577741601318,6.907532414134218,gaussian,linear,0.0,logit_quad,0.6,3000,0.8044847640443911,1.4475002910336392,0.15228018427984344,0.1773975071092584,0.7660647674963869,1,18.0,0.10889281938099601,0.2965422168826561,0.51351941008825,0.8824510382291524,0.8829674503767471,0.8857612775213413,0.9116932477526275,0.9971579869746713,0.7459354342897077,0.9971579869746713,4.0,0.0744846351631917,116.46227448528752,3.0532360647923826,-0.6430155269892482,15.593485857931984,away_HQ,0.547096547404383,-0.14897361886780205,1,0
0.315506335064462,0.0,16.0,7545,1,blend,obs,0.6083333333333333,0.7721683881757635,0.952600861509191,0.9970171235768579,0.9673902879134033,0.9991649927464376,0.9971568830310832,0.9810989170708889,0.9997228674031359,0.9990758062744345,0.8801372509729222,0.9869091062877335,0.9965355488791054,0.9662648445715057,0.9989710115282288,0.9991618799740402,0.9554950870675221,0.998183102336046,0.9998919552870532,0.880304005700638,0.9866683269518564,0.9972627814067558,0.8259756497725128,0.9722505353255836,0.9700995213235943,0.8793110362894836,0.8843160402981975,0.40768075382162805,40.33342519058271,5.378213470836138,0.7501693966773536,0.1858345379121708,0.16906093180405332,0.1935861498862672,0.5752114013802057,0.2653713406640953,0.5735058132659783,gaussian,linear,0.0,logit_quad,0.6,3000,0.16588630887818423,0.07930268558169475,0.2931150026604773,0.5260006328991682,0.264770685984447,1,8.0,0.06473440062785514,0.5543385372129833,0.5287653355910543,0.9973128226644521,0.9973131112501153,0.9965355631777829,0.973082222868139,-0.9952896165599475,0.04391467209641131,0.9973131112501153,0.5,0.990072650751203,1.7888407778858078,2.293369680224515,0.08658362329648951,15.614403104559695,iso,0.02452521808221389,0.5823918969295749,0,1
0.09953791088038955,1.0,10.0,4534,1,blend,obs,0.5903333333333334,0.7771321259270192,0.9580937299155295,0.8475357783258507,0.9754248918677052,0.9994849189153937,0.9983442626300819,0.9839062615190217,0.999783651048543,0.9993676797273048,0.836206365446056,0.9782664282981338,0.9233514956322788,0.848827007739464,0.9817067458055507,0.9352399539479103,0.8216945281864706,0.974009732265143,0.908347967895848,0.888450697292662,0.9877990530700907,0.9893421975972152,0.7783407543155136,0.9578637234975104,0.8575470351022009,0.8396735431060571,0.8530724389193427,0.7043232338900711,15.446037578878878,5.420904292242641,0.7839844911164825,0.1823830303906848,-1.7927391335172715,-1.7910028441390686,0.2828992848261776,-1.9423232172907938,0.28248929949384644,gaussian,linear,0.0,logit_quad,0.6,3000,0.07970883999590772,-0.5782512946881727,0.2828920889048285,0.31253894549848704,0.7953593293102886,1,12.0,-0.004703253593076935,0.3909908933860896,0.7235260301203041,0.9909718032446432,0.9776088684615366,0.9233341340366216,0.5673961868830527,0.13131705827103357,0.2719193419498439,0.9909718032446432,0.25,0.8184420062746802,8.781393286793747,4.50304317918377,0.6579601346840804,9.927509863240974,toward_HQ,0.0017362893782029154,0.1141187723846091,0,0
1.2241659663291484,1.0,16.0,1419,1,blend,obs,0.5863333333333334,0.6927454474012229,0.912028988421412,0.748885670407264,0.8242512922106853,0.9744845418473128,0.9344450944565411,0.9587173456341904,0.9983126294996588,0.9968325739406891,0.8937437474775981,0.9906865848377975,0.9690844001729823,0.9654969100348018,0.9989091256367559,0.9963928172411713,0.877347902942964,0.9848374911059669,0.971261694303292,0.7854073051786017,0.9587648119435173,0.9572916625086466,0.8609116735287738,0.9815405053972618,0.9717594546175625,0.9070784391168039,0.8879034881685366,0.7309563844766355,13.88279878224189,5.0384679506267185,0.8523818336823309,0.1336259662191167,1.6401605081853623,2.1701658562322192,2.372542598653905,3.0196829264780005,2.3805973660614654,gaussian,linear,0.0,logit_quad,0.6,3000,0.5296455685097754,0.950170648450393,0.2272863647012728,0.49994600225778063,0.26393490181101653,1,8.0,0.21202496788378689,0.5291973228496774,0.4294926578187458,0.9425876540879156,0.9505000161836625,0.9690840524242254,0.9031887344254036,0.11506650649343149,0.3859787882970728,0.9690840524242254,1.0,0.6614984806519871,15.363448519859933,6.046915078981361,-0.4205250799406176,15.572392837061695,away_HQ,0.530005348046857,-0.06945790382464834,1,0
0.06723663126512536,0.0,6.0,1698,1,blend,obs,0.5923333333333334,0.9475821247038617,0.9973537695981233,0.9995545254760144,0.9785821805882348,0.999544422731576,0.998467592737959,0.9863022410294344,0.9997836258775852,0.999277230980724,0.9638561624831002,0.998727325718849,0.9995815104850106,0.9738926647604362,0.9993388839882281,0.9997831644193202,0.9616559301591433,0.9985839032809648,0.9996962723598615,0.9311013661001682,0.9953639823052951,0.9992635334993092,0.9281518352147737,0.995217021288093,0.9979412482959804,0.9612398293101675,0.9592094578468203,0.9776508572549992,3.0695433454444236,2.6814735616049017,0.5692640264375681,0.23535149537335495,0.2203917967947785,0.23237312207723734,0.2566766504448755,0.20611146840708622,0.24141206877118648,gaussian,linear,0.0,logit_quad,0.6,3000,0.0699639934351625,0.06724218960135779,0.2880233447263391,0.3359557131341757,0.9231019230435457,1,12.0,-0.003022800876574614,0.3305086615611329,0.8714547551216432,0.9988808714003176,0.9992045436863681,0.9995815163300804,0.9964725869413434,0.8691363415740664,0.7548161939846243,0.9995815163300804,1.0,0.9858256480802929,2.4688558527597655,2.4844125328558855,0.002721803833804717,5.922444140847326,iso,0.011981325282458849,0.00817479082529371,0,0
3.7537880359975366,1.0,16.0,8826,1,blend,obs,0.6093333333333333,0.6739120057236498,0.9127770562922515,0.6370125525154782,0.6884756956091538,0.9149195268509559,0.8384296906926514,0.8447044923048571,0.9766899524254081,0.9546854337148635,0.6531374143252592,0.903748373525563,0.7089288489499437,0.7022339020231407,0.9255226098611855,0.8335387167314644,0.7657891184368497,0.9554961217436229,0.8784920080612536,0.6363736052492774,0.8811577640979955,0.8581562770770073,0.7265204304702368,0.9326676639147765,0.7417615303734002,0.7354823589067812,0.8271338297806492,0.3892329136870037,32.970423317112974,8.82553039908567,0.7937900482445986,0.16467013486699583,1.1543525388227047,1.024468929166267,7.425540907969187,-0.9429827926136101,7.196942361158481,gaussian,linear,0.0,logit_quad,0.6,3000,0.7937600678079534,-0.2258562292878632,0.14488479165723925,0.3798162253212978,0.2592230259125304,1,8.0,0.32389603410581114,0.46662493706765895,0.31049517534942944,0.8201367216801345,0.7997764014538691,0.708916129688755,0.21336686657465648,-0.08225625663076401,0.16731267183429754,0.8201367216801345,0.25,0.9755428350340282,2.6477074708593125,2.887129156169477,1.0196162970958167,15.896992462504011,toward_HQ,0.12988360965643775,0.5863099213470244,0,1
0.39281199182500837,1.0,16.0,6040,1,blend,obs,0.6003333333333334,0.719333832699248,0.9256029184213236,0.7779312569937133,0.9355180392146143,0.9967651812238543,0.9889765937975526,0.9906803776236982,0.9999190950636261,0.9999389333554766,0.9026193461263873,0.9912724231973561,0.9954191021372515,0.9443556966261338,0.9969290076268159,0.9918985778861406,0.8815800056371423,0.9861528690477593,0.962939028549149,0.8759498112475281,0.9859987355326948,0.9933650622140257,0.8564632653628924,0.9802670661468347,0.983791134346071,0.9088480211247129,0.8802254377936034,0.3265655777575133,51.24146710259729,5.315134124675552,0.8024519785366205,0.16094255482411757,1.0084349225078586,1.3220835743255508,0.7445537347789072,2.1474010250295192,0.7355788377520011,gaussian,linear,0.0,logit_quad,0.6,3000,0.214058518749721,0.7331176743718538,0.29201033529457626,0.5071342831106627,0.27480257574121864,1,8.0,0.06732789785715534,0.5538288019230018,0.527257402072011,0.9939479552117031,0.9977620858387178,0.9954216135546443,0.6538997711355589,-0.1997730063680523,0.11667433199414268,0.9977620858387178,0.5,0.8080385546814579,11.170238990771253,4.375341396959581,-0.5190591556221327,15.572765274267436,away_HQ,0.3136486518176922,0.4814729769239446,1,0
2.115966161350582,0.0,10.0,3663,1,blend,obs,0.6053333333333333,0.8777859534321711,0.985763255680713,0.9982387064792462,0.7877818248346442,0.9585287894925365,0.8981102473397029,0.9582842518805049,0.9980801191885205,0.9955520441063722,0.8853470073207051,0.9875780744205535,0.9592100680870876,0.9015424737096113,0.9907251878031109,0.9713817457453829,0.923498219926931,0.9944375564654664,0.9998347034146648,0.8420271620195998,0.9757225105789018,0.9657158523718313,0.8629054718818664,0.9827583009426579,0.9713078086102891,0.9114717109007305,0.8834845497843107,0.3188733407218861,46.322673754118775,5.176761334933686,0.8030276111739494,0.1646478237845699,2.3993143744730903,2.5329976094242403,3.705807805675019,2.663200466386294,3.717056036782378,gaussian,linear,0.0,logit_quad,0.6,3000,0.6692515525999327,0.6280704701313385,0.19830988640540903,0.30246727409374063,0.7937051090085803,1,12.0,0.07017593887863907,0.3159897931678087,0.6275832026640655,0.9118791672887865,0.9265276446051065,0.9592113320670016,0.9434650137811127,0.5699671053578352,0.3920540883609339,0.9592113320670016,1.0,0.28383556866567955,52.87404632725277,5.725591543295549,0.04118108246859422,9.809090447006659,iso,0.1336832349511501,-0.03503777205620656,1,0
1.559559038585761,1.0,16.0,6653,1,blend,obs,0.5986666666666667,0.7436694658045735,0.9462239071111851,0.8258305036953246,0.787680784080456,0.9632940063164631,0.9120415816803137,0.9578620957113055,0.9984809574502213,0.9961805522462263,0.7612285343118483,0.9540685564272477,0.8587946202994075,0.7744396656615784,0.9588385415556038,0.8778777558680577,0.7737273148994686,0.9582497692475467,0.8752152789438671,0.7476387337260735,0.9426500906382695,0.9281166966526383,0.6856603988635596,0.9191337701356355,0.7048682188365832,0.7931190632330253,0.9180426877934951,0.8265957050758633,10.220137465005472,4.502805294936531,0.649821909522083,0.21844064884800624,-0.05516500711413764,0.033186760078053636,2.770211128068715,-0.4465956459346946,2.7587372954823404,gaussian,linear,0.0,logit_quad,0.6,3000,0.6165539004821996,-0.12320373745900753,0.22861694658291715,0.28463236967868244,0.7596016918112927,1,18.0,0.07787642910530827,0.36334536646565985,0.6292001155999989,0.9023190302338223,0.8917067238216216,0.8587907556560661,0.6789770065580495,-0.08376412848665486,0.012515607704507548,0.9023190302338223,0.25,0.9090939403124585,6.464505665293853,3.931273457954642,0.7397576379412072,15.7408122887455,toward_HQ,0.08835176719219127,0.08249823523659516,0,1
0.8452139555436284,1.0,6.0,1531,1,blend,obs,0.621,0.8892657461057556,0.9882731282372743,0.9673377429675964,0.8767589012823629,0.9878919180696683,0.9654122013727756,0.9776460556716785,0.9995036294170038,0.9990370014390556,0.9567429486765842,0.9983883108432801,0.99518207741336,0.9555348105040316,0.99832076325606,0.9948449428041,0.8958109762686437,0.9896894492838674,0.9708767134331729,0.9583058180041801,0.998260229248806,0.9969437800024605,0.934851129594602,0.9959861980334346,0.9902991008059775,0.9373394472606269,0.8353729992147527,0.5361392965760029,21.415214909385636,6.672959928996599,0.8497184679102515,0.15003513535306998,2.748036874321096,2.7765871236137443,1.666678074814956,2.8181091789652752,1.6477566608707235,gaussian,linear,0.0,logit_quad,0.6,3000,0.42850138314494834,0.7520206044534393,0.2630992098690721,0.26653028200488227,0.963846931605528,1,18.0,0.008622387796103123,0.2834991314905705,0.9280423840657271,0.9848269592413647,0.9958666325765959,0.9951902074721377,0.8241774607116545,0.49318962417493195,0.35565973203592693,0.9958666325765959,0.5,0.5426177299528961,20.896703542869478,6.679222026096846,-0.32351922130849103,5.981066425417376,away_HQ,0.028550249292648378,0.0064784333768932445,1,0
0.3214990952604615,0.0,10.0,2929,1,blend,obs,0.5923333333333334,0.8857727656225386,0.9876292591843396,0.9982815874898439,0.9505395179114703,0.9979847652262953,0.993329830008104,0.9852874109355976,0.9998240553684961,0.9994429892300213,0.9371663561395368,0.996314606667279,0.9994456091803198,0.9616858708076773,0.9986346660074864,0.9998111002749898,0.9316252705253212,0.9955836494586473,0.9993333250829538,0.8980448746745582,0.9897897818838978,0.9958857017623587,0.86989756254196,0.9844504224858086,0.9896977471842923,0.9325584367416612,0.9254649649021242,0.21075675193705576,81.08236851485755,3.8511733549552667,0.6502424225970898,0.2188670477030494,0.391534707372582,0.4422278313963092,0.6120609270748668,0.4916384063716544,0.62429906809607,gaussian,linear,0.0,logit_quad,0.6,3000,0.17019241744753016,0.16072476128217913,0.2779240500332732,0.38355120261728204,0.7971954898130507,1,12.0,0.006997926419545398,0.3871350139833894,0.7178995440727507,0.9953308708122058,0.9969033107362226,0.9994458811498771,0.9710184381047531,-0.0555591016427465,0.5019900907477963,0.9994458811498771,1.0,0.8682449819348297,14.044025250793386,3.1367849764827063,0.009467656165351047,9.818134666270101,iso,0.05069312402372722,0.6574882299977739,1,0
0.539285647529149,1.0,10.0,1301,1,blend,obs,0.6116666666666667,0.8596616600470524,0.9843361375671896,0.9500172961504723,0.9262323756609138,0.9956784518723866,0.9879704694776561,0.9743422989973946,0.9992065901219958,0.9982744689571753,0.871606274602355,0.9871015541467084,0.9589921816777109,0.878083639680576,0.9883957887078357,0.9635258057674325,0.870098900988188,0.9867336138571313,0.9579798738732508,0.8695123119733257,0.9843623462975547,0.9826179801122559,0.8012343816415103,0.9673010287412678,0.896384173697438,0.8543489144120657,0.9231399736923154,0.9102800474273373,5.675855303606796,3.6501051821263526,0.6470877430973793,0.21995324016021953,-0.785738888581402,-0.755365935220839,0.9384285829790283,-0.7581610709949853,0.9358477784697333,gaussian,linear,0.0,logit_quad,0.6,3000,0.27731460559926074,-0.22791584029938317,0.2992953726280432,0.31544951475869876,0.9029684650587991,1,18.0,0.013651906753744813,0.35063418704765315,0.8535829753171423,0.9830723818439634,0.9770224706406458,0.9589892022770717,0.8653285335552937,0.4058515502420545,0.5108322483969874,0.9830723818439634,0.25,0.9372590718980804,4.406557205395902,3.4139553087822607,0.5052304458986439,9.946081789976265,toward_HQ,0.030372953360563004,0.026979024470743185,0,0
2.0933954363167264,1.0,10.0,6094,1,blend,obs,0.6096666666666667,0.7601451939872743,0.9427036444394143,0.8228493835855093,0.7595765697578807,0.9510922790174506,0.8836316763160807,0.9258635171834078,0.9943913169311945,0.9855113330908472,0.8773781469170876,0.9863284335880361,0.9544991926240433,0.8942216590839919,0.989572233456078,0.967866152359329,0.858811974963144,0.9787728955417501,0.9518250095512104,0.8406768371964108,0.977458709633606,0.9701932702079383,0.8632005025339196,0.9825758561912861,0.9937718823230601,0.9341136394512155,0.8623140210670305,0.05725415978981041,168.6512672251008,5.829731814298169,0.9403618707800456,0.08698288515201374,3.8615859083109605,3.75486461027649,3.8722696698938712,4.595828777008174,3.8643008028597383,gaussian,linear,0.0,logit_quad,0.6,3000,0.6688301349480672,1.2065466740097035,0.18948062519101652,0.309318072729443,0.6271717635286066,1,8.0,0.13267718213949714,0.3871131702620437,0.48947088279831386,0.9059381091368208,0.9215511009421176,0.9544968569106531,0.9279614743435273,0.5349743698827829,0.3710153070700055,0.9544968569106531,1.0,0.14989455386533934,95.29551804618129,6.0628740390456,-0.5377165390616363,9.83316758221991,away_HQ,0.10672129803447028,0.09264039407552893,1,0
1.4911240016092049,0.0,16.0,4891,1,blend,obs,0.6073333333333333,0.8515932914249402,0.9785541598200381,0.9936835028292119,0.8060726124585628,0.9696362780846919,0.921268728401451,0.9699417639388724,0.9990961783098234,0.9970864483009226,0.8814031495335719,0.9878114669374832,0.9677028200665231,0.9017798902215411,0.991844623743974,0.9758536912277851,0.9009383957968978,0.9904642766327081,0.9947591933313511,0.8310427809468799,0.9738736235723354,0.9642480897882433,0.7923548001846709,0.9642697708968216,0.9029743650229064,0.9024027518393041,0.8658032747812764,0.5192096934347444,23.16595834303118,6.690701363899188,0.7551031628147952,0.18333181103762908,1.52748367054609,1.613735284045668,2.626117601729904,1.790113912953725,2.6509405025543984,gaussian,linear,0.0,logit_quad,0.6,3000,0.5889632444677138,0.49374855967599984,0.23183241743990712,0.3591488055950597,0.7608142976355391,1,18.0,0.07614609069338475,0.36294856571614975,0.6387473028925418,0.9300083573084006,0.9407522317306554,0.9677122390275855,0.8374983106024239,-0.1461690215684132,0.35926726636264616,0.9677122390275855,1.0,0.6412430459302271,13.483403072395438,5.555968616885861,0.09521468479171388,15.455560730041578,iso,0.0862516134995781,0.12203335249548264,1,0
2.593988006365044,1.0,16.0,1520,1,blend,obs,0.586,0.6747573319206142,0.90945054688585,0.6712689201751044,0.7283370465386412,0.9324180047343993,0.8510661675915298,0.8671073398788893,0.9820377156885468,0.9585336713096179,0.6711785477468843,0.9096202109525848,0.7211237319384078,0.7217242572524423,0.9304827323300566,0.8198247190446563,0.7459367625208662,0.942119830257558,0.8262579341802718,0.6936922319003409,0.9109523626297936,0.885675653817731,0.6800298119149829,0.91153789416558,0.6537564785590272,0.7566507177267034,0.8546628012292392,0.008901647998550206,442.8464768898155,7.160886316608014,0.7491467576791808,0.19516684812686086,0.17028106542588833,0.26282108696193324,5.047533193244179,-0.9146262692201528,5.009875132513003,gaussian,linear,0.0,logit_quad,0.6,3000,0.7199126249218366,-0.18897454701280364,0.1694692648524978,0.2592544736505259,0.5382189426614932,1,12.0,0.15546750052670294,0.41740669069118397,0.40600514709496766,0.8298489850890717,0.805354580170934,0.7211261152220265,0.3293764344267867,0.032134973921695675,0.06586969652189589,0.8298489850890717,0.25,0.503154173142232,41.64580180431798,3.5858530224996588,0.9088871719346401,15.79294288224294,toward_HQ,0.0925400215360449,0.4942525251436818,0,1
1.4839491861569476,1.0,10.0,8097,1,blend,obs,0.592,0.7647584349659841,0.9443985247420835,0.7988346308664183,0.8090461123850196,0.9674614590858339,0.9157198300856606,0.9610514127631158,0.9984350982647144,0.9959064484431269,0.9593984471224488,0.9984178608558273,0.9989327830181528,0.976490553821373,0.9994962757954224,0.9993254465531547,0.8090732803533465,0.9622616329707174,0.8712464559178298,0.9266036493517179,0.9942329817140901,0.9933553898070989,0.8637658976963849,0.9820733508238831,0.9665235300571324,0.9340196274105871,0.8008832372026157,0.17100575342348096,64.69961047294626,11.857960138158472,0.948048232055585,0.08637482802058521,4.651354584079186,4.469310653932198,2.8490128298892454,4.768410776308455,2.8503548815236828,gaussian,linear,0.0,logit_quad,0.6,3000,0.5785958276053893,1.195475509113853,0.2142843241876808,0.2756891486464934,0.79803581831975,1,12.0,0.05362604878206437,0.331410811686491,0.6465821772597755,0.9538700953516408,0.9747022557759509,0.9989320518923199,0.6348820296295273,0.487491974899995,0.36152018850475753,0.9989320518923199,1.0,0.17453239661501055,54.947559469483835,9.838375006051109,-0.6168796815084635,9.811710735355726,away_HQ,0.18204393014698805,0.0035266431915295937,1,0
0.3254804463829184,0.0,16.0,1399,1,blend,obs,0.597,0.7957125074476837,0.9608312119422032,0.9961243451743592,0.9515613074768291,0.9980400027921457,0.993322672421757,0.9835805049831686,0.9997040902539405,0.9990261954819601,0.8862219015539327,0.9881425389574772,0.9925021210007701,0.937340084394977,0.9963835143894768,0.9984277153766006,0.9035336897325201,0.9911450850203372,0.9995036946410712,0.8875244240397032,0.9874612010639096,0.9952336957985153,0.823527001116696,0.9717036288470112,0.9637125905992414,0.892472309833285,0.9009951107648049,0.6929154682479216,17.031038854202862,4.771019162032854,0.7126090890072087,0.19797740954232895,0.28307786243172156,0.4305323063336141,0.6108142540611464,0.4661996286238195,0.5948848974111893,gaussian,linear,0.0,logit_quad,0.6,3000,0.1667869059649313,0.1377612555751295,0.2800832842956582,0.47792479111761504,0.5444325738595246,1,12.0,0.013502382172674441,0.48380025429010526,0.5789233920652499,0.9933097281897503,0.993226912407077,0.9925021199371848,0.9847592425995967,-0.9968849481487425,0.21007362170226274,0.9933097281897503,0.25,0.9224257766523114,8.278747036513902,3.1669387762328145,0.029025650389801805,15.511060660609944,iso,0.14745444390189255,0.2295103084043898,0,0
3.1764518322067246,1.0,16.0,7288,1,blend,obs,0.5963333333333334,0.6718432851977447,0.9087197942113749,0.6677630574363908,0.7275316855605973,0.9310823062841793,0.8521347950004727,0.865450882975873,0.981160646843439,0.9598846653583675,0.6865350355320787,0.9177164658259179,0.7468815614028077,0.7256364447103935,0.9329399991400456,0.8270729700825851,0.742751858870285,0.9411362044591638,0.8237772628722607,0.6888639147360456,0.9075623716301685,0.8823440001657012,0.6870697306255213,0.9154986221953892,0.6693851699066318,0.7661470833887762,0.865899058208192,0.4448051455141551,30.84860028668602,6.495369353555183,0.7368965958128374,0.19276915138391526,0.34598581137217477,0.4919398420370185,5.956695972431351,-1.040425278981388,5.925281190430791,gaussian,linear,0.0,logit_quad,0.6,3000,0.7356307390867867,-0.2012956303028452,0.15888587362431192,0.2632707049970876,0.5425221855676654,1,12.0,0.16520344319899072,0.40478887475395714,0.3925154161435082,0.8332241721221529,0.8146920132300921,0.7468835232820641,0.3348820455983269,-0.09534940155273346,0.024948258720980054,0.8332241721221529,0.25,0.9499994554569753,3.9460724083354326,3.5478573975194765,0.9369263693896318,15.84115870323189,toward_HQ,0.14595403066484375,0.5051943099428202,0,1
0.4202024531241615,1.0,6.0,846,1,blend,obs,0.6036666666666667,0.8751502041619714,0.9855035291604439,0.9584872550130649,0.9326587846125458,0.9964849730052221,0.9890848047123296,0.9817638463590802,0.9997066133393475,0.9995595630100206,0.8998493085709093,0.9909817816666524,0.9730247364176174,0.901601107468426,0.9913659956453625,0.9737899435682905,0.881087162847097,0.9869454570848952,0.9621856487758133,0.9487623154446636,0.9977620983297018,0.9941256383527288,0.9184537220189529,0.9938146177390704,0.9847653503578896,0.9069052481619221,0.846049163720754,0.7441548100664811,7.605861280698036,5.8957603470399516,0.7768066748433436,0.18491167527074906,1.8436214187017217,1.856710925956273,0.8375077331938326,1.9072202185932745,0.8320980392612599,gaussian,linear,0.0,logit_quad,0.6,3000,0.25447446012130504,0.5872674054175424,0.30621729496346345,0.30497302008514,0.9643687145173773,1,18.0,0.004459279545421533,0.3256106439841766,0.9404400642945333,0.9978823566762082,0.9989218257673024,0.9730356560302802,0.7460057103777973,0.28590338560218376,0.27603011856185655,0.9989218257673024,0.5,0.7555134979489788,7.226086407731835,5.671977328617068,-0.3327929452962373,5.986034772149734,away_HQ,0.01308950725455138,0.01135868788249772,0,0
