build,beta,rho,D,seed,fixed_magnitude,error_mode,propensity_on,retain_obs,D_ALL,I_ALL,rho_sp_ALL,D_FILTER,I_FILTER,rho_sp_FILTER,D_IPW_oracle,I_IPW_oracle,rho_sp_IPW_oracle,D_IPW_est,I_IPW_est,rho_sp_IPW_est,D_IPWest_vs_IPWoracle,D_IPWest_vs_FILTER,diag_ess_frac,diag_w_max_over_mean,diag_w_p99,diag_propensity_auc,diag_prop_brier,diag_prop_coef_E1,diag_lowq_dE1_shift,diag_realised_disp
A_orig,0.0,0.0,10.0,0,0,blend,true,0.6006666666666667,0.8891383713360586,0.9882326770341978,0.9983145357940705,0.9745676435997241,0.9994918167968668,0.9984849984777698,0.9758214582375306,0.999541146269307,0.9986154394972655,0.987655528672787,0.9998644264306731,0.9995504493937785,0.9831275751563111,0.9820054122009998,0.9977020181656152,1.4214133917899103,1.9504877952622197,0.5324498007222545,0.23912825260031415,0.04410107004747555,0.010857909559232796,9.795641216978364
A_orig,0.0,0.0,10.0,1,0,blend,true,0.607,0.8965995356045298,0.9898832594625756,0.9995381497924433,0.9904062772939096,0.999891302842697,0.9996017122489097,0.9903775161665879,0.9998903685116189,0.9995989908338627,0.9928427036521882,0.9999495390017966,0.9998262036902636,0.9940669222708228,0.9941758049923566,0.9996604313988056,1.1022260035223526,1.7224099391998104,0.5108935475712392,0.2384206022278381,-0.02109373214381544,-0.028137627325423853,9.814539588873531
A_orig,0.0,0.0,10.0,2,0,blend,true,0.604,0.8795287762592525,0.9862230787417999,0.9989547516597057,0.9853167405714123,0.99977303428716,0.9994712917865792,0.9852064612444665,0.9997696733690453,0.9994410171934182,0.9818736683961982,0.9996396896242177,0.999412478841362,0.9917513038335928,0.9919554601586223,0.9994448440304466,1.1489233001509918,1.8333640178092254,0.5138031808147702,0.2389880413032789,-0.037310752176868855,-0.004532873196805874,9.836192930557528
A_orig,0.0,0.0,10.0,3,0,blend,true,0.597,0.8849824170553712,0.9872678047534496,0.9966907139112521,0.9740694035081978,0.9994223458195243,0.9980590558327623,0.9750002175514846,0.9994604888049508,0.9981710183525788,0.9703023930521688,0.9992744237226863,0.9974687386822223,0.9915117737277053,0.9907320293497461,0.9995189380426345,1.0661577733778962,1.7540759562298316,0.5133372957979864,0.24042462293405042,0.03931006569663238,0.023582589985957306,9.842774794893886
A_orig,0.0,0.0,10.0,4,0,blend,true,0.5966666666666667,0.8966043733732433,0.9897921102476789,0.9977081368957358,0.9799691663835572,0.9996550374853792,0.9989962403620662,0.9802564545578607,0.9996655864496098,0.999027114448255,0.9831380936462677,0.9997346040322473,0.9992766346298146,0.9868744049039055,0.9866838045545357,0.9988297543629109,1.083592666342018,1.7901559864983834,0.5253970635763424,0.24023222311692613,-0.15750932461830264,0.008046434446076388,9.802886723002775
A_orig,0.0,0.0,10.0,5,0,blend,true,0.5986666666666667,0.8986739988370045,0.9901229982243354,0.998293633027334,0.9825681429631145,0.999746873982769,0.99918791110797,0.9826282140346403,0.9997493890452662,0.9991931922523586,0.989372753215598,0.9998971239195606,0.9996479289891116,0.9883457303721411,0.988344339626012,0.9990271519443451,1.0529467653550073,1.7378671124609606,0.5218434838585561,0.23988330829300256,-0.025130637817344977,0.0033252568001060135,9.824206391255654
A_orig,0.0,0.0,10.0,6,0,blend,true,0.6106666666666667,0.887939110699195,0.9881273631109423,0.9996186731940649,0.9823300249842519,0.9996872495199879,0.9991488025506859,0.9829500788490968,0.99970654955868,0.9991712001947631,0.9878999060038813,0.9998489013491817,0.9997281802495147,0.9867625371358244,0.9863937660419074,0.9988916995513378,1.1098059516389809,1.7628501765083022,0.5230704055003889,0.23734203238691412,-0.11722336097752553,0.0023443140194252306,9.867340729167344
A_orig,0.0,0.0,10.0,7,0,blend,true,0.5916666666666667,0.8970475985572354,0.9899719375357509,0.9994406534172106,0.9857107197228532,0.9998146183047919,0.9996851053695642,0.9855005026953333,0.9998092029619053,0.9996856305997343,0.987592140706686,0.9998418486712266,0.9995367971351231,0.9906725712881441,0.9905902089129838,0.9990699102408194,1.2684879477209345,1.8847433176274508,0.5219729807415925,0.24131680110571566,-0.012920855520686466,0.0020775955623815773,9.83529047650286
A_orig,0.0,0.25,10.0,0,0,blend,true,0.6006666666666667,0.9157592796621606,0.9935287857414711,0.9938000307162571,0.9745676435997241,0.9994918167968668,0.9984849984777698,0.9758214582375306,0.999541146269307,0.9986154394972655,0.987655528672787,0.9998644264306731,0.9995504493937785,0.9831275751563111,0.9820054122009998,0.9977020181656152,1.4214133917899103,1.9504877952622197,0.5324498007222545,0.23912825260031415,0.04410107004747555,0.16249120674845613,7.567791290785745
A_orig,0.0,0.25,10.0,1,0,blend,true,0.607,0.9144238833031686,0.9933948814911306,0.9938297532299782,0.9904062772939096,0.999891302842697,0.9996017122489097,0.9903775161665879,0.9998903685116189,0.9995989908338627,0.9928427036521882,0.9999495390017966,0.9998262036902636,0.9940669222708228,0.9941758049923566,0.9996604313988056,1.1022260035223526,1.7224099391998104,0.5108935475712392,0.2384206022278381,-0.02109373214381544,0.13544509732842602,7.564099133015855
A_orig,0.0,0.25,10.0,2,0,blend,true,0.604,0.8958117921097377,0.9901508329005557,0.9915597646274525,0.9853167405714123,0.99977303428716,0.9994712917865792,0.9852064612444665,0.9997696733690453,0.9994410171934182,0.9818736683961982,0.9996396896242177,0.999412478841362,0.9917513038335928,0.9919554601586223,0.9994448440304466,1.1489233001509918,1.8333640178092254,0.5138031808147702,0.2389880413032789,-0.037310752176868855,0.15106346172686796,7.611764196011025
A_orig,0.0,0.25,10.0,3,0,blend,true,0.597,0.9118571573414652,0.9927364612855574,0.9969932551409619,0.9740694035081978,0.9994223458195243,0.9980590558327623,0.9750002175514846,0.9994604888049508,0.9981710183525788,0.9703023930521688,0.9992744237226863,0.9974687386822223,0.9915117737277053,0.9907320293497461,0.9995189380426345,1.0661577733778962,1.7540759562298316,0.5133372957979864,0.24042462293405042,0.03931006569663238,0.172362408852408,7.632933562728541
A_orig,0.0,0.25,10.0,4,0,blend,true,0.5966666666666667,0.9154789549351898,0.9935686927031038,0.9903220479459908,0.9799691663835572,0.9996550374853792,0.9989962403620662,0.9802564545578607,0.9996655864496098,0.999027114448255,0.9831380936462677,0.9997346040322473,0.9992766346298146,0.9868744049039055,0.9866838045545357,0.9988297543629109,1.083592666342018,1.7901559864983834,0.5253970635763424,0.24023222311692613,-0.15750932461830264,0.16005217310639244,7.629994429351532
A_orig,0.0,0.25,10.0,5,0,blend,true,0.5986666666666667,0.9196472143378558,0.9941140698895846,0.9954273560225332,0.9825681429631145,0.999746873982769,0.99918791110797,0.9826282140346403,0.9997493890452662,0.9991931922523586,0.989372753215598,0.9998971239195606,0.9996479289891116,0.9883457303721411,0.988344339626012,0.9990271519443451,1.0529467653550073,1.7378671124609606,0.5218434838585561,0.23988330829300256,-0.025130637817344977,0.14869191230685186,7.6117146643499565
A_orig,0.0,0.25,10.0,6,0,blend,true,0.6106666666666667,0.9038277348993928,0.9915853798055865,0.9921129508799368,0.9823300249842519,0.9996872495199879,0.9991488025506859,0.9829500788490968,0.99970654955868,0.9991712001947631,0.9878999060038813,0.9998489013491817,0.9997281802495147,0.9867625371358244,0.9863937660419074,0.9988916995513378,1.1098059516389809,1.7628501765083022,0.5230704055003889,0.23734203238691412,-0.11722336097752553,0.15538504078115825,7.671405621655061
A_orig,0.0,0.25,10.0,7,0,blend,true,0.5916666666666667,0.9125239695650597,0.9931813362937592,0.9883260896275727,0.9857107197228532,0.9998146183047919,0.9996851053695642,0.9855005026953333,0.9998092029619053,0.9996856305997343,0.987592140706686,0.9998418486712266,0.9995367971351231,0.9906725712881441,0.9905902089129838,0.9990699102408194,1.2684879477209345,1.8847433176274508,0.5219729807415925,0.24131680110571566,-0.012920855520686466,0.16161213796800203,7.664591513128645
A_orig,0.0,0.5,10.0,0,0,blend,true,0.6006666666666667,0.8888747588973906,0.989523256137936,0.9707130066431912,0.9745676435997241,0.9994918167968668,0.9984849984777698,0.9758214582375306,0.999541146269307,0.9986154394972655,0.987655528672787,0.9998644264306731,0.9995504493937785,0.9831275751563111,0.9820054122009998,0.9977020181656152,1.4214133917899103,1.9504877952622197,0.5324498007222545,0.23912825260031415,0.04410107004747555,0.341359394525245,6.233477289597255
A_orig,0.0,0.5,10.0,1,0,blend,true,0.607,0.8843425043725756,0.9885230858068935,0.9687431985130206,0.9904062772939096,0.999891302842697,0.9996017122489097,0.9903775161665879,0.9998903685116189,0.9995989908338627,0.9928427036521882,0.9999495390017966,0.9998262036902636,0.9940669222708228,0.9941758049923566,0.9996604313988056,1.1022260035223526,1.7224099391998104,0.5108935475712392,0.2384206022278381,-0.02109373214381544,0.32431155237640036,6.255330595872308
A_orig,0.0,0.5,10.0,2,0,blend,true,0.604,0.8697845099500175,0.9854387522932534,0.9642450617702409,0.9853167405714123,0.99977303428716,0.9994712917865792,0.9852064612444665,0.9997696733690453,0.9994410171934182,0.9818736683961982,0.9996396896242177,0.999412478841362,0.9917513038335928,0.9919554601586223,0.9994448440304466,1.1489233001509918,1.8333640178092254,0.5138031808147702,0.2389880413032789,-0.037310752176868855,0.33419106412064026,6.293175932507263
A_orig,0.0,0.5,10.0,3,0,blend,true,0.597,0.8935490597296439,0.9899443825390137,0.9783056381729021,0.9740694035081978,0.9994223458195243,0.9980590558327623,0.9750002175514846,0.9994604888049508,0.9981710183525788,0.9703023930521688,0.9992744237226863,0.9974687386822223,0.9915117737277053,0.9907320293497461,0.9995189380426345,1.0661577733778962,1.7540759562298316,0.5133372957979864,0.24042462293405042,0.03931006569663238,0.35029138678945065,6.355587445938959
A_orig,0.0,0.5,10.0,4,0,blend,true,0.5966666666666667,0.8834978126558692,0.9884542027439914,0.9656018027393465,0.9799691663835572,0.9996550374853792,0.9989962403620662,0.9802564545578607,0.9996655864496098,0.999027114448255,0.9831380936462677,0.9997346040322473,0.9992766346298146,0.9868744049039055,0.9866838045545357,0.9988297543629109,1.083592666342018,1.7901559864983834,0.5253970635763424,0.24023222311692613,-0.15750932461830264,0.33709597245645223,6.359643186011568
A_orig,0.0,0.5,10.0,5,0,blend,true,0.5986666666666667,0.894118388736479,0.9903779390703705,0.974883397304357,0.9825681429631145,0.999746873982769,0.99918791110797,0.9826282140346403,0.9997493890452662,0.9991931922523586,0.989372753215598,0.9998971239195606,0.9996479289891116,0.9883457303721411,0.988344339626012,0.9990271519443451,1.0529467653550073,1.7378671124609606,0.5218434838585561,0.23988330829300256,-0.025130637817344977,0.3240038572926865,6.29667915285735
A_orig,0.0,0.5,10.0,6,0,blend,true,0.6106666666666667,0.8762133457012901,0.9866302837945115,0.9659289046723711,0.9823300249842519,0.9996872495199879,0.9991488025506859,0.9829500788490968,0.99970654955868,0.9991712001947631,0.9878999060038813,0.9998489013491817,0.9997281802495147,0.9867625371358244,0.9863937660419074,0.9988916995513378,1.1098059516389809,1.7628501765083022,0.5230704055003889,0.23734203238691412,-0.11722336097752553,0.33500033629568793,6.383661974896375
A_orig,0.0,0.5,10.0,7,0,blend,true,0.5916666666666667,0.8741453739912881,0.9867927507843426,0.9577396192940554,0.9857107197228532,0.9998146183047919,0.9996851053695642,0.9855005026953333,0.9998092029619053,0.9996856305997343,0.987592140706686,0.9998418486712266,0.9995367971351231,0.9906725712881441,0.9905902089129838,0.9990699102408194,1.2684879477209345,1.8847433176274508,0.5219729807415925,0.24131680110571566,-0.012920855520686466,0.343992075332906,6.384184428301813
A_orig,0.0,0.75,10.0,0,0,blend,true,0.6006666666666667,0.8369058276866593,0.9774776089661864,0.9254164713272252,0.9745676435997241,0.9994918167968668,0.9984849984777698,0.9758214582375306,0.999541146269307,0.9986154394972655,0.987655528672787,0.9998644264306731,0.9995504493937785,0.9831275751563111,0.9820054122009998,0.9977020181656152,1.4214133917899103,1.9504877952622197,0.5324498007222545,0.23912825260031415,0.04410107004747555,0.5197982637072667,7.628048450013688
A_orig,0.0,0.75,10.0,1,0,blend,true,0.607,0.8349207698569218,0.9767242157754975,0.9232812550132274,0.9904062772939096,0.999891302842697,0.9996017122489097,0.9903775161665879,0.9998903685116189,0.9995989908338627,0.9928427036521882,0.9999495390017966,0.9998262036902636,0.9940669222708228,0.9941758049923566,0.9996604313988056,1.1022260035223526,1.7224099391998104,0.5108935475712392,0.2384206022278381,-0.02109373214381544,0.5036527094788047,7.614959415591144
A_orig,0.0,0.75,10.0,2,0,blend,true,0.604,0.8223698145049707,0.9730603017266588,0.9152034565346963,0.9853167405714123,0.99977303428716,0.9994712917865792,0.9852064612444665,0.9997696733690453,0.9994410171934182,0.9818736683961982,0.9996396896242177,0.999412478841362,0.9917513038335928,0.9919554601586223,0.9994448440304466,1.1489233001509918,1.8333640178092254,0.5138031808147702,0.2389880413032789,-0.037310752176868855,0.5107394838950239,7.656422515191584
A_orig,0.0,0.75,10.0,3,0,blend,true,0.597,0.8472893872457967,0.9795259677320978,0.9397430810135259,0.9740694035081978,0.9994223458195243,0.9980590558327623,0.9750002175514846,0.9994604888049508,0.9981710183525788,0.9703023930521688,0.9992744237226863,0.9974687386822223,0.9915117737277053,0.9907320293497461,0.9995189380426345,1.0661577733778962,1.7540759562298316,0.5133372957979864,0.24042462293405042,0.03931006569663238,0.5229814880465895,7.695432806813321
A_orig,0.0,0.75,10.0,4,0,blend,true,0.5966666666666667,0.8339282945915529,0.9763880987269206,0.9209729890220707,0.9799691663835572,0.9996550374853792,0.9989962403620662,0.9802564545578607,0.9996655864496098,0.999027114448255,0.9831380936462677,0.9997346040322473,0.9992766346298146,0.9868744049039055,0.9866838045545357,0.9988297543629109,1.083592666342018,1.7901559864983834,0.5253970635763424,0.24023222311692613,-0.15750932461830264,0.507670388693672,7.694218282663193
A_orig,0.0,0.75,10.0,5,0,blend,true,0.5986666666666667,0.8441509176044216,0.9792488165231942,0.9331656080959463,0.9825681429631145,0.999746873982769,0.99918791110797,0.9826282140346403,0.9997493890452662,0.9991931922523586,0.989372753215598,0.9998971239195606,0.9996479289891116,0.9883457303721411,0.988344339626012,0.9990271519443451,1.0529467653550073,1.7378671124609606,0.5218434838585561,0.23988330829300256,-0.025130637817344977,0.49979467950683804,7.663958761799289
A_orig,0.0,0.75,10.0,6,0,blend,true,0.6106666666666667,0.8289879365287433,0.9747070739383161,0.9195255650286588,0.9823300249842519,0.9996872495199879,0.9991488025506859,0.9829500788490968,0.99970654955868,0.9991712001947631,0.9878999060038813,0.9998489013491817,0.9997281802495147,0.9867625371358244,0.9863937660419074,0.9988916995513378,1.1098059516389809,1.7628501765083022,0.5230704055003889,0.23734203238691412,-0.11722336097752553,0.5078637758603192,7.6972327856571905
A_orig,0.0,0.75,10.0,7,0,blend,true,0.5916666666666667,0.823917508806455,0.9740141666907567,0.9090124882351588,0.9857107197228532,0.9998146183047919,0.9996851053695642,0.9855005026953333,0.9998092029619053,0.9996856305997343,0.987592140706686,0.9998418486712266,0.9995367971351231,0.9906725712881441,0.9905902089129838,0.9990699102408194,1.2684879477209345,1.8847433176274508,0.5219729807415925,0.24131680110571566,-0.012920855520686466,0.5126712785177144,7.722909033122659
A_orig,0.0,1.0,10.0,0,0,blend,true,0.6006666666666667,0.7855213404371689,0.9604446513415364,0.8572917391740482,0.9745676435997241,0.9994918167968668,0.9984849984777698,0.9758214582375306,0.999541146269307,0.9986154394972655,0.987655528672787,0.9998644264306731,0.9995504493937785,0.9831275751563111,0.9820054122009998,0.9977020181656152,1.4214133917899103,1.9504877952622197,0.5324498007222545,0.23912825260031415,0.04410107004747555,0.6551222687522709,9.915105983662096
A_orig,0.0,1.0,10.0,1,0,blend,true,0.607,0.7864859104853783,0.9607028523899682,0.8584862880259305,0.9904062772939096,0.999891302842697,0.9996017122489097,0.9903775161665879,0.9998903685116189,0.9995989908338627,0.9928427036521882,0.9999495390017966,0.9998262036902636,0.9940669222708228,0.9941758049923566,0.9996604313988056,1.1022260035223526,1.7224099391998104,0.5108935475712392,0.2384206022278381,-0.02109373214381544,0.6371537291675469,9.894705982493187
A_orig,0.0,1.0,10.0,2,0,blend,true,0.604,0.7738396201562758,0.9560055208285598,0.843152871929688,0.9853167405714123,0.99977303428716,0.9994712917865792,0.9852064612444665,0.9997696733690453,0.9994410171934182,0.9818736683961982,0.9996396896242177,0.999412478841362,0.9917513038335928,0.9919554601586223,0.9994448440304466,1.1489233001509918,1.8333640178092254,0.5138031808147702,0.2389880413032789,-0.037310752176868855,0.6462401283433913,9.91478572333175
A_orig,0.0,1.0,10.0,3,0,blend,true,0.597,0.797269238662265,0.9638568637044522,0.8802408768509725,0.9740694035081978,0.9994223458195243,0.9980590558327623,0.9750002175514846,0.9994604888049508,0.9981710183525788,0.9703023930521688,0.9992744237226863,0.9974687386822223,0.9915117737277053,0.9907320293497461,0.9995189380426345,1.0661577733778962,1.7540759562298316,0.5133372957979864,0.24042462293405042,0.03931006569663238,0.6556030534382139,9.937916225237682
A_orig,0.0,1.0,10.0,4,0,blend,true,0.5966666666666667,0.7824309288131521,0.9589465165196069,0.8511252800221925,0.9799691663835572,0.9996550374853792,0.9989962403620662,0.9802564545578607,0.9996655864496098,0.999027114448255,0.9831380936462677,0.9997346040322473,0.9992766346298146,0.9868744049039055,0.9866838045545357,0.9988297543629109,1.083592666342018,1.7901559864983834,0.5253970635763424,0.24023222311692613,-0.15750932461830264,0.6385941981595727,9.913419676723704
A_orig,0.0,1.0,10.0,5,0,blend,true,0.5986666666666667,0.7923693559581181,0.9627986674558189,0.8681889055095695,0.9825681429631145,0.999746873982769,0.99918791110797,0.9826282140346403,0.9997493890452662,0.9991931922523586,0.989372753215598,0.9998971239195606,0.9996479289891116,0.9883457303721411,0.988344339626012,0.9990271519443451,1.0529467653550073,1.7378671124609606,0.5218434838585561,0.23988330829300256,-0.025130637817344977,0.6434148182625545,9.921399340493329
A_orig,0.0,1.0,10.0,6,0,blend,true,0.6106666666666667,0.782434645938423,0.9589266091216918,0.8542056887306968,0.9823300249842519,0.9996872495199879,0.9991488025506859,0.9829500788490968,0.99970654955868,0.9991712001947631,0.9878999060038813,0.9998489013491817,0.9997281802495147,0.9867625371358244,0.9863937660419074,0.9988916995513378,1.1098059516389809,1.7628501765083022,0.5230704055003889,0.23734203238691412,-0.11722336097752553,0.6395406240549981,9.925377332786637
A_orig,0.0,1.0,10.0,7,0,blend,true,0.5916666666666667,0.7766896014820053,0.9573540460958808,0.8403299257848529,0.9857107197228532,0.9998146183047919,0.9996851053695642,0.9855005026953333,0.9998092029619053,0.9996856305997343,0.987592140706686,0.9998418486712266,0.9995367971351231,0.9906725712881441,0.9905902089129838,0.9990699102408194,1.2684879477209345,1.8847433176274508,0.5219729807415925,0.24131680110571566,-0.012920855520686466,0.6392647274480605,9.934885109200197
A_orig,0.5,0.0,10.0,0,0,blend,true,0.601,0.8958172671438067,0.9895618474591308,0.9980840807792517,0.9259372388476391,0.995336832515242,0.9858340655473085,0.9698691972040842,0.9992727760407697,0.9980798149232176,0.9851708373103807,0.9997763686274794,0.9993641890761689,0.982664006644784,0.9240265086854098,0.9480645775170368,3.5476984266810723,3.0081687150253864,0.6423778062275304,0.22518385477941244,0.9647406951190648,0.030195213298439348,9.799146368901242
A_orig,0.5,0.0,10.0,1,0,blend,true,0.6016666666666667,0.8963440754902143,0.9897462912087089,0.9989506199341498,0.9232402797341468,0.9951129164258633,0.9842207744505436,0.9938634430067032,0.9999623012663723,0.9999318297230156,0.994143581232497,0.9999664804219204,0.9999093548284578,0.9964082781517114,0.9262399235754786,0.9570996511427214,2.488654609229114,2.918156983095934,0.6365122451581497,0.22640228049709704,0.9393313292273066,0.007756025327196809,9.873025912601115
A_orig,0.5,0.0,10.0,2,0,blend,true,0.6073333333333333,0.8885914274018423,0.9880872805896221,0.9965216596776816,0.9273855786203093,0.9954771703352394,0.9848994109054461,0.9854349360824064,0.9997524518426394,0.9991196795950809,0.9795286042673339,0.9994925765452587,0.9982325749930592,0.9901066610131344,0.9340138057272207,0.96719593436681,2.1026745423134163,2.6181408455628645,0.6258412088434322,0.2274406958238643,0.8419134029574545,-0.005245044944232297,9.823846362507892
A_orig,0.5,0.0,10.0,3,0,blend,true,0.598,0.8914684365849241,0.9886321820187893,0.9955924630829791,0.9520226515150687,0.9981181817926632,0.9936186053357503,0.969938420998898,0.9992643145625311,0.997473747619589,0.9707805074784457,0.9993191593163601,0.9977153318670698,0.9949247554466532,0.927746215839351,0.961571186648592,2.2385413887912704,2.7134322147057417,0.631371893782666,0.22748742379837578,0.9222906525956999,0.02703544738155169,9.851360508955427
A_orig,0.5,0.0,10.0,4,0,blend,true,0.6003333333333334,0.8990568034386313,0.9902878791826161,0.998092711172293,0.9365297666671868,0.996695886566539,0.9892747042075059,0.9826427101477284,0.9997287042278465,0.9991426757830413,0.9841046244414141,0.9997562097358382,0.9994986888114908,0.985101861814766,0.9386199764540734,0.9734373634273443,1.8565389928781197,2.5279709267262804,0.6125829455325301,0.2307229018033669,0.7752043446078762,0.031476065156439116,9.805840505835791
A_orig,0.5,0.0,10.0,5,0,blend,true,0.599,0.8941561619371002,0.9893289640556808,0.9991595196258118,0.9385976063294804,0.9968845410455563,0.9893931273720541,0.9871168630751941,0.999862853653805,0.9995462734024755,0.9917954687187222,0.9999449647676772,0.9998108563870882,0.9920319182094345,0.9306026437981941,0.9643910664469985,2.2762633188663925,2.7100314847412434,0.6261738530690525,0.22852218069018523,0.8854472553360502,0.024818947928428804,9.80860339781346
A_orig,0.5,0.0,10.0,6,0,blend,true,0.616,0.8782135607820836,0.985764150804108,0.9964025631942692,0.9326290534892536,0.9962915259141574,0.9872306265378656,0.9910211003909676,0.9999122365078535,0.9998289413537753,0.9935223762394162,0.9999620228306018,0.9999258765672507,0.99363572496651,0.9319227800621815,0.9655243742842597,2.3102748043050614,2.5517641428096116,0.6284581304112554,0.22441705872926748,0.9030680539952484,-0.024994709433114777,9.8516608433163
A_orig,0.5,0.0,10.0,7,0,blend,true,0.5973333333333334,0.8964205655861699,0.9898291856217827,0.9995678710666263,0.9108719452850226,0.9931440740384782,0.9788654641522739,0.976073690587762,0.999424190303706,0.998661113453491,0.980635490213837,0.9996466388467306,0.9993136840394993,0.9907099118439786,0.9258851088535709,0.9491966797050982,3.8787691618103364,3.1540511640120696,0.6328732464374409,0.22717814845291814,0.9551499811070296,0.0052129701006319975,9.811456047760188
A_orig,0.5,0.25,10.0,0,0,blend,true,0.601,0.9241216543768515,0.9948454852133016,0.9925422435975719,0.9259372388476391,0.995336832515242,0.9858340655473085,0.9698691972040842,0.9992727760407697,0.9980798149232176,0.9851708373103807,0.9997763686274794,0.9993641890761689,0.982664006644784,0.9240265086854098,0.9480645775170368,3.5476984266810723,3.0081687150253864,0.6423778062275304,0.22518385477941244,0.9647406951190648,0.17514635773756093,7.655452278806038
A_orig,0.5,0.25,10.0,1,0,blend,true,0.6016666666666667,0.9206843354738855,0.9945034348119584,0.9907716792445036,0.9232402797341468,0.9951129164258633,0.9842207744505436,0.9938634430067032,0.9999623012663723,0.9999318297230156,0.994143581232497,0.9999664804219204,0.9999093548284578,0.9964082781517114,0.9262399235754786,0.9570996511427214,2.488654609229114,2.918156983095934,0.6365122451581497,0.22640228049709704,0.9393313292273066,0.16219459005154443,7.6337646726316715
A_orig,0.5,0.25,10.0,2,0,blend,true,0.6073333333333333,0.9113473066994714,0.9929675746251364,0.9895503143019967,0.9273855786203093,0.9954771703352394,0.9848994109054461,0.9854349360824064,0.9997524518426394,0.9991196795950809,0.9795286042673339,0.9994925765452587,0.9982325749930592,0.9901066610131344,0.9340138057272207,0.96719593436681,2.1026745423134163,2.6181408455628645,0.6258412088434322,0.2274406958238643,0.8419134029574545,0.1497396051552708,7.562604636540399
A_orig,0.5,0.25,10.0,3,0,blend,true,0.598,0.9283314033285133,0.9951742038001893,0.9970592037520835,0.9520226515150687,0.9981181817926632,0.9936186053357503,0.969938420998898,0.9992643145625311,0.997473747619589,0.9707805074784457,0.9993191593163601,0.9977153318670698,0.9949247554466532,0.927746215839351,0.961571186648592,2.2385413887912704,2.7134322147057417,0.631371893782666,0.22748742379837578,0.9222906525956999,0.17469810817025277,7.645837770318621
A_orig,0.5,0.25,10.0,4,0,blend,true,0.6003333333333334,0.9217558550817717,0.9946197407363594,0.9903792579372949,0.9365297666671868,0.996695886566539,0.9892747042075059,0.9826427101477284,0.9997287042278465,0.9991426757830413,0.9841046244414141,0.9997562097358382,0.9994986888114908,0.985101861814766,0.9386199764540734,0.9734373634273443,1.8565389928781197,2.5279709267262804,0.6125829455325301,0.2307229018033669,0.7752043446078762,0.1729068244723893,7.631651210008539
A_orig,0.5,0.25,10.0,5,0,blend,true,0.599,0.9255631856048863,0.994992022087963,0.9945599363656482,0.9385976063294804,0.9968845410455563,0.9893931273720541,0.9871168630751941,0.999862853653805,0.9995462734024755,0.9917954687187222,0.9999449647676772,0.9998108563870882,0.9920319182094345,0.9306026437981941,0.9643910664469985,2.2762633188663925,2.7100314847412434,0.6261738530690525,0.22852218069018523,0.8854472553360502,0.1691317237662527,7.588336663295358
A_orig,0.5,0.25,10.0,6,0,blend,true,0.616,0.915293761974491,0.9933784715586323,0.9947593720136785,0.9326290534892536,0.9962915259141574,0.9872306265378656,0.9910211003909676,0.9999122365078535,0.9998289413537753,0.9935223762394162,0.9999620228306018,0.9999258765672507,0.99363572496651,0.9319227800621815,0.9655243742842597,2.3102748043050614,2.5517641428096116,0.6284581304112554,0.22441705872926748,0.9030680539952484,0.13928090820492597,7.462220668686775
A_orig,0.5,0.25,10.0,7,0,blend,true,0.5973333333333334,0.919241032729505,0.9943406421384127,0.9895890734797406,0.9108719452850226,0.9931440740384782,0.9788654641522739,0.976073690587762,0.999424190303706,0.998661113453491,0.980635490213837,0.9996466388467306,0.9993136840394993,0.9907099118439786,0.9258851088535709,0.9491966797050982,3.8787691618103364,3.1540511640120696,0.6328732464374409,0.22717814845291814,0.9551499811070296,0.1604144278154199,7.56248186767279
A_orig,0.5,0.5,10.0,0,0,blend,true,0.601,0.8914718447224477,0.9904303897050969,0.9680032605157425,0.9259372388476391,0.995336832515242,0.9858340655473085,0.9698691972040842,0.9992727760407697,0.9980798149232176,0.9851708373103807,0.9997763686274794,0.9993641890761689,0.982664006644784,0.9240265086854098,0.9480645775170368,3.5476984266810723,3.0081687150253864,0.6423778062275304,0.22518385477941244,0.9647406951190648,0.35306852854589316,6.395258112595351
A_orig,0.5,0.5,10.0,1,0,blend,true,0.6016666666666667,0.8848319902750376,0.9892374291508842,0.9640917840640991,0.9232402797341468,0.9951129164258633,0.9842207744505436,0.9938634430067032,0.9999623012663723,0.9999318297230156,0.994143581232497,0.9999664804219204,0.9999093548284578,0.9964082781517114,0.9262399235754786,0.9570996511427214,2.488654609229114,2.918156983095934,0.6365122451581497,0.22640228049709704,0.9393313292273066,0.34358816378109514,6.30374933823411
A_orig,0.5,0.5,10.0,2,0,blend,true,0.6073333333333333,0.8819906450070267,0.9885254543685131,0.9634507562794888,0.9273855786203093,0.9954771703352394,0.9848994109054461,0.9854349360824064,0.9997524518426394,0.9991196795950809,0.9795286042673339,0.9994925765452587,0.9982325749930592,0.9901066610131344,0.9340138057272207,0.96719593436681,2.1026745423134163,2.6181408455628645,0.6258412088434322,0.2274406958238643,0.8419134029574545,0.33562072822710565,6.210132620023028
A_orig,0.5,0.5,10.0,3,0,blend,true,0.598,0.9059525299101868,0.9927238245100821,0.9790156888865711,0.9520226515150687,0.9981181817926632,0.9936186053357503,0.969938420998898,0.9992643145625311,0.997473747619589,0.9707805074784457,0.9993191593163601,0.9977153318670698,0.9949247554466532,0.927746215839351,0.961571186648592,2.2385413887912704,2.7134322147057417,0.631371893782666,0.22748742379837578,0.9222906525956999,0.35524596925043145,6.324718702007494
A_orig,0.5,0.5,10.0,4,0,blend,true,0.6003333333333334,0.8881726641592852,0.989937846741266,0.966312903559304,0.9365297666671868,0.996695886566539,0.9892747042075059,0.9826427101477284,0.9997287042278465,0.9991426757830413,0.9841046244414141,0.9997562097358382,0.9994986888114908,0.985101861814766,0.9386199764540734,0.9734373634273443,1.8565389928781197,2.5279709267262804,0.6125829455325301,0.2307229018033669,0.7752043446078762,0.3462258289704214,6.338672491292679
A_orig,0.5,0.5,10.0,5,0,blend,true,0.599,0.8957729501262,0.9911816957147858,0.9715351427361548,0.9385976063294804,0.9968845410455563,0.9893931273720541,0.9871168630751941,0.999862853653805,0.9995462734024755,0.9917954687187222,0.9999449647676772,0.9998108563870882,0.9920319182094345,0.9306026437981941,0.9643910664469985,2.2762633188663925,2.7100314847412434,0.6261738530690525,0.22852218069018523,0.8854472553360502,0.3474642407996735,6.2892866142194945
A_orig,0.5,0.5,10.0,6,0,blend,true,0.616,0.8911822405420038,0.9902800099831979,0.9707838408622781,0.9326290534892536,0.9962915259141574,0.9872306265378656,0.9910211003909676,0.9999122365078535,0.9998289413537753,0.9935223762394162,0.9999620228306018,0.9999258765672507,0.99363572496651,0.9319227800621815,0.9655243742842597,2.3102748043050614,2.5517641428096116,0.6284581304112554,0.22441705872926748,0.9030680539952484,0.3362712599586464,6.055479338266584
A_orig,0.5,0.5,10.0,7,0,blend,true,0.5973333333333334,0.8782408609832123,0.9880284607966927,0.9586896921531234,0.9108719452850226,0.9931440740384782,0.9788654641522739,0.976073690587762,0.999424190303706,0.998661113453491,0.980635490213837,0.9996466388467306,0.9993136840394993,0.9907099118439786,0.9258851088535709,0.9491966797050982,3.8787691618103364,3.1540511640120696,0.6328732464374409,0.22717814845291814,0.9551499811070296,0.3464617930916766,6.246221132357474
A_orig,0.5,0.75,10.0,0,0,blend,true,0.601,0.8395362593055182,0.9792586636980076,0.9265480450298565,0.9259372388476391,0.995336832515242,0.9858340655473085,0.9698691972040842,0.9992727760407697,0.9980798149232176,0.9851708373103807,0.9997763686274794,0.9993641890761689,0.982664006644784,0.9240265086854098,0.9480645775170368,3.5476984266810723,3.0081687150253864,0.6423778062275304,0.22518385477941244,0.9647406951190648,0.5299430810513361,7.718889132496022
A_orig,0.5,0.75,10.0,1,0,blend,true,0.6016666666666667,0.8337047776379027,0.9775937439156175,0.9207691219441706,0.9232402797341468,0.9951129164258633,0.9842207744505436,0.9938634430067032,0.9999623012663723,0.9999318297230156,0.994143581232497,0.9999664804219204,0.9999093548284578,0.9964082781517114,0.9262399235754786,0.9570996511427214,2.488654609229114,2.918156983095934,0.6365122451581497,0.22640228049709704,0.9393313292273066,0.5185033605115659,7.657838480126248
A_orig,0.5,0.75,10.0,2,0,blend,true,0.6073333333333333,0.8337518293404762,0.9774494572468326,0.9214129659516913,0.9273855786203093,0.9954771703352394,0.9848994109054461,0.9854349360824064,0.9997524518426394,0.9991196795950809,0.9795286042673339,0.9994925765452587,0.9982325749930592,0.9901066610131344,0.9340138057272207,0.96719593436681,2.1026745423134163,2.6181408455628645,0.6258412088434322,0.2274406958238643,0.8419134029574545,0.5148065838657852,7.615145571625672
A_orig,0.5,0.75,10.0,3,0,blend,true,0.598,0.8540736218689169,0.9826778937676138,0.9416065382857995,0.9520226515150687,0.9981181817926632,0.9936186053357503,0.969938420998898,0.9992643145625311,0.997473747619589,0.9707805074784457,0.9993191593163601,0.9977153318670698,0.9949247554466532,0.927746215839351,0.961571186648592,2.2385413887912704,2.7134322147057417,0.631371893782666,0.22748742379837578,0.9222906525956999,0.5387739954545753,7.687902757951076
A_orig,0.5,0.75,10.0,4,0,blend,true,0.6003333333333334,0.8384042605891956,0.9789388713516551,0.9256782233854153,0.9365297666671868,0.996695886566539,0.9892747042075059,0.9826427101477284,0.9997287042278465,0.9991426757830413,0.9841046244414141,0.9997562097358382,0.9994986888114908,0.985101861814766,0.9386199764540734,0.9734373634273443,1.8565389928781197,2.5279709267262804,0.6125829455325301,0.2307229018033669,0.7752043446078762,0.5205316424579861,7.696404993049025
A_orig,0.5,0.75,10.0,5,0,blend,true,0.599,0.8442297145064068,0.9804059252002902,0.9311011191675777,0.9385976063294804,0.9968845410455563,0.9893931273720541,0.9871168630751941,0.999862853653805,0.9995462734024755,0.9917954687187222,0.9999449647676772,0.9998108563870882,0.9920319182094345,0.9306026437981941,0.9643910664469985,2.2762633188663925,2.7100314847412434,0.6261738530690525,0.22852218069018523,0.8854472553360502,0.5263614575821045,7.6554044789755045
A_orig,0.5,0.75,10.0,6,0,blend,true,0.616,0.8403928132528424,0.9793071472974695,0.9284177914571462,0.9326290534892536,0.9962915259141574,0.9872306265378656,0.9910211003909676,0.9999122365078535,0.9998289413537753,0.9935223762394162,0.9999620228306018,0.9999258765672507,0.99363572496651,0.9319227800621815,0.9655243742842597,2.3102748043050614,2.5517641428096116,0.6284581304112554,0.22441705872926748,0.9030680539952484,0.5284085655657248,7.509927314132306
A_orig,0.5,0.75,10.0,7,0,blend,true,0.5973333333333334,0.8240019718469975,0.9750673479655328,0.9108837306777611,0.9108719452850226,0.9931440740384782,0.9788654641522739,0.976073690587762,0.999424190303706,0.998661113453491,0.980635490213837,0.9996466388467306,0.9993136840394993,0.9907099118439786,0.9258851088535709,0.9491966797050982,3.8787691618103364,3.1540511640120696,0.6328732464374409,0.22717814845291814,0.9551499811070296,0.5291944263782994,7.62591958888759
A_orig,0.5,1.0,10.0,0,0,blend,true,0.601,0.7907983578476235,0.9643867776155691,0.869477866628327,0.9259372388476391,0.995336832515242,0.9858340655473085,0.9698691972040842,0.9992727760407697,0.9980798149232176,0.9851708373103807,0.9997763686274794,0.9993641890761689,0.982664006644784,0.9240265086854098,0.9480645775170368,3.5476984266810723,3.0081687150253864,0.6423778062275304,0.22518385477941244,0.9647406951190648,0.6739554312387193,9.928759276758376
A_orig,0.5,1.0,10.0,1,0,blend,true,0.6016666666666667,0.7857520634094322,0.9623881220742381,0.8623337408048954,0.9232402797341468,0.9951129164258633,0.9842207744505436,0.9938634430067032,0.9999623012663723,0.9999318297230156,0.994143581232497,0.9999664804219204,0.9999093548284578,0.9964082781517114,0.9262399235754786,0.9570996511427214,2.488654609229114,2.918156983095934,0.6365122451581497,0.22640228049709704,0.9393313292273066,0.6555104397452288,9.912867074944296
A_orig,0.5,1.0,10.0,2,0,blend,true,0.6073333333333333,0.7870013378348932,0.9627492104667683,0.8651365462379155,0.9273855786203093,0.9954771703352394,0.9848994109054461,0.9854349360824064,0.9997524518426394,0.9991196795950809,0.9795286042673339,0.9994925765452587,0.9982325749930592,0.9901066610131344,0.9340138057272207,0.96719593436681,2.1026745423134163,2.6181408455628645,0.6258412088434322,0.2274406958238643,0.8419134029574545,0.6571342674831272,9.940751034505574
A_orig,0.5,1.0,10.0,3,0,blend,true,0.598,0.8031349191629537,0.9678127581078492,0.8868213920358794,0.9520226515150687,0.9981181817926632,0.9936186053357503,0.969938420998898,0.9992643145625311,0.997473747619589,0.9707805074784457,0.9993191593163601,0.9977153318670698,0.9949247554466532,0.927746215839351,0.961571186648592,2.2385413887912704,2.7134322147057417,0.631371893782666,0.22748742379837578,0.9222906525956999,0.6849362457487075,9.948293450611498
A_orig,0.5,1.0,10.0,4,0,blend,true,0.6003333333333334,0.7891157459760569,0.9634136625315999,0.8662556262495603,0.9365297666671868,0.996695886566539,0.9892747042075059,0.9826427101477284,0.9997287042278465,0.9991426757830413,0.9841046244414141,0.9997562097358382,0.9994986888114908,0.985101861814766,0.9386199764540734,0.9734373634273443,1.8565389928781197,2.5279709267262804,0.6125829455325301,0.2307229018033669,0.7752043446078762,0.6625952685980646,9.928618622537382
A_orig,0.5,1.0,10.0,5,0,blend,true,0.599,0.7950605108811171,0.9656304856539116,0.8747376694207957,0.9385976063294804,0.9968845410455563,0.9893931273720541,0.9871168630751941,0.999862853653805,0.9995462734024755,0.9917954687187222,0.9999449647676772,0.9998108563870882,0.9920319182094345,0.9306026437981941,0.9643910664469985,2.2762633188663925,2.7100314847412434,0.6261738530690525,0.22852218069018523,0.8854472553360502,0.6723145798994279,9.933821492793578
A_orig,0.5,1.0,10.0,6,0,blend,true,0.616,0.7901508447184713,0.9636730035978391,0.8689901297391741,0.9326290534892536,0.9962915259141574,0.9872306265378656,0.9910211003909676,0.9999122365078535,0.9998289413537753,0.9935223762394162,0.9999620228306018,0.9999258765672507,0.99363572496651,0.9319227800621815,0.9655243742842597,2.3102748043050614,2.5517641428096116,0.6284581304112554,0.22441705872926748,0.9030680539952484,0.677040808006181,9.940218567112368
A_orig,0.5,1.0,10.0,7,0,blend,true,0.5973333333333334,0.7766987669839565,0.9595495913962644,0.8495746557465261,0.9108719452850226,0.9931440740384782,0.9788654641522739,0.976073690587762,0.999424190303706,0.998661113453491,0.980635490213837,0.9996466388467306,0.9993136840394993,0.9907099118439786,0.9258851088535709,0.9491966797050982,3.8787691618103364,3.1540511640120696,0.6328732464374409,0.22717814845291814,0.9551499811070296,0.6745019613005468,9.944143878056746
A_orig,1.0,0.0,10.0,0,0,blend,true,0.602,0.8864525433847421,0.9876797522474529,0.9981527595744557,0.8616424943736767,0.9828022915005776,0.9533261150112837,0.952936385433316,0.997916641396699,0.9951914390173495,0.9698742634347551,0.9989941535880579,0.9975085155608784,0.9804149961277976,0.8732573268048313,0.7410636174113521,16.85887276515595,5.05438342336833,0.7453576947120244,0.19634497848056942,1.9614191779164032,0.0165314154818829,9.784884425708103
A_orig,1.0,0.0,10.0,1,0,blend,true,0.596,0.8843885148378361,0.987286063051812,0.9984515394058442,0.8535237546379304,0.9813694213896573,0.9473165223626675,0.9669851185698557,0.9988904878474958,0.9975414661710895,0.9762322313583434,0.9994249966537312,0.9989868036533631,0.988851396038487,0.8714689729205413,0.7596765745883762,11.825841030176601,4.91135504422275,0.7457416882627861,0.19716950049314588,1.9736798969793354,0.023930741781659777,9.806820222456903
A_orig,1.0,0.0,10.0,2,0,blend,true,0.6066666666666667,0.8813552653359772,0.9865822855590768,0.998562086754989,0.8645962469483989,0.9841366048922603,0.9513984658288837,0.9887882836835458,0.9998588592588381,0.9996033060175087,0.9837113544118309,0.9996793076415849,0.9988833124365456,0.9916956919284723,0.8734885357695009,0.8445766226624959,5.849536987769831,4.604749197082499,0.7407799403985844,0.19820315319033738,1.868819980460654,0.015130347247912557,9.774214784187132
A_orig,1.0,0.0,10.0,3,0,blend,true,0.5996666666666667,0.887416617686905,0.9878224833090914,0.9964080932962923,0.8862253821046956,0.9885764960951698,0.9671985557780435,0.9770803376940421,0.9995358507274683,0.9993012968858549,0.975245622306282,0.9994519128759349,0.9988197900572888,0.9946514833419418,0.8707318176963053,0.8374802835319686,6.025290928073275,4.85176833917007,0.7400591224933456,0.19854523865247256,1.908945132534476,0.05602940842355881,9.805001042590858
A_orig,1.0,0.0,10.0,4,0,blend,true,0.598,0.8916825663540612,0.9888146833297655,0.9985958862206968,0.8711932788785307,0.9855844280539828,0.9586981270360155,0.9924415102578563,0.9999415422400906,0.9999347188834149,0.9787574077531808,0.9995726225096281,0.9994009828956524,0.9817970188320415,0.88126386374786,0.8565990438080134,4.642127216899696,4.374466316233899,0.7243804666744317,0.20430700232866297,1.7496170649997194,0.04839678467645012,9.776596200889824
A_orig,1.0,0.0,10.0,5,0,blend,true,0.5976666666666667,0.8950429378006228,0.9895229106460012,0.9992331261453848,0.8749877409873955,0.9865451042717538,0.9597141225080896,0.9920101463814899,0.9999377401149496,0.9999655912272405,0.9887017220858998,0.9998801213558066,0.9999701729738257,0.9943783072983181,0.8748452430702305,0.8443735349620218,6.498513965897737,4.775966775198831,0.7319662537410745,0.20203150273417472,1.8133920197350892,0.05750840191206708,9.784590422676569
A_orig,1.0,0.0,10.0,6,0,blend,true,0.6103333333333333,0.8828555757756253,0.9870823771946136,0.9990195506102383,0.8721860789603568,0.9862811496318946,0.9567216373994394,0.9905319328404967,0.9998923335623562,0.9996168412124032,0.989563949237891,0.9999111001291423,0.9996911282212789,0.9842709167170685,0.8822334746187152,0.8706804276441539,6.243864933737426,4.20281671208747,0.7231189489632734,0.20263495612786078,1.6992891400145367,0.008809961462883478,9.823831111088781
A_orig,1.0,0.0,10.0,7,0,blend,true,0.6033333333333334,0.8928316932567245,0.9892595720691987,0.9991827814461637,0.8501112400309618,0.9801122755880108,0.9445647270677601,0.9594249034537108,0.9982293893805226,0.9960754133898932,0.9595262901478575,0.9982679092232818,0.9964903716243597,0.9951582424401487,0.8820729198748618,0.8222890313025079,8.091871696097394,4.203942057182042,0.7341120757695343,0.1999106847294197,1.8767832257066475,0.042161432593063486,9.81397692704371
A_orig,1.0,0.25,10.0,0,0,blend,true,0.602,0.9285230049172541,0.9953565664590528,0.9950409482501178,0.8616424943736767,0.9828022915005776,0.9533261150112837,0.952936385433316,0.997916641396699,0.9951914390173495,0.9698742634347551,0.9989941535880579,0.9975085155608784,0.9804149961277976,0.8732573268048313,0.7410636174113521,16.85887276515595,5.05438342336833,0.7453576947120244,0.19634497848056942,1.9614191779164032,0.15999126657715923,7.517363319266839
A_orig,1.0,0.25,10.0,1,0,blend,true,0.596,0.9179861558153162,0.9940500516075845,0.9906753708968932,0.8535237546379304,0.9813694213896573,0.9473165223626675,0.9669851185698557,0.9988904878474958,0.9975414661710895,0.9762322313583434,0.9994249966537312,0.9989868036533631,0.988851396038487,0.8714689729205413,0.7596765745883762,11.825841030176601,4.91135504422275,0.7457416882627861,0.19716950049314588,1.9736798969793354,0.1617587866008818,7.56285035023698
A_orig,1.0,0.25,10.0,2,0,blend,true,0.6066666666666667,0.9127064516780995,0.9931039264831701,0.9905489469531805,0.8645962469483989,0.9841366048922603,0.9513984658288837,0.9887882836835458,0.9998588592588381,0.9996033060175087,0.9837113544118309,0.9996793076415849,0.9988833124365456,0.9916956919284723,0.8734885357695009,0.8445766226624959,5.849536987769831,4.604749197082499,0.7407799403985844,0.19820315319033738,1.868819980460654,0.16116888347501054,7.534618259769737
A_orig,1.0,0.25,10.0,3,0,blend,true,0.5996666666666667,0.9285132601388589,0.9952226817642963,0.9958088399751609,0.8862253821046956,0.9885764960951698,0.9671985557780435,0.9770803376940421,0.9995358507274683,0.9993012968858549,0.975245622306282,0.9994519128759349,0.9988197900572888,0.9946514833419418,0.8707318176963053,0.8374802835319686,6.025290928073275,4.85176833917007,0.7400591224933456,0.19854523865247256,1.908945132534476,0.1946952248484921,7.658172940857157
A_orig,1.0,0.25,10.0,4,0,blend,true,0.598,0.9205064423959001,0.9944913904216691,0.9893347544085366,0.8711932788785307,0.9855844280539828,0.9586981270360155,0.9924415102578563,0.9999415422400906,0.9999347188834149,0.9787574077531808,0.9995726225096281,0.9994009828956524,0.9817970188320415,0.88126386374786,0.8565990438080134,4.642127216899696,4.374466316233899,0.7243804666744317,0.20430700232866297,1.7496170649997194,0.18652293700427489,7.68498280406391
A_orig,1.0,0.25,10.0,5,0,blend,true,0.5976666666666667,0.928562203546158,0.9955468078622332,0.9927017142832973,0.8749877409873955,0.9865451042717538,0.9597141225080896,0.9920101463814899,0.9999377401149496,0.9999655912272405,0.9887017220858998,0.9998801213558066,0.9999701729738257,0.9943783072983181,0.8748452430702305,0.8443735349620218,6.498513965897737,4.775966775198831,0.7319662537410745,0.20203150273417472,1.8133920197350892,0.19438768038994864,7.654972847979869
A_orig,1.0,0.25,10.0,6,0,blend,true,0.6103333333333333,0.9219767220239748,0.9944836332314104,0.9946690709967333,0.8721860789603568,0.9862811496318946,0.9567216373994394,0.9905319328404967,0.9998923335623562,0.9996168412124032,0.989563949237891,0.9999111001291423,0.9996911282212789,0.9842709167170685,0.8822334746187152,0.8706804276441539,6.243864933737426,4.20281671208747,0.7231189489632734,0.20263495612786078,1.6992891400145367,0.15768910891310867,7.541406196561983
A_orig,1.0,0.25,10.0,7,0,blend,true,0.6033333333333334,0.9185264028670567,0.9943842688138894,0.987803325398908,0.8501112400309618,0.9801122755880108,0.9445647270677601,0.9594249034537108,0.9982293893805226,0.9960754133898932,0.9595262901478575,0.9982679092232818,0.9964903716243597,0.9951582424401487,0.8820729198748618,0.8222890313025079,8.091871696097394,4.203942057182042,0.7341120757695343,0.1999106847294197,1.8767832257066475,0.1877926840080931,7.6338751499152515
A_orig,1.0,0.5,10.0,0,0,blend,true,0.602,0.895867307414453,0.9909987053464714,0.9688830599891785,0.8616424943736767,0.9828022915005776,0.9533261150112837,0.952936385433316,0.997916641396699,0.9951914390173495,0.9698742634347551,0.9989941535880579,0.9975085155608784,0.9804149961277976,0.8732573268048313,0.7410636174113521,16.85887276515595,5.05438342336833,0.7453576947120244,0.19634497848056942,1.9614191779164032,0.345114088790856,6.169221405117514
A_orig,1.0,0.5,10.0,1,0,blend,true,0.596,0.8842558903568883,0.9887295649063713,0.9610929341979014,0.8535237546379304,0.9813694213896573,0.9473165223626675,0.9669851185698557,0.9988904878474958,0.9975414661710895,0.9762322313583434,0.9994249966537312,0.9989868036533631,0.988851396038487,0.8714689729205413,0.7596765745883762,11.825841030176601,4.91135504422275,0.7457416882627861,0.19716950049314588,1.9736798969793354,0.33792283600467193,6.204900234214873
A_orig,1.0,0.5,10.0,2,0,blend,true,0.6066666666666667,0.8809160244468789,0.988000626465477,0.9595945238779556,0.8645962469483989,0.9841366048922603,0.9513984658288837,0.9887882836835458,0.9998588592588381,0.9996033060175087,0.9837113544118309,0.9996793076415849,0.9988833124365456,0.9916956919284723,0.8734885357695009,0.8445766226624959,5.849536987769831,4.604749197082499,0.7407799403985844,0.19820315319033738,1.868819980460654,0.34190979211535416,6.219074974165786
A_orig,1.0,0.5,10.0,3,0,blend,true,0.5996666666666667,0.9038496493016404,0.9922023480041603,0.9739713282099765,0.8862253821046956,0.9885764960951698,0.9671985557780435,0.9770803376940421,0.9995358507274683,0.9993012968858549,0.975245622306282,0.9994519128759349,0.9988197900572888,0.9946514833419418,0.8707318176963053,0.8374802835319686,6.025290928073275,4.85176833917007,0.7400591224933456,0.19854523865247256,1.908945132534476,0.36812247538915543,6.404577035044486
A_orig,1.0,0.5,10.0,4,0,blend,true,0.598,0.8848402429519144,0.9889361635356537,0.9615131116019926,0.8711932788785307,0.9855844280539828,0.9586981270360155,0.9924415102578563,0.9999415422400906,0.9999347188834149,0.9787574077531808,0.9995726225096281,0.9994009828956524,0.9817970188320415,0.88126386374786,0.8565990438080134,4.642127216899696,4.374466316233899,0.7243804666744317,0.20430700232866297,1.7496170649997194,0.35791963923527786,6.456619389272871
A_orig,1.0,0.5,10.0,5,0,blend,true,0.5976666666666667,0.8932356337173397,0.9905797747145815,0.9673276024887314,0.8749877409873955,0.9865451042717538,0.9597141225080896,0.9920101463814899,0.9999377401149496,0.9999655912272405,0.9887017220858998,0.9998801213558066,0.9999701729738257,0.9943783072983181,0.8748452430702305,0.8443735349620218,6.498513965897737,4.775966775198831,0.7319662537410745,0.20203150273417472,1.8133920197350892,0.3660098123730871,6.406979757105435
A_orig,1.0,0.5,10.0,6,0,blend,true,0.6103333333333333,0.891648613267431,0.9904731044577876,0.967665705544963,0.8721860789603568,0.9862811496318946,0.9567216373994394,0.9905319328404967,0.9998923335623562,0.9996168412124032,0.989563949237891,0.9999111001291423,0.9996911282212789,0.9842709167170685,0.8822334746187152,0.8706804276441539,6.243864933737426,4.20281671208747,0.7231189489632734,0.20263495612786078,1.6992891400145367,0.34592407212220977,6.184198055225226
A_orig,1.0,0.5,10.0,7,0,blend,true,0.6033333333333334,0.8749926170970356,0.9870150433611817,0.9548866032550989,0.8501112400309618,0.9801122755880108,0.9445647270677601,0.9594249034537108,0.9982293893805226,0.9960754133898932,0.9595262901478575,0.9982679092232818,0.9964903716243597,0.9951582424401487,0.8820729198748618,0.8222890313025079,8.091871696097394,4.203942057182042,0.7341120757695343,0.1999106847294197,1.8767832257066475,0.3691124654967078,6.369438621610136
A_orig,1.0,0.75,10.0,0,0,blend,true,0.602,0.8352364588600685,0.977335325750792,0.9218936422345924,0.8616424943736767,0.9828022915005776,0.9533261150112837,0.952936385433316,0.997916641396699,0.9951914390173495,0.9698742634347551,0.9989941535880579,0.9975085155608784,0.9804149961277976,0.8732573268048313,0.7410636174113521,16.85887276515595,5.05438342336833,0.7453576947120244,0.19634497848056942,1.9614191779164032,0.5393781811926782,7.59088064390269
A_orig,1.0,0.75,10.0,1,0,blend,true,0.596,0.8279147592701225,0.9750988196563743,0.9132620293738548,0.8535237546379304,0.9813694213896573,0.9473165223626675,0.9669851185698557,0.9988904878474958,0.9975414661710895,0.9762322313583434,0.9994249966537312,0.9989868036533631,0.988851396038487,0.8714689729205413,0.7596765745883762,11.825841030176601,4.91135504422275,0.7457416882627861,0.19716950049314588,1.9736798969793354,0.5176579020516185,7.624109598265229
A_orig,1.0,0.75,10.0,2,0,blend,true,0.6066666666666667,0.8254328791786456,0.9743693361967708,0.9096624068560217,0.8645962469483989,0.9841366048922603,0.9513984658288837,0.9887882836835458,0.9998588592588381,0.9996033060175087,0.9837113544118309,0.9996793076415849,0.9988833124365456,0.9916956919284723,0.8734885357695009,0.8445766226624959,5.849536987769831,4.604749197082499,0.7407799403985844,0.19820315319033738,1.868819980460654,0.5279422089280931,7.620841250961154
A_orig,1.0,0.75,10.0,3,0,blend,true,0.5996666666666667,0.8512272330289747,0.9815510867070468,0.9352605096482437,0.8862253821046956,0.9885764960951698,0.9671985557780435,0.9770803376940421,0.9995358507274683,0.9993012968858549,0.975245622306282,0.9994519128759349,0.9988197900572888,0.9946514833419418,0.8707318176963053,0.8374802835319686,6.025290928073275,4.85176833917007,0.7400591224933456,0.19854523865247256,1.908945132534476,0.5453262430984235,7.719120655869631
A_orig,1.0,0.75,10.0,4,0,blend,true,0.598,0.8323081097312054,0.9766503639639731,0.9184704658422973,0.8711932788785307,0.9855844280539828,0.9586981270360155,0.9924415102578563,0.9999415422400906,0.9999347188834149,0.9787574077531808,0.9995726225096281,0.9994009828956524,0.9817970188320415,0.88126386374786,0.8565990438080134,4.642127216899696,4.374466316233899,0.7243804666744317,0.20430700232866297,1.7496170649997194,0.5309698784369384,7.754662451219113
A_orig,1.0,0.75,10.0,5,0,blend,true,0.5976666666666667,0.8385296156310054,0.9784517771719594,0.9253423210201719,0.8749877409873955,0.9865451042717538,0.9597141225080896,0.9920101463814899,0.9999377401149496,0.9999655912272405,0.9887017220858998,0.9998801213558066,0.9999701729738257,0.9943783072983181,0.8748452430702305,0.8443735349620218,6.498513965897737,4.775966775198831,0.7319662537410745,0.20203150273417472,1.8133920197350892,0.5414193298761991,7.725714540291233
A_orig,1.0,0.75,10.0,6,0,blend,true,0.6103333333333333,0.8326317811940012,0.9771155672569061,0.9192784776414352,0.8721860789603568,0.9862811496318946,0.9567216373994394,0.9905319328404967,0.9998923335623562,0.9996168412124032,0.989563949237891,0.9999111001291423,0.9996911282212789,0.9842709167170685,0.8822334746187152,0.8706804276441539,6.243864933737426,4.20281671208747,0.7231189489632734,0.20263495612786078,1.6992891400145367,0.5383248865270251,7.606720706618784
A_orig,1.0,0.75,10.0,7,0,blend,true,0.6033333333333334,0.8171219486149727,0.9722279467812779,0.9049699117602844,0.8501112400309618,0.9801122755880108,0.9445647270677601,0.9594249034537108,0.9982293893805226,0.9960754133898932,0.9595262901478575,0.9982679092232818,0.9964903716243597,0.9951582424401487,0.8820729198748618,0.8222890313025079,8.091871696097394,4.203942057182042,0.7341120757695343,0.1999106847294197,1.8767832257066475,0.5518355611421812,7.6984761321649495
A_orig,1.0,1.0,10.0,0,0,blend,true,0.602,0.7818712220601266,0.9610624692409376,0.8604522598447548,0.8616424943736767,0.9828022915005776,0.9533261150112837,0.952936385433316,0.997916641396699,0.9951914390173495,0.9698742634347551,0.9989941535880579,0.9975085155608784,0.9804149961277976,0.8732573268048313,0.7410636174113521,16.85887276515595,5.05438342336833,0.7453576947120244,0.19634497848056942,1.9614191779164032,0.7009996699757477,9.951811280220117
A_orig,1.0,1.0,10.0,1,0,blend,true,0.596,0.7775461990723069,0.9592235986713369,0.8530791334282651,0.8535237546379304,0.9813694213896573,0.9473165223626675,0.9669851185698557,0.9988904878474958,0.9975414661710895,0.9762322313583434,0.9994249966537312,0.9989868036533631,0.988851396038487,0.8714689729205413,0.7596765745883762,11.825841030176601,4.91135504422275,0.7457416882627861,0.19716950049314588,1.9736798969793354,0.66871224862031,9.927976016977677
A_orig,1.0,1.0,10.0,2,0,blend,true,0.6066666666666667,0.7758876485328283,0.9584837860300819,0.8493480486609525,0.8645962469483989,0.9841366048922603,0.9513984658288837,0.9887882836835458,0.9998588592588381,0.9996033060175087,0.9837113544118309,0.9996793076415849,0.9988833124365456,0.9916956919284723,0.8734885357695009,0.8445766226624959,5.849536987769831,4.604749197082499,0.7407799403985844,0.19820315319033738,1.868819980460654,0.6822139039130227,9.957343414303983
A_orig,1.0,1.0,10.0,3,0,blend,true,0.5996666666666667,0.803878752717961,0.9685319443358067,0.8868676068327315,0.8862253821046956,0.9885764960951698,0.9671985557780435,0.9770803376940421,0.9995358507274683,0.9993012968858549,0.975245622306282,0.9994519128759349,0.9988197900572888,0.9946514833419418,0.8707318176963053,0.8374802835319686,6.025290928073275,4.85176833917007,0.7400591224933456,0.19854523865247256,1.908945132534476,0.691869384862689,9.956750219784329
A_orig,1.0,1.0,10.0,4,0,blend,true,0.598,0.784578114798092,0.9619976576218019,0.8627534682258658,0.8711932788785307,0.9855844280539828,0.9586981270360155,0.9924415102578563,0.9999415422400906,0.9999347188834149,0.9787574077531808,0.9995726225096281,0.9994009828956524,0.9817970188320415,0.88126386374786,0.8565990438080134,4.642127216899696,4.374466316233899,0.7243804666744317,0.20430700232866297,1.7496170649997194,0.6749035658116507,9.943582734023133
A_orig,1.0,1.0,10.0,5,0,blend,true,0.5976666666666667,0.7890068532579498,0.9637141247812452,0.869341482926556,0.8749877409873955,0.9865451042717538,0.9597141225080896,0.9920101463814899,0.9999377401149496,0.9999655912272405,0.9887017220858998,0.9998801213558066,0.9999701729738257,0.9943783072983181,0.8748452430702305,0.8443735349620218,6.498513965897737,4.775966775198831,0.7319662537410745,0.20203150273417472,1.8133920197350892,0.6898203301050572,9.94288512515727
A_orig,1.0,1.0,10.0,6,0,blend,true,0.6103333333333333,0.7806900175159017,0.9608064503199639,0.8572897636648785,0.8721860789603568,0.9862811496318946,0.9567216373994394,0.9905319328404967,0.9998923335623562,0.9996168412124032,0.989563949237891,0.9999111001291423,0.9996911282212789,0.9842709167170685,0.8822334746187152,0.8706804276441539,6.243864933737426,4.20281671208747,0.7231189489632734,0.20263495612786078,1.6992891400145367,0.6901327058222684,9.949493345239526
A_orig,1.0,1.0,10.0,7,0,blend,true,0.6033333333333334,0.7699202393846724,0.9568045251519185,0.845652222599071,0.8501112400309618,0.9801122755880108,0.9445647270677601,0.9594249034537108,0.9982293893805226,0.9960754133898932,0.9595262901478575,0.9982679092232818,0.9964903716243597,0.9951582424401487,0.8820729198748618,0.8222890313025079,8.091871696097394,4.203942057182042,0.7341120757695343,0.1999106847294197,1.8767832257066475,0.698003734439585,9.954291599636203
A_orig,1.5,0.0,10.0,0,0,blend,true,0.6046666666666667,0.8875538699309932,0.9877753580410639,0.9966310314239117,0.8197524699860325,0.9700180206527298,0.9252450015462799,0.9416373683590978,0.9965193710324948,0.9930972587067658,0.950214875140268,0.9972802996224558,0.9942988145679266,0.9837029077152367,0.8493810733582803,0.5884299601838432,17.559187782044653,6.3264636766842735,0.8102406614471294,0.17090394755421054,2.845700535634037,0.020680804682965424,9.805963700651855
A_orig,1.5,0.0,10.0,1,0,blend,true,0.5993333333333334,0.89022336286456,0.9885020474849825,0.9983337927230207,0.8125289379723573,0.9686336405855153,0.9195722593308121,0.9468860708735223,0.9970799732557631,0.9934255771896657,0.9530517110173762,0.9976731765134077,0.9952410977577074,0.9887372685173309,0.847607270289962,0.6445213740294885,13.12934263525529,6.583878179792584,0.8087589001645386,0.17242947390301144,2.817653987337745,0.028130851906492643,9.820097081306855
A_orig,1.5,0.0,10.0,2,0,blend,true,0.6036666666666667,0.8798270542602293,0.9861248218430437,0.9955578489145208,0.8209028781934757,0.9715164667114323,0.9209295238056062,0.9825544817732865,0.9996807411613239,0.9996129522703942,0.9751961894394284,0.9993274088462477,0.9982358773881697,0.987499654094021,0.8380588787688339,0.7005068747059455,11.541735981704445,6.722696378679098,0.8065782464789748,0.1737281598296316,2.734370446565585,0.07127344279219808,9.805627491485271
A_orig,1.5,0.0,10.0,3,0,blend,true,0.5993333333333334,0.8851423817934414,0.9872650403501135,0.99569771219813,0.8480069937916993,0.9788669644433488,0.9440686539194678,0.9778519757703743,0.9995318314156844,0.9990453181802964,0.9775528738407551,0.9995098908205355,0.9990852082846512,0.9892868431837116,0.8381274308633279,0.6418930006878648,15.91996594538953,7.3692708247165415,0.7989416508266719,0.17673602618123305,2.6578667629639656,0.058150448719125385,9.831334144687524
A_orig,1.5,0.0,10.0,4,0,blend,true,0.6013333333333334,0.8869419053058994,0.9877343311779355,0.9976724445321807,0.8195610050705919,0.9707528298461955,0.9273762213423747,0.9709426121839441,0.9991326227597626,0.9987891315098406,0.9631483628378668,0.9986614305415373,0.9977252658780674,0.9900784408149204,0.8424398226089785,0.6451790387212649,13.957795156946144,6.8134639096559075,0.8037422876699122,0.17476202881210873,2.7435596131345634,0.04754999961999583,9.795017215998794
A_orig,1.5,0.0,10.0,5,0,blend,true,0.5966666666666667,0.8908328657954262,0.9886914717898848,0.9992127562026887,0.8240410996152927,0.9723076213271462,0.9270481935172339,0.9693896467214259,0.9989687635721709,0.9978701183937475,0.9694106324149483,0.9989778090147716,0.9981781927524425,0.9953057116556598,0.8429248106846926,0.6441420773267106,14.972979667589142,6.773659095293998,0.8057754282284499,0.17426045359471592,2.770567212805953,0.07712783212116962,9.780891774578906
A_orig,1.5,0.0,10.0,6,0,blend,true,0.6156666666666667,0.8842491830812989,0.9872105286760792,0.998457210615665,0.8271736657292397,0.9733576792453644,0.9259416401040617,0.9744270622857459,0.9992688142988246,0.9979244739982407,0.9663920645432815,0.9987881412158084,0.9965409028730063,0.9860831017392034,0.8531187262204104,0.7065590762000711,13.20729154422674,6.033125448374718,0.7997035581010626,0.17394901826327316,2.6369699303726795,0.025426457258506088,9.769508933953531
A_orig,1.5,0.0,10.0,7,0,blend,true,0.6036666666666667,0.884938294971118,0.9875490771067073,0.999073743180769,0.8030540915756358,0.9648031438503629,0.9105602769502605,0.936630078801164,0.9956499216541767,0.9890210024885498,0.9335798708742299,0.9952619728658335,0.9894563155173113,0.9872283687076833,0.8541292818081286,0.696405633967621,12.691509507224279,5.5451196257616955,0.8030791643813924,0.17434961176991084,2.7843960997626658,0.06164051575659738,9.829818848057853
A_orig,1.5,0.25,10.0,0,0,blend,true,0.6046666666666667,0.9304855719319167,0.9955403412713935,0.9921597404870564,0.8197524699860325,0.9700180206527298,0.9252450015462799,0.9416373683590978,0.9965193710324948,0.9930972587067658,0.950214875140268,0.9972802996224558,0.9942988145679266,0.9837029077152367,0.8493810733582803,0.5884299601838432,17.559187782044653,6.3264636766842735,0.8102406614471294,0.17090394755421054,2.845700535634037,0.16398342553040002,7.540742186826844
A_orig,1.5,0.25,10.0,1,0,blend,true,0.5993333333333334,0.9241526190811318,0.9949834053248552,0.9901213700997298,0.8125289379723573,0.9686336405855153,0.9195722593308121,0.9468860708735223,0.9970799732557631,0.9934255771896657,0.9530517110173762,0.9976731765134077,0.9952410977577074,0.9887372685173309,0.847607270289962,0.6445213740294885,13.12934263525529,6.583878179792584,0.8087589001645386,0.17242947390301144,2.817653987337745,0.17101530989828437,7.578036154231812
A_orig,1.5,0.25,10.0,2,0,blend,true,0.6036666666666667,0.9004247167675588,0.9910558786090676,0.9812807687397472,0.8209028781934757,0.9715164667114323,0.9209295238056062,0.9825544817732865,0.9996807411613239,0.9996129522703942,0.9751961894394284,0.9993274088462477,0.9982358773881697,0.987499654094021,0.8380588787688339,0.7005068747059455,11.541735981704445,6.722696378679098,0.8065782464789748,0.1737281598296316,2.734370446565585,0.2076656624654132,7.717054704709608
A_orig,1.5,0.25,10.0,3,0,blend,true,0.5993333333333334,0.9301870809127566,0.9953791117784748,0.9952000071788502,0.8480069937916993,0.9788669644433488,0.9440686539194678,0.9778519757703743,0.9995318314156844,0.9990453181802964,0.9775528738407551,0.9995098908205355,0.9990852082846512,0.9892868431837116,0.8381274308633279,0.6418930006878648,15.91996594538953,7.3692708247165415,0.7989416508266719,0.17673602618123305,2.6578667629639656,0.1938252887724478,7.612805486069882
A_orig,1.5,0.25,10.0,4,0,blend,true,0.6013333333333334,0.9237564331136784,0.9949041787849904,0.9897664954000726,0.8195610050705919,0.9707528298461955,0.9273762213423747,0.9709426121839441,0.9991326227597626,0.9987891315098406,0.9631483628378668,0.9986614305415373,0.9977252658780674,0.9900784408149204,0.8424398226089785,0.6451790387212649,13.957795156946144,6.8134639096559075,0.8037422876699122,0.17476202881210873,2.7435596131345634,0.18475731401583656,7.561839176214024
A_orig,1.5,0.25,10.0,5,0,blend,true,0.5966666666666667,0.928477387614148,0.9955420387053353,0.9925754597006996,0.8240410996152927,0.9723076213271462,0.9270481935172339,0.9693896467214259,0.9989687635721709,0.9978701183937475,0.9694106324149483,0.9989778090147716,0.9981781927524425,0.9953057116556598,0.8429248106846926,0.6441420773267106,14.972979667589142,6.773659095293998,0.8057754282284499,0.17426045359471592,2.770567212805953,0.2048182724675431,7.660050984575376
A_orig,1.5,0.25,10.0,6,0,blend,true,0.6156666666666667,0.9280903006224439,0.9953715311399175,0.9934097701029353,0.8271736657292397,0.9733576792453644,0.9259416401040617,0.9744270622857459,0.9992688142988246,0.9979244739982407,0.9663920645432815,0.9987881412158084,0.9965409028730063,0.9860831017392034,0.8531187262204104,0.7065590762000711,13.20729154422674,6.033125448374718,0.7997035581010626,0.17394901826327316,2.6369699303726795,0.17263779160257864,7.537266472752339
A_orig,1.5,0.25,10.0,7,0,blend,true,0.6036666666666667,0.9155747150562654,0.9939342337046644,0.9868323051139657,0.8030540915756358,0.9648031438503629,0.9105602769502605,0.936630078801164,0.9956499216541767,0.9890210024885498,0.9335798708742299,0.9952619728658335,0.9894563155173113,0.9872283687076833,0.8541292818081286,0.696405633967621,12.691509507224279,5.5451196257616955,0.8030791643813924,0.17434961176991084,2.7843960997626658,0.1968420131136419,7.652658514209524
A_orig,1.5,0.5,10.0,0,0,blend,true,0.6046666666666667,0.8900677484559457,0.9890560575308636,0.9626394012970668,0.8197524699860325,0.9700180206527298,0.9252450015462799,0.9416373683590978,0.9965193710324948,0.9930972587067658,0.950214875140268,0.9972802996224558,0.9942988145679266,0.9837029077152367,0.8493810733582803,0.5884299601838432,17.559187782044653,6.3264636766842735,0.8102406614471294,0.17090394755421054,2.845700535634037,0.3513311399215562,6.193486573720126
A_orig,1.5,0.5,10.0,1,0,blend,true,0.5993333333333334,0.8839223986356066,0.9882863725819937,0.9597021888659225,0.8125289379723573,0.9686336405855153,0.9195722593308121,0.9468860708735223,0.9970799732557631,0.9934255771896657,0.9530517110173762,0.9976731765134077,0.9952410977577074,0.9887372685173309,0.847607270289962,0.6445213740294885,13.12934263525529,6.583878179792584,0.8087589001645386,0.17242947390301144,2.817653987337745,0.3459233107909579,6.263852392494287
A_orig,1.5,0.5,10.0,2,0,blend,true,0.6036666666666667,0.8658277363474517,0.984101070016383,0.9448881768921099,0.8209028781934757,0.9715164667114323,0.9209295238056062,0.9825544817732865,0.9996807411613239,0.9996129522703942,0.9751961894394284,0.9993274088462477,0.9982358773881697,0.987499654094021,0.8380588787688339,0.7005068747059455,11.541735981704445,6.722696378679098,0.8065782464789748,0.1737281598296316,2.734370446565585,0.377138134151974,6.4844336831295575
A_orig,1.5,0.5,10.0,3,0,blend,true,0.5993333333333334,0.9043846982596263,0.9920268228112463,0.9726895092416317,0.8480069937916993,0.9788669644433488,0.9440686539194678,0.9778519757703743,0.9995318314156844,0.9990453181802964,0.9775528738407551,0.9995098908205355,0.9990852082846512,0.9892868431837116,0.8381274308633279,0.6418930006878648,15.91996594538953,7.3692708247165415,0.7989416508266719,0.17673602618123305,2.6578667629639656,0.3658895786465297,6.301151174462143
A_orig,1.5,0.5,10.0,4,0,blend,true,0.6013333333333334,0.8858318078026546,0.9885443992544888,0.9607878185646636,0.8195610050705919,0.9707528298461955,0.9273762213423747,0.9709426121839441,0.9991326227597626,0.9987891315098406,0.9631483628378668,0.9986614305415373,0.9977252658780674,0.9900784408149204,0.8424398226089785,0.6451790387212649,13.957795156946144,6.8134639096559075,0.8037422876699122,0.17476202881210873,2.7435596131345634,0.3585046623155763,6.23693349704092
A_orig,1.5,0.5,10.0,5,0,blend,true,0.5966666666666667,0.890997337963936,0.9898287427901364,0.965055785610284,0.8240410996152927,0.9723076213271462,0.9270481935172339,0.9693896467214259,0.9989687635721709,0.9978701183937475,0.9694106324149483,0.9989778090147716,0.9981781927524425,0.9953057116556598,0.8429248106846926,0.6441420773267106,14.972979667589142,6.773659095293998,0.8057754282284499,0.17426045359471592,2.770567212805953,0.3717522732400601,6.418943137373246
A_orig,1.5,0.5,10.0,6,0,blend,true,0.6156666666666667,0.8898404331760611,0.9896015815918888,0.9639148166766298,0.8271736657292397,0.9733576792453644,0.9259416401040617,0.9744270622857459,0.9992688142988246,0.9979244739982407,0.9663920645432815,0.9987881412158084,0.9965409028730063,0.9860831017392034,0.8531187262204104,0.7065590762000711,13.20729154422674,6.033125448374718,0.7997035581010626,0.17394901826327316,2.6369699303726795,0.3580367445111762,6.236711413810173
A_orig,1.5,0.5,10.0,7,0,blend,true,0.6036666666666667,0.8702529296414697,0.9856175452334989,0.9504704173111941,0.8030540915756358,0.9648031438503629,0.9105602769502605,0.936630078801164,0.9956499216541767,0.9890210024885498,0.9335798708742299,0.9952619728658335,0.9894563155173113,0.9872283687076833,0.8541292818081286,0.696405633967621,12.691509507224279,5.5451196257616955,0.8030791643813924,0.17434961176991084,2.7843960997626658,0.3702726187703691,6.379494235618265
A_orig,1.5,0.75,10.0,0,0,blend,true,0.6046666666666667,0.8267477849857734,0.973283242167293,0.9142088734333365,0.8197524699860325,0.9700180206527298,0.9252450015462799,0.9416373683590978,0.9965193710324948,0.9930972587067658,0.950214875140268,0.9972802996224558,0.9942988145679266,0.9837029077152367,0.8493810733582803,0.5884299601838432,17.559187782044653,6.3264636766842735,0.8102406614471294,0.17090394755421054,2.845700535634037,0.5468877590577674,7.6049741018463
A_orig,1.5,0.75,10.0,1,0,blend,true,0.5993333333333334,0.8219623223640926,0.9721991318394492,0.9079632418656264,0.8125289379723573,0.9686336405855153,0.9195722593308121,0.9468860708735223,0.9970799732557631,0.9934255771896657,0.9530517110173762,0.9976731765134077,0.9952410977577074,0.9887372685173309,0.847607270289962,0.6445213740294885,13.12934263525529,6.583878179792584,0.8087589001645386,0.17242947390301144,2.817653987337745,0.5275735543971879,7.626416627137779
A_orig,1.5,0.75,10.0,2,0,blend,true,0.6036666666666667,0.8114298429243627,0.9687857510353863,0.8925564152949718,0.8209028781934757,0.9715164667114323,0.9209295238056062,0.9825544817732865,0.9996807411613239,0.9996129522703942,0.9751961894394284,0.9993274088462477,0.9982358773881697,0.987499654094021,0.8380588787688339,0.7005068747059455,11.541735981704445,6.722696378679098,0.8065782464789748,0.1737281598296316,2.734370446565585,0.5492065657417275,7.785666137213266
A_orig,1.5,0.75,10.0,3,0,blend,true,0.5993333333333334,0.846667092739932,0.9795526638955481,0.9297221399398379,0.8480069937916993,0.9788669644433488,0.9440686539194678,0.9778519757703743,0.9995318314156844,0.9990453181802964,0.9775528738407551,0.9995098908205355,0.9990852082846512,0.9892868431837116,0.8381274308633279,0.6418930006878648,15.91996594538953,7.3692708247165415,0.7989416508266719,0.17673602618123305,2.6578667629639656,0.5462123727447414,7.666301232972291
A_orig,1.5,0.75,10.0,4,0,blend,true,0.6013333333333334,0.8268023605524609,0.9736234310133518,0.9137196467787756,0.8195610050705919,0.9707528298461955,0.9273762213423747,0.9709426121839441,0.9991326227597626,0.9987891315098406,0.9631483628378668,0.9986614305415373,0.9977252658780674,0.9900784408149204,0.8424398226089785,0.6451790387212649,13.957795156946144,6.8134639096559075,0.8037422876699122,0.17476202881210873,2.7435596131345634,0.5378972575403314,7.633665140667789
A_orig,1.5,0.75,10.0,5,0,blend,true,0.5966666666666667,0.8292222323521563,0.9744516006856112,0.9169782389804508,0.8240410996152927,0.9723076213271462,0.9270481935172339,0.9693896467214259,0.9989687635721709,0.9978701183937475,0.9694106324149483,0.9989778090147716,0.9981781927524425,0.9953057116556598,0.8429248106846926,0.6441420773267106,14.972979667589142,6.773659095293998,0.8057754282284499,0.17426045359471592,2.770567212805953,0.5473755552362605,7.7421848576942995
A_orig,1.5,0.75,10.0,6,0,blend,true,0.6156666666666667,0.8289589739366818,0.9747059089838652,0.9142124494595432,0.8271736657292397,0.9733576792453644,0.9259416401040617,0.9744270622857459,0.9992688142988246,0.9979244739982407,0.9663920645432815,0.9987881412158084,0.9965409028730063,0.9860831017392034,0.8531187262204104,0.7065590762000711,13.20729154422674,6.033125448374718,0.7997035581010626,0.17394901826327316,2.6369699303726795,0.5471803707850885,7.623793111374011
A_orig,1.5,0.75,10.0,7,0,blend,true,0.6036666666666667,0.8076702665068473,0.9679010735280668,0.8948986857884768,0.8030540915756358,0.9648031438503629,0.9105602769502605,0.936630078801164,0.9956499216541767,0.9890210024885498,0.9335798708742299,0.9952619728658335,0.9894563155173113,0.9872283687076833,0.8541292818081286,0.696405633967621,12.691509507224279,5.5451196257616955,0.8030791643813924,0.17434961176991084,2.7843960997626658,0.5546832349443517,7.712924756911753
A_orig,1.5,1.0,10.0,0,0,blend,true,0.6046666666666667,0.7746411285908265,0.9570336987481535,0.8542728303976885,0.8197524699860325,0.9700180206527298,0.9252450015462799,0.9416373683590978,0.9965193710324948,0.9930972587067658,0.950214875140268,0.9972802996224558,0.9942988145679266,0.9837029077152367,0.8493810733582803,0.5884299601838432,17.559187782044653,6.3264636766842735,0.8102406614471294,0.17090394755421054,2.845700535634037,0.7125005373667521,9.963919277809078
A_orig,1.5,1.0,10.0,1,0,blend,true,0.5993333333333334,0.7709780550506741,0.9552234790440923,0.8455271073466238,0.8125289379723573,0.9686336405855153,0.9195722593308121,0.9468860708735223,0.9970799732557631,0.9934255771896657,0.9530517110173762,0.9976731765134077,0.9952410977577074,0.9887372685173309,0.847607270289962,0.6445213740294885,13.12934263525529,6.583878179792584,0.8087589001645386,0.17242947390301144,2.817653987337745,0.6763663936967714,9.935884100191256
A_orig,1.5,1.0,10.0,2,0,blend,true,0.6036666666666667,0.7660411474399624,0.9533383634184499,0.8357352209986938,0.8209028781934757,0.9715164667114323,0.9209295238056062,0.9825544817732865,0.9996807411613239,0.9996129522703942,0.9751961894394284,0.9993274088462477,0.9982358773881697,0.987499654094021,0.8380588787688339,0.7005068747059455,11.541735981704445,6.722696378679098,0.8065782464789748,0.1737281598296316,2.734370446565585,0.6902264317850092,9.961113076679139
A_orig,1.5,1.0,10.0,3,0,blend,true,0.5993333333333334,0.7961100930954266,0.9649319434400189,0.8765785160873181,0.8480069937916993,0.9788669644433488,0.9440686539194678,0.9778519757703743,0.9995318314156844,0.9990453181802964,0.9775528738407551,0.9995098908205355,0.9990852082846512,0.9892868431837116,0.8381274308633279,0.6418930006878648,15.91996594538953,7.3692708247165415,0.7989416508266719,0.17673602618123305,2.6578667629639656,0.7009704526610319,9.969261726418678
A_orig,1.5,1.0,10.0,4,0,blend,true,0.6013333333333334,0.777249259422532,0.9580154017461592,0.8553722773345429,0.8195610050705919,0.9707528298461955,0.9273762213423747,0.9709426121839441,0.9991326227597626,0.9987891315098406,0.9631483628378668,0.9986614305415373,0.9977252658780674,0.9900784408149204,0.8424398226089785,0.6451790387212649,13.957795156946144,6.8134639096559075,0.8037422876699122,0.17476202881210873,2.7435596131345634,0.6908916510055123,9.956669055249375
A_orig,1.5,1.0,10.0,5,0,blend,true,0.5966666666666667,0.7794652780196365,0.9589252975382868,0.8599802661499677,0.8240410996152927,0.9723076213271462,0.9270481935172339,0.9693896467214259,0.9989687635721709,0.9978701183937475,0.9694106324149483,0.9989778090147716,0.9981781927524425,0.9953057116556598,0.8429248106846926,0.6441420773267106,14.972979667589142,6.773659095293998,0.8057754282284499,0.17426045359471592,2.770567212805953,0.7004128366109069,9.965579744103511
A_orig,1.5,1.0,10.0,6,0,blend,true,0.6156666666666667,0.7780004589764546,0.9585276347527127,0.8539908739012579,0.8271736657292397,0.9733576792453644,0.9259416401040617,0.9744270622857459,0.9992688142988246,0.9979244739982407,0.9663920645432815,0.9987881412158084,0.9965409028730063,0.9860831017392034,0.8531187262204104,0.7065590762000711,13.20729154422674,6.033125448374718,0.7997035581010626,0.17394901826327316,2.6369699303726795,0.7017507873531391,9.96331100195909
A_orig,1.5,1.0,10.0,7,0,blend,true,0.6036666666666667,0.7582890362654195,0.9507274605865558,0.8322112010116938,0.8030540915756358,0.9648031438503629,0.9105602769502605,0.936630078801164,0.9956499216541767,0.9890210024885498,0.9335798708742299,0.9952619728658335,0.9894563155173113,0.9872283687076833,0.8541292818081286,0.696405633967621,12.691509507224279,5.5451196257616955,0.8030791643813924,0.17434961176991084,2.7843960997626658,0.7064069908934683,9.96590728369388
A_orig,2.0,0.0,10.0,0,0,blend,true,0.6,0.8934420158542888,0.9890189151335664,0.9966139831474613,0.787255429824713,0.957724427490152,0.8998502183494667,0.9258383204673957,0.9940907077519977,0.9872593311940334,0.9329481254702764,0.9950703345982432,0.9898184625217529,0.9790177877395059,0.832329269789759,0.28499965301042507,51.945156840537365,7.895627841018813,0.8522268518518519,0.15148929832687755,3.648956106909129,0.05967257417462921,9.793383049877718
A_orig,2.0,0.0,10.0,1,0,blend,true,0.5966666666666667,0.8869202364538114,0.9879575696319075,0.9987009368244852,0.774709313967503,0.9537361642278336,0.8920983371072839,0.9165347559214728,0.9926547389943703,0.9836681602324191,0.9244487909865371,0.993947577571878,0.9872566299105746,0.9907827857051054,0.8333931259690173,0.4247573461434373,24.422220425059677,7.556535559700818,0.8594948981947457,0.1484321100963302,3.8253484849655868,0.0488858302358794,9.821425465833475
A_orig,2.0,0.0,10.0,2,0,blend,true,0.6046666666666667,0.877821776487426,0.9858123939346919,0.9984156476053859,0.7850717389353932,0.9578865674355319,0.8937483684701895,0.9481574736701485,0.997078283363042,0.9930975395462095,0.9412013321481546,0.9962737960014603,0.9902004326523025,0.9900064983467337,0.8301040589056871,0.42047060751306764,36.39878858264133,7.348350219808669,0.8542052073901507,0.15091942003529946,3.6645800751064974,0.05386086178968535,9.767162977899911
A_orig,2.0,0.0,10.0,3,0,blend,true,0.5983333333333334,0.8737186079143759,0.9844191858807265,0.9894799382785968,0.8079316280937092,0.9655901910205178,0.9184700670199891,0.9534730804124556,0.997748250565146,0.9972544594026634,0.952090004720377,0.9975510170299956,0.996128593546682,0.9935091050958214,0.8310485605711335,0.40181548755909174,29.272949339218904,7.788657337909552,0.8526501693269687,0.15212383437882,3.660138011239313,0.023844025408935054,9.816934021582783
A_orig,2.0,0.0,10.0,4,0,blend,true,0.5976666666666667,0.8956323960208719,0.9896290550120994,0.998823336933248,0.7827122833292421,0.9565694454015025,0.9029340586933561,0.9321270980146901,0.9950966505595682,0.9917775235825482,0.9306649127382001,0.9949608477860743,0.9912298904862097,0.9916969132937512,0.8343159148420363,0.3291626248685224,37.23581912842246,7.471034043237812,0.8506765470616422,0.15305828127098853,3.616055570226309,0.04772345826449128,9.801014899558792
A_orig,2.0,0.0,10.0,5,0,blend,true,0.6033333333333334,0.8852855878121241,0.9874008646146534,0.9974553176643166,0.7966249350121454,0.9623905313025133,0.907344971502306,0.9610693840620159,0.9983398675258328,0.9959690326622014,0.9475470003576941,0.9970283570749097,0.993220197863724,0.9844888542597899,0.8354433862138634,0.44871058386473384,27.716252370074297,6.724311077009592,0.8512112911462928,0.15269095385413425,3.6298557637856463,0.05217399738339358,9.768467403519075
A_orig,2.0,0.0,10.0,6,0,blend,true,0.6173333333333333,0.8823773687795065,0.9867746112451244,0.9979578471858335,0.7920989997538872,0.9604863812541056,0.9006596288161807,0.9484827776734923,0.9970901436344174,0.9931526605973667,0.9394250151731603,0.9960706945450889,0.9900514348555396,0.9841943148749313,0.8391579743916039,0.5741128070659445,16.377729902655894,7.163093246073493,0.8508635075744464,0.15079643409195784,3.5327188342581057,0.02780847867436745,9.810271601265232
A_orig,2.0,0.0,10.0,7,0,blend,true,0.6053333333333333,0.8931686025777563,0.989054900054878,0.9970742103710831,0.7740182950418174,0.9532281616190881,0.888634364768567,0.9322029658069678,0.9950127844368072,0.9870520121074039,0.9227611017558169,0.9936431376302001,0.9853764921992801,0.9814638380708279,0.8342953047406692,0.5565294415563062,19.911600776260098,6.587807811771253,0.8484952635730445,0.15385544145445146,3.610278726985105,0.05642250060656889,9.851787567765433
A_orig,2.0,0.25,10.0,0,0,blend,true,0.6,0.9265572311262654,0.995110350585365,0.9886971351565508,0.787255429824713,0.957724427490152,0.8998502183494667,0.9258383204673957,0.9940907077519977,0.9872593311940334,0.9329481254702764,0.9950703345982432,0.9898184625217529,0.9790177877395059,0.832329269789759,0.28499965301042507,51.945156840537365,7.895627841018813,0.8522268518518519,0.15148929832687755,3.648956106909129,0.19597586714237955,7.640688304187139
A_orig,2.0,0.25,10.0,1,0,blend,true,0.5966666666666667,0.9208687082095449,0.9945665693746816,0.9883061261546991,0.774709313967503,0.9537361642278336,0.8920983371072839,0.9165347559214728,0.9926547389943703,0.9836681602324191,0.9244487909865371,0.993947577571878,0.9872566299105746,0.9907827857051054,0.8333931259690173,0.4247573461434373,24.422220425059677,7.556535559700818,0.8594948981947457,0.1484321100963302,3.8253484849655868,0.1878242790705901,7.646908570340747
A_orig,2.0,0.25,10.0,2,0,blend,true,0.6046666666666667,0.9085774078602498,0.992442912959403,0.9862782531230881,0.7850717389353932,0.9578865674355319,0.8937483684701895,0.9481574736701485,0.997078283363042,0.9930975395462095,0.9412013321481546,0.9962737960014603,0.9902004326523025,0.9900064983467337,0.8301040589056871,0.42047060751306764,36.39878858264133,7.348350219808669,0.8542052073901507,0.15091942003529946,3.6645800751064974,0.19037683655857413,7.5813473084774285
A_orig,2.0,0.25,10.0,3,0,blend,true,0.5983333333333334,0.9311646909931595,0.995070862361351,0.9919977469248261,0.8079316280937092,0.9655901910205178,0.9184700670199891,0.9534730804124556,0.997748250565146,0.9972544594026634,0.952090004720377,0.9975510170299956,0.996128593546682,0.9935091050958214,0.8310485605711335,0.40181548755909174,29.272949339218904,7.788657337909552,0.8526501693269687,0.15212383437882,3.660138011239313,0.16518532153138063,7.536206947674251
A_orig,2.0,0.25,10.0,4,0,blend,true,0.5976666666666667,0.9302718609413999,0.995838647660835,0.990456082541208,0.7827122833292421,0.9565694454015025,0.9029340586933561,0.9321270980146901,0.9950966505595682,0.9917775235825482,0.9306649127382001,0.9949608477860743,0.9912298904862097,0.9916969132937512,0.8343159148420363,0.3291626248685224,37.23581912842246,7.471034043237812,0.8506765470616422,0.15305828127098853,3.616055570226309,0.18678633915616122,7.625904072857648
A_orig,2.0,0.25,10.0,5,0,blend,true,0.6033333333333334,0.9256078427038177,0.9949657643452388,0.9904683027076714,0.7966249350121454,0.9623905313025133,0.907344971502306,0.9610693840620159,0.9983398675258328,0.9959690326622014,0.9475470003576941,0.9970283570749097,0.993220197863724,0.9844888542597899,0.8354433862138634,0.44871058386473384,27.716252370074297,6.724311077009592,0.8512112911462928,0.15269095385413425,3.6298557637856463,0.19263688197119805,7.660310145560799
A_orig,2.0,0.25,10.0,6,0,blend,true,0.6173333333333333,0.9292257924195304,0.9954542003637452,0.9939124942441081,0.7920989997538872,0.9604863812541056,0.9006596288161807,0.9484827776734923,0.9970901436344174,0.9931526605973667,0.9394250151731603,0.9960706945450889,0.9900514348555396,0.9841943148749313,0.8391579743916039,0.5741128070659445,16.377729902655894,7.163093246073493,0.8508635075744464,0.15079643409195784,3.5327188342581057,0.1739200200895941,7.5876496700322145
A_orig,2.0,0.25,10.0,7,0,blend,true,0.6053333333333333,0.9147548201393689,0.993640840474805,0.9825952252072357,0.7740182950418174,0.9532281616190881,0.888634364768567,0.9322029658069678,0.9950127844368072,0.9870520121074039,0.9227611017558169,0.9936431376302001,0.9853764921992801,0.9814638380708279,0.8342953047406692,0.5565294415563062,19.911600776260098,6.587807811771253,0.8484952635730445,0.15385544145445146,3.610278726985105,0.19523514469552805,7.599003652891322
A_orig,2.0,0.5,10.0,0,0,blend,true,0.6,0.8797990884401355,0.9865343915370902,0.9551132747201263,0.787255429824713,0.957724427490152,0.8998502183494667,0.9258383204673957,0.9940907077519977,0.9872593311940334,0.9329481254702764,0.9950703345982432,0.9898184625217529,0.9790177877395059,0.832329269789759,0.28499965301042507,51.945156840537365,7.895627841018813,0.8522268518518519,0.15148929832687755,3.648956106909129,0.37274075181825383,6.374277836120802
A_orig,2.0,0.5,10.0,1,0,blend,true,0.5966666666666667,0.8752573054077042,0.9860227693442187,0.9526133468665422,0.774709313967503,0.9537361642278336,0.8920983371072839,0.9165347559214728,0.9926547389943703,0.9836681602324191,0.9244487909865371,0.993947577571878,0.9872566299105746,0.9907827857051054,0.8333931259690173,0.4247573461434373,24.422220425059677,7.556535559700818,0.8594948981947457,0.1484321100963302,3.8253484849655868,0.3624207609287709,6.348641720175874
A_orig,2.0,0.5,10.0,2,0,blend,true,0.6046666666666667,0.8696260261103211,0.9845677285679234,0.9465332448200733,0.7850717389353932,0.9578865674355319,0.8937483684701895,0.9481574736701485,0.997078283363042,0.9930975395462095,0.9412013321481546,0.9962737960014603,0.9902004326523025,0.9900064983467337,0.8301040589056871,0.42047060751306764,36.39878858264133,7.348350219808669,0.8542052073901507,0.15091942003529946,3.6645800751064974,0.36530337289974363,6.28680240608997
A_orig,2.0,0.5,10.0,3,0,blend,true,0.5983333333333334,0.9036704050820495,0.990665326592333,0.9681905121835279,0.8079316280937092,0.9655901910205178,0.9184700670199891,0.9534730804124556,0.997748250565146,0.9972544594026634,0.952090004720377,0.9975510170299956,0.996128593546682,0.9935091050958214,0.8310485605711335,0.40181548755909174,29.272949339218904,7.788657337909552,0.8526501693269687,0.15212383437882,3.660138011239313,0.35204441968879446,6.17145499541038
A_orig,2.0,0.5,10.0,4,0,blend,true,0.5976666666666667,0.8806768904225566,0.987070805120405,0.9572161460302313,0.7827122833292421,0.9565694454015025,0.9029340586933561,0.9321270980146901,0.9950966505595682,0.9917775235825482,0.9306649127382001,0.9949608477860743,0.9912298904862097,0.9916969132937512,0.8343159148420363,0.3291626248685224,37.23581912842246,7.471034043237812,0.8506765470616422,0.15305828127098853,3.616055570226309,0.36290687417665357,6.31738693118385
A_orig,2.0,0.5,10.0,5,0,blend,true,0.6033333333333334,0.8860301297971598,0.9881123251759693,0.9596789453446734,0.7966249350121454,0.9623905313025133,0.907344971502306,0.9610693840620159,0.9983398675258328,0.9959690326622014,0.9475470003576941,0.9970283570749097,0.993220197863724,0.9844888542597899,0.8354433862138634,0.44871058386473384,27.716252370074297,6.724311077009592,0.8512112911462928,0.15269095385413425,3.6298557637856463,0.37142491029764907,6.42130539722458
A_orig,2.0,0.5,10.0,6,0,blend,true,0.6173333333333333,0.8904358966269265,0.9892061133787043,0.9629910537839276,0.7920989997538872,0.9604863812541056,0.9006596288161807,0.9484827776734923,0.9970901436344174,0.9931526605973667,0.9394250151731603,0.9960706945450889,0.9900514348555396,0.9841943148749313,0.8391579743916039,0.5741128070659445,16.377729902655894,7.163093246073493,0.8508635075744464,0.15079643409195784,3.5327188342581057,0.3597516817990666,6.260806813714074
A_orig,2.0,0.5,10.0,7,0,blend,true,0.6053333333333333,0.8638145572751804,0.9829834935103916,0.9435960853350198,0.7740182950418174,0.9532281616190881,0.888634364768567,0.9322029658069678,0.9950127844368072,0.9870520121074039,0.9227611017558169,0.9936431376302001,0.9853764921992801,0.9814638380708279,0.8342953047406692,0.5565294415563062,19.911600776260098,6.587807811771253,0.8484952635730445,0.15385544145445146,3.610278726985105,0.37177364398488394,6.250441474648197
A_orig,2.0,0.75,10.0,0,0,blend,true,0.6,0.815039074927923,0.968602687941476,0.9034113938085635,0.787255429824713,0.957724427490152,0.8998502183494667,0.9258383204673957,0.9940907077519977,0.9872593311940334,0.9329481254702764,0.9950703345982432,0.9898184625217529,0.9790177877395059,0.832329269789759,0.28499965301042507,51.945156840537365,7.895627841018813,0.8522268518518519,0.15148929832687755,3.648956106909129,0.5580667829570657,7.723344971471221
A_orig,2.0,0.75,10.0,1,0,blend,true,0.5966666666666667,0.810991600744174,0.9674932175955359,0.8968085132161556,0.774709313967503,0.9537361642278336,0.8920983371072839,0.9165347559214728,0.9926547389943703,0.9836681602324191,0.9244487909865371,0.993947577571878,0.9872566299105746,0.9907827857051054,0.8333931259690173,0.4247573461434373,24.422220425059677,7.556535559700818,0.8594948981947457,0.1484321100963302,3.8253484849655868,0.5389962601061051,7.689980688928065
A_orig,2.0,0.75,10.0,2,0,blend,true,0.6046666666666667,0.8075242675630477,0.9660667588596428,0.8879272257544361,0.7850717389353932,0.9578865674355319,0.8937483684701895,0.9481574736701485,0.997078283363042,0.9930975395462095,0.9412013321481546,0.9962737960014603,0.9902004326523025,0.9900064983467337,0.8301040589056871,0.42047060751306764,36.39878858264133,7.348350219808669,0.8542052073901507,0.15091942003529946,3.6645800751064974,0.5445679277759274,7.672836798729186
A_orig,2.0,0.75,10.0,3,0,blend,true,0.5983333333333334,0.8393895238234662,0.9755752925919289,0.9229312070953273,0.8079316280937092,0.9655901910205178,0.9184700670199891,0.9534730804124556,0.997748250565146,0.9972544594026634,0.952090004720377,0.9975510170299956,0.996128593546682,0.9935091050958214,0.8310485605711335,0.40181548755909174,29.272949339218904,7.788657337909552,0.8526501693269687,0.15212383437882,3.660138011239313,0.5443636964769275,7.598379083606223
A_orig,2.0,0.75,10.0,4,0,blend,true,0.5976666666666667,0.8175005155112332,0.9695901342504384,0.9056616682713591,0.7827122833292421,0.9565694454015025,0.9029340586933561,0.9321270980146901,0.9950966505595682,0.9917775235825482,0.9306649127382001,0.9949608477860743,0.9912298904862097,0.9916969132937512,0.8343159148420363,0.3291626248685224,37.23581912842246,7.471034043237812,0.8506765470616422,0.15305828127098853,3.616055570226309,0.5414464504480063,7.685682497366589
A_orig,2.0,0.75,10.0,5,0,blend,true,0.6033333333333334,0.8225112700172643,0.9711486025448104,0.909692125704057,0.7966249350121454,0.9623905313025133,0.907344971502306,0.9610693840620159,0.9983398675258328,0.9959690326622014,0.9475470003576941,0.9970283570749097,0.993220197863724,0.9844888542597899,0.8354433862138634,0.44871058386473384,27.716252370074297,6.724311077009592,0.8512112911462928,0.15269095385413425,3.6298557637856463,0.5556253091302229,7.7498226162684505
A_orig,2.0,0.75,10.0,6,0,blend,true,0.6173333333333333,0.822680076930201,0.9712908056350129,0.9079077359832786,0.7920989997538872,0.9604863812541056,0.9006596288161807,0.9484827776734923,0.9970901436344174,0.9931526605973667,0.9394250151731603,0.9960706945450889,0.9900514348555396,0.9841943148749313,0.8391579743916039,0.5741128070659445,16.377729902655894,7.163093246073493,0.8508635075744464,0.15079643409195784,3.5327188342581057,0.5506800687484843,7.664338109249461
A_orig,2.0,0.75,10.0,7,0,blend,true,0.6053333333333333,0.7989121093760417,0.9630912305967262,0.8868393708443097,0.7740182950418174,0.9532281616190881,0.888634364768567,0.9322029658069678,0.9950127844368072,0.9870520121074039,0.9227611017558169,0.9936431376302001,0.9853764921992801,0.9814638380708279,0.8342953047406692,0.5565294415563062,19.911600776260098,6.587807811771253,0.8484952635730445,0.15385544145445146,3.610278726985105,0.5565770604375334,7.649649302507098
A_orig,2.0,1.0,10.0,0,0,blend,true,0.6,0.765836729590414,0.9524172220945653,0.8453645777524312,0.787255429824713,0.957724427490152,0.8998502183494667,0.9258383204673957,0.9940907077519977,0.9872593311940334,0.9329481254702764,0.9950703345982432,0.9898184625217529,0.9790177877395059,0.832329269789759,0.28499965301042507,51.945156840537365,7.895627841018813,0.8522268518518519,0.15148929832687755,3.648956106909129,0.7135840865111014,9.976264575666551
A_orig,2.0,1.0,10.0,1,0,blend,true,0.5966666666666667,0.7610387007160218,0.9496580513065461,0.8339671252921557,0.774709313967503,0.9537361642278336,0.8920983371072839,0.9165347559214728,0.9926547389943703,0.9836681602324191,0.9244487909865371,0.993947577571878,0.9872566299105746,0.9907827857051054,0.8333931259690173,0.4247573461434373,24.422220425059677,7.556535559700818,0.8594948981947457,0.1484321100963302,3.8253484849655868,0.6818140277776371,9.95496671247328
A_orig,2.0,1.0,10.0,2,0,blend,true,0.6046666666666667,0.7585587845453088,0.9488891083746782,0.8272028744542833,0.7850717389353932,0.9578865674355319,0.8937483684701895,0.9481574736701485,0.997078283363042,0.9930975395462095,0.9412013321481546,0.9962737960014603,0.9902004326523025,0.9900064983467337,0.8301040589056871,0.42047060751306764,36.39878858264133,7.348350219808669,0.8542052073901507,0.15091942003529946,3.6645800751064974,0.6995905787220246,9.968645632519108
A_orig,2.0,1.0,10.0,3,0,blend,true,0.5983333333333334,0.7866066019594966,0.9599441891631952,0.8659761446803206,0.8079316280937092,0.9655901910205178,0.9184700670199891,0.9534730804124556,0.997748250565146,0.9972544594026634,0.952090004720377,0.9975510170299956,0.996128593546682,0.9935091050958214,0.8310485605711335,0.40181548755909174,29.272949339218904,7.788657337909552,0.8526501693269687,0.15212383437882,3.660138011239313,0.7093076419063529,9.979522094387963
A_orig,2.0,1.0,10.0,4,0,blend,true,0.5976666666666667,0.7684641998961438,0.9534329864617563,0.8462931590233508,0.7827122833292421,0.9565694454015025,0.9029340586933561,0.9321270980146901,0.9950966505595682,0.9917775235825482,0.9306649127382001,0.9949608477860743,0.9912298904862097,0.9916969132937512,0.8343159148420363,0.3291626248685224,37.23581912842246,7.471034043237812,0.8506765470616422,0.15305828127098853,3.616055570226309,0.6945950365005432,9.967239758874117
A_orig,2.0,1.0,10.0,5,0,blend,true,0.6033333333333334,0.7724799630703149,0.9548827434653651,0.8518027548366874,0.7966249350121454,0.9623905313025133,0.907344971502306,0.9610693840620159,0.9983398675258328,0.9959690326622014,0.9475470003576941,0.9970283570749097,0.993220197863724,0.9844888542597899,0.8354433862138634,0.44871058386473384,27.716252370074297,6.724311077009592,0.8512112911462928,0.15269095385413425,3.6298557637856463,0.7114474446220752,9.971595230899558
A_orig,2.0,1.0,10.0,6,0,blend,true,0.6173333333333333,0.7696090112885265,0.9535850794042091,0.8429113095532972,0.7920989997538872,0.9604863812541056,0.9006596288161807,0.9484827776734923,0.9970901436344174,0.9931526605973667,0.9394250151731603,0.9960706945450889,0.9900514348555396,0.9841943148749313,0.8391579743916039,0.5741128070659445,16.377729902655894,7.163093246073493,0.8508635075744464,0.15079643409195784,3.5327188342581057,0.7076978621304865,9.978257275317157
A_orig,2.0,1.0,10.0,7,0,blend,true,0.6053333333333333,0.7522485039656621,0.9466290732832089,0.8275731303738281,0.7740182950418174,0.9532281616190881,0.888634364768567,0.9322029658069678,0.9950127844368072,0.9870520121074039,0.9227611017558169,0.9936431376302001,0.9853764921992801,0.9814638380708279,0.8342953047406692,0.5565294415563062,19.911600776260098,6.587807811771253,0.8484952635730445,0.15385544145445146,3.610278726985105,0.7082022319499651,9.969446928494364
A_orig,2.5,0.0,10.0,0,0,blend,true,0.601,0.8937833571868262,0.9890420311339193,0.9967512334766884,0.7602067365835892,0.9458745164699661,0.8786540283926453,0.9096917334991979,0.9911938087959155,0.980139413618062,0.9115800643426011,0.9914897441794329,0.9817760955108088,0.9801948888163827,0.8250168985487638,0.09195823324612017,117.19102723197099,8.302281855729504,0.8894416666550828,0.130997101679913,4.691866065664731,0.06581432660199658,9.764980593819457
A_orig,2.5,0.0,10.0,1,0,blend,true,0.5986666666666667,0.8791539273783111,0.9860349501100709,0.9963849599616202,0.7548760969542557,0.9448158765770974,0.8781613378532487,0.9104575755002206,0.9914852747396455,0.9816631699663745,0.9126649680656904,0.9918990185597301,0.9830530955058432,0.9967631261574464,0.8235914533594386,0.25102930168787135,44.89036698991381,8.723671239629418,0.888101049582313,0.13239249725083407,4.6424342711215765,0.06893060205180698,9.831792998191265
A_orig,2.5,0.0,10.0,2,0,blend,true,0.6093333333333333,0.8819022758709858,0.9866255059929881,0.9953578317428327,0.7603180194362702,0.9458543516602631,0.8773217160033844,0.9123105628803935,0.9915317584888291,0.9813972934610706,0.90719657301859,0.9906278601093848,0.9786609711798264,0.9884400194373035,0.8296236793128272,0.4428533706723553,19.55356719762023,8.331392221131322,0.8864207511519706,0.13258544271020326,4.552168113071217,0.06805709850988809,9.794807812119052
A_orig,2.5,0.0,10.0,3,0,blend,true,0.596,0.8854212265577549,0.9871910453712491,0.994362749450188,0.781130965499501,0.9547921589342745,0.8983880063471038,0.9170634154305959,0.9925404662960589,0.9870531732335425,0.9155927859322497,0.9922316461521681,0.9860722644464642,0.9963910154470841,0.8381018059624936,0.19324242968664543,64.51920917223667,6.524079185957308,0.884385544259124,0.13489042542846597,4.533844194317991,0.07687175148470084,9.83517518289533
A_orig,2.5,0.0,10.0,4,0,blend,true,0.5986666666666667,0.8868071489137248,0.9877767879941343,0.9982858615455698,0.7561730585539719,0.9447581031936684,0.8825554442566287,0.9128190122725528,0.9918152300412475,0.9839538109746704,0.9079051500048705,0.9909275495115532,0.9828417318625897,0.9917276401570765,0.8267321179081133,0.2976597713598772,44.78645019695217,8.072248232784093,0.8869636475297634,0.13348045960376329,4.677277279046239,0.06786119308653811,9.785762650715526
A_orig,2.5,0.0,10.0,5,0,blend,true,0.6026666666666667,0.8885906709858157,0.9881216343652649,0.9984607662721036,0.7687266426665065,0.9505570056931323,0.887146358180937,0.9250234239592483,0.9939211468188144,0.9860722726697594,0.9174338134542319,0.9927056014744053,0.9841433403278631,0.9893829324562462,0.832664519251686,0.24251817951387594,44.50227097493026,7.215531492139194,0.8859148564174141,0.1335606982985179,4.568159401786164,0.056965708729637556,9.716330472641852
A_orig,2.5,0.0,10.0,6,0,blend,true,0.6173333333333333,0.8664307323987851,0.982966364184181,0.9968719396846247,0.7648501196893461,0.9489023988449701,0.8807371813580318,0.9208998720933268,0.9932364314515911,0.9849060255068298,0.9128985338856727,0.9918883027109351,0.9808032328465319,0.9819184478513511,0.8324940912743378,0.593463885351883,12.784109550942803,7.943103095390399,0.8865578035987087,0.13235811664803138,4.502694000352672,0.01137117718930984,9.768578638636072
A_orig,2.5,0.0,10.0,7,0,blend,true,0.6036666666666667,0.8923028275975226,0.9891059462217983,0.9985768307864408,0.7487865461472609,0.9416617705164869,0.8706220068764641,0.9161999937655787,0.992441596278812,0.9821800406522637,0.9035394583475482,0.9901359981878919,0.9780908838376479,0.9808978685025103,0.8238895944433989,0.5169953324967648,17.823161960567255,7.867071078206121,0.8789713269854952,0.1377796461682599,4.403454629529405,0.07107429723958628,9.841131045034452
A_orig,2.5,0.25,10.0,0,0,blend,true,0.601,0.930256203556783,0.9955838828216789,0.9893909881959205,0.7602067365835892,0.9458745164699661,0.8786540283926453,0.9096917334991979,0.9911938087959155,0.980139413618062,0.9115800643426011,0.9914897441794329,0.9817760955108088,0.9801948888163827,0.8250168985487638,0.09195823324612017,117.19102723197099,8.302281855729504,0.8894416666550828,0.130997101679913,4.691866065664731,0.19855224232667834,7.642867254163505
A_orig,2.5,0.25,10.0,1,0,blend,true,0.5986666666666667,0.9111022492070696,0.9928834131403824,0.9837051162268432,0.7548760969542557,0.9448158765770974,0.8781613378532487,0.9104575755002206,0.9914852747396455,0.9816631699663745,0.9126649680656904,0.9918990185597301,0.9830530955058432,0.9967631261574464,0.8235914533594386,0.25102930168787135,44.89036698991381,8.723671239629418,0.888101049582313,0.13239249725083407,4.6424342711215765,0.20088733701190453,7.693911896878819
A_orig,2.5,0.25,10.0,2,0,blend,true,0.6093333333333333,0.9103902173519095,0.9925927536041181,0.9818375262233638,0.7603180194362702,0.9458543516602631,0.8773217160033844,0.9123105628803935,0.9915317584888291,0.9813972934610706,0.90719657301859,0.9906278601093848,0.9786609711798264,0.9884400194373035,0.8296236793128272,0.4428533706723553,19.55356719762023,8.331392221131322,0.8864207511519706,0.13258544271020326,4.552168113071217,0.19683724032448477,7.628207706121403
A_orig,2.5,0.25,10.0,3,0,blend,true,0.596,0.9312596182991666,0.9953198488442992,0.9909403466734931,0.781130965499501,0.9547921589342745,0.8983880063471038,0.9170634154305959,0.9925404662960589,0.9870531732335425,0.9155927859322497,0.9922316461521681,0.9860722644464642,0.9963910154470841,0.8381018059624936,0.19324242968664543,64.51920917223667,6.524079185957308,0.884385544259124,0.13489042542846597,4.533844194317991,0.2121680476931204,7.715107896522251
A_orig,2.5,0.25,10.0,4,0,blend,true,0.5986666666666667,0.9247386159196037,0.9950388798316122,0.9888015472007584,0.7561730585539719,0.9447581031936684,0.8825554442566287,0.9128190122725528,0.9918152300412475,0.9839538109746704,0.9079051500048705,0.9909275495115532,0.9828417318625897,0.9917276401570765,0.8267321179081133,0.2976597713598772,44.78645019695217,8.072248232784093,0.8869636475297634,0.13348045960376329,4.677277279046239,0.1935567029512425,7.6209307897827125
A_orig,2.5,0.25,10.0,5,0,blend,true,0.6026666666666667,0.9300594396266184,0.9956136435345705,0.9912093307854509,0.7687266426665065,0.9505570056931323,0.887146358180937,0.9250234239592483,0.9939211468188144,0.9860722726697594,0.9174338134542319,0.9927056014744053,0.9841433403278631,0.9893829324562462,0.832664519251686,0.24251817951387594,44.50227097493026,7.215531492139194,0.8859148564174141,0.1335606982985179,4.568159401786164,0.19504116739355506,7.56115513230546
A_orig,2.5,0.25,10.0,6,0,blend,true,0.6173333333333333,0.9238325805895238,0.9945974714674135,0.9937521881139313,0.7648501196893461,0.9489023988449701,0.8807371813580318,0.9208998720933268,0.9932364314515911,0.9849060255068298,0.9128985338856727,0.9918883027109351,0.9808032328465319,0.9819184478513511,0.8324940912743378,0.593463885351883,12.784109550942803,7.943103095390399,0.8865578035987087,0.13235811664803138,4.502694000352672,0.15730433800118673,7.482698573152994
A_orig,2.5,0.25,10.0,7,0,blend,true,0.6036666666666667,0.9170861695853215,0.994177830267555,0.9845962336832085,0.7487865461472609,0.9416617705164869,0.8706220068764641,0.9161999937655787,0.992441596278812,0.9821800406522637,0.9035394583475482,0.9901359981878919,0.9780908838376479,0.9808978685025103,0.8238895944433989,0.5169953324967648,17.823161960567255,7.867071078206121,0.8789713269854952,0.1377796461682599,4.403454629529405,0.2051519700806747,7.696343910690475
A_orig,2.5,0.5,10.0,0,0,blend,true,0.601,0.882581702532203,0.9868888568251283,0.9575190972016149,0.7602067365835892,0.9458745164699661,0.8786540283926453,0.9096917334991979,0.9911938087959155,0.980139413618062,0.9115800643426011,0.9914897441794329,0.9817760955108088,0.9801948888163827,0.8250168985487638,0.09195823324612017,117.19102723197099,8.302281855729504,0.8894416666550828,0.130997101679913,4.691866065664731,0.3714026772248012,6.386766073594336
A_orig,2.5,0.5,10.0,1,0,blend,true,0.5986666666666667,0.8685134890477417,0.9837905809900614,0.9451403750262019,0.7548760969542557,0.9448158765770974,0.8781613378532487,0.9104575755002206,0.9914852747396455,0.9816631699663745,0.9126649680656904,0.9918990185597301,0.9830530955058432,0.9967631261574464,0.8235914533594386,0.25102930168787135,44.89036698991381,8.723671239629418,0.888101049582313,0.13239249725083407,4.6424342711215765,0.3687560053223151,6.426218972164329
A_orig,2.5,0.5,10.0,2,0,blend,true,0.6093333333333333,0.8692867878443864,0.9833954648890078,0.9444856289455195,0.7603180194362702,0.9458543516602631,0.8773217160033844,0.9123105628803935,0.9915317584888291,0.9813972934610706,0.90719657301859,0.9906278601093848,0.9786609711798264,0.9884400194373035,0.8296236793128272,0.4428533706723553,19.55356719762023,8.331392221131322,0.8864207511519706,0.13258544271020326,4.552168113071217,0.3670634346452652,6.354381707957344
A_orig,2.5,0.5,10.0,3,0,blend,true,0.596,0.8948549564560595,0.9890356012507372,0.9632182616464131,0.781130965499501,0.9547921589342745,0.8983880063471038,0.9170634154305959,0.9925404662960589,0.9870531732335425,0.9155927859322497,0.9922316461521681,0.9860722644464642,0.9963910154470841,0.8381018059624936,0.19324242968664543,64.51920917223667,6.524079185957308,0.884385544259124,0.13489042542846597,4.533844194317991,0.38245502837586226,6.50519820084132
A_orig,2.5,0.5,10.0,4,0,blend,true,0.5986666666666667,0.8793781243977222,0.9864617511108549,0.9554485840632608,0.7561730585539719,0.9447581031936684,0.8825554442566287,0.9128190122725528,0.9918152300412475,0.9839538109746704,0.9079051500048705,0.9909275495115532,0.9828417318625897,0.9917276401570765,0.8267321179081133,0.2976597713598772,44.78645019695217,8.072248232784093,0.8869636475297634,0.13348045960376329,4.677277279046239,0.36252716123867246,6.322676718007269
A_orig,2.5,0.5,10.0,5,0,blend,true,0.6026666666666667,0.8829189101742504,0.9870680741974793,0.9572499887281419,0.7687266426665065,0.9505570056931323,0.887146358180937,0.9250234239592483,0.9939211468188144,0.9860722726697594,0.9174338134542319,0.9927056014744053,0.9841433403278631,0.9893829324562462,0.832664519251686,0.24251817951387594,44.50227097493026,7.215531492139194,0.8859148564174141,0.1335606982985179,4.568159401786164,0.3744528401284677,6.298055488371514
A_orig,2.5,0.5,10.0,6,0,blend,true,0.6173333333333333,0.8892962581248229,0.9886476541826,0.9613204852193478,0.7648501196893461,0.9489023988449701,0.8807371813580318,0.9208998720933268,0.9932364314515911,0.9849060255068298,0.9128985338856727,0.9918883027109351,0.9808032328465319,0.9819184478513511,0.8324940912743378,0.593463885351883,12.784109550942803,7.943103095390399,0.8865578035987087,0.13235811664803138,4.502694000352672,0.3478833229837268,6.111965838597812
A_orig,2.5,0.5,10.0,7,0,blend,true,0.6036666666666667,0.8627173997489055,0.9827844483510224,0.9435957307155163,0.7487865461472609,0.9416617705164869,0.8706220068764641,0.9161999937655787,0.992441596278812,0.9821800406522637,0.9035394583475482,0.9901359981878919,0.9780908838376479,0.9808978685025103,0.8238895944433989,0.5169953324967648,17.823161960567255,7.867071078206121,0.8789713269854952,0.1377796461682599,4.403454629529405,0.3757817597698552,6.413565096349879
A_orig,2.5,0.75,10.0,0,0,blend,true,0.601,0.8120745087872168,0.9665508725750899,0.9015542757248753,0.7602067365835892,0.9458745164699661,0.8786540283926453,0.9096917334991979,0.9911938087959155,0.980139413618062,0.9115800643426011,0.9914897441794329,0.9817760955108088,0.9801948888163827,0.8250168985487638,0.09195823324612017,117.19102723197099,8.302281855729504,0.8894416666550828,0.130997101679913,4.691866065664731,0.5565833257730083,7.732113658837522
A_orig,2.5,0.75,10.0,1,0,blend,true,0.5986666666666667,0.8044702739912728,0.9641698726596624,0.8885863595213778,0.7548760969542557,0.9448158765770974,0.8781613378532487,0.9104575755002206,0.9914852747396455,0.9816631699663745,0.9126649680656904,0.9918990185597301,0.9830530955058432,0.9967631261574464,0.8235914533594386,0.25102930168787135,44.89036698991381,8.723671239629418,0.888101049582313,0.13239249725083407,4.6424342711215765,0.5431387480245891,7.750547537125991
A_orig,2.5,0.75,10.0,2,0,blend,true,0.6093333333333333,0.8066364372605062,0.9638905762256735,0.8893941273167426,0.7603180194362702,0.9458543516602631,0.8773217160033844,0.9123105628803935,0.9915317584888291,0.9813972934610706,0.90719657301859,0.9906278601093848,0.9786609711798264,0.9884400194373035,0.8296236793128272,0.4428533706723553,19.55356719762023,8.331392221131322,0.8864207511519706,0.13258544271020326,4.552168113071217,0.5450236177649902,7.701765562474157
A_orig,2.5,0.75,10.0,3,0,blend,true,0.596,0.8298651701586528,0.9720807060001887,0.9146023932052743,0.781130965499501,0.9547921589342745,0.8983880063471038,0.9170634154305959,0.9925404662960589,0.9870531732335425,0.9155927859322497,0.9922316461521681,0.9860722644464642,0.9963910154470841,0.8381018059624936,0.19324242968664543,64.51920917223667,6.524079185957308,0.884385544259124,0.13489042542846597,4.533844194317991,0.5593415399437698,7.776656579285871
A_orig,2.5,0.75,10.0,4,0,blend,true,0.5986666666666667,0.8123403205375702,0.9669278905383076,0.901006847793208,0.7561730585539719,0.9447581031936684,0.8825554442566287,0.9128190122725528,0.9918152300412475,0.9839538109746704,0.9079051500048705,0.9909275495115532,0.9828417318625897,0.9917276401570765,0.8267321179081133,0.2976597713598772,44.78645019695217,8.072248232784093,0.8869636475297634,0.13348045960376329,4.677277279046239,0.5455319250552816,7.696108247186792
A_orig,2.5,0.75,10.0,5,0,blend,true,0.6026666666666667,0.8151622235949623,0.9678413960308833,0.903438818169119,0.7687266426665065,0.9505570056931323,0.887146358180937,0.9250234239592483,0.9939211468188144,0.9860722726697594,0.9174338134542319,0.9927056014744053,0.9841433403278631,0.9893829324562462,0.832664519251686,0.24251817951387594,44.50227097493026,7.215531492139194,0.8859148564174141,0.1335606982985179,4.568159401786164,0.5593673380700016,7.679524905849624
A_orig,2.5,0.75,10.0,6,0,blend,true,0.6173333333333333,0.8180019754425915,0.9686460653363428,0.9032314905380444,0.7648501196893461,0.9489023988449701,0.8807371813580318,0.9208998720933268,0.9932364314515911,0.9849060255068298,0.9128985338856727,0.9918883027109351,0.9808032328465319,0.9819184478513511,0.8324940912743378,0.593463885351883,12.784109550942803,7.943103095390399,0.8865578035987087,0.13235811664803138,4.502694000352672,0.5439243205648397,7.563287439390028
A_orig,2.5,0.75,10.0,7,0,blend,true,0.6036666666666667,0.7939160615585799,0.9607224049627744,0.8832413043567525,0.7487865461472609,0.9416617705164869,0.8706220068764641,0.9161999937655787,0.992441596278812,0.9821800406522637,0.9035394583475482,0.9901359981878919,0.9780908838376479,0.9808978685025103,0.8238895944433989,0.5169953324967648,17.823161960567255,7.867071078206121,0.8789713269854952,0.1377796461682599,4.403454629529405,0.5580478658975206,7.740814975174325
A_orig,2.5,1.0,10.0,0,0,blend,true,0.601,0.7587270305733729,0.9477449925642313,0.8363918332502622,0.7602067365835892,0.9458745164699661,0.8786540283926453,0.9096917334991979,0.9911938087959155,0.980139413618062,0.9115800643426011,0.9914897441794329,0.9817760955108088,0.9801948888163827,0.8250168985487638,0.09195823324612017,117.19102723197099,8.302281855729504,0.8894416666550828,0.130997101679913,4.691866065664731,0.7136058189397014,9.982152246902048
A_orig,2.5,1.0,10.0,1,0,blend,true,0.5986666666666667,0.7559378832107111,0.9465940476628737,0.8285739497670824,0.7548760969542557,0.9448158765770974,0.8781613378532487,0.9104575755002206,0.9914852747396455,0.9816631699663745,0.9126649680656904,0.9918990185597301,0.9830530955058432,0.9967631261574464,0.8235914533594386,0.25102930168787135,44.89036698991381,8.723671239629418,0.888101049582313,0.13239249725083407,4.6424342711215765,0.6896942064033322,9.962149790455053
A_orig,2.5,1.0,10.0,2,0,blend,true,0.6093333333333333,0.7574133753959038,0.9462678145687802,0.8279404604439303,0.7603180194362702,0.9458543516602631,0.8773217160033844,0.9123105628803935,0.9915317584888291,0.9813972934610706,0.90719657301859,0.9906278601093848,0.9786609711798264,0.9884400194373035,0.8296236793128272,0.4428533706723553,19.55356719762023,8.331392221131322,0.8864207511519706,0.13258544271020326,4.552168113071217,0.7023684743795059,9.97013124975159
A_orig,2.5,1.0,10.0,3,0,blend,true,0.596,0.7796190692524475,0.9560969369358396,0.8583660390173299,0.781130965499501,0.9547921589342745,0.8983880063471038,0.9170634154305959,0.9925404662960589,0.9870531732335425,0.9155927859322497,0.9922316461521681,0.9860722644464642,0.9963910154470841,0.8381018059624936,0.19324242968664543,64.51920917223667,6.524079185957308,0.884385544259124,0.13489042542846597,4.533844194317991,0.7115751678550906,9.987338593548893
A_orig,2.5,1.0,10.0,4,0,blend,true,0.5986666666666667,0.7603377253132376,0.9489452142502283,0.8363548576170613,0.7561730585539719,0.9447581031936684,0.8825554442566287,0.9128190122725528,0.9918152300412475,0.9839538109746704,0.9079051500048705,0.9909275495115532,0.9828417318625897,0.9917276401570765,0.8267321179081133,0.2976597713598772,44.78645019695217,8.072248232784093,0.8869636475297634,0.13348045960376329,4.677277279046239,0.7042488888825614,9.976752809401724
A_orig,2.5,1.0,10.0,5,0,blend,true,0.6026666666666667,0.7629403086350645,0.9501323137643345,0.8411607523072789,0.7687266426665065,0.9505570056931323,0.887146358180937,0.9250234239592483,0.9939211468188144,0.9860722726697594,0.9174338134542319,0.9927056014744053,0.9841433403278631,0.9893829324562462,0.832664519251686,0.24251817951387594,44.50227097493026,7.215531492139194,0.8859148564174141,0.1335606982985179,4.568159401786164,0.7217968182190045,9.983467601682808
A_orig,2.5,1.0,10.0,6,0,blend,true,0.6173333333333333,0.7620401646102808,0.9488876932474625,0.8337597668335587,0.7648501196893461,0.9489023988449701,0.8807371813580318,0.9208998720933268,0.9932364314515911,0.9849060255068298,0.9128985338856727,0.9918883027109351,0.9808032328465319,0.9819184478513511,0.8324940912743378,0.593463885351883,12.784109550942803,7.943103095390399,0.8865578035987087,0.13235811664803138,4.502694000352672,0.7116141279201997,9.984446475242986
A_orig,2.5,1.0,10.0,7,0,blend,true,0.6036666666666667,0.7451000562804798,0.9421658495783531,0.8209222221095328,0.7487865461472609,0.9416617705164869,0.8706220068764641,0.9161999937655787,0.992441596278812,0.9821800406522637,0.9035394583475482,0.9901359981878919,0.9780908838376479,0.9808978685025103,0.8238895944433989,0.5169953324967648,17.823161960567255,7.867071078206121,0.8789713269854952,0.1377796461682599,4.403454629529405,0.708800005834809,9.970566533289164
A_orig,3.0,0.0,10.0,0,0,blend,true,0.603,0.8922188269282564,0.9888265488460659,0.9979837959816686,0.7414519719977307,0.9367325700208131,0.8647008216080868,0.8868053627847106,0.9861937790887924,0.9679589706480353,0.8863763659552087,0.9860749002771833,0.968743423314323,0.9777638758222735,0.8279775964712273,0.07382088024899812,139.7427511965969,8.791951403374545,0.9115036813321209,0.11651089823332408,5.600444593701082,0.07185648557234829,9.73982991828793
A_orig,3.0,0.0,10.0,1,0,blend,true,0.5963333333333334,0.8769599436426996,0.9856773871338119,0.9980416536413351,0.7308199767075563,0.9329669225930087,0.8583997261535545,0.8732083280382181,0.9831335730526408,0.9607928366379914,0.880906735142946,0.9850238420191508,0.9671123383148954,0.9889550359208155,0.8268722515273306,0.30756392395421506,36.684489214263785,8.74246714910633,0.9151097241191815,0.11531469281549436,5.847996569214215,0.025369154841095004,9.816284545746843
A_orig,3.0,0.0,10.0,2,0,blend,true,0.6073333333333333,0.8803185122543016,0.9862902387499944,0.9954445680646528,0.7414656368792716,0.9367643117403853,0.860295564453576,0.8942617582240795,0.9877084632705275,0.9710600977539504,0.8871648907268073,0.9862678637556158,0.9692627774246411,0.9827701497514293,0.8293382802206246,0.27098708972622787,37.56469517754655,8.88942274279326,0.9084356637140103,0.11865832782128857,5.4243195504617905,0.06572886510340888,9.785541525106039
A_orig,3.0,0.0,10.0,3,0,blend,true,0.5943333333333334,0.8931169086555774,0.9889318208668073,0.9968811282439326,0.7454894206281577,0.9385925576425056,0.8762757868125832,0.8867437674870027,0.9863687892014142,0.9755539934371817,0.8870455955908472,0.9863737818269886,0.9754095612980417,0.9970289790158012,0.8332736610834488,0.05920453805902124,148.86410852973873,7.582770888932861,0.9077130352350857,0.12043838497105708,5.460530212082416,0.056145174290366036,9.79888251820301
A_orig,3.0,0.0,10.0,4,0,blend,true,0.5936666666666667,0.8964112674285317,0.9897982084584309,0.9990959747574839,0.7380527681961363,0.9360742157690665,0.8687595196669248,0.901311320130929,0.9896209385327742,0.9785098633185537,0.8992210806818572,0.9891804581001253,0.9785947222707286,0.9926032452604491,0.8178193840061089,0.13245442831341758,84.21310527540257,9.636396346506238,0.906747875095749,0.12128367135035173,5.449983008354409,0.06920600481113857,9.793243380331669
A_orig,3.0,0.0,10.0,5,0,blend,true,0.6016666666666667,0.8783386230684638,0.9857670308073401,0.9954473128077658,0.7455467558336333,0.9396464971143258,0.8689783870295196,0.8886794534725371,0.9867587714280831,0.9680614485076889,0.8893319573029699,0.986972581881843,0.9710408827411322,0.9897455453158532,0.8334375640458241,0.07111550362773131,109.66138040983903,7.574981651474434,0.912339735045608,0.11685795059953623,5.6242324748774735,0.06139168555722829,9.775662075279085
A_orig,3.0,0.0,10.0,6,0,blend,true,0.6143333333333333,0.8769892805878752,0.9854824926593717,0.9969543146487493,0.7456683482085398,0.9397903871428176,0.865653995044991,0.9012676064144141,0.989489710840638,0.9766988285813027,0.8881831337873292,0.9867893622331854,0.9692678247783933,0.9814587156777079,0.8369040557857675,0.49358725346675736,14.425401339357443,7.582980438672176,0.9076132400341219,0.1193983350326896,5.273320613566496,0.08503612394315135,9.789153140994015
A_orig,3.0,0.0,10.0,7,0,blend,true,0.6016666666666667,0.8958647374017281,0.9897802275025472,0.9991099979749452,0.7215200190961615,0.9278863843018467,0.8496374967860413,0.8741148530830418,0.9832436798607096,0.9631039177055036,0.8718110557405876,0.9826743171050837,0.9631423453772333,0.9935971878127567,0.8250978797197783,0.410184988323921,30.319504514315046,8.124733086853096,0.9088728427543203,0.11965684322771179,5.533776946169396,0.07661321042340619,9.796180169810313
A_orig,3.0,0.25,10.0,0,0,blend,true,0.603,0.9286297597608971,0.9954086171060409,0.9893506825265513,0.7414519719977307,0.9367325700208131,0.8647008216080868,0.8868053627847106,0.9861937790887924,0.9679589706480353,0.8863763659552087,0.9860749002771833,0.968743423314323,0.9777638758222735,0.8279775964712273,0.07382088024899812,139.7427511965969,8.791951403374545,0.9115036813321209,0.11651089823332408,5.600444593701082,0.20575774474952988,7.62770010541763
A_orig,3.0,0.25,10.0,1,0,blend,true,0.5963333333333334,0.921832459766802,0.9944960869824588,0.9895592903902959,0.7308199767075563,0.9329669225930087,0.8583997261535545,0.8732083280382181,0.9831335730526408,0.9607928366379914,0.880906735142946,0.9850238420191508,0.9671123383148954,0.9889550359208155,0.8268722515273306,0.30756392395421506,36.684489214263785,8.74246714910633,0.9151097241191815,0.11531469281549436,5.847996569214215,0.16846290331776603,7.5414957635242645
A_orig,3.0,0.25,10.0,2,0,blend,true,0.6073333333333333,0.9067085475390525,0.9918849546437517,0.9801599758386669,0.7414656368792716,0.9367643117403853,0.860295564453576,0.8942617582240795,0.9877084632705275,0.9710600977539504,0.8871648907268073,0.9862678637556158,0.9692627774246411,0.9827701497514293,0.8293382802206246,0.27098708972622787,37.56469517754655,8.88942274279326,0.9084356637140103,0.11865832782128857,5.4243195504617905,0.1985519502201723,7.645400823720467
A_orig,3.0,0.25,10.0,3,0,blend,true,0.5943333333333334,0.9356385215160943,0.9961042181480365,0.991328418631435,0.7454894206281577,0.9385925576425056,0.8762757868125832,0.8867437674870027,0.9863687892014142,0.9755539934371817,0.8870455955908472,0.9863737818269886,0.9754095612980417,0.9970289790158012,0.8332736610834488,0.05920453805902124,148.86410852973873,7.582770888932861,0.9077130352350857,0.12043838497105708,5.460530212082416,0.19025968892156872,7.567902260235219
A_orig,3.0,0.25,10.0,4,0,blend,true,0.5936666666666667,0.9298684392730681,0.9957892318059797,0.9895421016519235,0.7380527681961363,0.9360742157690665,0.8687595196669248,0.901311320130929,0.9896209385327742,0.9785098633185537,0.8992210806818572,0.9891804581001253,0.9785947222707286,0.9926032452604491,0.8178193840061089,0.13245442831341758,84.21310527540257,9.636396346506238,0.906747875095749,0.12128367135035173,5.449983008354409,0.198305336563818,7.6238824148007005
A_orig,3.0,0.25,10.0,5,0,blend,true,0.6016666666666667,0.9200423807099118,0.9940687308788713,0.9877075953677483,0.7455467558336333,0.9396464971143258,0.8689783870295196,0.8886794534725371,0.9867587714280831,0.9680614485076889,0.8893319573029699,0.986972581881843,0.9710408827411322,0.9897455453158532,0.8334375640458241,0.07111550362773131,109.66138040983903,7.574981651474434,0.912339735045608,0.11685795059953623,5.6242324748774735,0.19784299068390224,7.572084752434239
A_orig,3.0,0.25,10.0,6,0,blend,true,0.6143333333333333,0.9140560119444459,0.9932804692907566,0.98697232585898,0.7456683482085398,0.9397903871428176,0.865653995044991,0.9012676064144141,0.989489710840638,0.9766988285813027,0.8881831337873292,0.9867893622331854,0.9692678247783933,0.9814587156777079,0.8369040557857675,0.49358725346675736,14.425401339357443,7.582980438672176,0.9076132400341219,0.1193983350326896,5.273320613566496,0.21233730235704676,7.702330407667313
A_orig,3.0,0.25,10.0,7,0,blend,true,0.6016666666666667,0.920056305552457,0.9945830897477832,0.9848039933652272,0.7215200190961615,0.9278863843018467,0.8496374967860413,0.8741148530830418,0.9832436798607096,0.9631039177055036,0.8718110557405876,0.9826743171050837,0.9631423453772333,0.9935971878127567,0.8250978797197783,0.410184988323921,30.319504514315046,8.124733086853096,0.9088728427543203,0.11965684322771179,5.533776946169396,0.20810750880856116,7.610314197564722
A_orig,3.0,0.5,10.0,0,0,blend,true,0.603,0.879307742678121,0.9859946947489222,0.9549263007925816,0.7414519719977307,0.9367325700208131,0.8647008216080868,0.8868053627847106,0.9861937790887924,0.9679589706480353,0.8863763659552087,0.9860749002771833,0.968743423314323,0.9777638758222735,0.8279775964712273,0.07382088024899812,139.7427511965969,8.791951403374545,0.9115036813321209,0.11651089823332408,5.600444593701082,0.37767659895973726,6.389767571258525
A_orig,3.0,0.5,10.0,1,0,blend,true,0.5963333333333334,0.8737032108393596,0.9848237175346702,0.9494907695571758,0.7308199767075563,0.9329669225930087,0.8583997261535545,0.8732083280382181,0.9831335730526408,0.9607928366379914,0.880906735142946,0.9850238420191508,0.9671123383148954,0.9889550359208155,0.8268722515273306,0.30756392395421506,36.684489214263785,8.74246714910633,0.9151097241191815,0.11531469281549436,5.847996569214215,0.35321527273505904,6.187773020834865
A_orig,3.0,0.5,10.0,2,0,blend,true,0.6073333333333333,0.8639096594145428,0.9816780701738099,0.9387223655581053,0.7414656368792716,0.9367643117403853,0.860295564453576,0.8942617582240795,0.9877084632705275,0.9710600977539504,0.8871648907268073,0.9862678637556158,0.9692627774246411,0.9827701497514293,0.8293382802206246,0.27098708972622787,37.56469517754655,8.88942274279326,0.9084356637140103,0.11865832782128857,5.4243195504617905,0.3718577190965999,6.370665427782453
A_orig,3.0,0.5,10.0,3,0,blend,true,0.5943333333333334,0.8860801949005148,0.9871828717653826,0.9587487217357139,0.7454894206281577,0.9385925576425056,0.8762757868125832,0.8867437674870027,0.9863687892014142,0.9755539934371817,0.8870455955908472,0.9863737818269886,0.9754095612980417,0.9970289790158012,0.8332736610834488,0.05920453805902124,148.86410852973873,7.582770888932861,0.9077130352350857,0.12043838497105708,5.460530212082416,0.3675611196746091,6.249136386968687
A_orig,3.0,0.5,10.0,4,0,blend,true,0.5936666666666667,0.8771910507575761,0.9858894772978664,0.9547717471059654,0.7380527681961363,0.9360742157690665,0.8687595196669248,0.901311320130929,0.9896209385327742,0.9785098633185537,0.8992210806818572,0.9891804581001253,0.9785947222707286,0.9926032452604491,0.8178193840061089,0.13245442831341758,84.21310527540257,9.636396346506238,0.906747875095749,0.12128367135035173,5.449983008354409,0.3687646388119548,6.315134856408587
A_orig,3.0,0.5,10.0,5,0,blend,true,0.6016666666666667,0.8774879364175009,0.9855599916761525,0.9520593264613579,0.7455467558336333,0.9396464971143258,0.8689783870295196,0.8886794534725371,0.9867587714280831,0.9680614485076889,0.8893319573029699,0.986972581881843,0.9710408827411322,0.9897455453158532,0.8334375640458241,0.07111550362773131,109.66138040983903,7.574981651474434,0.912339735045608,0.11685795059953623,5.6242324748774735,0.3767098977042766,6.25290587371074
A_orig,3.0,0.5,10.0,6,0,blend,true,0.6143333333333333,0.8760617612601062,0.9856346103403976,0.9509253805265241,0.7456683482085398,0.9397903871428176,0.865653995044991,0.9012676064144141,0.989489710840638,0.9766988285813027,0.8881831337873292,0.9867893622331854,0.9692678247783933,0.9814587156777079,0.8369040557857675,0.49358725346675736,14.425401339357443,7.582980438672176,0.9076132400341219,0.1193983350326896,5.273320613566496,0.379373328635282,6.4972697577205505
A_orig,3.0,0.5,10.0,7,0,blend,true,0.6016666666666667,0.8600762323453631,0.9815270883767698,0.9419949592506333,0.7215200190961615,0.9278863843018467,0.8496374967860413,0.8741148530830418,0.9832436798607096,0.9631039177055036,0.8718110557405876,0.9826743171050837,0.9631423453772333,0.9935971878127567,0.8250978797197783,0.410184988323921,30.319504514315046,8.124733086853096,0.9088728427543203,0.11965684322771179,5.533776946169396,0.37931080340480827,6.320825106935655
A_orig,3.0,0.75,10.0,0,0,blend,true,0.603,0.8074198831746109,0.96422057058018,0.8972417354458205,0.7414519719977307,0.9367325700208131,0.8647008216080868,0.8868053627847106,0.9861937790887924,0.9679589706480353,0.8863763659552087,0.9860749002771833,0.968743423314323,0.9777638758222735,0.8279775964712273,0.07382088024899812,139.7427511965969,8.791951403374545,0.9115036813321209,0.11651089823332408,5.600444593701082,0.5590897554156502,7.722623676061285
A_orig,3.0,0.75,10.0,1,0,blend,true,0.5963333333333334,0.8001136846161141,0.9618229302108223,0.8853413649414027,0.7308199767075563,0.9329669225930087,0.8583997261535545,0.8732083280382181,0.9831335730526408,0.9607928366379914,0.880906735142946,0.9850238420191508,0.9671123383148954,0.9889550359208155,0.8268722515273306,0.30756392395421506,36.684489214263785,8.74246714910633,0.9151097241191815,0.11531469281549436,5.847996569214215,0.5418805537886837,7.603425566875369
A_orig,3.0,0.75,10.0,2,0,blend,true,0.6073333333333333,0.7986686121455564,0.9601101853667544,0.8796217982200574,0.7414656368792716,0.9367643117403853,0.860295564453576,0.8942617582240795,0.9877084632705275,0.9710600977539504,0.8871648907268073,0.9862678637556158,0.9692627774246411,0.9827701497514293,0.8293382802206246,0.27098708972622787,37.56469517754655,8.88942274279326,0.9084356637140103,0.11865832782128857,5.4243195504617905,0.54885043678378,7.721538633604362
A_orig,3.0,0.75,10.0,3,0,blend,true,0.5943333333333334,0.8155242400961817,0.9666805592071035,0.9044805945700827,0.7454894206281577,0.9385925576425056,0.8762757868125832,0.8867437674870027,0.9863687892014142,0.9755539934371817,0.8870455955908472,0.9863737818269886,0.9754095612980417,0.9970289790158012,0.8332736610834488,0.05920453805902124,148.86410852973873,7.582770888932861,0.9077130352350857,0.12043838497105708,5.460530212082416,0.5513716457269143,7.6408703897171275
A_orig,3.0,0.75,10.0,4,0,blend,true,0.5936666666666667,0.8065978947190326,0.9646605924834994,0.8968427521786198,0.7380527681961363,0.9360742157690665,0.8687595196669248,0.901311320130929,0.9896209385327742,0.9785098633185537,0.8992210806818572,0.9891804581001253,0.9785947222707286,0.9926032452604491,0.8178193840061089,0.13245442831341758,84.21310527540257,9.636396346506238,0.906747875095749,0.12128367135035173,5.449983008354409,0.5500865712825281,7.69458151676987
A_orig,3.0,0.75,10.0,5,0,blend,true,0.6016666666666667,0.8072980879658262,0.964468626962952,0.8947169376359435,0.7455467558336333,0.9396464971143258,0.8689783870295196,0.8886794534725371,0.9867587714280831,0.9680614485076889,0.8893319573029699,0.986972581881843,0.9710408827411322,0.9897455453158532,0.8334375640458241,0.07111550362773131,109.66138040983903,7.574981651474434,0.912339735045608,0.11685795059953623,5.6242324748774735,0.5636291983356484,7.663133741781525
A_orig,3.0,0.75,10.0,6,0,blend,true,0.6143333333333333,0.8085594258697483,0.9649874399608473,0.8924065993078714,0.7456683482085398,0.9397903871428176,0.865653995044991,0.9012676064144141,0.989489710840638,0.9766988285813027,0.8881831337873292,0.9867893622331854,0.9692678247783933,0.9814587156777079,0.8369040557857675,0.49358725346675736,14.425401339357443,7.582980438672176,0.9076132400341219,0.1193983350326896,5.273320613566496,0.5569234629102132,7.787795389847487
A_orig,3.0,0.75,10.0,7,0,blend,true,0.6016666666666667,0.7863209744270733,0.9565370196580033,0.877464262769883,0.7215200190961615,0.9278863843018467,0.8496374967860413,0.8741148530830418,0.9832436798607096,0.9631039177055036,0.8718110557405876,0.9826743171050837,0.9631423453772333,0.9935971878127567,0.8250978797197783,0.410184988323921,30.319504514315046,8.124733086853096,0.9088728427543203,0.11965684322771179,5.533776946169396,0.56048330891405,7.682176602360949
A_orig,3.0,1.0,10.0,0,0,blend,true,0.603,0.7548933365775697,0.9448307128623387,0.8330889555589601,0.7414519719977307,0.9367325700208131,0.8647008216080868,0.8868053627847106,0.9861937790887924,0.9679589706480353,0.8863763659552087,0.9860749002771833,0.968743423314323,0.9777638758222735,0.8279775964712273,0.07382088024899812,139.7427511965969,8.791951403374545,0.9115036813321209,0.11651089823332408,5.600444593701082,0.712525892641518,9.985355632811956
A_orig,3.0,1.0,10.0,1,0,blend,true,0.5963333333333334,0.7466320959866617,0.9414555462821689,0.8167308952148147,0.7308199767075563,0.9329669225930087,0.8583997261535545,0.8732083280382181,0.9831335730526408,0.9607928366379914,0.880906735142946,0.9850238420191508,0.9671123383148954,0.9889550359208155,0.8268722515273306,0.30756392395421506,36.684489214263785,8.74246714910633,0.9151097241191815,0.11531469281549436,5.847996569214215,0.6976138699976124,9.967522794672849
A_orig,3.0,1.0,10.0,2,0,blend,true,0.6073333333333333,0.7510630498664965,0.9423075215342365,0.8197993801137724,0.7414656368792716,0.9367643117403853,0.860295564453576,0.8942617582240795,0.9877084632705275,0.9710600977539504,0.8871648907268073,0.9862678637556158,0.9692627774246411,0.9827701497514293,0.8293382802206246,0.27098708972622787,37.56469517754655,8.88942274279326,0.9084356637140103,0.11865832782128857,5.4243195504617905,0.7028724977439897,9.970419640555782
A_orig,3.0,1.0,10.0,3,0,blend,true,0.5943333333333334,0.7624046069647072,0.9477447688916801,0.8416773997611368,0.7454894206281577,0.9385925576425056,0.8762757868125832,0.8867437674870027,0.9863687892014142,0.9755539934371817,0.8870455955908472,0.9863737818269886,0.9754095612980417,0.9970289790158012,0.8332736610834488,0.05920453805902124,148.86410852973873,7.582770888932861,0.9077130352350857,0.12043838497105708,5.460530212082416,0.7122944431840764,9.988415244427216
A_orig,3.0,1.0,10.0,4,0,blend,true,0.5936666666666667,0.7544682416333135,0.9459604946981643,0.8308605838948506,0.7380527681961363,0.9360742157690665,0.8687595196669248,0.901311320130929,0.9896209385327742,0.9785098633185537,0.8992210806818572,0.9891804581001253,0.9785947222707286,0.9926032452604491,0.8178193840061089,0.13245442831341758,84.21310527540257,9.636396346506238,0.906747875095749,0.12128367135035173,5.449983008354409,0.7073072932514767,9.98172753670085
A_orig,3.0,1.0,10.0,5,0,blend,true,0.6016666666666667,0.7550864874995882,0.9458521662739603,0.83138356265303,0.7455467558336333,0.9396464971143258,0.8689783870295196,0.8886794534725371,0.9867587714280831,0.9680614485076889,0.8893319573029699,0.986972581881843,0.9710408827411322,0.9897455453158532,0.8334375640458241,0.07111550362773131,109.66138040983903,7.574981651474434,0.912339735045608,0.11685795059953623,5.6242324748774735,0.7257535143308668,9.987108062158278
A_orig,3.0,1.0,10.0,6,0,blend,true,0.6143333333333333,0.756186146403593,0.9453221738986691,0.8268164276153148,0.7456683482085398,0.9397903871428176,0.865653995044991,0.9012676064144141,0.989489710840638,0.9766988285813027,0.8881831337873292,0.9867893622331854,0.9692678247783933,0.9814587156777079,0.8369040557857675,0.49358725346675736,14.425401339357443,7.582980438672176,0.9076132400341219,0.1193983350326896,5.273320613566496,0.7092521292116147,9.984567462036797
A_orig,3.0,1.0,10.0,7,0,blend,true,0.6016666666666667,0.7357608526503894,0.936661998235142,0.8107655617401361,0.7215200190961615,0.9278863843018467,0.8496374967860413,0.8741148530830418,0.9832436798607096,0.9631039177055036,0.8718110557405876,0.9826743171050837,0.9631423453772333,0.9935971878127567,0.8250978797197783,0.410184988323921,30.319504514315046,8.124733086853096,0.9088728427543203,0.11965684322771179,5.533776946169396,0.7120793293379742,9.972420853856011
A_orig,4.0,0.0,10.0,0,0,blend,true,0.6053333333333333,0.8914254874685525,0.9886928494306699,0.9981224712204894,0.7133100643170126,0.9218419586366273,0.8433927254285128,0.8408991395793164,0.9732512944131324,0.9404076579088233,0.8452845679870341,0.9747284738211581,0.9445641487906481,0.9853939051237511,0.8389966012415653,0.16457699260779868,66.4341634362362,9.174244892645262,0.9434005350339327,0.09156944187202805,7.637409684599515,0.058785495062164426,9.7656850711651
A_orig,4.0,0.0,10.0,1,0,blend,true,0.599,0.8823840886890781,0.9869345085784588,0.9973284110080962,0.7086969451584251,0.9210921041754973,0.844506288041792,0.8410005818861774,0.9737415836446568,0.9442270275623925,0.8448721844909677,0.9749887127748541,0.9477963358862153,0.9947722707553017,0.838365347535071,0.23392021930226573,42.876172645126566,9.16738974165693,0.9402400602093357,0.09580049666990048,7.45869398910784,0.05305150657132114,9.846052450629541
A_orig,4.0,0.0,10.0,2,0,blend,true,0.601,0.8688667513553964,0.9836468763853473,0.994444938784706,0.7108968772851345,0.9217597764492446,0.8331694479757035,0.851343605078591,0.9766696211982112,0.9461029557018421,0.8474650235389718,0.9756460760306798,0.9452350110429535,0.9911964544343689,0.8370709631105714,0.35198859989314907,37.14265973955021,8.63998455417871,0.9365630752792501,0.09845429628233943,7.018044778529794,0.08211763657020213,9.827334940430097
A_orig,4.0,0.0,10.0,3,0,blend,true,0.5993333333333334,0.8810143586277025,0.9862967388746466,0.9946671733081031,0.7386707190749287,0.9346706789398886,0.8678180880842293,0.8754520701966486,0.983191817079291,0.9693473059107836,0.872178559854246,0.9823682231396962,0.9673357336311218,0.9946753532997863,0.8346971882617167,0.07900894185860004,138.04781519257713,9.319495198144311,0.9355731733725215,0.10000865507969271,7.117367409766461,0.07614161224448882,9.831248062061757
A_orig,4.0,0.0,10.0,4,0,blend,true,0.6013333333333334,0.8942165533217213,0.9893791934277512,0.9992655642076254,0.7132430269527754,0.9227665100069653,0.850761246335476,0.8567869710540431,0.9784032167429594,0.95692831953939,0.8527887391813311,0.9773438955721109,0.9561180255036724,0.9911564760819553,0.8359113449616691,0.03940632537309441,200.91357339372942,8.452024291157464,0.9397712904804634,0.09650951932113738,7.534308173020174,0.07719366548627694,9.771638115338666
A_orig,4.0,0.0,10.0,5,0,blend,true,0.6063333333333333,0.8923720092895988,0.9888774458695151,0.9977276112803117,0.7268620173508902,0.9300249951883434,0.8567329485459545,0.8834216637090271,0.9852896984419492,0.9664502973395066,0.8724961524013144,0.9826906463210624,0.9626382636949741,0.9810598822964632,0.8279158669806161,0.26382198781399974,44.835323649669576,9.26228804432289,0.9376612658088789,0.09834940579265634,7.190060126543554,0.10598292655626151,9.721234070018637
A_orig,4.0,0.0,10.0,6,0,blend,true,0.615,0.8790373090711071,0.9858343403321693,0.995559512693782,0.7214317268074452,0.9273959381087734,0.8489314328534987,0.8778786317241433,0.9842446645873109,0.9693075482067033,0.8573956648299303,0.9789554107935985,0.9544530721966027,0.9710363798836879,0.843730474002251,0.2365917561220925,41.213934552523234,7.411233598441864,0.9362789333521042,0.09796498129224339,6.784635660504519,0.08616280112809548,9.821981125976357
A_orig,4.0,0.0,10.0,7,0,blend,true,0.6006666666666667,0.8797116299561887,0.9860139454959841,0.9960795782182,0.6903373195377589,0.9106082726057474,0.82581298436575,0.8245734396796349,0.9682939003382414,0.9360888915481493,0.8253110973864833,0.9685620145502893,0.9390764181449626,0.9925396777015238,0.8376820618417847,0.2527291047092689,45.99768548134736,7.788795350477432,0.9419044226504032,0.09531932150122994,7.598167361393282,0.0423094838898344,9.78060639152426
A_orig,4.0,0.25,10.0,0,0,blend,true,0.6053333333333333,0.9364398343171314,0.996312505581265,0.9927995963909431,0.7133100643170126,0.9218419586366273,0.8433927254285128,0.8408991395793164,0.9732512944131324,0.9404076579088233,0.8452845679870341,0.9747284738211581,0.9445641487906481,0.9853939051237511,0.8389966012415653,0.16457699260779868,66.4341634362362,9.174244892645262,0.9434005350339327,0.09156944187202805,7.637409684599515,0.18980206968430402,7.57799250213386
A_orig,4.0,0.25,10.0,1,0,blend,true,0.599,0.9173348301785386,0.993782696302334,0.9851548825726488,0.7086969451584251,0.9210921041754973,0.844506288041792,0.8410005818861774,0.9737415836446568,0.9442270275623925,0.8448721844909677,0.9749887127748541,0.9477963358862153,0.9947722707553017,0.838365347535071,0.23392021930226573,42.876172645126566,9.16738974165693,0.9402400602093357,0.09580049666990048,7.45869398910784,0.18915833266888818,7.6762945533138245
A_orig,4.0,0.25,10.0,2,0,blend,true,0.601,0.8964980917514589,0.9899879424066781,0.9779446749674906,0.7108968772851345,0.9217597764492446,0.8331694479757035,0.851343605078591,0.9766696211982112,0.9461029557018421,0.8474650235389718,0.9756460760306798,0.9452350110429535,0.9911964544343689,0.8370709631105714,0.35198859989314907,37.14265973955021,8.63998455417871,0.9365630752792501,0.09845429628233943,7.018044778529794,0.20793607076158446,7.695333176848339
A_orig,4.0,0.25,10.0,3,0,blend,true,0.5993333333333334,0.9320125574432832,0.9953962509073809,0.9929190321401792,0.7386707190749287,0.9346706789398886,0.8678180880842293,0.8754520701966486,0.983191817079291,0.9693473059107836,0.872178559854246,0.9823682231396962,0.9673357336311218,0.9946753532997863,0.8346971882617167,0.07900894185860004,138.04781519257713,9.319495198144311,0.9355731733725215,0.10000865507969271,7.117367409766461,0.20259573788680976,7.660709388535343
A_orig,4.0,0.25,10.0,4,0,blend,true,0.6013333333333334,0.9313951918853368,0.996006460779856,0.989991603680121,0.7132430269527754,0.9227665100069653,0.850761246335476,0.8567869710540431,0.9784032167429594,0.95692831953939,0.8527887391813311,0.9773438955721109,0.9561180255036724,0.9911564760819553,0.8359113449616691,0.03940632537309441,200.91357339372942,8.452024291157464,0.9397712904804634,0.09650951932113738,7.534308173020174,0.2059416710823318,7.637643073916649
A_orig,4.0,0.25,10.0,5,0,blend,true,0.6063333333333333,0.9231396551927382,0.9947294831307268,0.9874138155029889,0.7268620173508902,0.9300249951883434,0.8567329485459545,0.8834216637090271,0.9852896984419492,0.9664502973395066,0.8724961524013144,0.9826906463210624,0.9626382636949741,0.9810598822964632,0.8279158669806161,0.26382198781399974,44.835323649669576,9.26228804432289,0.9376612658088789,0.09834940579265634,7.190060126543554,0.23081643036039468,7.657474053184954
A_orig,4.0,0.25,10.0,6,0,blend,true,0.615,0.9141318751082438,0.9931772792463879,0.9850810382348343,0.7214317268074452,0.9273959381087734,0.8489314328534987,0.8778786317241433,0.9842446645873109,0.9693075482067033,0.8573956648299303,0.9789554107935985,0.9544530721966027,0.9710363798836879,0.843730474002251,0.2365917561220925,41.213934552523234,7.411233598441864,0.9362789333521042,0.09796498129224339,6.784635660504519,0.21178244489132653,7.6927902091948415
A_orig,4.0,0.25,10.0,7,0,blend,true,0.6006666666666667,0.91591612587177,0.993456752348895,0.9829104498838489,0.6903373195377589,0.9106082726057474,0.82581298436575,0.8245734396796349,0.9682939003382414,0.9360888915481493,0.8253110973864833,0.9685620145502893,0.9390764181449626,0.9925396777015238,0.8376820618417847,0.2527291047092689,45.99768548134736,7.788795350477432,0.9419044226504032,0.09531932150122994,7.598167361393282,0.17700231469169728,7.568906335960859
A_orig,4.0,0.5,10.0,0,0,blend,true,0.6053333333333333,0.8846499939455477,0.9869148438734131,0.9588677782763847,0.7133100643170126,0.9218419586366273,0.8433927254285128,0.8408991395793164,0.9732512944131324,0.9404076579088233,0.8452845679870341,0.9747284738211581,0.9445641487906481,0.9853939051237511,0.8389966012415653,0.16457699260779868,66.4341634362362,9.174244892645262,0.9434005350339327,0.09156944187202805,7.637409684599515,0.36624338013325186,6.252041281765159
A_orig,4.0,0.5,10.0,1,0,blend,true,0.599,0.8657976260799445,0.9823241378408251,0.9428871399124807,0.7086969451584251,0.9210921041754973,0.844506288041792,0.8410005818861774,0.9737415836446568,0.9442270275623925,0.8448721844909677,0.9749887127748541,0.9477963358862153,0.9947722707553017,0.838365347535071,0.23392021930226573,42.876172645126566,9.16738974165693,0.9402400602093357,0.09580049666990048,7.45869398910784,0.3662700502842593,6.391705242990052
A_orig,4.0,0.5,10.0,2,0,blend,true,0.601,0.8580226105744106,0.9803092694165794,0.9325758579758371,0.7108968772851345,0.9217597764492446,0.8331694479757035,0.851343605078591,0.9766696211982112,0.9461029557018421,0.8474650235389718,0.9756460760306798,0.9452350110429535,0.9911964544343689,0.8370709631105714,0.35198859989314907,37.14265973955021,8.63998455417871,0.9365630752792501,0.09845429628233943,7.018044778529794,0.3735262544653829,6.439240616389591
A_orig,4.0,0.5,10.0,3,0,blend,true,0.5993333333333334,0.8971330973210799,0.9891353898953004,0.9639403233964964,0.7386707190749287,0.9346706789398886,0.8678180880842293,0.8754520701966486,0.983191817079291,0.9693473059107836,0.872178559854246,0.9823682231396962,0.9673357336311218,0.9946753532997863,0.8346971882617167,0.07900894185860004,138.04781519257713,9.319495198144311,0.9355731733725215,0.10000865507969271,7.117367409766461,0.37215147132133836,6.332834754932297
A_orig,4.0,0.5,10.0,4,0,blend,true,0.6013333333333334,0.8762684306490203,0.9854905951080342,0.95501434773042,0.7132430269527754,0.9227665100069653,0.850761246335476,0.8567869710540431,0.9784032167429594,0.95692831953939,0.8527887391813311,0.9773438955721109,0.9561180255036724,0.9911564760819553,0.8359113449616691,0.03940632537309441,200.91357339372942,8.452024291157464,0.9397712904804634,0.09650951932113738,7.534308173020174,0.37602031381729084,6.361648893780005
A_orig,4.0,0.5,10.0,5,0,blend,true,0.6063333333333333,0.8771842497302705,0.9856325612670724,0.9528040304651131,0.7268620173508902,0.9300249951883434,0.8567329485459545,0.8834216637090271,0.9852896984419492,0.9664502973395066,0.8724961524013144,0.9826906463210624,0.9626382636949741,0.9810598822964632,0.8279158669806161,0.26382198781399974,44.835323649669576,9.26228804432289,0.9376612658088789,0.09834940579265634,7.190060126543554,0.39498813635197394,6.450552780131789
A_orig,4.0,0.5,10.0,6,0,blend,true,0.615,0.8728610600212884,0.9843066636969087,0.9476897073367153,0.7214317268074452,0.9273959381087734,0.8489314328534987,0.8778786317241433,0.9842446645873109,0.9693075482067033,0.8573956648299303,0.9789554107935985,0.9544530721966027,0.9710363798836879,0.843730474002251,0.2365917561220925,41.213934552523234,7.411233598441864,0.9362789333521042,0.09796498129224339,6.784635660504519,0.37943092823527724,6.4416380306103
A_orig,4.0,0.5,10.0,7,0,blend,true,0.6006666666666667,0.8583747927368023,0.9800478028412193,0.9374922499158265,0.6903373195377589,0.9106082726057474,0.82581298436575,0.8245734396796349,0.9682939003382414,0.9360888915481493,0.8253110973864833,0.9685620145502893,0.9390764181449626,0.9925396777015238,0.8376820618417847,0.2527291047092689,45.99768548134736,7.788795350477432,0.9419044226504032,0.09531932150122994,7.598167361393282,0.3567845125827056,6.274212141440994
A_orig,4.0,0.75,10.0,0,0,blend,true,0.6053333333333333,0.8046143321885402,0.9624072340099494,0.8964524741094818,0.7133100643170126,0.9218419586366273,0.8433927254285128,0.8408991395793164,0.9732512944131324,0.9404076579088233,0.8452845679870341,0.9747284738211581,0.9445641487906481,0.9853939051237511,0.8389966012415653,0.16457699260779868,66.4341634362362,9.174244892645262,0.9434005350339327,0.09156944187202805,7.637409684599515,0.55537727963421,7.661884997127351
A_orig,4.0,0.75,10.0,1,0,blend,true,0.599,0.792519575521577,0.95794623856752,0.8794283673127513,0.7086969451584251,0.9210921041754973,0.844506288041792,0.8410005818861774,0.9737415836446568,0.9442270275623925,0.8448721844909677,0.9749887127748541,0.9477963358862153,0.9947722707553017,0.838365347535071,0.23392021930226573,42.876172645126566,9.16738974165693,0.9402400602093357,0.09580049666990048,7.45869398910784,0.5487747337963426,7.721521092537834
A_orig,4.0,0.75,10.0,2,0,blend,true,0.601,0.788717328190931,0.9564325680236928,0.8656472328198295,0.7108968772851345,0.9217597764492446,0.8331694479757035,0.851343605078591,0.9766696211982112,0.9461029557018421,0.8474650235389718,0.9756460760306798,0.9452350110429535,0.9911964544343689,0.8370709631105714,0.35198859989314907,37.14265973955021,8.63998455417871,0.9365630752792501,0.09845429628233943,7.018044778529794,0.55235530999166,7.749145572482755
A_orig,4.0,0.75,10.0,3,0,blend,true,0.5993333333333334,0.8226532779114064,0.9683268803063588,0.9098108606972192,0.7386707190749287,0.9346706789398886,0.8678180880842293,0.8754520701966486,0.983191817079291,0.9693473059107836,0.872178559854246,0.9823682231396962,0.9673357336311218,0.9946753532997863,0.8346971882617167,0.07900894185860004,138.04781519257713,9.319495198144311,0.9355731733725215,0.10000865507969271,7.117367409766461,0.5550702529330708,7.708871613838319
A_orig,4.0,0.75,10.0,4,0,blend,true,0.6013333333333334,0.8034305295765142,0.9626829363247409,0.8959978863490549,0.7132430269527754,0.9227665100069653,0.850761246335476,0.8567869710540431,0.9784032167429594,0.95692831953939,0.8527887391813311,0.9773438955721109,0.9561180255036724,0.9911564760819553,0.8359113449616691,0.03940632537309441,200.91357339372942,8.452024291157464,0.9397712904804634,0.09650951932113738,7.534308173020174,0.5541079652227519,7.7227395040765785
A_orig,4.0,0.75,10.0,5,0,blend,true,0.6063333333333333,0.8056486894148437,0.9635358700030496,0.8938592212921856,0.7268620173508902,0.9300249951883434,0.8567329485459545,0.8834216637090271,0.9852896984419492,0.9664502973395066,0.8724961524013144,0.9826906463210624,0.9626382636949741,0.9810598822964632,0.8279158669806161,0.26382198781399974,44.835323649669576,9.26228804432289,0.9376612658088789,0.09834940579265634,7.190060126543554,0.5725322100729864,7.7651026282262885
A_orig,4.0,0.75,10.0,6,0,blend,true,0.615,0.8020223681135623,0.9616689144491376,0.8862735186264874,0.7214317268074452,0.9273959381087734,0.8489314328534987,0.8778786317241433,0.9842446645873109,0.9693075482067033,0.8573956648299303,0.9789554107935985,0.9544530721966027,0.9710363798836879,0.843730474002251,0.2365917561220925,41.213934552523234,7.411233598441864,0.9362789333521042,0.09796498129224339,6.784635660504519,0.5583227566686119,7.754266933162892
A_orig,4.0,0.75,10.0,7,0,blend,true,0.6006666666666667,0.7776240692310468,0.9514200348674772,0.8689248957414911,0.6903373195377589,0.9106082726057474,0.82581298436575,0.8245734396796349,0.9682939003382414,0.9360888915481493,0.8253110973864833,0.9685620145502893,0.9390764181449626,0.9925396777015238,0.8376820618417847,0.2527291047092689,45.99768548134736,7.788795350477432,0.9419044226504032,0.09531932150122994,7.598167361393282,0.5491273231052781,7.648936450502958
A_orig,4.0,1.0,10.0,0,0,blend,true,0.6053333333333333,0.747157473025956,0.9397288332869828,0.8256791470552316,0.7133100643170126,0.9218419586366273,0.8433927254285128,0.8408991395793164,0.9732512944131324,0.9404076579088233,0.8452845679870341,0.9747284738211581,0.9445641487906481,0.9853939051237511,0.8389966012415653,0.16457699260779868,66.4341634362362,9.174244892645262,0.9434005350339327,0.09156944187202805,7.637409684599515,0.7146227899432073,9.987139939533716
A_orig,4.0,1.0,10.0,1,0,blend,true,0.599,0.7413367273012114,0.9379902691046946,0.8124787515136871,0.7086969451584251,0.9210921041754973,0.844506288041792,0.8410005818861774,0.9737415836446568,0.9442270275623925,0.8448721844909677,0.9749887127748541,0.9477963358862153,0.9947722707553017,0.838365347535071,0.23392021930226573,42.876172645126566,9.16738974165693,0.9402400602093357,0.09580049666990048,7.45869398910784,0.7020243719229805,9.98129365786317
A_orig,4.0,1.0,10.0,2,0,blend,true,0.601,0.737652724973872,0.9359018891473314,0.8015602919411625,0.7108968772851345,0.9217597764492446,0.8331694479757035,0.851343605078591,0.9766696211982112,0.9461029557018421,0.8474650235389718,0.9756460760306798,0.9452350110429535,0.9911964544343689,0.8370709631105714,0.35198859989314907,37.14265973955021,8.63998455417871,0.9365630752792501,0.09845429628233943,7.018044778529794,0.7052014837531317,9.971554932465201
A_orig,4.0,1.0,10.0,3,0,blend,true,0.5993333333333334,0.7694323236460623,0.9494250364003527,0.849068541210899,0.7386707190749287,0.9346706789398886,0.8678180880842293,0.8754520701966486,0.983191817079291,0.9693473059107836,0.872178559854246,0.9823682231396962,0.9673357336311218,0.9946753532997863,0.8346971882617167,0.07900894185860004,138.04781519257713,9.319495198144311,0.9355731733725215,0.10000865507969271,7.117367409766461,0.7127851494433277,9.993609735886578
A_orig,4.0,1.0,10.0,4,0,blend,true,0.6013333333333334,0.7512994647838734,0.9428057788385468,0.8288714530658191,0.7132430269527754,0.9227665100069653,0.850761246335476,0.8567869710540431,0.9784032167429594,0.95692831953939,0.8527887391813311,0.9773438955721109,0.9561180255036724,0.9911564760819553,0.8359113449616691,0.03940632537309441,200.91357339372942,8.452024291157464,0.9397712904804634,0.09650951932113738,7.534308173020174,0.7055973600216673,9.989220528597144
A_orig,4.0,1.0,10.0,5,0,blend,true,0.6063333333333333,0.751985112022784,0.9432233476471974,0.8288534578808932,0.7268620173508902,0.9300249951883434,0.8567329485459545,0.8834216637090271,0.9852896984419492,0.9664502973395066,0.8724961524013144,0.9826906463210624,0.9626382636949741,0.9810598822964632,0.8279158669806161,0.26382198781399974,44.835323649669576,9.26228804432289,0.9376612658088789,0.09834940579265634,7.190060126543554,0.7276543663888945,9.989606841309701
A_orig,4.0,1.0,10.0,6,0,blend,true,0.615,0.7501373972038177,0.9413802707745018,0.8204915851045004,0.7214317268074452,0.9273959381087734,0.8489314328534987,0.8778786317241433,0.9842446645873109,0.9693075482067033,0.8573956648299303,0.9789554107935985,0.9544530721966027,0.9710363798836879,0.843730474002251,0.2365917561220925,41.213934552523234,7.411233598441864,0.9362789333521042,0.09796498129224339,6.784635660504519,0.7106823021541812,9.987599665769158
A_orig,4.0,1.0,10.0,7,0,blend,true,0.6006666666666667,0.7263907514971982,0.9307421003244216,0.8022247402606579,0.6903373195377589,0.9106082726057474,0.82581298436575,0.8245734396796349,0.9682939003382414,0.9360888915481493,0.8253110973864833,0.9685620145502893,0.9390764181449626,0.9925396777015238,0.8376820618417847,0.2527291047092689,45.99768548134736,7.788795350477432,0.9419044226504032,0.09531932150122994,7.598167361393282,0.7151434881326681,9.98134245556102
B_magfix,0.0,0.0,10.0,0,1,blend,true,0.6006666666666667,0.8891383713360586,0.9882326770341978,0.9983145357940705,0.9745676435997241,0.9994918167968668,0.9984849984777698,0.9758214582375306,0.999541146269307,0.9986154394972655,0.987655528672787,0.9998644264306731,0.9995504493937785,0.9831275751563111,0.9820054122009998,0.9977020181656152,1.4214133917899103,1.9504877952622197,0.5324498007222545,0.23912825260031415,0.04410107004747555,0.010857909559232796,9.795641216981993
B_magfix,0.0,0.0,10.0,1,1,blend,true,0.607,0.8965995356045298,0.9898832594625756,0.9995381497924433,0.9904062772939096,0.999891302842697,0.9996017122489097,0.9903775161665879,0.9998903685116189,0.9995989908338627,0.9928427036521882,0.9999495390017966,0.9998262036902636,0.9940669222708228,0.9941758049923566,0.9996604313988056,1.1022260035223526,1.7224099391998104,0.5108935475712392,0.2384206022278381,-0.02109373214381544,-0.028137627325423853,9.814539588876414
B_magfix,0.0,0.0,10.0,2,1,blend,true,0.604,0.8795287762592525,0.9862230787417999,0.9989547516597057,0.9853167405714123,0.99977303428716,0.9994712917865792,0.9852064612444665,0.9997696733690453,0.9994410171934182,0.9818736683961982,0.9996396896242177,0.999412478841362,0.9917513038335928,0.9919554601586223,0.9994448440304466,1.1489233001509918,1.8333640178092254,0.5138031808147702,0.2389880413032789,-0.037310752176868855,-0.004532873196805874,9.836192930559635
B_magfix,0.0,0.0,10.0,3,1,blend,true,0.597,0.8849824170553712,0.9872678047534496,0.9966907139112521,0.9740694035081978,0.9994223458195243,0.9980590558327623,0.9750002175514846,0.9994604888049508,0.9981710183525788,0.9703023930521688,0.9992744237226863,0.9974687386822223,0.9915117737277053,0.9907320293497461,0.9995189380426345,1.0661577733778962,1.7540759562298316,0.5133372957979864,0.24042462293405042,0.03931006569663238,0.023582589985957306,9.84277479489652
B_magfix,0.0,0.0,10.0,4,1,blend,true,0.5966666666666667,0.8966043733732433,0.9897921102476789,0.9977081368957358,0.9799691663835572,0.9996550374853792,0.9989962403620662,0.9802564545578607,0.9996655864496098,0.999027114448255,0.9831380936462677,0.9997346040322473,0.9992766346298146,0.9868744049039055,0.9866838045545357,0.9988297543629109,1.083592666342018,1.7901559864983834,0.5253970635763424,0.24023222311692613,-0.15750932461830264,0.008046434446076388,9.802886723005642
B_magfix,0.0,0.0,10.0,5,1,blend,true,0.5986666666666667,0.8986739988370045,0.9901229982243354,0.998293633027334,0.9825681429631145,0.999746873982769,0.99918791110797,0.9826282140346403,0.9997493890452662,0.9991931922523586,0.989372753215598,0.9998971239195606,0.9996479289891116,0.9883457303721411,0.988344339626012,0.9990271519443451,1.0529467653550073,1.7378671124609606,0.5218434838585561,0.23988330829300256,-0.025130637817344977,0.0033252568001060135,9.824206391258887
B_magfix,0.0,0.0,10.0,6,1,blend,true,0.6106666666666667,0.887939110699195,0.9881273631109423,0.9996186731940649,0.9823300249842519,0.9996872495199879,0.9991488025506859,0.9829500788490968,0.99970654955868,0.9991712001947631,0.9878999060038813,0.9998489013491817,0.9997281802495147,0.9867625371358244,0.9863937660419074,0.9988916995513378,1.1098059516389809,1.7628501765083022,0.5230704055003889,0.23734203238691412,-0.11722336097752553,0.0023443140194252306,9.86734072916851
B_magfix,0.0,0.0,10.0,7,1,blend,true,0.5916666666666667,0.8970475985572354,0.9899719375357509,0.9994406534172106,0.9857107197228532,0.9998146183047919,0.9996851053695642,0.9855005026953333,0.9998092029619053,0.9996856305997343,0.987592140706686,0.9998418486712266,0.9995367971351231,0.9906725712881441,0.9905902089129838,0.9990699102408194,1.2684879477209345,1.8847433176274508,0.5219729807415925,0.24131680110571566,-0.012920855520686466,0.0020775955623815773,9.835290476505143
B_magfix,0.0,0.25,10.0,0,1,blend,true,0.6006666666666667,0.886079046377687,0.9877873767796977,0.996422306126619,0.9745676435997241,0.9994918167968668,0.9984849984777698,0.9758214582375306,0.999541146269307,0.9986154394972655,0.987655528672787,0.9998644264306731,0.9995504493937785,0.9831275751563111,0.9820054122009998,0.9977020181656152,1.4214133917899103,1.9504877952622197,0.5324498007222545,0.23912825260031415,0.04410107004747555,0.11252104765363036,9.81182580300281
B_magfix,0.0,0.25,10.0,1,1,blend,true,0.607,0.8924019054226885,0.9892647351691993,0.9975856726614353,0.9904062772939096,0.999891302842697,0.9996017122489097,0.9903775161665879,0.9998903685116189,0.9995989908338627,0.9928427036521882,0.9999495390017966,0.9998262036902636,0.9940669222708228,0.9941758049923566,0.9996604313988056,1.1022260035223526,1.7224099391998104,0.5108935475712392,0.2384206022278381,-0.02109373214381544,0.08369950798402338,9.812561166847287
B_magfix,0.0,0.25,10.0,2,1,blend,true,0.604,0.874444062786147,0.9853396290501272,0.9954164049436247,0.9853167405714123,0.99977303428716,0.9994712917865792,0.9852064612444665,0.9997696733690453,0.9994410171934182,0.9818736683961982,0.9996396896242177,0.999412478841362,0.9917513038335928,0.9919554601586223,0.9994448440304466,1.1489233001509918,1.8333640178092254,0.5138031808147702,0.2389880413032789,-0.037310752176868855,0.10282556658827499,9.847897632274332
B_magfix,0.0,0.25,10.0,3,1,blend,true,0.597,0.8862357326297118,0.9877642158343154,0.9985530144233082,0.9740694035081978,0.9994223458195243,0.9980590558327623,0.9750002175514846,0.9994604888049508,0.9981710183525788,0.9703023930521688,0.9992744237226863,0.9974687386822223,0.9915117737277053,0.9907320293497461,0.9995189380426345,1.0661577733778962,1.7540759562298316,0.5133372957979864,0.24042462293405042,0.03931006569663238,0.12956451533222596,9.843627904965505
B_magfix,0.0,0.25,10.0,4,1,blend,true,0.5966666666666667,0.8934860671275687,0.9894262415625936,0.9934609097459673,0.9799691663835572,0.9996550374853792,0.9989962403620662,0.9802564545578607,0.9996655864496098,0.999027114448255,0.9831380936462677,0.9997346040322473,0.9992766346298146,0.9868744049039055,0.9866838045545357,0.9988297543629109,1.083592666342018,1.7901559864983834,0.5253970635763424,0.24023222311692613,-0.15750932461830264,0.11532854253478567,9.796910999731494
B_magfix,0.0,0.25,10.0,5,1,blend,true,0.5986666666666667,0.8960720285278534,0.9898430759292427,0.996544712727758,0.9825681429631145,0.999746873982769,0.99918791110797,0.9826282140346403,0.9997493890452662,0.9991931922523586,0.989372753215598,0.9998971239195606,0.9996479289891116,0.9883457303721411,0.988344339626012,0.9990271519443451,1.0529467653550073,1.7378671124609606,0.5218434838585561,0.23988330829300256,-0.025130637817344977,0.10815584872289052,9.827510710870607
B_magfix,0.0,0.25,10.0,6,1,blend,true,0.6106666666666667,0.8807465510410897,0.9868246113941279,0.995268652307682,0.9823300249842519,0.9996872495199879,0.9991488025506859,0.9829500788490968,0.99970654955868,0.9991712001947631,0.9878999060038813,0.9998489013491817,0.9997281802495147,0.9867625371358244,0.9863937660419074,0.9988916995513378,1.1098059516389809,1.7628501765083022,0.5230704055003889,0.23734203238691412,-0.11722336097752553,0.10897301395374366,9.872384275848658
B_magfix,0.0,0.25,10.0,7,1,blend,true,0.5916666666666667,0.8917777278217169,0.9891878602912938,0.9935560240177532,0.9857107197228532,0.9998146183047919,0.9996851053695642,0.9855005026953333,0.9998092029619053,0.9996856305997343,0.987592140706686,0.9998418486712266,0.9995367971351231,0.9906725712881441,0.9905902089129838,0.9990699102408194,1.2684879477209345,1.8847433176274508,0.5219729807415925,0.24131680110571566,-0.012920855520686466,0.10997184567316458,9.844330636413833
B_magfix,0.0,0.5,10.0,0,1,blend,true,0.6006666666666667,0.853108143386681,0.9817479808142769,0.9484869156671325,0.9745676435997241,0.9994918167968668,0.9984849984777698,0.9758214582375306,0.999541146269307,0.9986154394972655,0.987655528672787,0.9998644264306731,0.9995504493937785,0.9831275751563111,0.9820054122009998,0.9977020181656152,1.4214133917899103,1.9504877952622197,0.5324498007222545,0.23912825260031415,0.04410107004747555,0.40371617929375775,9.85887617917813
B_magfix,0.0,0.5,10.0,1,1,blend,true,0.607,0.8493807192017955,0.9807685661986778,0.9468162819506226,0.9904062772939096,0.999891302842697,0.9996017122489097,0.9903775161665879,0.9998903685116189,0.9995989908338627,0.9928427036521882,0.9999495390017966,0.9998262036902636,0.9940669222708228,0.9941758049923566,0.9996604313988056,1.1022260035223526,1.7224099391998104,0.5108935475712392,0.2384206022278381,-0.02109373214381544,0.3925406308809355,9.8058039551687
B_magfix,0.0,0.5,10.0,2,1,blend,true,0.604,0.8359505681625902,0.9769166852817726,0.9393386228935163,0.9853167405714123,0.99977303428716,0.9994712917865792,0.9852064612444665,0.9997696733690453,0.9994410171934182,0.9818736683961982,0.9996396896242177,0.999412478841362,0.9917513038335928,0.9919554601586223,0.9994448440304466,1.1489233001509918,1.8333640178092254,0.5138031808147702,0.2389880413032789,-0.037310752176868855,0.4001020797916399,9.850871392566342
B_magfix,0.0,0.5,10.0,3,1,blend,true,0.597,0.8635443014599848,0.9837419573338505,0.9621885033457295,0.9740694035081978,0.9994223458195243,0.9980590558327623,0.9750002175514846,0.9994604888049508,0.9981710183525788,0.9703023930521688,0.9992744237226863,0.9974687386822223,0.9915117737277053,0.9907320293497461,0.9995189380426345,1.0661577733778962,1.7540759562298316,0.5133372957979864,0.24042462293405042,0.03931006569663238,0.4199829221436303,9.863736045989981
B_magfix,0.0,0.5,10.0,4,1,blend,true,0.5966666666666667,0.852777915059931,0.9816579115247409,0.9464308377499956,0.9799691663835572,0.9996550374853792,0.9989962403620662,0.9802564545578607,0.9996655864496098,0.999027114448255,0.9831380936462677,0.9997346040322473,0.9992766346298146,0.9868744049039055,0.9866838045545357,0.9988297543629109,1.083592666342018,1.7901559864983834,0.5253970635763424,0.24023222311692613,-0.15750932461830264,0.4021770672215746,9.808994503486593
B_magfix,0.0,0.5,10.0,5,1,blend,true,0.5986666666666667,0.8594453345130472,0.9832772218414115,0.955007892043841,0.9825681429631145,0.999746873982769,0.99918791110797,0.9826282140346403,0.9997493890452662,0.9991931922523586,0.989372753215598,0.9998971239195606,0.9996479289891116,0.9883457303721411,0.988344339626012,0.9990271519443451,1.0529467653550073,1.7378671124609606,0.5218434838585561,0.23988330829300256,-0.025130637817344977,0.3914146318378412,9.852950812163057
B_magfix,0.0,0.5,10.0,6,1,blend,true,0.6106666666666667,0.8421347019461555,0.9785636542386338,0.9445010164961353,0.9823300249842519,0.9996872495199879,0.9991488025506859,0.9829500788490968,0.99970654955868,0.9991712001947631,0.9878999060038813,0.9998489013491817,0.9997281802495147,0.9867625371358244,0.9863937660419074,0.9988916995513378,1.1098059516389809,1.7628501765083022,0.5230704055003889,0.23734203238691412,-0.11722336097752553,0.39675747473877937,9.862242468035642
B_magfix,0.0,0.5,10.0,7,1,blend,true,0.5916666666666667,0.841248814802804,0.9790920699682623,0.933027675555796,0.9857107197228532,0.9998146183047919,0.9996851053695642,0.9855005026953333,0.9998092029619053,0.9996856305997343,0.987592140706686,0.9998418486712266,0.9995367971351231,0.9906725712881441,0.9905902089129838,0.9990699102408194,1.2684879477209345,1.8847433176274508,0.5219729807415925,0.24131680110571566,-0.012920855520686466,0.409730296134813,9.846835201082355
B_magfix,0.0,0.75,10.0,0,1,blend,true,0.6006666666666667,0.7918985011197259,0.9629153406291932,0.8686151721003382,0.9745676435997241,0.9994918167968668,0.9984849984777698,0.9758214582375306,0.999541146269307,0.9986154394972655,0.987655528672787,0.9998644264306731,0.9995504493937785,0.9831275751563111,0.9820054122009998,0.9977020181656152,1.4214133917899103,1.9504877952622197,0.5324498007222545,0.23912825260031415,0.04410107004747555,0.6372912397886936,9.901638753370468
B_magfix,0.0,0.75,10.0,1,1,blend,true,0.607,0.7914247097257409,0.9626605011354098,0.8683166829975192,0.9904062772939096,0.999891302842697,0.9996017122489097,0.9903775161665879,0.9998903685116189,0.9995989908338627,0.9928427036521882,0.9999495390017966,0.9998262036902636,0.9940669222708228,0.9941758049923566,0.9996604313988056,1.1022260035223526,1.7224099391998104,0.5108935475712392,0.2384206022278381,-0.02109373214381544,0.6181737781054374,9.875278058441113
B_magfix,0.0,0.75,10.0,2,1,blend,true,0.604,0.7784932762864746,0.9578976601374147,0.8532237186657505,0.9853167405714123,0.99977303428716,0.9994712917865792,0.9852064612444665,0.9997696733690453,0.9994410171934182,0.9818736683961982,0.9996396896242177,0.999412478841362,0.9917513038335928,0.9919554601586223,0.9994448440304466,1.1489233001509918,1.8333640178092254,0.5138031808147702,0.2389880413032789,-0.037310752176868855,0.6273086895802741,9.91057641110859
B_magfix,0.0,0.75,10.0,3,1,blend,true,0.597,0.8047479427849964,0.9665557370332915,0.8915025264944115,0.9740694035081978,0.9994223458195243,0.9980590558327623,0.9750002175514846,0.9994604888049508,0.9981710183525788,0.9703023930521688,0.9992744237226863,0.9974687386822223,0.9915117737277053,0.9907320293497461,0.9995189380426345,1.0661577733778962,1.7540759562298316,0.5133372957979864,0.24042462293405042,0.03931006569663238,0.6370754983066401,9.921426288343085
B_magfix,0.0,0.75,10.0,4,1,blend,true,0.5966666666666667,0.7902371799544425,0.9619130692768519,0.8649446278998008,0.9799691663835572,0.9996550374853792,0.9989962403620662,0.9802564545578607,0.9996655864496098,0.999027114448255,0.9831380936462677,0.9997346040322473,0.9992766346298146,0.9868744049039055,0.9866838045545357,0.9988297543629109,1.083592666342018,1.7901559864983834,0.5253970635763424,0.24023222311692613,-0.15750932461830264,0.6173823722265958,9.9063794034125
B_magfix,0.0,0.75,10.0,5,1,blend,true,0.5986666666666667,0.802211738988683,0.9663449556770095,0.8832996714287086,0.9825681429631145,0.999746873982769,0.99918791110797,0.9826282140346403,0.9997493890452662,0.9991931922523586,0.989372753215598,0.9998971239195606,0.9996479289891116,0.9883457303721411,0.988344339626012,0.9990271519443451,1.0529467653550073,1.7378671124609606,0.5218434838585561,0.23988330829300256,-0.025130637817344977,0.6171922384500574,9.910617061733415
B_magfix,0.0,0.75,10.0,6,1,blend,true,0.6106666666666667,0.7872445321328734,0.9608222859342274,0.8642900233961239,0.9823300249842519,0.9996872495199879,0.9991488025506859,0.9829500788490968,0.99970654955868,0.9991712001947631,0.9878999060038813,0.9998489013491817,0.9997281802495147,0.9867625371358244,0.9863937660419074,0.9988916995513378,1.1098059516389809,1.7628501765083022,0.5230704055003889,0.23734203238691412,-0.11722336097752553,0.6198473985751215,9.922183529453456
B_magfix,0.0,0.75,10.0,7,1,blend,true,0.5916666666666667,0.7826888627212916,0.9598179048526359,0.8519625117734814,0.9857107197228532,0.9998146183047919,0.9996851053695642,0.9855005026953333,0.9998092029619053,0.9996856305997343,0.987592140706686,0.9998418486712266,0.9995367971351231,0.9906725712881441,0.9905902089129838,0.9990699102408194,1.2684879477209345,1.8847433176274508,0.5219729807415925,0.24131680110571566,-0.012920855520686466,0.6199321723744475,9.930325320445792
B_magfix,0.0,1.0,10.0,0,1,blend,true,0.6006666666666667,0.7855213404371689,0.9604446513415364,0.8572917391740482,0.9745676435997241,0.9994918167968668,0.9984849984777698,0.9758214582375306,0.999541146269307,0.9986154394972655,0.987655528672787,0.9998644264306731,0.9995504493937785,0.9831275751563111,0.9820054122009998,0.9977020181656152,1.4214133917899103,1.9504877952622197,0.5324498007222545,0.23912825260031415,0.04410107004747555,0.6551222687522709,9.915105983847194
B_magfix,0.0,1.0,10.0,1,1,blend,true,0.607,0.7864859104853783,0.9607028523899682,0.8584862880259305,0.9904062772939096,0.999891302842697,0.9996017122489097,0.9903775161665879,0.9998903685116189,0.9995989908338627,0.9928427036521882,0.9999495390017966,0.9998262036902636,0.9940669222708228,0.9941758049923566,0.9996604313988056,1.1022260035223526,1.7224099391998104,0.5108935475712392,0.2384206022278381,-0.02109373214381544,0.6371537291675469,9.894705982675552
B_magfix,0.0,1.0,10.0,2,1,blend,true,0.604,0.7738396201562758,0.9560055208285598,0.843152871929688,0.9853167405714123,0.99977303428716,0.9994712917865792,0.9852064612444665,0.9997696733690453,0.9994410171934182,0.9818736683961982,0.9996396896242177,0.999412478841362,0.9917513038335928,0.9919554601586223,0.9994448440304466,1.1489233001509918,1.8333640178092254,0.5138031808147702,0.2389880413032789,-0.037310752176868855,0.6462401283433913,9.9147857235151
B_magfix,0.0,1.0,10.0,3,1,blend,true,0.597,0.797269238662265,0.9638568637044522,0.8802408768509725,0.9740694035081978,0.9994223458195243,0.9980590558327623,0.9750002175514846,0.9994604888049508,0.9981710183525788,0.9703023930521688,0.9992744237226863,0.9974687386822223,0.9915117737277053,0.9907320293497461,0.9995189380426345,1.0661577733778962,1.7540759562298316,0.5133372957979864,0.24042462293405042,0.03931006569663238,0.6556030534382139,9.937916225423677
B_magfix,0.0,1.0,10.0,4,1,blend,true,0.5966666666666667,0.7824309288131521,0.9589465165196069,0.8511252800221925,0.9799691663835572,0.9996550374853792,0.9989962403620662,0.9802564545578607,0.9996655864496098,0.999027114448255,0.9831380936462677,0.9997346040322473,0.9992766346298146,0.9868744049039055,0.9866838045545357,0.9988297543629109,1.083592666342018,1.7901559864983834,0.5253970635763424,0.24023222311692613,-0.15750932461830264,0.6385941981595727,9.913419676922683
B_magfix,0.0,1.0,10.0,5,1,blend,true,0.5986666666666667,0.7923693559581181,0.9627986674558189,0.8681889055095695,0.9825681429631145,0.999746873982769,0.99918791110797,0.9826282140346403,0.9997493890452662,0.9991931922523586,0.989372753215598,0.9998971239195606,0.9996479289891116,0.9883457303721411,0.988344339626012,0.9990271519443451,1.0529467653550073,1.7378671124609606,0.5218434838585561,0.23988330829300256,-0.025130637817344977,0.6434148182625545,9.92139934069197
B_magfix,0.0,1.0,10.0,6,1,blend,true,0.6106666666666667,0.782434645938423,0.9589266091216918,0.8542056887306968,0.9823300249842519,0.9996872495199879,0.9991488025506859,0.9829500788490968,0.99970654955868,0.9991712001947631,0.9878999060038813,0.9998489013491817,0.9997281802495147,0.9867625371358244,0.9863937660419074,0.9988916995513378,1.1098059516389809,1.7628501765083022,0.5230704055003889,0.23734203238691412,-0.11722336097752553,0.6395406240549981,9.925377332971014
B_magfix,0.0,1.0,10.0,7,1,blend,true,0.5916666666666667,0.7766896014820053,0.9573540460958808,0.8403299257848529,0.9857107197228532,0.9998146183047919,0.9996851053695642,0.9855005026953333,0.9998092029619053,0.9996856305997343,0.987592140706686,0.9998418486712266,0.9995367971351231,0.9906725712881441,0.9905902089129838,0.9990699102408194,1.2684879477209345,1.8847433176274508,0.5219729807415925,0.24131680110571566,-0.012920855520686466,0.6392647274480605,9.93488510938585
B_magfix,0.5,0.0,10.0,0,1,blend,true,0.601,0.8958172671438067,0.9895618474591308,0.9980840807792517,0.9259372388476391,0.995336832515242,0.9858340655473085,0.9698691972040842,0.9992727760407697,0.9980798149232176,0.9851708373103807,0.9997763686274794,0.9993641890761689,0.982664006644784,0.9240265086854098,0.9480645775170368,3.5476984266810723,3.0081687150253864,0.6423778062275304,0.22518385477941244,0.9647406951190648,0.030195213298439348,9.799146368904658
B_magfix,0.5,0.0,10.0,1,1,blend,true,0.6016666666666667,0.8963440754902143,0.9897462912087089,0.9989506199341498,0.9232402797341468,0.9951129164258633,0.9842207744505436,0.9938634430067032,0.9999623012663723,0.9999318297230156,0.994143581232497,0.9999664804219204,0.9999093548284578,0.9964082781517114,0.9262399235754786,0.9570996511427214,2.488654609229114,2.918156983095934,0.6365122451581497,0.22640228049709704,0.9393313292273066,0.007756025327196809,9.87302591260402
B_magfix,0.5,0.0,10.0,2,1,blend,true,0.6073333333333333,0.8885914274018423,0.9880872805896221,0.9965216596776816,0.9273855786203093,0.9954771703352394,0.9848994109054461,0.9854349360824064,0.9997524518426394,0.9991196795950809,0.9795286042673339,0.9994925765452587,0.9982325749930592,0.9901066610131344,0.9340138057272207,0.96719593436681,2.1026745423134163,2.6181408455628645,0.6258412088434322,0.2274406958238643,0.8419134029574545,-0.005245044944232297,9.823846362510269
B_magfix,0.5,0.0,10.0,3,1,blend,true,0.598,0.8914684365849241,0.9886321820187893,0.9955924630829791,0.9520226515150687,0.9981181817926632,0.9936186053357503,0.969938420998898,0.9992643145625311,0.997473747619589,0.9707805074784457,0.9993191593163601,0.9977153318670698,0.9949247554466532,0.927746215839351,0.961571186648592,2.2385413887912704,2.7134322147057417,0.631371893782666,0.22748742379837578,0.9222906525956999,0.02703544738155169,9.851360508958026
B_magfix,0.5,0.0,10.0,4,1,blend,true,0.6003333333333334,0.8990568034386313,0.9902878791826161,0.998092711172293,0.9365297666671868,0.996695886566539,0.9892747042075059,0.9826427101477284,0.9997287042278465,0.9991426757830413,0.9841046244414141,0.9997562097358382,0.9994986888114908,0.985101861814766,0.9386199764540734,0.9734373634273443,1.8565389928781197,2.5279709267262804,0.6125829455325301,0.2307229018033669,0.7752043446078762,0.031476065156439116,9.805840505838708
B_magfix,0.5,0.0,10.0,5,1,blend,true,0.599,0.8941561619371002,0.9893289640556808,0.9991595196258118,0.9385976063294804,0.9968845410455563,0.9893931273720541,0.9871168630751941,0.999862853653805,0.9995462734024755,0.9917954687187222,0.9999449647676772,0.9998108563870882,0.9920319182094345,0.9306026437981941,0.9643910664469985,2.2762633188663925,2.7100314847412434,0.6261738530690525,0.22852218069018523,0.8854472553360502,0.024818947928428804,9.808603397816684
B_magfix,0.5,0.0,10.0,6,1,blend,true,0.616,0.8782135607820836,0.985764150804108,0.9964025631942692,0.9326290534892536,0.9962915259141574,0.9872306265378656,0.9910211003909676,0.9999122365078535,0.9998289413537753,0.9935223762394162,0.9999620228306018,0.9999258765672507,0.99363572496651,0.9319227800621815,0.9655243742842597,2.3102748043050614,2.5517641428096116,0.6284581304112554,0.22441705872926748,0.9030680539952484,-0.024994709433114777,9.851660843317498
B_magfix,0.5,0.0,10.0,7,1,blend,true,0.5973333333333334,0.8964205655861699,0.9898291856217827,0.9995678710666263,0.9108719452850226,0.9931440740384782,0.9788654641522739,0.976073690587762,0.999424190303706,0.998661113453491,0.980635490213837,0.9996466388467306,0.9993136840394993,0.9907099118439786,0.9258851088535709,0.9491966797050982,3.8787691618103364,3.1540511640120696,0.6328732464374409,0.22717814845291814,0.9551499811070296,0.0052129701006319975,9.811456047762384
B_magfix,0.5,0.25,10.0,0,1,blend,true,0.601,0.8992987356642825,0.9904738397977836,0.9950272708981454,0.9259372388476391,0.995336832515242,0.9858340655473085,0.9698691972040842,0.9992727760407697,0.9980798149232176,0.9851708373103807,0.9997763686274794,0.9993641890761689,0.982664006644784,0.9240265086854098,0.9480645775170368,3.5476984266810723,3.0081687150253864,0.6423778062275304,0.22518385477941244,0.9647406951190648,0.1407121963417238,9.808552148981818
B_magfix,0.5,0.25,10.0,1,1,blend,true,0.6016666666666667,0.8966012924285216,0.9900652336086486,0.9945821180024923,0.9232402797341468,0.9951129164258633,0.9842207744505436,0.9938634430067032,0.9999623012663723,0.9999318297230156,0.994143581232497,0.9999664804219204,0.9999093548284578,0.9964082781517114,0.9262399235754786,0.9570996511427214,2.488654609229114,2.918156983095934,0.6365122451581497,0.22640228049709704,0.9393313292273066,0.1181982453721948,9.878471818582454
B_magfix,0.5,0.25,10.0,2,1,blend,true,0.6073333333333333,0.8892019736873061,0.9885630993967089,0.9919608425768732,0.9273855786203093,0.9954771703352394,0.9848994109054461,0.9854349360824064,0.9997524518426394,0.9991196795950809,0.9795286042673339,0.9994925765452587,0.9982325749930592,0.9901066610131344,0.9340138057272207,0.96719593436681,2.1026745423134163,2.6181408455628645,0.6258412088434322,0.2274406958238643,0.8419134029574545,0.1092419141581959,9.827398109806138
B_magfix,0.5,0.25,10.0,3,1,blend,true,0.598,0.8970527214820813,0.9898946904179238,0.9982523230480707,0.9520226515150687,0.9981181817926632,0.9936186053357503,0.969938420998898,0.9992643145625311,0.997473747619589,0.9707805074784457,0.9993191593163601,0.9977153318670698,0.9949247554466532,0.927746215839351,0.961571186648592,2.2385413887912704,2.7134322147057417,0.631371893782666,0.22748742379837578,0.9222906525956999,0.13581894427989985,9.862069814836591
B_magfix,0.5,0.25,10.0,4,1,blend,true,0.6003333333333334,0.8980802531576827,0.9903460617424862,0.9929522261347519,0.9365297666671868,0.996695886566539,0.9892747042075059,0.9826427101477284,0.9997287042278465,0.9991426757830413,0.9841046244414141,0.9997562097358382,0.9994986888114908,0.985101861814766,0.9386199764540734,0.9734373634273443,1.8565389928781197,2.5279709267262804,0.6125829455325301,0.2307229018033669,0.7752043446078762,0.13758515441855204,9.806529467797802
B_magfix,0.5,0.25,10.0,5,1,blend,true,0.599,0.8971341501820579,0.9900941010439296,0.9974166557506243,0.9385976063294804,0.9968845410455563,0.9893931273720541,0.9871168630751941,0.999862853653805,0.9995462734024755,0.9917954687187222,0.9999449647676772,0.9998108563870882,0.9920319182094345,0.9306026437981941,0.9643910664469985,2.2762633188663925,2.7100314847412434,0.6261738530690525,0.22852218069018523,0.8854472553360502,0.1274149630616302,9.814802894711166
B_magfix,0.5,0.25,10.0,6,1,blend,true,0.616,0.8850437143282741,0.9874599398900219,0.99620163224046,0.9326290534892536,0.9962915259141574,0.9872306265378656,0.9910211003909676,0.9999122365078535,0.9998289413537753,0.9935223762394162,0.9999620228306018,0.9999258765672507,0.99363572496651,0.9319227800621815,0.9655243742842597,2.3102748043050614,2.5517641428096116,0.6284581304112554,0.22441705872926748,0.9030680539952484,0.09530196118464596,9.849396636806077
B_magfix,0.5,0.25,10.0,7,1,blend,true,0.5973333333333334,0.896857053830653,0.9902077459839568,0.9940409840624005,0.9108719452850226,0.9931440740384782,0.9788654641522739,0.976073690587762,0.999424190303706,0.998661113453491,0.980635490213837,0.9996466388467306,0.9993136840394993,0.9907099118439786,0.9258851088535709,0.9491966797050982,3.8787691618103364,3.1540511640120696,0.6328732464374409,0.22717814845291814,0.9551499811070296,0.12093526051779493,9.820901698150987
B_magfix,0.5,0.5,10.0,0,1,blend,true,0.601,0.8538789140142299,0.9820940991089706,0.9396404274491547,0.9259372388476391,0.995336832515242,0.9858340655473085,0.9698691972040842,0.9992727760407697,0.9980798149232176,0.9851708373103807,0.9997763686274794,0.9993641890761689,0.982664006644784,0.9240265086854098,0.9480645775170368,3.5476984266810723,3.0081687150253864,0.6423778062275304,0.22518385477941244,0.9647406951190648,0.429021767824103,9.833946162924132
B_magfix,0.5,0.5,10.0,1,1,blend,true,0.6016666666666667,0.8480040937725885,0.98092207666962,0.9357091876124236,0.9232402797341468,0.9951129164258633,0.9842207744505436,0.9938634430067032,0.9999623012663723,0.9999318297230156,0.994143581232497,0.9999664804219204,0.9999093548284578,0.9964082781517114,0.9262399235754786,0.9570996511427214,2.488654609229114,2.918156983095934,0.6365122451581497,0.22640228049709704,0.9393313292273066,0.42503936912947937,9.862264189003366
B_magfix,0.5,0.5,10.0,2,1,blend,true,0.6073333333333333,0.8447921783991793,0.9797139116497631,0.9334013315987035,0.9273855786203093,0.9954771703352394,0.9848994109054461,0.9854349360824064,0.9997524518426394,0.9991196795950809,0.9795286042673339,0.9994925765452587,0.9982325749930592,0.9901066610131344,0.9340138057272207,0.96719593436681,2.1026745423134163,2.6181408455628645,0.6258412088434322,0.2274406958238643,0.8419134029574545,0.42425279716300107,9.84623273709729
B_magfix,0.5,0.5,10.0,3,1,blend,true,0.598,0.8672710485494229,0.9851832508426663,0.9558439605446819,0.9520226515150687,0.9981181817926632,0.9936186053357503,0.969938420998898,0.9992643145625311,0.997473747619589,0.9707805074784457,0.9993191593163601,0.9977153318670698,0.9949247554466532,0.927746215839351,0.961571186648592,2.2385413887912704,2.7134322147057417,0.631371893782666,0.22748742379837578,0.9222906525956999,0.43722217572653266,9.848482160448045
B_magfix,0.5,0.5,10.0,4,1,blend,true,0.6003333333333334,0.853244241539991,0.9823258747958701,0.9409357276778195,0.9365297666671868,0.996695886566539,0.9892747042075059,0.9826427101477284,0.9997287042278465,0.9991426757830413,0.9841046244414141,0.9997562097358382,0.9994986888114908,0.985101861814766,0.9386199764540734,0.9734373634273443,1.8565389928781197,2.5279709267262804,0.6125829455325301,0.2307229018033669,0.7752043446078762,0.42712671181110495,9.81677416582946
B_magfix,0.5,0.5,10.0,5,1,blend,true,0.599,0.858477945833428,0.9834331272789432,0.9461618569003192,0.9385976063294804,0.9968845410455563,0.9893931273720541,0.9871168630751941,0.999862853653805,0.9995462734024755,0.9917954687187222,0.9999449647676772,0.9998108563870882,0.9920319182094345,0.9306026437981941,0.9643910664469985,2.2762633188663925,2.7100314847412434,0.6261738530690525,0.22852218069018523,0.8854472553360502,0.42355561703944994,9.799789894474683
B_magfix,0.5,0.5,10.0,6,1,blend,true,0.616,0.8510409347028631,0.9814064442026421,0.9411147106323563,0.9326290534892536,0.9962915259141574,0.9872306265378656,0.9910211003909676,0.9999122365078535,0.9998289413537753,0.9935223762394162,0.9999620228306018,0.9999258765672507,0.99363572496651,0.9319227800621815,0.9655243742842597,2.3102748043050614,2.5517641428096116,0.6284581304112554,0.22441705872926748,0.9030680539952484,0.4254294230264662,9.826160718201868
B_magfix,0.5,0.5,10.0,7,1,blend,true,0.5973333333333334,0.8385405318097274,0.9784173654280444,0.9248319390306292,0.9108719452850226,0.9931440740384782,0.9788654641522739,0.976073690587762,0.999424190303706,0.998661113453491,0.980635490213837,0.9996466388467306,0.9993136840394993,0.9907099118439786,0.9258851088535709,0.9491966797050982,3.8787691618103364,3.1540511640120696,0.6328732464374409,0.22717814845291814,0.9551499811070296,0.4342363886765022,9.836222585237083
B_magfix,0.5,0.75,10.0,0,1,blend,true,0.601,0.7958279506415795,0.966110410494607,0.8767449707210464,0.9259372388476391,0.995336832515242,0.9858340655473085,0.9698691972040842,0.9992727760407697,0.9980798149232176,0.9851708373103807,0.9997763686274794,0.9993641890761689,0.982664006644784,0.9240265086854098,0.9480645775170368,3.5476984266810723,3.0081687150253864,0.6423778062275304,0.22518385477941244,0.9647406951190648,0.6537826348865765,9.913682369449853
B_magfix,0.5,0.75,10.0,1,1,blend,true,0.6016666666666667,0.7908006493425244,0.9641902904829798,0.869577856422257,0.9232402797341468,0.9951129164258633,0.9842207744505436,0.9938634430067032,0.9999623012663723,0.9999318297230156,0.994143581232497,0.9999664804219204,0.9999093548284578,0.9964082781517114,0.9262399235754786,0.9570996511427214,2.488654609229114,2.918156983095934,0.6365122451581497,0.22640228049709704,0.9393313292273066,0.6396350592438033,9.914446523960939
B_magfix,0.5,0.75,10.0,2,1,blend,true,0.6073333333333333,0.7911948364765427,0.9642059371449936,0.8713699988629264,0.9273855786203093,0.9954771703352394,0.9848994109054461,0.9854349360824064,0.9997524518426394,0.9991196795950809,0.9795286042673339,0.9994925765452587,0.9982325749930592,0.9901066610131344,0.9340138057272207,0.96719593436681,2.1026745423134163,2.6181408455628645,0.6258412088434322,0.2274406958238643,0.8419134029574545,0.6400352508557725,9.932411515938059
B_magfix,0.5,0.75,10.0,3,1,blend,true,0.598,0.807522631793148,0.9693520150601265,0.8930547637618901,0.9520226515150687,0.9981181817926632,0.9936186053357503,0.969938420998898,0.9992643145625311,0.997473747619589,0.9707805074784457,0.9993191593163601,0.9977153318670698,0.9949247554466532,0.927746215839351,0.961571186648592,2.2385413887912704,2.7134322147057417,0.631371893782666,0.22748742379837578,0.9222906525956999,0.6694379768087163,9.938278156664524
B_magfix,0.5,0.75,10.0,4,1,blend,true,0.6003333333333334,0.7948567112656892,0.965487481006415,0.8747965807286973,0.9365297666671868,0.996695886566539,0.9892747042075059,0.9826427101477284,0.9997287042278465,0.9991426757830413,0.9841046244414141,0.9997562097358382,0.9994986888114908,0.985101861814766,0.9386199764540734,0.9734373634273443,1.8565389928781197,2.5279709267262804,0.6125829455325301,0.2307229018033669,0.7752043446078762,0.6444313750531814,9.9172557399654
B_magfix,0.5,0.75,10.0,5,1,blend,true,0.599,0.8013999033538013,0.9677908327030488,0.8834591452493998,0.9385976063294804,0.9968845410455563,0.9893931273720541,0.9871168630751941,0.999862853653805,0.9995462734024755,0.9917954687187222,0.9999449647676772,0.9998108563870882,0.9920319182094345,0.9306026437981941,0.9643910664469985,2.2762633188663925,2.7100314847412434,0.6261738530690525,0.22852218069018523,0.8854472553360502,0.6513309937621495,9.924458603314617
B_magfix,0.5,0.75,10.0,6,1,blend,true,0.616,0.7958524848313897,0.9657262607839894,0.8771264042088053,0.9326290534892536,0.9962915259141574,0.9872306265378656,0.9910211003909676,0.9999122365078535,0.9998289413537753,0.9935223762394162,0.9999620228306018,0.9999258765672507,0.99363572496651,0.9319227800621815,0.9655243742842597,2.3102748043050614,2.5517641428096116,0.6284581304112554,0.22441705872926748,0.9030680539952484,0.6595444376844387,9.930541056020717
B_magfix,0.5,0.75,10.0,7,1,blend,true,0.5973333333333334,0.7810399605050908,0.9611395465220519,0.8564962111560287,0.9108719452850226,0.9931440740384782,0.9788654641522739,0.976073690587762,0.999424190303706,0.998661113453491,0.980635490213837,0.9996466388467306,0.9993136840394993,0.9907099118439786,0.9258851088535709,0.9491966797050982,3.8787691618103364,3.1540511640120696,0.6328732464374409,0.22717814845291814,0.9551499811070296,0.6561387391561553,9.935428202063395
B_magfix,0.5,1.0,10.0,0,1,blend,true,0.601,0.7907983578476235,0.9643867776155691,0.869477866628327,0.9259372388476391,0.995336832515242,0.9858340655473085,0.9698691972040842,0.9992727760407697,0.9980798149232176,0.9851708373103807,0.9997763686274794,0.9993641890761689,0.982664006644784,0.9240265086854098,0.9480645775170368,3.5476984266810723,3.0081687150253864,0.6423778062275304,0.22518385477941244,0.9647406951190648,0.6739554312387193,9.92875927695021
B_magfix,0.5,1.0,10.0,1,1,blend,true,0.6016666666666667,0.7857520634094322,0.9623881220742381,0.8623337408048954,0.9232402797341468,0.9951129164258633,0.9842207744505436,0.9938634430067032,0.9999623012663723,0.9999318297230156,0.994143581232497,0.9999664804219204,0.9999093548284578,0.9964082781517114,0.9262399235754786,0.9570996511427214,2.488654609229114,2.918156983095934,0.6365122451581497,0.22640228049709704,0.9393313292273066,0.6555104397452288,9.912867075129583
B_magfix,0.5,1.0,10.0,2,1,blend,true,0.6073333333333333,0.7870013378348932,0.9627492104667683,0.8651365462379155,0.9273855786203093,0.9954771703352394,0.9848994109054461,0.9854349360824064,0.9997524518426394,0.9991196795950809,0.9795286042673339,0.9994925765452587,0.9982325749930592,0.9901066610131344,0.9340138057272207,0.96719593436681,2.1026745423134163,2.6181408455628645,0.6258412088434322,0.2274406958238643,0.8419134029574545,0.6571342674831272,9.940751034697545
B_magfix,0.5,1.0,10.0,3,1,blend,true,0.598,0.8031349191629537,0.9678127581078492,0.8868213920358794,0.9520226515150687,0.9981181817926632,0.9936186053357503,0.969938420998898,0.9992643145625311,0.997473747619589,0.9707805074784457,0.9993191593163601,0.9977153318670698,0.9949247554466532,0.927746215839351,0.961571186648592,2.2385413887912704,2.7134322147057417,0.631371893782666,0.22748742379837578,0.9222906525956999,0.6849362457487075,9.948293450797118
B_magfix,0.5,1.0,10.0,4,1,blend,true,0.6003333333333334,0.7891157459760569,0.9634136625315999,0.8662556262495603,0.9365297666671868,0.996695886566539,0.9892747042075059,0.9826427101477284,0.9997287042278465,0.9991426757830413,0.9841046244414141,0.9997562097358382,0.9994986888114908,0.985101861814766,0.9386199764540734,0.9734373634273443,1.8565389928781197,2.5279709267262804,0.6125829455325301,0.2307229018033669,0.7752043446078762,0.6625952685980646,9.92861862273806
B_magfix,0.5,1.0,10.0,5,1,blend,true,0.599,0.7950605108811171,0.9656304856539116,0.8747376694207957,0.9385976063294804,0.9968845410455563,0.9893931273720541,0.9871168630751941,0.999862853653805,0.9995462734024755,0.9917954687187222,0.9999449647676772,0.9998108563870882,0.9920319182094345,0.9306026437981941,0.9643910664469985,2.2762633188663925,2.7100314847412434,0.6261738530690525,0.22852218069018523,0.8854472553360502,0.6723145798994279,9.933821492989125
B_magfix,0.5,1.0,10.0,6,1,blend,true,0.616,0.7901508447184713,0.9636730035978391,0.8689901297391741,0.9326290534892536,0.9962915259141574,0.9872306265378656,0.9910211003909676,0.9999122365078535,0.9998289413537753,0.9935223762394162,0.9999620228306018,0.9999258765672507,0.99363572496651,0.9319227800621815,0.9655243742842597,2.3102748043050614,2.5517641428096116,0.6284581304112554,0.22441705872926748,0.9030680539952484,0.677040808006181,9.940218567296593
B_magfix,0.5,1.0,10.0,7,1,blend,true,0.5973333333333334,0.7766987669839565,0.9595495913962644,0.8495746557465261,0.9108719452850226,0.9931440740384782,0.9788654641522739,0.976073690587762,0.999424190303706,0.998661113453491,0.980635490213837,0.9996466388467306,0.9993136840394993,0.9907099118439786,0.9258851088535709,0.9491966797050982,3.8787691618103364,3.1540511640120696,0.6328732464374409,0.22717814845291814,0.9551499811070296,0.6745019613005468,9.944143878243967
B_magfix,1.0,0.0,10.0,0,1,blend,true,0.602,0.8864525433847421,0.9876797522474529,0.9981527595744557,0.8616424943736767,0.9828022915005776,0.9533261150112837,0.952936385433316,0.997916641396699,0.9951914390173495,0.9698742634347551,0.9989941535880579,0.9975085155608784,0.9804149961277976,0.8732573268048313,0.7410636174113521,16.85887276515595,5.05438342336833,0.7453576947120244,0.19634497848056942,1.9614191779164032,0.0165314154818829,9.784884425711784
B_magfix,1.0,0.0,10.0,1,1,blend,true,0.596,0.8843885148378361,0.987286063051812,0.9984515394058442,0.8535237546379304,0.9813694213896573,0.9473165223626675,0.9669851185698557,0.9988904878474958,0.9975414661710895,0.9762322313583434,0.9994249966537312,0.9989868036533631,0.988851396038487,0.8714689729205413,0.7596765745883762,11.825841030176601,4.91135504422275,0.7457416882627861,0.19716950049314588,1.9736798969793354,0.023930741781659777,9.806820222459825
B_magfix,1.0,0.0,10.0,2,1,blend,true,0.6066666666666667,0.8813552653359772,0.9865822855590768,0.998562086754989,0.8645962469483989,0.9841366048922603,0.9513984658288837,0.9887882836835458,0.9998588592588381,0.9996033060175087,0.9837113544118309,0.9996793076415849,0.9988833124365456,0.9916956919284723,0.8734885357695009,0.8445766226624959,5.849536987769831,4.604749197082499,0.7407799403985844,0.19820315319033738,1.868819980460654,0.015130347247912557,9.774214784189391
B_magfix,1.0,0.0,10.0,3,1,blend,true,0.5996666666666667,0.887416617686905,0.9878224833090914,0.9964080932962923,0.8862253821046956,0.9885764960951698,0.9671985557780435,0.9770803376940421,0.9995358507274683,0.9993012968858549,0.975245622306282,0.9994519128759349,0.9988197900572888,0.9946514833419418,0.8707318176963053,0.8374802835319686,6.025290928073275,4.85176833917007,0.7400591224933456,0.19854523865247256,1.908945132534476,0.05602940842355881,9.805001042593357
B_magfix,1.0,0.0,10.0,4,1,blend,true,0.598,0.8916825663540612,0.9888146833297655,0.9985958862206968,0.8711932788785307,0.9855844280539828,0.9586981270360155,0.9924415102578563,0.9999415422400906,0.9999347188834149,0.9787574077531808,0.9995726225096281,0.9994009828956524,0.9817970188320415,0.88126386374786,0.8565990438080134,4.642127216899696,4.374466316233899,0.7243804666744317,0.20430700232866297,1.7496170649997194,0.04839678467645012,9.776596200892726
B_magfix,1.0,0.0,10.0,5,1,blend,true,0.5976666666666667,0.8950429378006228,0.9895229106460012,0.9992331261453848,0.8749877409873955,0.9865451042717538,0.9597141225080896,0.9920101463814899,0.9999377401149496,0.9999655912272405,0.9887017220858998,0.9998801213558066,0.9999701729738257,0.9943783072983181,0.8748452430702305,0.8443735349620218,6.498513965897737,4.775966775198831,0.7319662537410745,0.20203150273417472,1.8133920197350892,0.05750840191206708,9.784590422679809
B_magfix,1.0,0.0,10.0,6,1,blend,true,0.6103333333333333,0.8828555757756253,0.9870823771946136,0.9990195506102383,0.8721860789603568,0.9862811496318946,0.9567216373994394,0.9905319328404967,0.9998923335623562,0.9996168412124032,0.989563949237891,0.9999111001291423,0.9996911282212789,0.9842709167170685,0.8822334746187152,0.8706804276441539,6.243864933737426,4.20281671208747,0.7231189489632734,0.20263495612786078,1.6992891400145367,0.008809961462883478,9.82383111108992
B_magfix,1.0,0.0,10.0,7,1,blend,true,0.6033333333333334,0.8928316932567245,0.9892595720691987,0.9991827814461637,0.8501112400309618,0.9801122755880108,0.9445647270677601,0.9594249034537108,0.9982293893805226,0.9960754133898932,0.9595262901478575,0.9982679092232818,0.9964903716243597,0.9951582424401487,0.8820729198748618,0.8222890313025079,8.091871696097394,4.203942057182042,0.7341120757695343,0.1999106847294197,1.8767832257066475,0.042161432593063486,9.813976927045932
B_magfix,1.0,0.25,10.0,0,1,blend,true,0.602,0.8941888542348718,0.9893851787491172,0.9969691547376163,0.8616424943736767,0.9828022915005776,0.9533261150112837,0.952936385433316,0.997916641396699,0.9951914390173495,0.9698742634347551,0.9989941535880579,0.9975085155608784,0.9804149961277976,0.8732573268048313,0.7410636174113521,16.85887276515595,5.05438342336833,0.7453576947120244,0.19634497848056942,1.9614191779164032,0.12239407574737342,9.802477157444738
B_magfix,1.0,0.25,10.0,1,1,blend,true,0.596,0.8872650486688334,0.9881239530582344,0.9923107342049572,0.8535237546379304,0.9813694213896573,0.9473165223626675,0.9669851185698557,0.9988904878474958,0.9975414661710895,0.9762322313583434,0.9994249966537312,0.9989868036533631,0.988851396038487,0.8714689729205413,0.7596765745883762,11.825841030176601,4.91135504422275,0.7457416882627861,0.19716950049314588,1.9736798969793354,0.12778049406943143,9.814300958254211
B_magfix,1.0,0.25,10.0,2,1,blend,true,0.6066666666666667,0.8880874276205365,0.9882439320509077,0.99483597724365,0.8645962469483989,0.9841366048922603,0.9513984658288837,0.9887882836835458,0.9998588592588381,0.9996033060175087,0.9837113544118309,0.9996793076415849,0.9988833124365456,0.9916956919284723,0.8734885357695009,0.8445766226624959,5.849536987769831,4.604749197082499,0.7407799403985844,0.19820315319033738,1.868819980460654,0.12023389646673077,9.782399835354473
B_magfix,1.0,0.25,10.0,3,1,blend,true,0.5996666666666667,0.8956090612049105,0.9895594988043706,0.99665388671579,0.8862253821046956,0.9885764960951698,0.9671985557780435,0.9770803376940421,0.9995358507274683,0.9993012968858549,0.975245622306282,0.9994519128759349,0.9988197900572888,0.9946514833419418,0.8707318176963053,0.8374802835319686,6.025290928073275,4.85176833917007,0.7400591224933456,0.19854523865247256,1.908945132534476,0.16197551166287327,9.837801580491151
B_magfix,1.0,0.25,10.0,4,1,blend,true,0.598,0.894625463546093,0.9896784997162553,0.9920934575654026,0.8711932788785307,0.9855844280539828,0.9586981270360155,0.9924415102578563,0.9999415422400906,0.9999347188834149,0.9787574077531808,0.9995726225096281,0.9994009828956524,0.9817970188320415,0.88126386374786,0.8565990438080134,4.642127216899696,4.374466316233899,0.7243804666744317,0.20430700232866297,1.7496170649997194,0.15430796294146806,9.797937559726575
B_magfix,1.0,0.25,10.0,5,1,blend,true,0.5976666666666667,0.9022074444490689,0.9911477471615382,0.9944019570224696,0.8749877409873955,0.9865451042717538,0.9597141225080896,0.9920101463814899,0.9999377401149496,0.9999655912272405,0.9887017220858998,0.9998801213558066,0.9999701729738257,0.9943783072983181,0.8748452430702305,0.8443735349620218,6.498513965897737,4.775966775198831,0.7319662537410745,0.20203150273417472,1.8133920197350892,0.1684121818404299,9.799986475159358
B_magfix,1.0,0.25,10.0,6,1,blend,true,0.6103333333333333,0.8913711990288338,0.98909780562567,0.9977127520097164,0.8721860789603568,0.9862811496318946,0.9567216373994394,0.9905319328404967,0.9998923335623562,0.9996168412124032,0.989563949237891,0.9999111001291423,0.9996911282212789,0.9842709167170685,0.8822334746187152,0.8706804276441539,6.243864933737426,4.20281671208747,0.7231189489632734,0.20263495612786078,1.6992891400145367,0.11881170648463904,9.817370399568361
B_magfix,1.0,0.25,10.0,7,1,blend,true,0.6033333333333334,0.8954344926275549,0.9901111441198384,0.9906798798497561,0.8501112400309618,0.9801122755880108,0.9445647270677601,0.9594249034537108,0.9982293893805226,0.9960754133898932,0.9595262901478575,0.9982679092232818,0.9964903716243597,0.9951582424401487,0.8820729198748618,0.8222890313025079,8.091871696097394,4.203942057182042,0.7341120757695343,0.1999106847294197,1.8767832257066475,0.15747892707426897,9.823179847217176
B_magfix,1.0,0.5,10.0,0,1,blend,true,0.602,0.8512928038175579,0.980526875401072,0.9320779939988374,0.8616424943736767,0.9828022915005776,0.9533261150112837,0.952936385433316,0.997916641396699,0.9951914390173495,0.9698742634347551,0.9989941535880579,0.9975085155608784,0.9804149961277976,0.8732573268048313,0.7410636174113521,16.85887276515595,5.05438342336833,0.7453576947120244,0.19634497848056942,1.9614191779164032,0.4343641888270265,9.835848012834838
B_magfix,1.0,0.5,10.0,1,1,blend,true,0.596,0.8402421667258284,0.9775841968069783,0.9219087088306466,0.8535237546379304,0.9813694213896573,0.9473165223626675,0.9669851185698557,0.9988904878474958,0.9975414661710895,0.9762322313583434,0.9994249966537312,0.9989868036533631,0.988851396038487,0.8714689729205413,0.7596765745883762,11.825841030176601,4.91135504422275,0.7457416882627861,0.19716950049314588,1.9736798969793354,0.42543389089585615,9.844503293581264
B_magfix,1.0,0.5,10.0,2,1,blend,true,0.6066666666666667,0.8403447982155847,0.9775899029046705,0.9222618347715081,0.8645962469483989,0.9841366048922603,0.9513984658288837,0.9887882836835458,0.9998588592588381,0.9996033060175087,0.9837113544118309,0.9996793076415849,0.9988833124365456,0.9916956919284723,0.8734885357695009,0.8445766226624959,5.849536987769831,4.604749197082499,0.7407799403985844,0.19820315319033738,1.868819980460654,0.4336130889838565,9.815081041230501
B_magfix,1.0,0.5,10.0,3,1,blend,true,0.5996666666666667,0.8582498984886233,0.9820966783097599,0.9393541587474028,0.8862253821046956,0.9885764960951698,0.9671985557780435,0.9770803376940421,0.9995358507274683,0.9993012968858549,0.975245622306282,0.9994519128759349,0.9988197900572888,0.9946514833419418,0.8707318176963053,0.8374802835319686,6.025290928073275,4.85176833917007,0.7400591224933456,0.19854523865247256,1.908945132534476,0.4554084688881947,9.896060265130183
B_magfix,1.0,0.5,10.0,4,1,blend,true,0.598,0.845418736875422,0.979378400893373,0.9279347522353608,0.8711932788785307,0.9855844280539828,0.9586981270360155,0.9924415102578563,0.9999415422400906,0.9999347188834149,0.9787574077531808,0.9995726225096281,0.9994009828956524,0.9817970188320415,0.88126386374786,0.8565990438080134,4.642127216899696,4.374466316233899,0.7243804666744317,0.20430700232866297,1.7496170649997194,0.4406344323566915,9.85765063993709
B_magfix,1.0,0.5,10.0,5,1,blend,true,0.5976666666666667,0.8516792391035417,0.9811365239572397,0.9340152649072879,0.8749877409873955,0.9865451042717538,0.9597141225080896,0.9920101463814899,0.9999377401149496,0.9999655912272405,0.9887017220858998,0.9998801213558066,0.9999701729738257,0.9943783072983181,0.8748452430702305,0.8443735349620218,6.498513965897737,4.775966775198831,0.7319662537410745,0.20203150273417472,1.8133920197350892,0.4574644582311789,9.802398948975869
B_magfix,1.0,0.5,10.0,6,1,blend,true,0.6103333333333333,0.8510776503939368,0.9815663870496112,0.9363272122195946,0.8721860789603568,0.9862811496318946,0.9567216373994394,0.9905319328404967,0.9998923335623562,0.9996168412124032,0.989563949237891,0.9999111001291423,0.9996911282212789,0.9842709167170685,0.8822334746187152,0.8706804276441539,6.243864933737426,4.20281671208747,0.7231189489632734,0.20263495612786078,1.6992891400145367,0.43856443717477633,9.837365701333047
B_magfix,1.0,0.5,10.0,7,1,blend,true,0.6033333333333334,0.8312501081529404,0.9756055340266162,0.9145094040984775,0.8501112400309618,0.9801122755880108,0.9445647270677601,0.9594249034537108,0.9982293893805226,0.9960754133898932,0.9595262901478575,0.9982679092232818,0.9964903716243597,0.9951582424401487,0.8820729198748618,0.8222890313025079,8.091871696097394,4.203942057182042,0.7341120757695343,0.1999106847294197,1.8767832257066475,0.46652361901705186,9.886406559634654
B_magfix,1.0,0.75,10.0,0,1,blend,true,0.602,0.7887563049396049,0.9632431675076025,0.8693005126909072,0.8616424943736767,0.9828022915005776,0.9533261150112837,0.952936385433316,0.997916641396699,0.9951914390173495,0.9698742634347551,0.9989941535880579,0.9975085155608784,0.9804149961277976,0.8732573268048313,0.7410636174113521,16.85887276515595,5.05438342336833,0.7453576947120244,0.19634497848056942,1.9614191779164032,0.6785372574055822,9.935939323374122
B_magfix,1.0,0.75,10.0,1,1,blend,true,0.596,0.781155011063153,0.9602717859818942,0.8573696167853273,0.8535237546379304,0.9813694213896573,0.9473165223626675,0.9669851185698557,0.9988904878474958,0.9975414661710895,0.9762322313583434,0.9994249966537312,0.9989868036533631,0.988851396038487,0.8714689729205413,0.7596765745883762,11.825841030176601,4.91135504422275,0.7457416882627861,0.19716950049314588,1.9736798969793354,0.6485662058548578,9.921833224201842
B_magfix,1.0,0.75,10.0,2,1,blend,true,0.6066666666666667,0.7819684572759877,0.9605504132097704,0.857704153117253,0.8645962469483989,0.9841366048922603,0.9513984658288837,0.9887882836835458,0.9998588592588381,0.9996033060175087,0.9837113544118309,0.9996793076415849,0.9988833124365456,0.9916956919284723,0.8734885357695009,0.8445766226624959,5.849536987769831,4.604749197082499,0.7407799403985844,0.19820315319033738,1.868819980460654,0.6612617891540479,9.944525701716872
B_magfix,1.0,0.75,10.0,3,1,blend,true,0.5996666666666667,0.8067606145168388,0.9692348421403383,0.8897989555866035,0.8862253821046956,0.9885764960951698,0.9671985557780435,0.9770803376940421,0.9995358507274683,0.9993012968858549,0.975245622306282,0.9994519128759349,0.9988197900572888,0.9946514833419418,0.8707318176963053,0.8374802835319686,6.025290928073275,4.85176833917007,0.7400591224933456,0.19854523865247256,1.908945132534476,0.6748485042256159,9.957425874721277
B_magfix,1.0,0.75,10.0,4,1,blend,true,0.598,0.7898624689695277,0.9636833363619195,0.869423952900246,0.8711932788785307,0.9855844280539828,0.9586981270360155,0.9924415102578563,0.9999415422400906,0.9999347188834149,0.9787574077531808,0.9995726225096281,0.9994009828956524,0.9817970188320415,0.88126386374786,0.8565990438080134,4.642127216899696,4.374466316233899,0.7243804666744317,0.20430700232866297,1.7496170649997194,0.6543721968375783,9.931784621268104
B_magfix,1.0,0.75,10.0,5,1,blend,true,0.5976666666666667,0.7941961430568051,0.9654049422760752,0.8761136016590899,0.8749877409873955,0.9865451042717538,0.9597141225080896,0.9920101463814899,0.9999377401149496,0.9999655912272405,0.9887017220858998,0.9998801213558066,0.9999701729738257,0.9943783072983181,0.8748452430702305,0.8443735349620218,6.498513965897737,4.775966775198831,0.7319662537410745,0.20203150273417472,1.8133920197350892,0.6723481619932081,9.932618812085389
B_magfix,1.0,0.75,10.0,6,1,blend,true,0.6103333333333333,0.7867850165576834,0.962947285333646,0.8657653249025101,0.8721860789603568,0.9862811496318946,0.9567216373994394,0.9905319328404967,0.9998923335623562,0.9996168412124032,0.989563949237891,0.9999111001291423,0.9996911282212789,0.9842709167170685,0.8822334746187152,0.8706804276441539,6.243864933737426,4.20281671208747,0.7231189489632734,0.20263495612786078,1.6992891400145367,0.674486999559842,9.947194896829796
B_magfix,1.0,0.75,10.0,7,1,blend,true,0.6033333333333334,0.7750599297073479,0.9584883475040491,0.8531576591198943,0.8501112400309618,0.9801122755880108,0.9445647270677601,0.9594249034537108,0.9982293893805226,0.9960754133898932,0.9595262901478575,0.9982679092232818,0.9964903716243597,0.9951582424401487,0.8820729198748618,0.8222890313025079,8.091871696097394,4.203942057182042,0.7341120757695343,0.1999106847294197,1.8767832257066475,0.6787665884072905,9.952042940170967
B_magfix,1.0,1.0,10.0,0,1,blend,true,0.602,0.7818712220601266,0.9610624692409376,0.8604522598447548,0.8616424943736767,0.9828022915005776,0.9533261150112837,0.952936385433316,0.997916641396699,0.9951914390173495,0.9698742634347551,0.9989941535880579,0.9975085155608784,0.9804149961277976,0.8732573268048313,0.7410636174113521,16.85887276515595,5.05438342336833,0.7453576947120244,0.19634497848056942,1.9614191779164032,0.7009996699757477,9.951811280416281
B_magfix,1.0,1.0,10.0,1,1,blend,true,0.596,0.7775461990723069,0.9592235986713369,0.8530791334282651,0.8535237546379304,0.9813694213896573,0.9473165223626675,0.9669851185698557,0.9988904878474958,0.9975414661710895,0.9762322313583434,0.9994249966537312,0.9989868036533631,0.988851396038487,0.8714689729205413,0.7596765745883762,11.825841030176601,4.91135504422275,0.7457416882627861,0.19716950049314588,1.9736798969793354,0.66871224862031,9.927976017165292
B_magfix,1.0,1.0,10.0,2,1,blend,true,0.6066666666666667,0.7758876485328283,0.9584837860300819,0.8493480486609525,0.8645962469483989,0.9841366048922603,0.9513984658288837,0.9887882836835458,0.9998588592588381,0.9996033060175087,0.9837113544118309,0.9996793076415849,0.9988833124365456,0.9916956919284723,0.8734885357695009,0.8445766226624959,5.849536987769831,4.604749197082499,0.7407799403985844,0.19820315319033738,1.868819980460654,0.6822139039130227,9.957343414498594
B_magfix,1.0,1.0,10.0,3,1,blend,true,0.5996666666666667,0.803878752717961,0.9685319443358067,0.8868676068327315,0.8862253821046956,0.9885764960951698,0.9671985557780435,0.9770803376940421,0.9995358507274683,0.9993012968858549,0.975245622306282,0.9994519128759349,0.9988197900572888,0.9946514833419418,0.8707318176963053,0.8374802835319686,6.025290928073275,4.85176833917007,0.7400591224933456,0.19854523865247256,1.908945132534476,0.691869384862689,9.956750219979583
B_magfix,1.0,1.0,10.0,4,1,blend,true,0.598,0.784578114798092,0.9619976576218019,0.8627534682258658,0.8711932788785307,0.9855844280539828,0.9586981270360155,0.9924415102578563,0.9999415422400906,0.9999347188834149,0.9787574077531808,0.9995726225096281,0.9994009828956524,0.9817970188320415,0.88126386374786,0.8565990438080134,4.642127216899696,4.374466316233899,0.7243804666744317,0.20430700232866297,1.7496170649997194,0.6749035658116507,9.9435827342259
B_magfix,1.0,1.0,10.0,5,1,blend,true,0.5976666666666667,0.7890068532579498,0.9637141247812452,0.869341482926556,0.8749877409873955,0.9865451042717538,0.9597141225080896,0.9920101463814899,0.9999377401149496,0.9999655912272405,0.9887017220858998,0.9998801213558066,0.9999701729738257,0.9943783072983181,0.8748452430702305,0.8443735349620218,6.498513965897737,4.775966775198831,0.7319662537410745,0.20203150273417472,1.8133920197350892,0.6898203301050572,9.942885125358192
B_magfix,1.0,1.0,10.0,6,1,blend,true,0.6103333333333333,0.7806900175159017,0.9608064503199639,0.8572897636648785,0.8721860789603568,0.9862811496318946,0.9567216373994394,0.9905319328404967,0.9998923335623562,0.9996168412124032,0.989563949237891,0.9999111001291423,0.9996911282212789,0.9842709167170685,0.8822334746187152,0.8706804276441539,6.243864933737426,4.20281671208747,0.7231189489632734,0.20263495612786078,1.6992891400145367,0.6901327058222684,9.949493345425285
B_magfix,1.0,1.0,10.0,7,1,blend,true,0.6033333333333334,0.7699202393846724,0.9568045251519185,0.845652222599071,0.8501112400309618,0.9801122755880108,0.9445647270677601,0.9594249034537108,0.9982293893805226,0.9960754133898932,0.9595262901478575,0.9982679092232818,0.9964903716243597,0.9951582424401487,0.8820729198748618,0.8222890313025079,8.091871696097394,4.203942057182042,0.7341120757695343,0.1999106847294197,1.8767832257066475,0.698003734439585,9.954291599826151
B_magfix,1.5,0.0,10.0,0,1,blend,true,0.6046666666666667,0.8875538699309932,0.9877753580410639,0.9966310314239117,0.8197524699860325,0.9700180206527298,0.9252450015462799,0.9416373683590978,0.9965193710324948,0.9930972587067658,0.950214875140268,0.9972802996224558,0.9942988145679266,0.9837029077152367,0.8493810733582803,0.5884299601838432,17.559187782044653,6.3264636766842735,0.8102406614471294,0.17090394755421054,2.845700535634037,0.020680804682965424,9.805963700655559
B_magfix,1.5,0.0,10.0,1,1,blend,true,0.5993333333333334,0.89022336286456,0.9885020474849825,0.9983337927230207,0.8125289379723573,0.9686336405855153,0.9195722593308121,0.9468860708735223,0.9970799732557631,0.9934255771896657,0.9530517110173762,0.9976731765134077,0.9952410977577074,0.9887372685173309,0.847607270289962,0.6445213740294885,13.12934263525529,6.583878179792584,0.8087589001645386,0.17242947390301144,2.817653987337745,0.028130851906492643,9.820097081309738
B_magfix,1.5,0.0,10.0,2,1,blend,true,0.6036666666666667,0.8798270542602293,0.9861248218430437,0.9955578489145208,0.8209028781934757,0.9715164667114323,0.9209295238056062,0.9825544817732865,0.9996807411613239,0.9996129522703942,0.9751961894394284,0.9993274088462477,0.9982358773881697,0.987499654094021,0.8380588787688339,0.7005068747059455,11.541735981704445,6.722696378679098,0.8065782464789748,0.1737281598296316,2.734370446565585,0.07127344279219808,9.805627491487565
B_magfix,1.5,0.0,10.0,3,1,blend,true,0.5993333333333334,0.8851423817934414,0.9872650403501135,0.99569771219813,0.8480069937916993,0.9788669644433488,0.9440686539194678,0.9778519757703743,0.9995318314156844,0.9990453181802964,0.9775528738407551,0.9995098908205355,0.9990852082846512,0.9892868431837116,0.8381274308633279,0.6418930006878648,15.91996594538953,7.3692708247165415,0.7989416508266719,0.17673602618123305,2.6578667629639656,0.058150448719125385,9.831334144690203
B_magfix,1.5,0.0,10.0,4,1,blend,true,0.6013333333333334,0.8869419053058994,0.9877343311779355,0.9976724445321807,0.8195610050705919,0.9707528298461955,0.9273762213423747,0.9709426121839441,0.9991326227597626,0.9987891315098406,0.9631483628378668,0.9986614305415373,0.9977252658780674,0.9900784408149204,0.8424398226089785,0.6451790387212649,13.957795156946144,6.8134639096559075,0.8037422876699122,0.17476202881210873,2.7435596131345634,0.04754999961999583,9.79501721600169
B_magfix,1.5,0.0,10.0,5,1,blend,true,0.5966666666666667,0.8908328657954262,0.9886914717898848,0.9992127562026887,0.8240410996152927,0.9723076213271462,0.9270481935172339,0.9693896467214259,0.9989687635721709,0.9978701183937475,0.9694106324149483,0.9989778090147716,0.9981781927524425,0.9953057116556598,0.8429248106846926,0.6441420773267106,14.972979667589142,6.773659095293998,0.8057754282284499,0.17426045359471592,2.770567212805953,0.07712783212116962,9.780891774582162
B_magfix,1.5,0.0,10.0,6,1,blend,true,0.6156666666666667,0.8842491830812989,0.9872105286760792,0.998457210615665,0.8271736657292397,0.9733576792453644,0.9259416401040617,0.9744270622857459,0.9992688142988246,0.9979244739982407,0.9663920645432815,0.9987881412158084,0.9965409028730063,0.9860831017392034,0.8531187262204104,0.7065590762000711,13.20729154422674,6.033125448374718,0.7997035581010626,0.17394901826327316,2.6369699303726795,0.025426457258506088,9.769508933954718
B_magfix,1.5,0.0,10.0,7,1,blend,true,0.6036666666666667,0.884938294971118,0.9875490771067073,0.999073743180769,0.8030540915756358,0.9648031438503629,0.9105602769502605,0.936630078801164,0.9956499216541767,0.9890210024885498,0.9335798708742299,0.9952619728658335,0.9894563155173113,0.9872283687076833,0.8541292818081286,0.696405633967621,12.691509507224279,5.5451196257616955,0.8030791643813924,0.17434961176991084,2.7843960997626658,0.06164051575659738,9.82981884805995
B_magfix,1.5,0.25,10.0,0,1,blend,true,0.6046666666666667,0.8973270554986076,0.9897794366551323,0.9925716212342879,0.8197524699860325,0.9700180206527298,0.9252450015462799,0.9416373683590978,0.9965193710324948,0.9930972587067658,0.950214875140268,0.9972802996224558,0.9942988145679266,0.9837029077152367,0.8493810733582803,0.5884299601838432,17.559187782044653,6.3264636766842735,0.8102406614471294,0.17090394755421054,2.845700535634037,0.13271238048671463,9.81746108292061
B_magfix,1.5,0.25,10.0,1,1,blend,true,0.5993333333333334,0.8969582436177748,0.9900847276000814,0.9911622691393944,0.8125289379723573,0.9686336405855153,0.9195722593308121,0.9468860708735223,0.9970799732557631,0.9934255771896657,0.9530517110173762,0.9976731765134077,0.9952410977577074,0.9887372685173309,0.847607270289962,0.6445213740294885,13.12934263525529,6.583878179792584,0.8087589001645386,0.17242947390301144,2.817653987337745,0.14282907492358,9.835498804615531
B_magfix,1.5,0.25,10.0,2,1,blend,true,0.6036666666666667,0.8823242440333545,0.987068578372803,0.9856168167083138,0.8209028781934757,0.9715164667114323,0.9209295238056062,0.9825544817732865,0.9996807411613239,0.9996129522703942,0.9751961894394284,0.9993274088462477,0.9982358773881697,0.987499654094021,0.8380588787688339,0.7005068747059455,11.541735981704445,6.722696378679098,0.8065782464789748,0.1737281598296316,2.734370446565585,0.1810365195179504,9.817028371399376
B_magfix,1.5,0.25,10.0,3,1,blend,true,0.5993333333333334,0.8969667381872318,0.9897017680456328,0.9944986316811542,0.8480069937916993,0.9788669644433488,0.9440686539194678,0.9778519757703743,0.9995318314156844,0.9990453181802964,0.9775528738407551,0.9995098908205355,0.9990852082846512,0.9892868431837116,0.8381274308633279,0.6418930006878648,15.91996594538953,7.3692708247165415,0.7989416508266719,0.17673602618123305,2.6578667629639656,0.17255469020272549,9.852780195501339
B_magfix,1.5,0.25,10.0,4,1,blend,true,0.6013333333333334,0.8924359157254507,0.9891400226409932,0.9910062275227166,0.8195610050705919,0.9707528298461955,0.9273762213423747,0.9709426121839441,0.9991326227597626,0.9987891315098406,0.9631483628378668,0.9986614305415373,0.9977252658780674,0.9900784408149204,0.8424398226089785,0.6451790387212649,13.957795156946144,6.8134639096559075,0.8037422876699122,0.17476202881210873,2.7435596131345634,0.15772561862774181,9.811269453538513
B_magfix,1.5,0.25,10.0,5,1,blend,true,0.5966666666666667,0.8990888043794161,0.9905731038667673,0.9945614923995003,0.8240410996152927,0.9723076213271462,0.9270481935172339,0.9693896467214259,0.9989687635721709,0.9978701183937475,0.9694106324149483,0.9989778090147716,0.9981781927524425,0.9953057116556598,0.8429248106846926,0.6441420773267106,14.972979667589142,6.773659095293998,0.8057754282284499,0.17426045359471592,2.770567212805953,0.18027981808947086,9.80767421227362
B_magfix,1.5,0.25,10.0,6,1,blend,true,0.6156666666666667,0.8974314503749122,0.9900887896329869,0.9957692986573989,0.8271736657292397,0.9733576792453644,0.9259416401040617,0.9744270622857459,0.9992688142988246,0.9979244739982407,0.9663920645432815,0.9987881412158084,0.9965409028730063,0.9860831017392034,0.8531187262204104,0.7065590762000711,13.20729154422674,6.033125448374718,0.7997035581010626,0.17394901826327316,2.6369699303726795,0.14197901431398724,9.78006418093035
B_magfix,1.5,0.25,10.0,7,1,blend,true,0.6036666666666667,0.889083196838634,0.9887556054657349,0.990006680696736,0.8030540915756358,0.9648031438503629,0.9105602769502605,0.936630078801164,0.9956499216541767,0.9890210024885498,0.9335798708742299,0.9952619728658335,0.9894563155173113,0.9872283687076833,0.8541292818081286,0.696405633967621,12.691509507224279,5.5451196257616955,0.8030791643813924,0.17434961176991084,2.7843960997626658,0.17093998502287758,9.837892572564286
B_magfix,1.5,0.5,10.0,0,1,blend,true,0.6046666666666667,0.8470907032368744,0.9779854074167816,0.9243202022050976,0.8197524699860325,0.9700180206527298,0.9252450015462799,0.9416373683590978,0.9965193710324948,0.9930972587067658,0.950214875140268,0.9972802996224558,0.9942988145679266,0.9837029077152367,0.8493810733582803,0.5884299601838432,17.559187782044653,6.3264636766842735,0.8102406614471294,0.17090394755421054,2.845700535634037,0.44455199858288086,9.891096779234427
B_magfix,1.5,0.5,10.0,1,1,blend,true,0.5993333333333334,0.8358835391975876,0.9755387048804205,0.9151957496154911,0.8125289379723573,0.9686336405855153,0.9195722593308121,0.9468860708735223,0.9970799732557631,0.9934255771896657,0.9530517110173762,0.9976731765134077,0.9952410977577074,0.9887372685173309,0.847607270289962,0.6445213740294885,13.12934263525529,6.583878179792584,0.8087589001645386,0.17242947390301144,2.817653987337745,0.4457036714622188,9.874696966636042
B_magfix,1.5,0.5,10.0,2,1,blend,true,0.6036666666666667,0.8239385193956072,0.971934852568147,0.9017815714593891,0.8209028781934757,0.9715164667114323,0.9209295238056062,0.9825544817732865,0.9996807411613239,0.9996129522703942,0.9751961894394284,0.9993274088462477,0.9982358773881697,0.987499654094021,0.8380588787688339,0.7005068747059455,11.541735981704445,6.722696378679098,0.8065782464789748,0.1737281598296316,2.734370446565585,0.4763708973160628,9.878955228529914
B_magfix,1.5,0.5,10.0,3,1,blend,true,0.5993333333333334,0.8566589380974807,0.9810763569410044,0.9342550932527144,0.8480069937916993,0.9788669644433488,0.9440686539194678,0.9778519757703743,0.9995318314156844,0.9990453181802964,0.9775528738407551,0.9995098908205355,0.9990852082846512,0.9892868431837116,0.8381274308633279,0.6418930006878648,15.91996594538953,7.3692708247165415,0.7989416508266719,0.17673602618123305,2.6578667629639656,0.4678894694139048,9.895108402456907
B_magfix,1.5,0.5,10.0,4,1,blend,true,0.6013333333333334,0.844044635702615,0.9779339785224151,0.9236382914374555,0.8195610050705919,0.9707528298461955,0.9273762213423747,0.9709426121839441,0.9991326227597626,0.9987891315098406,0.9631483628378668,0.9986614305415373,0.9977252658780674,0.9900784408149204,0.8424398226089785,0.6451790387212649,13.957795156946144,6.8134639096559075,0.8037422876699122,0.17476202881210873,2.7435596131345634,0.4492604059097571,9.870994906873408
B_magfix,1.5,0.5,10.0,5,1,blend,true,0.5966666666666667,0.846085348729098,0.9786630373168083,0.9263401142672484,0.8240410996152927,0.9723076213271462,0.9270481935172339,0.9693896467214259,0.9989687635721709,0.9978701183937475,0.9694106324149483,0.9989778090147716,0.9981781927524425,0.9953057116556598,0.8429248106846926,0.6441420773267106,14.972979667589142,6.773659095293998,0.8057754282284499,0.17426045359471592,2.770567212805953,0.4664234169668527,9.86107388604975
B_magfix,1.5,0.5,10.0,6,1,blend,true,0.6156666666666667,0.8475069296677805,0.9793244387463048,0.927828708724285,0.8271736657292397,0.9733576792453644,0.9259416401040617,0.9744270622857459,0.9992688142988246,0.9979244739982407,0.9663920645432815,0.9987881412158084,0.9965409028730063,0.9860831017392034,0.8531187262204104,0.7065590762000711,13.20729154422674,6.033125448374718,0.7997035581010626,0.17394901826327316,2.6369699303726795,0.45575724078115554,9.866605310551893
B_magfix,1.5,0.5,10.0,7,1,blend,true,0.6036666666666667,0.823926399007147,0.9722662350879766,0.9043106465293379,0.8030540915756358,0.9648031438503629,0.9105602769502605,0.936630078801164,0.9956499216541767,0.9890210024885498,0.9335798708742299,0.9952619728658335,0.9894563155173113,0.9872283687076833,0.8541292818081286,0.696405633967621,12.691509507224279,5.5451196257616955,0.8030791643813924,0.17434961176991084,2.7843960997626658,0.46877103585721924,9.890565814710147
B_magfix,1.5,0.75,10.0,0,1,blend,true,0.6046666666666667,0.780779190037666,0.9590037268457153,0.8614372260702129,0.8197524699860325,0.9700180206527298,0.9252450015462799,0.9416373683590978,0.9965193710324948,0.9930972587067658,0.950214875140268,0.9972802996224558,0.9942988145679266,0.9837029077152367,0.8493810733582803,0.5884299601838432,17.559187782044653,6.3264636766842735,0.8102406614471294,0.17090394755421054,2.845700535634037,0.6907996159956852,9.957183794916697
B_magfix,1.5,0.75,10.0,1,1,blend,true,0.5993333333333334,0.7763215514306929,0.9569882598721211,0.8524399237057246,0.8125289379723573,0.9686336405855153,0.9195722593308121,0.9468860708735223,0.9970799732557631,0.9934255771896657,0.9530517110173762,0.9976731765134077,0.9952410977577074,0.9887372685173309,0.847607270289962,0.6445213740294885,13.12934263525529,6.583878179792584,0.8087589001645386,0.17242947390301144,2.817653987337745,0.6566287661980267,9.934331731558839
B_magfix,1.5,0.75,10.0,2,1,blend,true,0.6036666666666667,0.7692150242987517,0.9543519948853152,0.8399238646551401,0.8209028781934757,0.9715164667114323,0.9209295238056062,0.9825544817732865,0.9996807411613239,0.9996129522703942,0.9751961894394284,0.9993274088462477,0.9982358773881697,0.987499654094021,0.8380588787688339,0.7005068747059455,11.541735981704445,6.722696378679098,0.8065782464789748,0.1737281598296316,2.734370446565585,0.6770797688804289,9.956211115532284
B_magfix,1.5,0.75,10.0,3,1,blend,true,0.5993333333333334,0.8014824211075375,0.9664186549186781,0.8823636633749312,0.8480069937916993,0.9788669644433488,0.9440686539194678,0.9778519757703743,0.9995318314156844,0.9990453181802964,0.9775528738407551,0.9995098908205355,0.9990852082846512,0.9892868431837116,0.8381274308633279,0.6418930006878648,15.91996594538953,7.3692708247165415,0.7989416508266719,0.17673602618123305,2.6578667629639656,0.6784825111865929,9.963440188653166
B_magfix,1.5,0.75,10.0,4,1,blend,true,0.6013333333333334,0.7823818934466737,0.9596275308909187,0.8616341850000521,0.8195610050705919,0.9707528298461955,0.9273762213423747,0.9709426121839441,0.9991326227597626,0.9987891315098406,0.9631483628378668,0.9986614305415373,0.9977252658780674,0.9900784408149204,0.8424398226089785,0.6451790387212649,13.957795156946144,6.8134639096559075,0.8037422876699122,0.17476202881210873,2.7435596131345634,0.671628807419875,9.952314163247872
B_magfix,1.5,0.75,10.0,5,1,blend,true,0.5966666666666667,0.7835351157216848,0.9601371393230707,0.8647763107966348,0.8240410996152927,0.9723076213271462,0.9270481935172339,0.9693896467214259,0.9989687635721709,0.9978701183937475,0.9694106324149483,0.9989778090147716,0.9981781927524425,0.9953057116556598,0.8429248106846926,0.6441420773267106,14.972979667589142,6.773659095293998,0.8057754282284499,0.17426045359471592,2.770567212805953,0.6829261420906716,9.961405457876872
B_magfix,1.5,0.75,10.0,6,1,blend,true,0.6156666666666667,0.7829278220450326,0.9599173605518688,0.8598929407113349,0.8271736657292397,0.9733576792453644,0.9259416401040617,0.9744270622857459,0.9992688142988246,0.9979244739982407,0.9663920645432815,0.9987881412158084,0.9965409028730063,0.9860831017392034,0.8531187262204104,0.7065590762000711,13.20729154422674,6.033125448374718,0.7997035581010626,0.17394901826327316,2.6369699303726795,0.6804228962323051,9.961970854137816
B_magfix,1.5,0.75,10.0,7,1,blend,true,0.6036666666666667,0.7633205274950718,0.9524362903612409,0.838902001674884,0.8030540915756358,0.9648031438503629,0.9105602769502605,0.936630078801164,0.9956499216541767,0.9890210024885498,0.9335798708742299,0.9952619728658335,0.9894563155173113,0.9872283687076833,0.8541292818081286,0.696405633967621,12.691509507224279,5.5451196257616955,0.8030791643813924,0.17434961176991084,2.7843960997626658,0.6874554610785334,9.965716411279631
B_magfix,1.5,1.0,10.0,0,1,blend,true,0.6046666666666667,0.7746411285908265,0.9570336987481535,0.8542728303976885,0.8197524699860325,0.9700180206527298,0.9252450015462799,0.9416373683590978,0.9965193710324948,0.9930972587067658,0.950214875140268,0.9972802996224558,0.9942988145679266,0.9837029077152367,0.8493810733582803,0.5884299601838432,17.559187782044653,6.3264636766842735,0.8102406614471294,0.17090394755421054,2.845700535634037,0.7125005373667521,9.963919278006035
B_magfix,1.5,1.0,10.0,1,1,blend,true,0.5993333333333334,0.7709780550506741,0.9552234790440923,0.8455271073466238,0.8125289379723573,0.9686336405855153,0.9195722593308121,0.9468860708735223,0.9970799732557631,0.9934255771896657,0.9530517110173762,0.9976731765134077,0.9952410977577074,0.9887372685173309,0.847607270289962,0.6445213740294885,13.12934263525529,6.583878179792584,0.8087589001645386,0.17242947390301144,2.817653987337745,0.6763663936967714,9.935884100380637
B_magfix,1.5,1.0,10.0,2,1,blend,true,0.6036666666666667,0.7660411474399624,0.9533383634184499,0.8357352209986938,0.8209028781934757,0.9715164667114323,0.9209295238056062,0.9825544817732865,0.9996807411613239,0.9996129522703942,0.9751961894394284,0.9993274088462477,0.9982358773881697,0.987499654094021,0.8380588787688339,0.7005068747059455,11.541735981704445,6.722696378679098,0.8065782464789748,0.1737281598296316,2.734370446565585,0.6902264317850092,9.961113076875485
B_magfix,1.5,1.0,10.0,3,1,blend,true,0.5993333333333334,0.7961100930954266,0.9649319434400189,0.8765785160873181,0.8480069937916993,0.9788669644433488,0.9440686539194678,0.9778519757703743,0.9995318314156844,0.9990453181802964,0.9775528738407551,0.9995098908205355,0.9990852082846512,0.9892868431837116,0.8381274308633279,0.6418930006878648,15.91996594538953,7.3692708247165415,0.7989416508266719,0.17673602618123305,2.6578667629639656,0.7009704526610319,9.969261726614924
B_magfix,1.5,1.0,10.0,4,1,blend,true,0.6013333333333334,0.777249259422532,0.9580154017461592,0.8553722773345429,0.8195610050705919,0.9707528298461955,0.9273762213423747,0.9709426121839441,0.9991326227597626,0.9987891315098406,0.9631483628378668,0.9986614305415373,0.9977252658780674,0.9900784408149204,0.8424398226089785,0.6451790387212649,13.957795156946144,6.8134639096559075,0.8037422876699122,0.17476202881210873,2.7435596131345634,0.6908916510055123,9.956669055451163
B_magfix,1.5,1.0,10.0,5,1,blend,true,0.5966666666666667,0.7794652780196365,0.9589252975382868,0.8599802661499677,0.8240410996152927,0.9723076213271462,0.9270481935172339,0.9693896467214259,0.9989687635721709,0.9978701183937475,0.9694106324149483,0.9989778090147716,0.9981781927524425,0.9953057116556598,0.8429248106846926,0.6441420773267106,14.972979667589142,6.773659095293998,0.8057754282284499,0.17426045359471592,2.770567212805953,0.7004128366109069,9.965579744309178
B_magfix,1.5,1.0,10.0,6,1,blend,true,0.6156666666666667,0.7780004589764546,0.9585276347527127,0.8539908739012579,0.8271736657292397,0.9733576792453644,0.9259416401040617,0.9744270622857459,0.9992688142988246,0.9979244739982407,0.9663920645432815,0.9987881412158084,0.9965409028730063,0.9860831017392034,0.8531187262204104,0.7065590762000711,13.20729154422674,6.033125448374718,0.7997035581010626,0.17394901826327316,2.6369699303726795,0.7017507873531391,9.963311002150235
B_magfix,1.5,1.0,10.0,7,1,blend,true,0.6036666666666667,0.7582890362654195,0.9507274605865558,0.8322112010116938,0.8030540915756358,0.9648031438503629,0.9105602769502605,0.936630078801164,0.9956499216541767,0.9890210024885498,0.9335798708742299,0.9952619728658335,0.9894563155173113,0.9872283687076833,0.8541292818081286,0.696405633967621,12.691509507224279,5.5451196257616955,0.8030791643813924,0.17434961176991084,2.7843960997626658,0.7064069908934683,9.965907283886933
B_magfix,2.0,0.0,10.0,0,1,blend,true,0.6,0.8934420158542888,0.9890189151335664,0.9966139831474613,0.787255429824713,0.957724427490152,0.8998502183494667,0.9258383204673957,0.9940907077519977,0.9872593311940334,0.9329481254702764,0.9950703345982432,0.9898184625217529,0.9790177877395059,0.832329269789759,0.28499965301042507,51.945156840537365,7.895627841018813,0.8522268518518519,0.15148929832687755,3.648956106909129,0.05967257417462921,9.793383049881383
B_magfix,2.0,0.0,10.0,1,1,blend,true,0.5966666666666667,0.8869202364538114,0.9879575696319075,0.9987009368244852,0.774709313967503,0.9537361642278336,0.8920983371072839,0.9165347559214728,0.9926547389943703,0.9836681602324191,0.9244487909865371,0.993947577571878,0.9872566299105746,0.9907827857051054,0.8333931259690173,0.4247573461434373,24.422220425059677,7.556535559700818,0.8594948981947457,0.1484321100963302,3.8253484849655868,0.0488858302358794,9.821425465836382
B_magfix,2.0,0.0,10.0,2,1,blend,true,0.6046666666666667,0.877821776487426,0.9858123939346919,0.9984156476053859,0.7850717389353932,0.9578865674355319,0.8937483684701895,0.9481574736701485,0.997078283363042,0.9930975395462095,0.9412013321481546,0.9962737960014603,0.9902004326523025,0.9900064983467337,0.8301040589056871,0.42047060751306764,36.39878858264133,7.348350219808669,0.8542052073901507,0.15091942003529946,3.6645800751064974,0.05386086178968535,9.767162977902284
B_magfix,2.0,0.0,10.0,3,1,blend,true,0.5983333333333334,0.8737186079143759,0.9844191858807265,0.9894799382785968,0.8079316280937092,0.9655901910205178,0.9184700670199891,0.9534730804124556,0.997748250565146,0.9972544594026634,0.952090004720377,0.9975510170299956,0.996128593546682,0.9935091050958214,0.8310485605711335,0.40181548755909174,29.272949339218904,7.788657337909552,0.8526501693269687,0.15212383437882,3.660138011239313,0.023844025408935054,9.816934021585464
B_magfix,2.0,0.0,10.0,4,1,blend,true,0.5976666666666667,0.8956323960208719,0.9896290550120994,0.998823336933248,0.7827122833292421,0.9565694454015025,0.9029340586933561,0.9321270980146901,0.9950966505595682,0.9917775235825482,0.9306649127382001,0.9949608477860743,0.9912298904862097,0.9916969132937512,0.8343159148420363,0.3291626248685224,37.23581912842246,7.471034043237812,0.8506765470616422,0.15305828127098853,3.616055570226309,0.04772345826449128,9.801014899561594
B_magfix,2.0,0.0,10.0,5,1,blend,true,0.6033333333333334,0.8852855878121241,0.9874008646146534,0.9974553176643166,0.7966249350121454,0.9623905313025133,0.907344971502306,0.9610693840620159,0.9983398675258328,0.9959690326622014,0.9475470003576941,0.9970283570749097,0.993220197863724,0.9844888542597899,0.8354433862138634,0.44871058386473384,27.716252370074297,6.724311077009592,0.8512112911462928,0.15269095385413425,3.6298557637856463,0.05217399738339358,9.768467403522363
B_magfix,2.0,0.0,10.0,6,1,blend,true,0.6173333333333333,0.8823773687795065,0.9867746112451244,0.9979578471858335,0.7920989997538872,0.9604863812541056,0.9006596288161807,0.9484827776734923,0.9970901436344174,0.9931526605973667,0.9394250151731603,0.9960706945450889,0.9900514348555396,0.9841943148749313,0.8391579743916039,0.5741128070659445,16.377729902655894,7.163093246073493,0.8508635075744464,0.15079643409195784,3.5327188342581057,0.02780847867436745,9.810271601266427
B_magfix,2.0,0.0,10.0,7,1,blend,true,0.6053333333333333,0.8931686025777563,0.989054900054878,0.9970742103710831,0.7740182950418174,0.9532281616190881,0.888634364768567,0.9322029658069678,0.9950127844368072,0.9870520121074039,0.9227611017558169,0.9936431376302001,0.9853764921992801,0.9814638380708279,0.8342953047406692,0.5565294415563062,19.911600776260098,6.587807811771253,0.8484952635730445,0.15385544145445146,3.610278726985105,0.05642250060656889,9.85178756776774
B_magfix,2.0,0.25,10.0,0,1,blend,true,0.6,0.8998837022734767,0.9904165719106075,0.9908960093728864,0.787255429824713,0.957724427490152,0.8998502183494667,0.9258383204673957,0.9940907077519977,0.9872593311940334,0.9329481254702764,0.9950703345982432,0.9898184625217529,0.9790177877395059,0.832329269789759,0.28499965301042507,51.945156840537365,7.895627841018813,0.8522268518518519,0.15148929832687755,3.648956106909129,0.1699914716297876,9.814318757239484
B_magfix,2.0,0.25,10.0,1,1,blend,true,0.5966666666666667,0.894041673315296,0.9896303455556458,0.9910564014174368,0.774709313967503,0.9537361642278336,0.8920983371072839,0.9165347559214728,0.9926547389943703,0.9836681602324191,0.9244487909865371,0.993947577571878,0.9872566299105746,0.9907827857051054,0.8333931259690173,0.4247573461434373,24.422220425059677,7.556535559700818,0.8594948981947457,0.1484321100963302,3.8253484849655868,0.158819421622197,9.825886674862456
B_magfix,2.0,0.25,10.0,2,1,blend,true,0.6046666666666667,0.8818279587206991,0.9869548627630159,0.9913928083948883,0.7850717389353932,0.9578865674355319,0.8937483684701895,0.9481574736701485,0.997078283363042,0.9930975395462095,0.9412013321481546,0.9962737960014603,0.9902004326523025,0.9900064983467337,0.8301040589056871,0.42047060751306764,36.39878858264133,7.348350219808669,0.8542052073901507,0.15091942003529946,3.6645800751064974,0.16180655708373468,9.81399865155739
B_magfix,2.0,0.25,10.0,3,1,blend,true,0.5983333333333334,0.889030769919528,0.9875793922456721,0.9901753268404299,0.8079316280937092,0.9655901910205178,0.9184700670199891,0.9534730804124556,0.997748250565146,0.9972544594026634,0.952090004720377,0.9975510170299956,0.996128593546682,0.9935091050958214,0.8310485605711335,0.40181548755909174,29.272949339218904,7.788657337909552,0.8526501693269687,0.15212383437882,3.660138011239313,0.13732233284296277,9.839569899540507
B_magfix,2.0,0.25,10.0,4,1,blend,true,0.5976666666666667,0.9046351149937393,0.9915222669815099,0.9936805984474555,0.7827122833292421,0.9565694454015025,0.9029340586933561,0.9321270980146901,0.9950966505595682,0.9917775235825482,0.9306649127382001,0.9949608477860743,0.9912298904862097,0.9916969132937512,0.8343159148420363,0.3291626248685224,37.23581912842246,7.471034043237812,0.8506765470616422,0.15305828127098853,3.616055570226309,0.15654751294800046,9.816551754088303
B_magfix,2.0,0.25,10.0,5,1,blend,true,0.6033333333333334,0.8947880391555881,0.9894981349163408,0.9922859321085524,0.7966249350121454,0.9623905313025133,0.907344971502306,0.9610693840620159,0.9983398675258328,0.9959690326622014,0.9475470003576941,0.9970283570749097,0.993220197863724,0.9844888542597899,0.8354433862138634,0.44871058386473384,27.716252370074297,6.724311077009592,0.8512112911462928,0.15269095385413425,3.6298557637856463,0.16676166359108024,9.797965602471194
B_magfix,2.0,0.25,10.0,6,1,blend,true,0.6173333333333333,0.8951474633810355,0.989583961856199,0.9961920625242302,0.7920989997538872,0.9604863812541056,0.9006596288161807,0.9484827776734923,0.9970901436344174,0.9931526605973667,0.9394250151731603,0.9960706945450889,0.9900514348555396,0.9841943148749313,0.8391579743916039,0.5741128070659445,16.377729902655894,7.163093246073493,0.8508635075744464,0.15079643409195784,3.5327188342581057,0.14275763682865783,9.816164924836292
B_magfix,2.0,0.25,10.0,7,1,blend,true,0.6053333333333333,0.8918995425678713,0.9890912118571843,0.9855507536827386,0.7740182950418174,0.9532281616190881,0.888634364768567,0.9322029658069678,0.9950127844368072,0.9870520121074039,0.9227611017558169,0.9936431376302001,0.9853764921992801,0.9814638380708279,0.8342953047406692,0.5565294415563062,19.911600776260098,6.587807811771253,0.8484952635730445,0.15385544145445146,3.610278726985105,0.16738942655919245,9.861568572963318
B_magfix,2.0,0.5,10.0,0,1,blend,true,0.6,0.8318378784114723,0.9725075337740304,0.9072922718228509,0.787255429824713,0.957724427490152,0.8998502183494667,0.9258383204673957,0.9940907077519977,0.9872593311940334,0.9329481254702764,0.9950703345982432,0.9898184625217529,0.9790177877395059,0.832329269789759,0.28499965301042507,51.945156840537365,7.895627841018813,0.8522268518518519,0.15148929832687755,3.648956106909129,0.4688409890774172,9.88392902594931
B_magfix,2.0,0.5,10.0,1,1,blend,true,0.5966666666666667,0.8274439396843621,0.972207777842081,0.905242776862038,0.774709313967503,0.9537361642278336,0.8920983371072839,0.9165347559214728,0.9926547389943703,0.9836681602324191,0.9244487909865371,0.993947577571878,0.9872566299105746,0.9907827857051054,0.8333931259690173,0.4247573461434373,24.422220425059677,7.556535559700818,0.8594948981947457,0.1484321100963302,3.8253484849655868,0.46334664210292764,9.878055707344451
B_magfix,2.0,0.5,10.0,2,1,blend,true,0.6046666666666667,0.8217215604510094,0.9697797383353564,0.8951892248616722,0.7850717389353932,0.9578865674355319,0.8937483684701895,0.9481574736701485,0.997078283363042,0.9930975395462095,0.9412013321481546,0.9962737960014603,0.9902004326523025,0.9900064983467337,0.8301040589056871,0.42047060751306764,36.39878858264133,7.348350219808669,0.8542052073901507,0.15091942003529946,3.6645800751064974,0.464496713404838,9.859687943845172
B_magfix,2.0,0.5,10.0,3,1,blend,true,0.5983333333333334,0.8558644812092469,0.978631326482873,0.9274452138358711,0.8079316280937092,0.9655901910205178,0.9184700670199891,0.9534730804124556,0.997748250565146,0.9972544594026634,0.952090004720377,0.9975510170299956,0.996128593546682,0.9935091050958214,0.8310485605711335,0.40181548755909174,29.272949339218904,7.788657337909552,0.8526501693269687,0.15212383437882,3.660138011239313,0.4535212362878383,9.892349798955804
B_magfix,2.0,0.5,10.0,4,1,blend,true,0.5976666666666667,0.8328565631617297,0.9733974370740205,0.9099391949216392,0.7827122833292421,0.9565694454015025,0.9029340586933561,0.9321270980146901,0.9950966505595682,0.9917775235825482,0.9306649127382001,0.9949608477860743,0.9912298904862097,0.9916969132937512,0.8343159148420363,0.3291626248685224,37.23581912842246,7.471034043237812,0.8506765470616422,0.15305828127098853,3.616055570226309,0.4603814877651144,9.874453356425002
B_magfix,2.0,0.5,10.0,5,1,blend,true,0.6033333333333334,0.8363141514442123,0.9741695639000851,0.9123982021318312,0.7966249350121454,0.9623905313025133,0.907344971502306,0.9610693840620159,0.9983398675258328,0.9959690326622014,0.9475470003576941,0.9970283570749097,0.993220197863724,0.9844888542597899,0.8354433862138634,0.44871058386473384,27.716252370074297,6.724311077009592,0.8512112911462928,0.15269095385413425,3.6298557637856463,0.4742341968622337,9.869310537245052
B_magfix,2.0,0.5,10.0,6,1,blend,true,0.6173333333333333,0.8438922780852767,0.9770350469098268,0.921262617776413,0.7920989997538872,0.9604863812541056,0.9006596288161807,0.9484827776734923,0.9970901436344174,0.9931526605973667,0.9394250151731603,0.9960706945450889,0.9900514348555396,0.9841943148749313,0.8391579743916039,0.5741128070659445,16.377729902655894,7.163093246073493,0.8508635075744464,0.15079643409195784,3.5327188342581057,0.460787240153858,9.878306883146147
B_magfix,2.0,0.5,10.0,7,1,blend,true,0.6053333333333333,0.8140788976398936,0.9669925164714319,0.89034561724191,0.7740182950418174,0.9532281616190881,0.888634364768567,0.9322029658069678,0.9950127844368072,0.9870520121074039,0.9227611017558169,0.9936431376302001,0.9853764921992801,0.9814638380708279,0.8342953047406692,0.5565294415563062,19.911600776260098,6.587807811771253,0.8484952635730445,0.15385544145445146,3.610278726985105,0.47697883924930917,9.870661425448654
B_magfix,2.0,0.75,10.0,0,1,blend,true,0.6,0.7701159369162204,0.9534600578999969,0.8488851150469457,0.787255429824713,0.957724427490152,0.8998502183494667,0.9258383204673957,0.9940907077519977,0.9872593311940334,0.9329481254702764,0.9950703345982432,0.9898184625217529,0.9790177877395059,0.832329269789759,0.28499965301042507,51.945156840537365,7.895627841018813,0.8522268518518519,0.15148929832687755,3.648956106909129,0.6906247440392953,9.963556957121272
B_magfix,2.0,0.75,10.0,1,1,blend,true,0.5966666666666667,0.7656805836996836,0.9513318803957695,0.8403434066861147,0.774709313967503,0.9537361642278336,0.8920983371072839,0.9165347559214728,0.9926547389943703,0.9836681602324191,0.9244487909865371,0.993947577571878,0.9872566299105746,0.9907827857051054,0.8333931259690173,0.4247573461434373,24.422220425059677,7.556535559700818,0.8594948981947457,0.1484321100963302,3.8253484849655868,0.6668499993262698,9.946292974898146
B_magfix,2.0,0.75,10.0,2,1,blend,true,0.6046666666666667,0.7624848568581897,0.9500948474099243,0.8317545544212411,0.7850717389353932,0.9578865674355319,0.8937483684701895,0.9481574736701485,0.997078283363042,0.9930975395462095,0.9412013321481546,0.9962737960014603,0.9902004326523025,0.9900064983467337,0.8301040589056871,0.42047060751306764,36.39878858264133,7.348350219808669,0.8542052073901507,0.15091942003529946,3.6645800751064974,0.6815153272559535,9.96419929143711
B_magfix,2.0,0.75,10.0,3,1,blend,true,0.5983333333333334,0.7918006528160024,0.9612944606957692,0.8713519344598418,0.8079316280937092,0.9655901910205178,0.9184700670199891,0.9534730804124556,0.997748250565146,0.9972544594026634,0.952090004720377,0.9975510170299956,0.996128593546682,0.9935091050958214,0.8310485605711335,0.40181548755909174,29.272949339218904,7.788657337909552,0.8526501693269687,0.15212383437882,3.660138011239313,0.6875268785249852,9.975260182826927
B_magfix,2.0,0.75,10.0,4,1,blend,true,0.5976666666666667,0.7716566605284199,0.9541050479448349,0.8494051504827005,0.7827122833292421,0.9565694454015025,0.9029340586933561,0.9321270980146901,0.9950966505595682,0.9917775235825482,0.9306649127382001,0.9949608477860743,0.9912298904862097,0.9916969132937512,0.8343159148420363,0.3291626248685224,37.23581912842246,7.471034043237812,0.8506765470616422,0.15305828127098853,3.616055570226309,0.6764843050701871,9.955225759333205
B_magfix,2.0,0.75,10.0,5,1,blend,true,0.6033333333333334,0.7754894428949257,0.9556147913406187,0.8549241929746901,0.7966249350121454,0.9623905313025133,0.907344971502306,0.9610693840620159,0.9983398675258328,0.9959690326622014,0.9475470003576941,0.9970283570749097,0.993220197863724,0.9844888542597899,0.8354433862138634,0.44871058386473384,27.716252370074297,6.724311077009592,0.8512112911462928,0.15269095385413425,3.6298557637856463,0.6958326421286298,9.963365486923935
B_magfix,2.0,0.75,10.0,6,1,blend,true,0.6173333333333333,0.7729800535576247,0.9543370452711761,0.8474788773507751,0.7920989997538872,0.9604863812541056,0.9006596288161807,0.9484827776734923,0.9970901436344174,0.9931526605973667,0.9394250151731603,0.9960706945450889,0.9900514348555396,0.9841943148749313,0.8391579743916039,0.5741128070659445,16.377729902655894,7.163093246073493,0.8508635075744464,0.15079643409195784,3.5327188342581057,0.693105588497802,9.970121861040147
B_magfix,2.0,0.75,10.0,7,1,blend,true,0.6053333333333333,0.7540888986097445,0.9468460262349728,0.8297597269228607,0.7740182950418174,0.9532281616190881,0.888634364768567,0.9322029658069678,0.9950127844368072,0.9870520121074039,0.9227611017558169,0.9936431376302001,0.9853764921992801,0.9814638380708279,0.8342953047406692,0.5565294415563062,19.911600776260098,6.587807811771253,0.8484952635730445,0.15385544145445146,3.610278726985105,0.6946443780073931,9.964839857205716
B_magfix,2.0,1.0,10.0,0,1,blend,true,0.6,0.765836729590414,0.9524172220945653,0.8453645777524312,0.787255429824713,0.957724427490152,0.8998502183494667,0.9258383204673957,0.9940907077519977,0.9872593311940334,0.9329481254702764,0.9950703345982432,0.9898184625217529,0.9790177877395059,0.832329269789759,0.28499965301042507,51.945156840537365,7.895627841018813,0.8522268518518519,0.15148929832687755,3.648956106909129,0.7135840865111014,9.976264575864935
B_magfix,2.0,1.0,10.0,1,1,blend,true,0.5966666666666667,0.7610387007160218,0.9496580513065461,0.8339671252921557,0.774709313967503,0.9537361642278336,0.8920983371072839,0.9165347559214728,0.9926547389943703,0.9836681602324191,0.9244487909865371,0.993947577571878,0.9872566299105746,0.9907827857051054,0.8333931259690173,0.4247573461434373,24.422220425059677,7.556535559700818,0.8594948981947457,0.1484321100963302,3.8253484849655868,0.6818140277776371,9.954966712663706
B_magfix,2.0,1.0,10.0,2,1,blend,true,0.6046666666666667,0.7585587845453088,0.9488891083746782,0.8272028744542833,0.7850717389353932,0.9578865674355319,0.8937483684701895,0.9481574736701485,0.997078283363042,0.9930975395462095,0.9412013321481546,0.9962737960014603,0.9902004326523025,0.9900064983467337,0.8301040589056871,0.42047060751306764,36.39878858264133,7.348350219808669,0.8542052073901507,0.15091942003529946,3.6645800751064974,0.6995905787220246,9.968645632717537
B_magfix,2.0,1.0,10.0,3,1,blend,true,0.5983333333333334,0.7866066019594966,0.9599441891631952,0.8659761446803206,0.8079316280937092,0.9655901910205178,0.9184700670199891,0.9534730804124556,0.997748250565146,0.9972544594026634,0.952090004720377,0.9975510170299956,0.996128593546682,0.9935091050958214,0.8310485605711335,0.40181548755909174,29.272949339218904,7.788657337909552,0.8526501693269687,0.15212383437882,3.660138011239313,0.7093076419063529,9.979522094585684
B_magfix,2.0,1.0,10.0,4,1,blend,true,0.5976666666666667,0.7684641998961438,0.9534329864617563,0.8462931590233508,0.7827122833292421,0.9565694454015025,0.9029340586933561,0.9321270980146901,0.9950966505595682,0.9917775235825482,0.9306649127382001,0.9949608477860743,0.9912298904862097,0.9916969132937512,0.8343159148420363,0.3291626248685224,37.23581912842246,7.471034043237812,0.8506765470616422,0.15305828127098853,3.616055570226309,0.6945950365005432,9.967239759074795
B_magfix,2.0,1.0,10.0,5,1,blend,true,0.6033333333333334,0.7724799630703149,0.9548827434653651,0.8518027548366874,0.7966249350121454,0.9623905313025133,0.907344971502306,0.9610693840620159,0.9983398675258328,0.9959690326622014,0.9475470003576941,0.9970283570749097,0.993220197863724,0.9844888542597899,0.8354433862138634,0.44871058386473384,27.716252370074297,6.724311077009592,0.8512112911462928,0.15269095385413425,3.6298557637856463,0.7114474446220752,9.971595231105272
B_magfix,2.0,1.0,10.0,6,1,blend,true,0.6173333333333333,0.7696090112885265,0.9535850794042091,0.8429113095532972,0.7920989997538872,0.9604863812541056,0.9006596288161807,0.9484827776734923,0.9970901436344174,0.9931526605973667,0.9394250151731603,0.9960706945450889,0.9900514348555396,0.9841943148749313,0.8391579743916039,0.5741128070659445,16.377729902655894,7.163093246073493,0.8508635075744464,0.15079643409195784,3.5327188342581057,0.7076978621304865,9.978257275511
B_magfix,2.0,1.0,10.0,7,1,blend,true,0.6053333333333333,0.7522485039656621,0.9466290732832089,0.8275731303738281,0.7740182950418174,0.9532281616190881,0.888634364768567,0.9322029658069678,0.9950127844368072,0.9870520121074039,0.9227611017558169,0.9936431376302001,0.9853764921992801,0.9814638380708279,0.8342953047406692,0.5565294415563062,19.911600776260098,6.587807811771253,0.8484952635730445,0.15385544145445146,3.610278726985105,0.7082022319499651,9.969446928689996
B_magfix,2.5,0.0,10.0,0,1,blend,true,0.601,0.8937833571868262,0.9890420311339193,0.9967512334766884,0.7602067365835892,0.9458745164699661,0.8786540283926453,0.9096917334991979,0.9911938087959155,0.980139413618062,0.9115800643426011,0.9914897441794329,0.9817760955108088,0.9801948888163827,0.8250168985487638,0.09195823324612017,117.19102723197099,8.302281855729504,0.8894416666550828,0.130997101679913,4.691866065664731,0.06581432660199658,9.76498059382312
B_magfix,2.5,0.0,10.0,1,1,blend,true,0.5986666666666667,0.8791539273783111,0.9860349501100709,0.9963849599616202,0.7548760969542557,0.9448158765770974,0.8781613378532487,0.9104575755002206,0.9914852747396455,0.9816631699663745,0.9126649680656904,0.9918990185597301,0.9830530955058432,0.9967631261574464,0.8235914533594386,0.25102930168787135,44.89036698991381,8.723671239629418,0.888101049582313,0.13239249725083407,4.6424342711215765,0.06893060205180698,9.831792998194098
B_magfix,2.5,0.0,10.0,2,1,blend,true,0.6093333333333333,0.8819022758709858,0.9866255059929881,0.9953578317428327,0.7603180194362702,0.9458543516602631,0.8773217160033844,0.9123105628803935,0.9915317584888291,0.9813972934610706,0.90719657301859,0.9906278601093848,0.9786609711798264,0.9884400194373035,0.8296236793128272,0.4428533706723553,19.55356719762023,8.331392221131322,0.8864207511519706,0.13258544271020326,4.552168113071217,0.06805709850988809,9.794807812121384
B_magfix,2.5,0.0,10.0,3,1,blend,true,0.596,0.8854212265577549,0.9871910453712491,0.994362749450188,0.781130965499501,0.9547921589342745,0.8983880063471038,0.9170634154305959,0.9925404662960589,0.9870531732335425,0.9155927859322497,0.9922316461521681,0.9860722644464642,0.9963910154470841,0.8381018059624936,0.19324242968664543,64.51920917223667,6.524079185957308,0.884385544259124,0.13489042542846597,4.533844194317991,0.07687175148470084,9.835175182897954
B_magfix,2.5,0.0,10.0,4,1,blend,true,0.5986666666666667,0.8868071489137248,0.9877767879941343,0.9982858615455698,0.7561730585539719,0.9447581031936684,0.8825554442566287,0.9128190122725528,0.9918152300412475,0.9839538109746704,0.9079051500048705,0.9909275495115532,0.9828417318625897,0.9917276401570765,0.8267321179081133,0.2976597713598772,44.78645019695217,8.072248232784093,0.8869636475297634,0.13348045960376329,4.677277279046239,0.06786119308653811,9.785762650718398
B_magfix,2.5,0.0,10.0,5,1,blend,true,0.6026666666666667,0.8885906709858157,0.9881216343652649,0.9984607662721036,0.7687266426665065,0.9505570056931323,0.887146358180937,0.9250234239592483,0.9939211468188144,0.9860722726697594,0.9174338134542319,0.9927056014744053,0.9841433403278631,0.9893829324562462,0.832664519251686,0.24251817951387594,44.50227097493026,7.215531492139194,0.8859148564174141,0.1335606982985179,4.568159401786164,0.056965708729637556,9.716330472645025
B_magfix,2.5,0.0,10.0,6,1,blend,true,0.6173333333333333,0.8664307323987851,0.982966364184181,0.9968719396846247,0.7648501196893461,0.9489023988449701,0.8807371813580318,0.9208998720933268,0.9932364314515911,0.9849060255068298,0.9128985338856727,0.9918883027109351,0.9808032328465319,0.9819184478513511,0.8324940912743378,0.593463885351883,12.784109550942803,7.943103095390399,0.8865578035987087,0.13235811664803138,4.502694000352672,0.01137117718930984,9.768578638637255
B_magfix,2.5,0.0,10.0,7,1,blend,true,0.6036666666666667,0.8923028275975226,0.9891059462217983,0.9985768307864408,0.7487865461472609,0.9416617705164869,0.8706220068764641,0.9161999937655787,0.992441596278812,0.9821800406522637,0.9035394583475482,0.9901359981878919,0.9780908838376479,0.9808978685025103,0.8238895944433989,0.5169953324967648,17.823161960567255,7.867071078206121,0.8789713269854952,0.1377796461682599,4.403454629529405,0.07107429723958628,9.841131045036757
B_magfix,2.5,0.25,10.0,0,1,blend,true,0.601,0.9051786553975829,0.9914170299517133,0.9909463659660952,0.7602067365835892,0.9458745164699661,0.8786540283926453,0.9096917334991979,0.9911938087959155,0.980139413618062,0.9115800643426011,0.9914897441794329,0.9817760955108088,0.9801948888163827,0.8250168985487638,0.09195823324612017,117.19102723197099,8.302281855729504,0.8894416666550828,0.130997101679913,4.691866065664731,0.17973341363897458,9.77782949008132
B_magfix,2.5,0.25,10.0,1,1,blend,true,0.5986666666666667,0.8845814593572483,0.9875254194685208,0.9862165002300228,0.7548760969542557,0.9448158765770974,0.8781613378532487,0.9104575755002206,0.9914852747396455,0.9816631699663745,0.9126649680656904,0.9918990185597301,0.9830530955058432,0.9967631261574464,0.8235914533594386,0.25102930168787135,44.89036698991381,8.723671239629418,0.888101049582313,0.13239249725083407,4.6424342711215765,0.17714963884690532,9.842513446748761
B_magfix,2.5,0.25,10.0,2,1,blend,true,0.6093333333333333,0.8875911025334337,0.9880939137843195,0.9860104228080432,0.7603180194362702,0.9458543516602631,0.8773217160033844,0.9123105628803935,0.9915317584888291,0.9813972934610706,0.90719657301859,0.9906278601093848,0.9786609711798264,0.9884400194373035,0.8296236793128272,0.4428533706723553,19.55356719762023,8.331392221131322,0.8864207511519706,0.13258544271020326,4.552168113071217,0.1698514816328568,9.808913141312482
B_magfix,2.5,0.25,10.0,3,1,blend,true,0.596,0.8985305566226511,0.9898132260427623,0.9918059749030014,0.781130965499501,0.9547921589342745,0.8983880063471038,0.9170634154305959,0.9925404662960589,0.9870531732335425,0.9155927859322497,0.9922316461521681,0.9860722644464642,0.9963910154470841,0.8381018059624936,0.19324242968664543,64.51920917223667,6.524079185957308,0.884385544259124,0.13489042542846597,4.533844194317991,0.18917500481306102,9.838765240458907
B_magfix,2.5,0.25,10.0,4,1,blend,true,0.5986666666666667,0.8958771583324007,0.9898564972531497,0.9919074543064136,0.7561730585539719,0.9447581031936684,0.8825554442566287,0.9128190122725528,0.9918152300412475,0.9839538109746704,0.9079051500048705,0.9909275495115532,0.9828417318625897,0.9917276401570765,0.8267321179081133,0.2976597713598772,44.78645019695217,8.072248232784093,0.8869636475297634,0.13348045960376329,4.677277279046239,0.16748289890024565,9.818047275442959
B_magfix,2.5,0.25,10.0,5,1,blend,true,0.6026666666666667,0.9007227743308425,0.9906786584499926,0.9941528155187555,0.7687266426665065,0.9505570056931323,0.887146358180937,0.9250234239592483,0.9939211468188144,0.9860722726697594,0.9174338134542319,0.9927056014744053,0.9841433403278631,0.9893829324562462,0.832664519251686,0.24251817951387594,44.50227097493026,7.215531492139194,0.8859148564174141,0.1335606982985179,4.568159401786164,0.16703993731300718,9.74970677733905
B_magfix,2.5,0.25,10.0,6,1,blend,true,0.6173333333333333,0.8845272705656547,0.9872066831718472,0.9949917746598596,0.7648501196893461,0.9489023988449701,0.8807371813580318,0.9208998720933268,0.9932364314515911,0.9849060255068298,0.9128985338856727,0.9918883027109351,0.9808032328465319,0.9819184478513511,0.8324940912743378,0.593463885351883,12.784109550942803,7.943103095390399,0.8865578035987087,0.13235811664803138,4.502694000352672,0.12370589408381338,9.792991721239439
B_magfix,2.5,0.25,10.0,7,1,blend,true,0.6036666666666667,0.8934079934626815,0.989656119466829,0.9877420334438202,0.7487865461472609,0.9416617705164869,0.8706220068764641,0.9161999937655787,0.992441596278812,0.9821800406522637,0.9035394583475482,0.9901359981878919,0.9780908838376479,0.9808978685025103,0.8238895944433989,0.5169953324967648,17.823161960567255,7.867071078206121,0.8789713269854952,0.1377796461682599,4.403454629529405,0.1805763567086547,9.85327296272106
B_magfix,2.5,0.5,10.0,0,1,blend,true,0.601,0.8372452047085481,0.9741376205341352,0.9149300224305515,0.7602067365835892,0.9458745164699661,0.8786540283926453,0.9096917334991979,0.9911938087959155,0.980139413618062,0.9115800643426011,0.9914897441794329,0.9817760955108088,0.9801948888163827,0.8250168985487638,0.09195823324612017,117.19102723197099,8.302281855729504,0.8894416666550828,0.130997101679913,4.691866065664731,0.4676309933433007,9.87829641840657
B_magfix,2.5,0.5,10.0,1,1,blend,true,0.5986666666666667,0.8217899864885241,0.9691777173198475,0.8957281668118621,0.7548760969542557,0.9448158765770974,0.8781613378532487,0.9104575755002206,0.9914852747396455,0.9816631699663745,0.9126649680656904,0.9918990185597301,0.9830530955058432,0.9967631261574464,0.8235914533594386,0.25102930168787135,44.89036698991381,8.723671239629418,0.888101049582313,0.13239249725083407,4.6424342711215765,0.46717380459244773,9.883073986489018
B_magfix,2.5,0.5,10.0,2,1,blend,true,0.6093333333333333,0.8256896607977314,0.9694560980157783,0.8991465798341127,0.7603180194362702,0.9458543516602631,0.8773217160033844,0.9123105628803935,0.9915317584888291,0.9813972934610706,0.90719657301859,0.9906278601093848,0.9786609711798264,0.9884400194373035,0.8296236793128272,0.4428533706723553,19.55356719762023,8.331392221131322,0.8864207511519706,0.13258544271020326,4.552168113071217,0.46232072880507186,9.864347422958458
B_magfix,2.5,0.5,10.0,3,1,blend,true,0.596,0.8444411586814209,0.9754655633180954,0.9182235327028347,0.781130965499501,0.9547921589342745,0.8983880063471038,0.9170634154305959,0.9925404662960589,0.9870531732335425,0.9155927859322497,0.9922316461521681,0.9860722644464642,0.9963910154470841,0.8381018059624936,0.19324242968664543,64.51920917223667,6.524079185957308,0.884385544259124,0.13489042542846597,4.533844194317991,0.48936768931614444,9.877214953903396
B_magfix,2.5,0.5,10.0,4,1,blend,true,0.5986666666666667,0.8324332132061321,0.9728232400854844,0.9100250766508962,0.7561730585539719,0.9447581031936684,0.8825554442566287,0.9128190122725528,0.9918152300412475,0.9839538109746704,0.9079051500048705,0.9909275495115532,0.9828417318625897,0.9917276401570765,0.8267321179081133,0.2976597713598772,44.78645019695217,8.072248232784093,0.8869636475297634,0.13348045960376329,4.677277279046239,0.46310852792582624,9.860759469525098
B_magfix,2.5,0.5,10.0,5,1,blend,true,0.6026666666666667,0.8316580498212712,0.9720993321615422,0.9077632839843477,0.7687266426665065,0.9505570056931323,0.887146358180937,0.9250234239592483,0.9939211468188144,0.9860722726697594,0.9174338134542319,0.9927056014744053,0.9841433403278631,0.9893829324562462,0.832664519251686,0.24251817951387594,44.50227097493026,7.215531492139194,0.8859148564174141,0.1335606982985179,4.568159401786164,0.479037069606163,9.877243865723816
B_magfix,2.5,0.5,10.0,6,1,blend,true,0.6173333333333333,0.8388532388230692,0.9745177370004993,0.9138825744592783,0.7648501196893461,0.9489023988449701,0.8807371813580318,0.9208998720933268,0.9932364314515911,0.9849060255068298,0.9128985338856727,0.9918883027109351,0.9808032328465319,0.9819184478513511,0.8324940912743378,0.593463885351883,12.784109550942803,7.943103095390399,0.8865578035987087,0.13235811664803138,4.502694000352672,0.4567922701748015,9.884757703710823
B_magfix,2.5,0.5,10.0,7,1,blend,true,0.6036666666666667,0.8106147512123867,0.9656657112910064,0.887204612113025,0.7487865461472609,0.9416617705164869,0.8706220068764641,0.9161999937655787,0.992441596278812,0.9821800406522637,0.9035394583475482,0.9901359981878919,0.9780908838376479,0.9808978685025103,0.8238895944433989,0.5169953324967648,17.823161960567255,7.867071078206121,0.8789713269854952,0.1377796461682599,4.403454629529405,0.4799783132106356,9.889455066604118
B_magfix,2.5,0.75,10.0,0,1,blend,true,0.601,0.7657295144241365,0.9502516251369599,0.8450202246170353,0.7602067365835892,0.9458745164699661,0.8786540283926453,0.9096917334991979,0.9911938087959155,0.980139413618062,0.9115800643426011,0.9914897441794329,0.9817760955108088,0.9801948888163827,0.8250168985487638,0.09195823324612017,117.19102723197099,8.302281855729504,0.8894416666550828,0.130997101679913,4.691866065664731,0.6908968965478435,9.976216017655561
B_magfix,2.5,0.75,10.0,1,1,blend,true,0.5986666666666667,0.7601799062559664,0.9478704459846926,0.8330981875800677,0.7548760969542557,0.9448158765770974,0.8781613378532487,0.9104575755002206,0.9914852747396455,0.9816631699663745,0.9126649680656904,0.9918990185597301,0.9830530955058432,0.9967631261574464,0.8235914533594386,0.25102930168787135,44.89036698991381,8.723671239629418,0.888101049582313,0.13239249725083407,4.6424342711215765,0.6713838617487994,9.95491677570307
B_magfix,2.5,0.75,10.0,2,1,blend,true,0.6093333333333333,0.7624273788034286,0.9477115670343046,0.8338861457862548,0.7603180194362702,0.9458543516602631,0.8773217160033844,0.9123105628803935,0.9915317584888291,0.9813972934610706,0.90719657301859,0.9906278601093848,0.9786609711798264,0.9884400194373035,0.8296236793128272,0.4428533706723553,19.55356719762023,8.331392221131322,0.8864207511519706,0.13258544271020326,4.552168113071217,0.6802399549490092,9.9589100207049
B_magfix,2.5,0.75,10.0,3,1,blend,true,0.596,0.7836518780899924,0.9571526402442796,0.8624393285249738,0.781130965499501,0.9547921589342745,0.8983880063471038,0.9170634154305959,0.9925404662960589,0.9870531732335425,0.9155927859322497,0.9922316461521681,0.9860722644464642,0.9963910154470841,0.8381018059624936,0.19324242968664543,64.51920917223667,6.524079185957308,0.884385544259124,0.13489042542846597,4.533844194317991,0.6942012076837916,9.98385870481986
B_magfix,2.5,0.75,10.0,4,1,blend,true,0.5986666666666667,0.7655710347133493,0.9504718868646644,0.8425988329600411,0.7561730585539719,0.9447581031936684,0.8825554442566287,0.9128190122725528,0.9918152300412475,0.9839538109746704,0.9079051500048705,0.9909275495115532,0.9828417318625897,0.9917276401570765,0.8267321179081133,0.2976597713598772,44.78645019695217,8.072248232784093,0.8869636475297634,0.13348045960376329,4.677277279046239,0.6823599808034158,9.97292060967843
B_magfix,2.5,0.75,10.0,5,1,blend,true,0.6026666666666667,0.766443788747289,0.9510773269802342,0.844002952807574,0.7687266426665065,0.9505570056931323,0.887146358180937,0.9250234239592483,0.9939211468188144,0.9860722726697594,0.9174338134542319,0.9927056014744053,0.9841433403278631,0.9893829324562462,0.832664519251686,0.24251817951387594,44.50227097493026,7.215531492139194,0.8859148564174141,0.1335606982985179,4.568159401786164,0.7030832267190974,9.970803730094943
B_magfix,2.5,0.75,10.0,6,1,blend,true,0.6173333333333333,0.7669781934718368,0.9503266074018856,0.8394436974447822,0.7648501196893461,0.9489023988449701,0.8807371813580318,0.9208998720933268,0.9932364314515911,0.9849060255068298,0.9128985338856727,0.9918883027109351,0.9808032328465319,0.9819184478513511,0.8324940912743378,0.593463885351883,12.784109550942803,7.943103095390399,0.8865578035987087,0.13235811664803138,4.502694000352672,0.6916714883536224,9.977716845063757
B_magfix,2.5,0.75,10.0,7,1,blend,true,0.6036666666666667,0.7480048638414285,0.9429575023373279,0.8247523244215046,0.7487865461472609,0.9416617705164869,0.8706220068764641,0.9161999937655787,0.992441596278812,0.9821800406522637,0.9035394583475482,0.9901359981878919,0.9780908838376479,0.9808978685025103,0.8238895944433989,0.5169953324967648,17.823161960567255,7.867071078206121,0.8789713269854952,0.1377796461682599,4.403454629529405,0.6928083363643547,9.966665805857076
B_magfix,2.5,1.0,10.0,0,1,blend,true,0.601,0.7587270305733729,0.9477449925642313,0.8363918332502622,0.7602067365835892,0.9458745164699661,0.8786540283926453,0.9096917334991979,0.9911938087959155,0.980139413618062,0.9115800643426011,0.9914897441794329,0.9817760955108088,0.9801948888163827,0.8250168985487638,0.09195823324612017,117.19102723197099,8.302281855729504,0.8894416666550828,0.130997101679913,4.691866065664731,0.7136058189397014,9.982152247101938
B_magfix,2.5,1.0,10.0,1,1,blend,true,0.5986666666666667,0.7559378832107111,0.9465940476628737,0.8285739497670824,0.7548760969542557,0.9448158765770974,0.8781613378532487,0.9104575755002206,0.9914852747396455,0.9816631699663745,0.9126649680656904,0.9918990185597301,0.9830530955058432,0.9967631261574464,0.8235914533594386,0.25102930168787135,44.89036698991381,8.723671239629418,0.888101049582313,0.13239249725083407,4.6424342711215765,0.6896942064033322,9.962149790649267
B_magfix,2.5,1.0,10.0,2,1,blend,true,0.6093333333333333,0.7574133753959038,0.9462678145687802,0.8279404604439303,0.7603180194362702,0.9458543516602631,0.8773217160033844,0.9123105628803935,0.9915317584888291,0.9813972934610706,0.90719657301859,0.9906278601093848,0.9786609711798264,0.9884400194373035,0.8296236793128272,0.4428533706723553,19.55356719762023,8.331392221131322,0.8864207511519706,0.13258544271020326,4.552168113071217,0.7023684743795059,9.970131249951857
B_magfix,2.5,1.0,10.0,3,1,blend,true,0.596,0.7796190692524475,0.9560969369358396,0.8583660390173299,0.781130965499501,0.9547921589342745,0.8983880063471038,0.9170634154305959,0.9925404662960589,0.9870531732335425,0.9155927859322497,0.9922316461521681,0.9860722644464642,0.9963910154470841,0.8381018059624936,0.19324242968664543,64.51920917223667,6.524079185957308,0.884385544259124,0.13489042542846597,4.533844194317991,0.7115751678550906,9.987338593746045
B_magfix,2.5,1.0,10.0,4,1,blend,true,0.5986666666666667,0.7603377253132376,0.9489452142502283,0.8363548576170613,0.7561730585539719,0.9447581031936684,0.8825554442566287,0.9128190122725528,0.9918152300412475,0.9839538109746704,0.9079051500048705,0.9909275495115532,0.9828417318625897,0.9917276401570765,0.8267321179081133,0.2976597713598772,44.78645019695217,8.072248232784093,0.8869636475297634,0.13348045960376329,4.677277279046239,0.7042488888825614,9.97675280960255
B_magfix,2.5,1.0,10.0,5,1,blend,true,0.6026666666666667,0.7629403086350645,0.9501323137643345,0.8411607523072789,0.7687266426665065,0.9505570056931323,0.887146358180937,0.9250234239592483,0.9939211468188144,0.9860722726697594,0.9174338134542319,0.9927056014744053,0.9841433403278631,0.9893829324562462,0.832664519251686,0.24251817951387594,44.50227097493026,7.215531492139194,0.8859148564174141,0.1335606982985179,4.568159401786164,0.7217968182190045,9.983467601889606
B_magfix,2.5,1.0,10.0,6,1,blend,true,0.6173333333333333,0.7620401646102808,0.9488876932474625,0.8337597668335587,0.7648501196893461,0.9489023988449701,0.8807371813580318,0.9208998720933268,0.9932364314515911,0.9849060255068298,0.9128985338856727,0.9918883027109351,0.9808032328465319,0.9819184478513511,0.8324940912743378,0.593463885351883,12.784109550942803,7.943103095390399,0.8865578035987087,0.13235811664803138,4.502694000352672,0.7116141279201997,9.984446475439448
B_magfix,2.5,1.0,10.0,7,1,blend,true,0.6036666666666667,0.7451000562804798,0.9421658495783531,0.8209222221095328,0.7487865461472609,0.9416617705164869,0.8706220068764641,0.9161999937655787,0.992441596278812,0.9821800406522637,0.9035394583475482,0.9901359981878919,0.9780908838376479,0.9808978685025103,0.8238895944433989,0.5169953324967648,17.823161960567255,7.867071078206121,0.8789713269854952,0.1377796461682599,4.403454629529405,0.708800005834809,9.970566533485677
B_magfix,3.0,0.0,10.0,0,1,blend,true,0.603,0.8922188269282564,0.9888265488460659,0.9979837959816686,0.7414519719977307,0.9367325700208131,0.8647008216080868,0.8868053627847106,0.9861937790887924,0.9679589706480353,0.8863763659552087,0.9860749002771833,0.968743423314323,0.9777638758222735,0.8279775964712273,0.07382088024899812,139.7427511965969,8.791951403374545,0.9115036813321209,0.11651089823332408,5.600444593701082,0.07185648557234829,9.739829918291601
B_magfix,3.0,0.0,10.0,1,1,blend,true,0.5963333333333334,0.8769599436426996,0.9856773871338119,0.9980416536413351,0.7308199767075563,0.9329669225930087,0.8583997261535545,0.8732083280382181,0.9831335730526408,0.9607928366379914,0.880906735142946,0.9850238420191508,0.9671123383148954,0.9889550359208155,0.8268722515273306,0.30756392395421506,36.684489214263785,8.74246714910633,0.9151097241191815,0.11531469281549436,5.847996569214215,0.025369154841095004,9.816284545749628
B_magfix,3.0,0.0,10.0,2,1,blend,true,0.6073333333333333,0.8803185122543016,0.9862902387499944,0.9954445680646528,0.7414656368792716,0.9367643117403853,0.860295564453576,0.8942617582240795,0.9877084632705275,0.9710600977539504,0.8871648907268073,0.9862678637556158,0.9692627774246411,0.9827701497514293,0.8293382802206246,0.27098708972622787,37.56469517754655,8.88942274279326,0.9084356637140103,0.11865832782128857,5.4243195504617905,0.06572886510340888,9.785541525108364
B_magfix,3.0,0.0,10.0,3,1,blend,true,0.5943333333333334,0.8931169086555774,0.9889318208668073,0.9968811282439326,0.7454894206281577,0.9385925576425056,0.8762757868125832,0.8867437674870027,0.9863687892014142,0.9755539934371817,0.8870455955908472,0.9863737818269886,0.9754095612980417,0.9970289790158012,0.8332736610834488,0.05920453805902124,148.86410852973873,7.582770888932861,0.9077130352350857,0.12043838497105708,5.460530212082416,0.056145174290366036,9.798882518205605
B_magfix,3.0,0.0,10.0,4,1,blend,true,0.5936666666666667,0.8964112674285317,0.9897982084584309,0.9990959747574839,0.7380527681961363,0.9360742157690665,0.8687595196669248,0.901311320130929,0.9896209385327742,0.9785098633185537,0.8992210806818572,0.9891804581001253,0.9785947222707286,0.9926032452604491,0.8178193840061089,0.13245442831341758,84.21310527540257,9.636396346506238,0.906747875095749,0.12128367135035173,5.449983008354409,0.06920600481113857,9.79324338033451
B_magfix,3.0,0.0,10.0,5,1,blend,true,0.6016666666666667,0.8783386230684638,0.9857670308073401,0.9954473128077658,0.7455467558336333,0.9396464971143258,0.8689783870295196,0.8886794534725371,0.9867587714280831,0.9680614485076889,0.8893319573029699,0.986972581881843,0.9710408827411322,0.9897455453158532,0.8334375640458241,0.07111550362773131,109.66138040983903,7.574981651474434,0.912339735045608,0.11685795059953623,5.6242324748774735,0.06139168555722829,9.775662075282284
B_magfix,3.0,0.0,10.0,6,1,blend,true,0.6143333333333333,0.8769892805878752,0.9854824926593717,0.9969543146487493,0.7456683482085398,0.9397903871428176,0.865653995044991,0.9012676064144141,0.989489710840638,0.9766988285813027,0.8881831337873292,0.9867893622331854,0.9692678247783933,0.9814587156777079,0.8369040557857675,0.49358725346675736,14.425401339357443,7.582980438672176,0.9076132400341219,0.1193983350326896,5.273320613566496,0.08503612394315135,9.789153140995195
B_magfix,3.0,0.0,10.0,7,1,blend,true,0.6016666666666667,0.8958647374017281,0.9897802275025472,0.9991099979749452,0.7215200190961615,0.9278863843018467,0.8496374967860413,0.8741148530830418,0.9832436798607096,0.9631039177055036,0.8718110557405876,0.9826743171050837,0.9631423453772333,0.9935971878127567,0.8250978797197783,0.410184988323921,30.319504514315046,8.124733086853096,0.9088728427543203,0.11965684322771179,5.533776946169396,0.07661321042340619,9.796180169812741
B_magfix,3.0,0.25,10.0,0,1,blend,true,0.603,0.9031822906789841,0.9911367008096216,0.9925586433230342,0.7414519719977307,0.9367325700208131,0.8647008216080868,0.8868053627847106,0.9861937790887924,0.9679589706480353,0.8863763659552087,0.9860749002771833,0.968743423314323,0.9777638758222735,0.8279775964712273,0.07382088024899812,139.7427511965969,8.791951403374545,0.9115036813321209,0.11651089823332408,5.600444593701082,0.18166145010653345,9.780169891901537
B_magfix,3.0,0.25,10.0,1,1,blend,true,0.5963333333333334,0.8891699144698072,0.988507270271551,0.9932560927462194,0.7308199767075563,0.9329669225930087,0.8583997261535545,0.8732083280382181,0.9831335730526408,0.9607928366379914,0.880906735142946,0.9850238420191508,0.9671123383148954,0.9889550359208155,0.8268722515273306,0.30756392395421506,36.684489214263785,8.74246714910633,0.9151097241191815,0.11531469281549436,5.847996569214215,0.14040083592094454,9.816099166981212
B_magfix,3.0,0.25,10.0,2,1,blend,true,0.6073333333333333,0.8833849467773215,0.9871003216926286,0.9832664405984652,0.7414656368792716,0.9367643117403853,0.860295564453576,0.8942617582240795,0.9877084632705275,0.9710600977539504,0.8871648907268073,0.9862678637556158,0.9692627774246411,0.9827701497514293,0.8293382802206246,0.27098708972622787,37.56469517754655,8.88942274279326,0.9084356637140103,0.11865832782128857,5.4243195504617905,0.17311674296996818,9.811633820536585
B_magfix,3.0,0.25,10.0,3,1,blend,true,0.5943333333333334,0.9048812005656004,0.9912322019361504,0.9935077468110203,0.7454894206281577,0.9385925576425056,0.8762757868125832,0.8867437674870027,0.9863687892014142,0.9755539934371817,0.8870455955908472,0.9863737818269886,0.9754095612980417,0.9970289790158012,0.8332736610834488,0.05920453805902124,148.86410852973873,7.582770888932861,0.9077130352350857,0.12043838497105708,5.460530212082416,0.1662109761055578,9.82566534587042
B_magfix,3.0,0.25,10.0,4,1,blend,true,0.5936666666666667,0.9046139928831414,0.9915651124163173,0.9935545892319081,0.7380527681961363,0.9360742157690665,0.8687595196669248,0.901311320130929,0.9896209385327742,0.9785098633185537,0.8992210806818572,0.9891804581001253,0.9785947222707286,0.9926032452604491,0.8178193840061089,0.13245442831341758,84.21310527540257,9.636396346506238,0.906747875095749,0.12128367135035173,5.449983008354409,0.17198947101740492,9.820373716918082
B_magfix,3.0,0.25,10.0,5,1,blend,true,0.6016666666666667,0.8897634848491335,0.9884405907260081,0.9900015321743512,0.7455467558336333,0.9396464971143258,0.8689783870295196,0.8886794534725371,0.9867587714280831,0.9680614485076889,0.8893319573029699,0.986972581881843,0.9710408827411322,0.9897455453158532,0.8334375640458241,0.07111550362773131,109.66138040983903,7.574981651474434,0.912339735045608,0.11685795059953623,5.6242324748774735,0.1713734103510663,9.794753710142134
B_magfix,3.0,0.25,10.0,6,1,blend,true,0.6143333333333333,0.8859577232012162,0.9876527780630173,0.9883812449137306,0.7456683482085398,0.9397903871428176,0.865653995044991,0.9012676064144141,0.989489710840638,0.9766988285813027,0.8881831337873292,0.9867893622331854,0.9692678247783933,0.9814587156777079,0.8369040557857675,0.49358725346675736,14.425401339357443,7.582980438672176,0.9076132400341219,0.1193983350326896,5.273320613566496,0.19378710879175676,9.818703587577676
B_magfix,3.0,0.25,10.0,7,1,blend,true,0.6016666666666667,0.8985299404936294,0.9906369525741788,0.988503710548502,0.7215200190961615,0.9278863843018467,0.8496374967860413,0.8741148530830418,0.9832436798607096,0.9631039177055036,0.8718110557405876,0.9826743171050837,0.9631423453772333,0.9935971878127567,0.8250978797197783,0.410184988323921,30.319504514315046,8.124733086853096,0.9088728427543203,0.11965684322771179,5.533776946169396,0.1869427790564932,9.824501896949014
B_magfix,3.0,0.5,10.0,0,1,blend,true,0.603,0.8288022280419631,0.9705868418860002,0.9043535491556794,0.7414519719977307,0.9367325700208131,0.8647008216080868,0.8868053627847106,0.9861937790887924,0.9679589706480353,0.8863763659552087,0.9860749002771833,0.968743423314323,0.9777638758222735,0.8279775964712273,0.07382088024899812,139.7427511965969,8.791951403374545,0.9115036813321209,0.11651089823332408,5.600444593701082,0.47641069051379353,9.896170817700987
B_magfix,3.0,0.5,10.0,1,1,blend,true,0.5963333333333334,0.8208742609898141,0.968435853235585,0.8947339656470531,0.7308199767075563,0.9329669225930087,0.8583997261535545,0.8732083280382181,0.9831335730526408,0.9607928366379914,0.880906735142946,0.9850238420191508,0.9671123383148954,0.9889550359208155,0.8268722515273306,0.30756392395421506,36.684489214263785,8.74246714910633,0.9151097241191815,0.11531469281549436,5.847996569214215,0.462287220409314,9.881317499374186
B_magfix,3.0,0.5,10.0,2,1,blend,true,0.6073333333333333,0.8152542011511886,0.9648119257025154,0.8843470440127423,0.7414656368792716,0.9367643117403853,0.860295564453576,0.8942617582240795,0.9877084632705275,0.9710600977539504,0.8871648907268073,0.9862678637556158,0.9692627774246411,0.9827701497514293,0.8293382802206246,0.27098708972622787,37.56469517754655,8.88942274279326,0.9084356637140103,0.11865832782128857,5.4243195504617905,0.47302763252475266,9.873248875439334
B_magfix,3.0,0.5,10.0,3,1,blend,true,0.5943333333333334,0.8358209747678317,0.9724585249314828,0.9103858280962632,0.7454894206281577,0.9385925576425056,0.8762757868125832,0.8867437674870027,0.9863687892014142,0.9755539934371817,0.8870455955908472,0.9863737818269886,0.9754095612980417,0.9970289790158012,0.8332736610834488,0.05920453805902124,148.86410852973873,7.582770888932861,0.9077130352350857,0.12043838497105708,5.460530212082416,0.4697690864835544,9.906689995668836
B_magfix,3.0,0.5,10.0,4,1,blend,true,0.5936666666666667,0.8301503581900548,0.9721045202587505,0.9080085602074277,0.7380527681961363,0.9360742157690665,0.8687595196669248,0.901311320130929,0.9896209385327742,0.9785098633185537,0.8992210806818572,0.9891804581001253,0.9785947222707286,0.9926032452604491,0.8178193840061089,0.13245442831341758,84.21310527540257,9.636396346506238,0.906747875095749,0.12128367135035173,5.449983008354409,0.46656706505765866,9.895361673700446
B_magfix,3.0,0.5,10.0,5,1,blend,true,0.6016666666666667,0.8233407022890543,0.9687565514525034,0.8974175574392015,0.7455467558336333,0.9396464971143258,0.8689783870295196,0.8886794534725371,0.9867587714280831,0.9680614485076889,0.8893319573029699,0.986972581881843,0.9710408827411322,0.9897455453158532,0.8334375640458241,0.07111550362773131,109.66138040983903,7.574981651474434,0.912339735045608,0.11685795059953623,5.6242324748774735,0.4858997427436695,9.85066084101357
B_magfix,3.0,0.5,10.0,6,1,blend,true,0.6143333333333333,0.8276598976208194,0.9708743971708486,0.9017848068121488,0.7456683482085398,0.9397903871428176,0.865653995044991,0.9012676064144141,0.989489710840638,0.9766988285813027,0.8881831337873292,0.9867893622331854,0.9692678247783933,0.9814587156777079,0.8369040557857675,0.49358725346675736,14.425401339357443,7.582980438672176,0.9076132400341219,0.1193983350326896,5.273320613566496,0.48130255596627264,9.913383785449337
B_magfix,3.0,0.5,10.0,7,1,blend,true,0.6016666666666667,0.8064289547933465,0.9632843907748131,0.8840229394068114,0.7215200190961615,0.9278863843018467,0.8496374967860413,0.8741148530830418,0.9832436798607096,0.9631039177055036,0.8718110557405876,0.9826743171050837,0.9631423453772333,0.9935971878127567,0.8250978797197783,0.410184988323921,30.319504514315046,8.124733086853096,0.9088728427543203,0.11965684322771179,5.533776946169396,0.4852690181090576,9.90360417238803
B_magfix,3.0,0.75,10.0,0,1,blend,true,0.603,0.7613731745300644,0.9472469555681087,0.839879230050618,0.7414519719977307,0.9367325700208131,0.8647008216080868,0.8868053627847106,0.9861937790887924,0.9679589706480353,0.8863763659552087,0.9860749002771833,0.968743423314323,0.9777638758222735,0.8279775964712273,0.07382088024899812,139.7427511965969,8.791951403374545,0.9115036813321209,0.11651089823332408,5.600444593701082,0.6895990000176375,9.978730288185684
B_magfix,3.0,0.75,10.0,1,1,blend,true,0.5963333333333334,0.751002859849712,0.9430477173743428,0.8222266786308886,0.7308199767075563,0.9329669225930087,0.8583997261535545,0.8732083280382181,0.9831335730526408,0.9607928366379914,0.880906735142946,0.9850238420191508,0.9671123383148954,0.9889550359208155,0.8268722515273306,0.30756392395421506,36.684489214263785,8.74246714910633,0.9151097241191815,0.11531469281549436,5.847996569214215,0.6811069633202627,9.965703719099581
B_magfix,3.0,0.75,10.0,2,1,blend,true,0.6073333333333333,0.755664543161814,0.9435570028996129,0.8249556044754305,0.7414656368792716,0.9367643117403853,0.860295564453576,0.8942617582240795,0.9877084632705275,0.9710600977539504,0.8871648907268073,0.9862678637556158,0.9692627774246411,0.9827701497514293,0.8293382802206246,0.27098708972622787,37.56469517754655,8.88942274279326,0.9084356637140103,0.11865832782128857,5.4243195504617905,0.680870209017477,9.965774646009807
B_magfix,3.0,0.75,10.0,3,1,blend,true,0.5943333333333334,0.7670481768418452,0.9491779728401317,0.8461307373498052,0.7454894206281577,0.9385925576425056,0.8762757868125832,0.8867437674870027,0.9863687892014142,0.9755539934371817,0.8870455955908472,0.9863737818269886,0.9754095612980417,0.9970289790158012,0.8332736610834488,0.05920453805902124,148.86410852973873,7.582770888932861,0.9077130352350857,0.12043838497105708,5.460530212082416,0.6927606836764629,9.982238386423685
B_magfix,3.0,0.75,10.0,4,1,blend,true,0.5936666666666667,0.7588287292531917,0.9471746903357741,0.8360509870967213,0.7380527681961363,0.9360742157690665,0.8687595196669248,0.901311320130929,0.9896209385327742,0.9785098633185537,0.8992210806818572,0.9891804581001253,0.9785947222707286,0.9926032452604491,0.8178193840061089,0.13245442831341758,84.21310527540257,9.636396346506238,0.906747875095749,0.12128367135035173,5.449983008354409,0.6866112472778921,9.975375323994761
B_magfix,3.0,0.75,10.0,5,1,blend,true,0.6016666666666667,0.7591880851742411,0.9469979565335637,0.8352897919914376,0.7455467558336333,0.9396464971143258,0.8689783870295196,0.8886794534725371,0.9867587714280831,0.9680614485076889,0.8893319573029699,0.986972581881843,0.9710408827411322,0.9897455453158532,0.8334375640458241,0.07111550362773131,109.66138040983903,7.574981651474434,0.912339735045608,0.11685795059953623,5.6242324748774735,0.7062362271340338,9.976561141155932
B_magfix,3.0,0.75,10.0,6,1,blend,true,0.6143333333333333,0.7617488691791999,0.947209474530126,0.8329391996583488,0.7456683482085398,0.9397903871428176,0.865653995044991,0.9012676064144141,0.989489710840638,0.9766988285813027,0.8881831337873292,0.9867893622331854,0.9692678247783933,0.9814587156777079,0.8369040557857675,0.49358725346675736,14.425401339357443,7.582980438672176,0.9076132400341219,0.1193983350326896,5.273320613566496,0.6864697360700507,9.982504890696486
B_magfix,3.0,0.75,10.0,7,1,blend,true,0.6016666666666667,0.7391924545836805,0.937718592366978,0.8150833330656369,0.7215200190961615,0.9278863843018467,0.8496374967860413,0.8741148530830418,0.9832436798607096,0.9631039177055036,0.8718110557405876,0.9826743171050837,0.9631423453772333,0.9935971878127567,0.8250978797197783,0.410184988323921,30.319504514315046,8.124733086853096,0.9088728427543203,0.11965684322771179,5.533776946169396,0.6972353643662342,9.969814428052224
B_magfix,3.0,1.0,10.0,0,1,blend,true,0.603,0.7548933365775697,0.9448307128623387,0.8330889555589601,0.7414519719977307,0.9367325700208131,0.8647008216080868,0.8868053627847106,0.9861937790887924,0.9679589706480353,0.8863763659552087,0.9860749002771833,0.968743423314323,0.9777638758222735,0.8279775964712273,0.07382088024899812,139.7427511965969,8.791951403374545,0.9115036813321209,0.11651089823332408,5.600444593701082,0.712525892641518,9.985355633014073
B_magfix,3.0,1.0,10.0,1,1,blend,true,0.5963333333333334,0.7466320959866617,0.9414555462821689,0.8167308952148147,0.7308199767075563,0.9329669225930087,0.8583997261535545,0.8732083280382181,0.9831335730526408,0.9607928366379914,0.880906735142946,0.9850238420191508,0.9671123383148954,0.9889550359208155,0.8268722515273306,0.30756392395421506,36.684489214263785,8.74246714910633,0.9151097241191815,0.11531469281549436,5.847996569214215,0.6976138699976124,9.967522794865953
B_magfix,3.0,1.0,10.0,2,1,blend,true,0.6073333333333333,0.7510630498664965,0.9423075215342365,0.8197993801137724,0.7414656368792716,0.9367643117403853,0.860295564453576,0.8942617582240795,0.9877084632705275,0.9710600977539504,0.8871648907268073,0.9862678637556158,0.9692627774246411,0.9827701497514293,0.8293382802206246,0.27098708972622787,37.56469517754655,8.88942274279326,0.9084356637140103,0.11865832782128857,5.4243195504617905,0.7028724977439897,9.970419640756667
B_magfix,3.0,1.0,10.0,3,1,blend,true,0.5943333333333334,0.7624046069647072,0.9477447688916801,0.8416773997611368,0.7454894206281577,0.9385925576425056,0.8762757868125832,0.8867437674870027,0.9863687892014142,0.9755539934371817,0.8870455955908472,0.9863737818269886,0.9754095612980417,0.9970289790158012,0.8332736610834488,0.05920453805902124,148.86410852973873,7.582770888932861,0.9077130352350857,0.12043838497105708,5.460530212082416,0.7122944431840764,9.988415244625
B_magfix,3.0,1.0,10.0,4,1,blend,true,0.5936666666666667,0.7544682416333135,0.9459604946981643,0.8308605838948506,0.7380527681961363,0.9360742157690665,0.8687595196669248,0.901311320130929,0.9896209385327742,0.9785098633185537,0.8992210806818572,0.9891804581001253,0.9785947222707286,0.9926032452604491,0.8178193840061089,0.13245442831341758,84.21310527540257,9.636396346506238,0.906747875095749,0.12128367135035173,5.449983008354409,0.7073072932514767,9.981727536902874
B_magfix,3.0,1.0,10.0,5,1,blend,true,0.6016666666666667,0.7550864874995882,0.9458521662739603,0.83138356265303,0.7455467558336333,0.9396464971143258,0.8689783870295196,0.8886794534725371,0.9867587714280831,0.9680614485076889,0.8893319573029699,0.986972581881843,0.9710408827411322,0.9897455453158532,0.8334375640458241,0.07111550362773131,109.66138040983903,7.574981651474434,0.912339735045608,0.11685795059953623,5.6242324748774735,0.7257535143308668,9.987108062363742
B_magfix,3.0,1.0,10.0,6,1,blend,true,0.6143333333333333,0.756186146403593,0.9453221738986691,0.8268164276153148,0.7456683482085398,0.9397903871428176,0.865653995044991,0.9012676064144141,0.989489710840638,0.9766988285813027,0.8881831337873292,0.9867893622331854,0.9692678247783933,0.9814587156777079,0.8369040557857675,0.49358725346675736,14.425401339357443,7.582980438672176,0.9076132400341219,0.1193983350326896,5.273320613566496,0.7092521292116147,9.984567462233704
B_magfix,3.0,1.0,10.0,7,1,blend,true,0.6016666666666667,0.7357608526503894,0.936661998235142,0.8107655617401361,0.7215200190961615,0.9278863843018467,0.8496374967860413,0.8741148530830418,0.9832436798607096,0.9631039177055036,0.8718110557405876,0.9826743171050837,0.9631423453772333,0.9935971878127567,0.8250978797197783,0.410184988323921,30.319504514315046,8.124733086853096,0.9088728427543203,0.11965684322771179,5.533776946169396,0.7120793293379742,9.972420854054304
B_magfix,4.0,0.0,10.0,0,1,blend,true,0.6053333333333333,0.8914254874685525,0.9886928494306699,0.9981224712204894,0.7133100643170126,0.9218419586366273,0.8433927254285128,0.8408991395793164,0.9732512944131324,0.9404076579088233,0.8452845679870341,0.9747284738211581,0.9445641487906481,0.9853939051237511,0.8389966012415653,0.16457699260779868,66.4341634362362,9.174244892645262,0.9434005350339327,0.09156944187202805,7.637409684599515,0.058785495062164426,9.765685071168763
B_magfix,4.0,0.0,10.0,1,1,blend,true,0.599,0.8823840886890781,0.9869345085784588,0.9973284110080962,0.7086969451584251,0.9210921041754973,0.844506288041792,0.8410005818861774,0.9737415836446568,0.9442270275623925,0.8448721844909677,0.9749887127748541,0.9477963358862153,0.9947722707553017,0.838365347535071,0.23392021930226573,42.876172645126566,9.16738974165693,0.9402400602093357,0.09580049666990048,7.45869398910784,0.05305150657132114,9.846052450632344
B_magfix,4.0,0.0,10.0,2,1,blend,true,0.601,0.8688667513553964,0.9836468763853473,0.994444938784706,0.7108968772851345,0.9217597764492446,0.8331694479757035,0.851343605078591,0.9766696211982112,0.9461029557018421,0.8474650235389718,0.9756460760306798,0.9452350110429535,0.9911964544343689,0.8370709631105714,0.35198859989314907,37.14265973955021,8.63998455417871,0.9365630752792501,0.09845429628233943,7.018044778529794,0.08211763657020213,9.827334940432415
B_magfix,4.0,0.0,10.0,3,1,blend,true,0.5993333333333334,0.8810143586277025,0.9862967388746466,0.9946671733081031,0.7386707190749287,0.9346706789398886,0.8678180880842293,0.8754520701966486,0.983191817079291,0.9693473059107836,0.872178559854246,0.9823682231396962,0.9673357336311218,0.9946753532997863,0.8346971882617167,0.07900894185860004,138.04781519257713,9.319495198144311,0.9355731733725215,0.10000865507969271,7.117367409766461,0.07614161224448882,9.831248062064363
B_magfix,4.0,0.0,10.0,4,1,blend,true,0.6013333333333334,0.8942165533217213,0.9893791934277512,0.9992655642076254,0.7132430269527754,0.9227665100069653,0.850761246335476,0.8567869710540431,0.9784032167429594,0.95692831953939,0.8527887391813311,0.9773438955721109,0.9561180255036724,0.9911564760819553,0.8359113449616691,0.03940632537309441,200.91357339372942,8.452024291157464,0.9397712904804634,0.09650951932113738,7.534308173020174,0.07719366548627694,9.771638115341613
B_magfix,4.0,0.0,10.0,5,1,blend,true,0.6063333333333333,0.8923720092895988,0.9888774458695151,0.9977276112803117,0.7268620173508902,0.9300249951883434,0.8567329485459545,0.8834216637090271,0.9852896984419492,0.9664502973395066,0.8724961524013144,0.9826906463210624,0.9626382636949741,0.9810598822964632,0.8279158669806161,0.26382198781399974,44.835323649669576,9.26228804432289,0.9376612658088789,0.09834940579265634,7.190060126543554,0.10598292655626151,9.721234070021778
B_magfix,4.0,0.0,10.0,6,1,blend,true,0.615,0.8790373090711071,0.9858343403321693,0.995559512693782,0.7214317268074452,0.9273959381087734,0.8489314328534987,0.8778786317241433,0.9842446645873109,0.9693075482067033,0.8573956648299303,0.9789554107935985,0.9544530721966027,0.9710363798836879,0.843730474002251,0.2365917561220925,41.213934552523234,7.411233598441864,0.9362789333521042,0.09796498129224339,6.784635660504519,0.08616280112809548,9.821981125977505
B_magfix,4.0,0.0,10.0,7,1,blend,true,0.6006666666666667,0.8797116299561887,0.9860139454959841,0.9960795782182,0.6903373195377589,0.9106082726057474,0.82581298436575,0.8245734396796349,0.9682939003382414,0.9360888915481493,0.8253110973864833,0.9685620145502893,0.9390764181449626,0.9925396777015238,0.8376820618417847,0.2527291047092689,45.99768548134736,7.788795350477432,0.9419044226504032,0.09531932150122994,7.598167361393282,0.0423094838898344,9.780606391526602
B_magfix,4.0,0.25,10.0,0,1,blend,true,0.6053333333333333,0.9022670274364213,0.9908760976846475,0.9952994249212543,0.7133100643170126,0.9218419586366273,0.8433927254285128,0.8408991395793164,0.9732512944131324,0.9404076579088233,0.8452845679870341,0.9747284738211581,0.9445641487906481,0.9853939051237511,0.8389966012415653,0.16457699260779868,66.4341634362362,9.174244892645262,0.9434005350339327,0.09156944187202805,7.637409684599515,0.16354092928112474,9.793183857550119
B_magfix,4.0,0.25,10.0,1,1,blend,true,0.599,0.8903602492597715,0.9887572172011769,0.988709358633933,0.7086969451584251,0.9210921041754973,0.844506288041792,0.8410005818861774,0.9737415836446568,0.9442270275623925,0.8448721844909677,0.9749887127748541,0.9477963358862153,0.9947722707553017,0.838365347535071,0.23392021930226573,42.876172645126566,9.16738974165693,0.9402400602093357,0.09580049666990048,7.45869398910784,0.1650516591286726,9.856036180369694
B_magfix,4.0,0.25,10.0,2,1,blend,true,0.601,0.8713784476052073,0.9842985512641419,0.9808845284511235,0.7108968772851345,0.9217597764492446,0.8331694479757035,0.851343605078591,0.9766696211982112,0.9461029557018421,0.8474650235389718,0.9756460760306798,0.9452350110429535,0.9911964544343689,0.8370709631105714,0.35198859989314907,37.14265973955021,8.63998455417871,0.9365630752792501,0.09845429628233943,7.018044778529794,0.18618737737885616,9.848042519930015
B_magfix,4.0,0.25,10.0,3,1,blend,true,0.5993333333333334,0.8940273689193715,0.9889107069768266,0.9930570727189935,0.7386707190749287,0.9346706789398886,0.8678180880842293,0.8754520701966486,0.983191817079291,0.9693473059107836,0.872178559854246,0.9823682231396962,0.9673357336311218,0.9946753532997863,0.8346971882617167,0.07900894185860004,138.04781519257713,9.319495198144311,0.9355731733725215,0.10000865507969271,7.117367409766461,0.18016091828483433,9.85802315887656
B_magfix,4.0,0.25,10.0,4,1,blend,true,0.6013333333333334,0.9065751902588807,0.9919374062044135,0.9928218831381941,0.7132430269527754,0.9227665100069653,0.850761246335476,0.8567869710540431,0.9784032167429594,0.95692831953939,0.8527887391813311,0.9773438955721109,0.9561180255036724,0.9911564760819553,0.8359113449616691,0.03940632537309441,200.91357339372942,8.452024291157464,0.9397712904804634,0.09650951932113738,7.534308173020174,0.18358147760352408,9.802574357623087
B_magfix,4.0,0.25,10.0,5,1,blend,true,0.6063333333333333,0.897819190985352,0.9901540748310447,0.9874433367065518,0.7268620173508902,0.9300249951883434,0.8567329485459545,0.8834216637090271,0.9852896984419492,0.9664502973395066,0.8724961524013144,0.9826906463210624,0.9626382636949741,0.9810598822964632,0.8279158669806161,0.26382198781399974,44.835323649669576,9.26228804432289,0.9376612658088789,0.09834940579265634,7.190060126543554,0.21738583071338813,9.761668568125229
B_magfix,4.0,0.25,10.0,6,1,blend,true,0.615,0.8851278078554906,0.9873133316566736,0.9851921939669204,0.7214317268074452,0.9273959381087734,0.8489314328534987,0.8778786317241433,0.9842446645873109,0.9693075482067033,0.8573956648299303,0.9789554107935985,0.9544530721966027,0.9710363798836879,0.843730474002251,0.2365917561220925,41.213934552523234,7.411233598441864,0.9362789333521042,0.09796498129224339,6.784635660504519,0.19333595512543256,9.848411953979852
B_magfix,4.0,0.25,10.0,7,1,blend,true,0.6006666666666667,0.8866845205748911,0.9876395371406611,0.9846314786571602,0.6903373195377589,0.9106082726057474,0.82581298436575,0.8245734396796349,0.9682939003382414,0.9360888915481493,0.8253110973864833,0.9685620145502893,0.9390764181449626,0.9925396777015238,0.8376820618417847,0.2527291047092689,45.99768548134736,7.788795350477432,0.9419044226504032,0.09531932150122994,7.598167361393282,0.1511050490909782,9.802965084330262
B_magfix,4.0,0.5,10.0,0,1,blend,true,0.6053333333333333,0.8305947218516243,0.97073354663946,0.9068235763260533,0.7133100643170126,0.9218419586366273,0.8433927254285128,0.8408991395793164,0.9732512944131324,0.9404076579088233,0.8452845679870341,0.9747284738211581,0.9445641487906481,0.9853939051237511,0.8389966012415653,0.16457699260779868,66.4341634362362,9.174244892645262,0.9434005350339327,0.09156944187202805,7.637409684599515,0.472014515828633,9.881886295051816
B_magfix,4.0,0.5,10.0,1,1,blend,true,0.599,0.815473479215182,0.9656735014847945,0.8886111476180818,0.7086969451584251,0.9210921041754973,0.844506288041792,0.8410005818861774,0.9737415836446568,0.9442270275623925,0.8448721844909677,0.9749887127748541,0.9477963358862153,0.9947722707553017,0.838365347535071,0.23392021930226573,42.876172645126566,9.16738974165693,0.9402400602093357,0.09580049666990048,7.45869398910784,0.4699295601254367,9.905177623935081
B_magfix,4.0,0.5,10.0,2,1,blend,true,0.601,0.8051063387069683,0.9609880056309476,0.8694498823183725,0.7108968772851345,0.9217597764492446,0.8331694479757035,0.851343605078591,0.9766696211982112,0.9461029557018421,0.8474650235389718,0.9756460760306798,0.9452350110429535,0.9911964544343689,0.8370709631105714,0.35198859989314907,37.14265973955021,8.63998455417871,0.9365630752792501,0.09845429628233943,7.018044778529794,0.47606143713869215,9.87480342479456
B_magfix,4.0,0.5,10.0,3,1,blend,true,0.5993333333333334,0.8433078709999666,0.9738405870100477,0.9143374282669449,0.7386707190749287,0.9346706789398886,0.8678180880842293,0.8754520701966486,0.983191817079291,0.9693473059107836,0.872178559854246,0.9823682231396962,0.9673357336311218,0.9946753532997863,0.8346971882617167,0.07900894185860004,138.04781519257713,9.319495198144311,0.9355731733725215,0.10000865507969271,7.117367409766461,0.4754508758675108,9.932600313042277
B_magfix,4.0,0.5,10.0,4,1,blend,true,0.6013333333333334,0.8259624732904641,0.9703216304857216,0.9053395939002451,0.7132430269527754,0.9227665100069653,0.850761246335476,0.8567869710540431,0.9784032167429594,0.95692831953939,0.8527887391813311,0.9773438955721109,0.9561180255036724,0.9911564760819553,0.8359113449616691,0.03940632537309441,200.91357339372942,8.452024291157464,0.9397712904804634,0.09650951932113738,7.534308173020174,0.48347899160202606,9.893940857913433
B_magfix,4.0,0.5,10.0,5,1,blend,true,0.6063333333333333,0.8263612454589764,0.970063041577126,0.9013564022332861,0.7268620173508902,0.9300249951883434,0.8567329485459545,0.8834216637090271,0.9852896984419492,0.9664502973395066,0.8724961524013144,0.9826906463210624,0.9626382636949741,0.9810598822964632,0.8279158669806161,0.26382198781399974,44.835323649669576,9.26228804432289,0.9376612658088789,0.09834940579265634,7.190060126543554,0.4971569545097321,9.884289110133759
B_magfix,4.0,0.5,10.0,6,1,blend,true,0.615,0.8222444239205222,0.9679236963055499,0.8940564253551867,0.7214317268074452,0.9273959381087734,0.8489314328534987,0.8778786317241433,0.9842446645873109,0.9693075482067033,0.8573956648299303,0.9789554107935985,0.9544530721966027,0.9710363798836879,0.843730474002251,0.2365917561220925,41.213934552523234,7.411233598441864,0.9362789333521042,0.09796498129224339,6.784635660504519,0.4800160510990458,9.940200336632111
B_magfix,4.0,0.5,10.0,7,1,blend,true,0.6006666666666667,0.8007912812618002,0.9592890099001211,0.8752597992190511,0.6903373195377589,0.9106082726057474,0.82581298436575,0.8245734396796349,0.9682939003382414,0.9360888915481493,0.8253110973864833,0.9685620145502893,0.9390764181449626,0.9925396777015238,0.8376820618417847,0.2527291047092689,45.99768548134736,7.788795350477432,0.9419044226504032,0.09531932150122994,7.598167361393282,0.4684898415008519,9.876923684927087
B_magfix,4.0,0.75,10.0,0,1,blend,true,0.6053333333333333,0.7535407568073695,0.9421697561009443,0.8332294498254462,0.7133100643170126,0.9218419586366273,0.8433927254285128,0.8408991395793164,0.9732512944131324,0.9404076579088233,0.8452845679870341,0.9747284738211581,0.9445641487906481,0.9853939051237511,0.8389966012415653,0.16457699260779868,66.4341634362362,9.174244892645262,0.9434005350339327,0.09156944187202805,7.637409684599515,0.6931104059397357,9.9819265728876
B_magfix,4.0,0.75,10.0,1,1,blend,true,0.599,0.7451512192356065,0.9390334265127913,0.8167468092172575,0.7086969451584251,0.9210921041754973,0.844506288041792,0.8410005818861774,0.9737415836446568,0.9442270275623925,0.8448721844909677,0.9749887127748541,0.9477963358862153,0.9947722707553017,0.838365347535071,0.23392021930226573,42.876172645126566,9.16738974165693,0.9402400602093357,0.09580049666990048,7.45869398910784,0.6836051086139037,9.978452039343273
B_magfix,4.0,0.75,10.0,2,1,blend,true,0.601,0.7413984306773611,0.9367279331978581,0.8043587704381696,0.7108968772851345,0.9217597764492446,0.8331694479757035,0.851343605078591,0.9766696211982112,0.9461029557018421,0.8474650235389718,0.9756460760306798,0.9452350110429535,0.9911964544343689,0.8370709631105714,0.35198859989314907,37.14265973955021,8.63998455417871,0.9365630752792501,0.09845429628233943,7.018044778529794,0.6825720952130346,9.964841490553432
B_magfix,4.0,0.75,10.0,3,1,blend,true,0.5993333333333334,0.7728859805185692,0.9505335712971679,0.8538166945198599,0.7386707190749287,0.9346706789398886,0.8678180880842293,0.8754520701966486,0.983191817079291,0.9693473059107836,0.872178559854246,0.9823682231396962,0.9673357336311218,0.9946753532997863,0.8346971882617167,0.07900894185860004,138.04781519257713,9.319495198144311,0.9355731733725215,0.10000865507969271,7.117367409766461,0.6981243077108457,9.991126579676505
B_magfix,4.0,0.75,10.0,4,1,blend,true,0.6013333333333334,0.7554142594967513,0.9442789665091309,0.8345493684771337,0.7132430269527754,0.9227665100069653,0.850761246335476,0.8567869710540431,0.9784032167429594,0.95692831953939,0.8527887391813311,0.9773438955721109,0.9561180255036724,0.9911564760819553,0.8359113449616691,0.03940632537309441,200.91357339372942,8.452024291157464,0.9397712904804634,0.09650951932113738,7.534308173020174,0.6911078899719655,9.987138702920033
B_magfix,4.0,0.75,10.0,5,1,blend,true,0.6063333333333333,0.7568914099900892,0.9446841597437841,0.8326252902061466,0.7268620173508902,0.9300249951883434,0.8567329485459545,0.8834216637090271,0.9852896984419492,0.9664502973395066,0.8724961524013144,0.9826906463210624,0.9626382636949741,0.9810598822964632,0.8279158669806161,0.26382198781399974,44.835323649669576,9.26228804432289,0.9376612658088789,0.09834940579265634,7.190060126543554,0.7054390929722204,9.980092008905153
B_magfix,4.0,0.75,10.0,6,1,blend,true,0.615,0.7539273114785834,0.9424796831504179,0.8237445526645101,0.7214317268074452,0.9273959381087734,0.8489314328534987,0.8778786317241433,0.9842446645873109,0.9693075482067033,0.8573956648299303,0.9789554107935985,0.9544530721966027,0.9710363798836879,0.843730474002251,0.2365917561220925,41.213934552523234,7.411233598441864,0.9362789333521042,0.09796498129224339,6.784635660504519,0.691856290644551,9.989516690839897
B_magfix,4.0,0.75,10.0,7,1,blend,true,0.6006666666666667,0.7296660956113927,0.9314189572740734,0.8057143673128061,0.6903373195377589,0.9106082726057474,0.82581298436575,0.8245734396796349,0.9682939003382414,0.9360888915481493,0.8253110973864833,0.9685620145502893,0.9390764181449626,0.9925396777015238,0.8376820618417847,0.2527291047092689,45.99768548134736,7.788795350477432,0.9419044226504032,0.09531932150122994,7.598167361393282,0.6948223673040944,9.973782012827847
B_magfix,4.0,1.0,10.0,0,1,blend,true,0.6053333333333333,0.747157473025956,0.9397288332869828,0.8256791470552316,0.7133100643170126,0.9218419586366273,0.8433927254285128,0.8408991395793164,0.9732512944131324,0.9404076579088233,0.8452845679870341,0.9747284738211581,0.9445641487906481,0.9853939051237511,0.8389966012415653,0.16457699260779868,66.4341634362362,9.174244892645262,0.9434005350339327,0.09156944187202805,7.637409684599515,0.7146227899432073,9.987139939737308
B_magfix,4.0,1.0,10.0,1,1,blend,true,0.599,0.7413367273012114,0.9379902691046946,0.8124787515136871,0.7086969451584251,0.9210921041754973,0.844506288041792,0.8410005818861774,0.9737415836446568,0.9442270275623925,0.8448721844909677,0.9749887127748541,0.9477963358862153,0.9947722707553017,0.838365347535071,0.23392021930226573,42.876172645126566,9.16738974165693,0.9402400602093357,0.09580049666990048,7.45869398910784,0.7020243719229805,9.98129365805995
B_magfix,4.0,1.0,10.0,2,1,blend,true,0.601,0.737652724973872,0.9359018891473314,0.8015602919411625,0.7108968772851345,0.9217597764492446,0.8331694479757035,0.851343605078591,0.9766696211982112,0.9461029557018421,0.8474650235389718,0.9756460760306798,0.9452350110429535,0.9911964544343689,0.8370709631105714,0.35198859989314907,37.14265973955021,8.63998455417871,0.9365630752792501,0.09845429628233943,7.018044778529794,0.7052014837531317,9.97155493266545
B_magfix,4.0,1.0,10.0,3,1,blend,true,0.5993333333333334,0.7694323236460623,0.9494250364003527,0.849068541210899,0.7386707190749287,0.9346706789398886,0.8678180880842293,0.8754520701966486,0.983191817079291,0.9693473059107836,0.872178559854246,0.9823682231396962,0.9673357336311218,0.9946753532997863,0.8346971882617167,0.07900894185860004,138.04781519257713,9.319495198144311,0.9355731733725215,0.10000865507969271,7.117367409766461,0.7127851494433277,9.993609736085276
B_magfix,4.0,1.0,10.0,4,1,blend,true,0.6013333333333334,0.7512994647838734,0.9428057788385468,0.8288714530658191,0.7132430269527754,0.9227665100069653,0.850761246335476,0.8567869710540431,0.9784032167429594,0.95692831953939,0.8527887391813311,0.9773438955721109,0.9561180255036724,0.9911564760819553,0.8359113449616691,0.03940632537309441,200.91357339372942,8.452024291157464,0.9397712904804634,0.09650951932113738,7.534308173020174,0.7055973600216673,9.989220528800749
B_magfix,4.0,1.0,10.0,5,1,blend,true,0.6063333333333333,0.751985112022784,0.9432233476471974,0.8288534578808932,0.7268620173508902,0.9300249951883434,0.8567329485459545,0.8834216637090271,0.9852896984419492,0.9664502973395066,0.8724961524013144,0.9826906463210624,0.9626382636949741,0.9810598822964632,0.8279158669806161,0.26382198781399974,44.835323649669576,9.26228804432289,0.9376612658088789,0.09834940579265634,7.190060126543554,0.7276543663888945,9.989606841513389
B_magfix,4.0,1.0,10.0,6,1,blend,true,0.615,0.7501373972038177,0.9413802707745018,0.8204915851045004,0.7214317268074452,0.9273959381087734,0.8489314328534987,0.8778786317241433,0.9842446645873109,0.9693075482067033,0.8573956648299303,0.9789554107935985,0.9544530721966027,0.9710363798836879,0.843730474002251,0.2365917561220925,41.213934552523234,7.411233598441864,0.9362789333521042,0.09796498129224339,6.784635660504519,0.7106823021541812,9.987599665965615
B_magfix,4.0,1.0,10.0,7,1,blend,true,0.6006666666666667,0.7263907514971982,0.9307421003244216,0.8022247402606579,0.6903373195377589,0.9106082726057474,0.82581298436575,0.8245734396796349,0.9682939003382414,0.9360888915481493,0.8253110973864833,0.9685620145502893,0.9390764181449626,0.9925396777015238,0.8376820618417847,0.2527291047092689,45.99768548134736,7.788795350477432,0.9419044226504032,0.09531932150122994,7.598167361393282,0.7151434881326681,9.981342455759853
C_propfix,0.0,0.0,10.0,0,0,blend,obs,0.6006666666666667,0.8891383713360586,0.9882326770341978,0.9983145357940705,0.9745676435997241,0.9994918167968668,0.9984849984777698,0.9758214582375306,0.999541146269307,0.9986154394972655,0.9210267179370429,0.9940412593101737,0.9994699408108253,0.9125374854382184,0.9117112614592937,0.7744886907657477,17.557199119339693,3.9837240999029557,0.6584559170945286,0.21850978798606888,-0.016819722168906998,0.010857909559232796,9.795641216978364
C_propfix,0.0,0.0,10.0,1,0,blend,obs,0.607,0.8965995356045298,0.9898832594625756,0.9995381497924433,0.9904062772939096,0.999891302842697,0.9996017122489097,0.9903775161665879,0.9998903685116189,0.9995989908338627,0.9216365197182332,0.9941815483425942,0.9998701340074941,0.9224510297228472,0.9222830681694987,0.32239825012955425,54.44749364237142,3.8044899524994182,0.6460500643002499,0.22033785037472603,0.07120574714050762,-0.028137627325423853,9.814539588873531
C_propfix,0.0,0.0,10.0,2,0,blend,obs,0.604,0.8795287762592525,0.9862230787417999,0.9989547516597057,0.9853167405714123,0.99977303428716,0.9994712917865792,0.9852064612444665,0.9997696733690453,0.9994410171934182,0.9174241031162643,0.9934416654310612,0.9989380299861916,0.9270650206873468,0.9273224686921884,0.9146289120227913,4.70870390658583,3.596025652823745,0.6374574014612646,0.2201743639363436,0.0009670685942742658,-0.004532873196805874,9.836192930557528
C_propfix,0.0,0.0,10.0,3,0,blend,obs,0.597,0.8849824170553712,0.9872678047534496,0.9966907139112521,0.9740694035081978,0.9994223458195243,0.9980590558327623,0.9750002175514846,0.9994604888049508,0.9981710183525788,0.9186942344253499,0.9935821078460497,0.9966413666719208,0.9269340782435822,0.9276834538471824,0.8515332971444362,10.437640728090463,3.8421090280506514,0.6421947528285671,0.22285926507749615,-0.025158759140154446,0.023582589985957306,9.842774794893886
C_propfix,0.0,0.0,10.0,4,0,blend,obs,0.5966666666666667,0.8966043733732433,0.9897921102476789,0.9977081368957358,0.9799691663835572,0.9996550374853792,0.9989962403620662,0.9802564545578607,0.9996655864496098,0.999027114448255,0.9323334950433755,0.9956529143434478,0.9987644455459339,0.9252271506166665,0.9250764004313691,0.9255327171482857,4.398224277397955,3.6597875139519367,0.6392938270464934,0.22265333607693447,-0.1448687123695754,0.008046434446076388,9.802886723002775
C_propfix,0.0,0.0,10.0,5,0,blend,obs,0.5986666666666667,0.8986739988370045,0.9901229982243354,0.998293633027334,0.9825681429631145,0.999746873982769,0.99918791110797,0.9826282140346403,0.9997493890452662,0.9991931922523586,0.9271950574994602,0.9949361101833692,0.999642494298628,0.9304573796786975,0.930623739662453,0.9368837107808503,5.333932644342791,3.561473876865135,0.6228720245802781,0.2254777615797002,-0.050674783251926904,0.0033252568001060135,9.824206391255654
C_propfix,0.0,0.0,10.0,6,0,blend,obs,0.6106666666666667,0.887939110699195,0.9881273631109423,0.9996186731940649,0.9823300249842519,0.9996872495199879,0.9991488025506859,0.9829500788490968,0.99970654955868,0.9991712001947631,0.9248842721494441,0.994684700354307,0.9999738851618368,0.9320212150477896,0.9327396638948736,0.9327015661979696,5.611134825973627,3.514261579184161,0.6343488757701741,0.22004483150957496,-0.08166279064234766,0.0023443140194252306,9.867340729167344
C_propfix,0.0,0.0,10.0,7,0,blend,obs,0.5916666666666667,0.8970475985572354,0.9899719375357509,0.9994406534172106,0.9857107197228532,0.9998146183047919,0.9996851053695642,0.9855005026953333,0.9998092029619053,0.9996856305997343,0.9202997148743303,0.9939734496907467,0.9988812557630158,0.9113951740399009,0.9116997773241101,0.8002774859355232,13.305698957779816,4.467614165860047,0.6538826099453866,0.2210009473217203,-0.04260730658311225,0.0020775955623815773,9.83529047650286
C_propfix,0.0,0.25,10.0,0,0,blend,obs,0.6006666666666667,0.9157592796621606,0.9935287857414711,0.9938000307162571,0.9745676435997241,0.9994918167968668,0.9984849984777698,0.9758214582375306,0.999541146269307,0.9986154394972655,0.9357685050731753,0.9962100323094438,0.9974206884018165,0.9268671577628322,0.926115220196281,0.9432838681449739,3.7463777207412607,3.4175785337942868,0.6257332791055755,0.2266779976833038,-0.3202780523893811,0.16249120674845613,7.567791290785745
C_propfix,0.0,0.25,10.0,1,0,blend,obs,0.607,0.9144238833031686,0.9933948814911306,0.9938297532299782,0.9904062772939096,0.999891302842697,0.9996017122489097,0.9903775161665879,0.9998903685116189,0.9995989908338627,0.9396399515297839,0.9966708381700686,0.9971035708767088,0.9393967448782173,0.939240528689589,0.9050885165659809,10.562285773186082,3.0501784565109795,0.6062260620719818,0.2274920995420204,-0.3049724423620131,0.13544509732842602,7.564099133015855
C_propfix,0.0,0.25,10.0,2,0,blend,obs,0.604,0.8958117921097377,0.9901508329005557,0.9915597646274525,0.9853167405714123,0.99977303428716,0.9994712917865792,0.9852064612444665,0.9997696733690453,0.9994410171934182,0.9328482580752124,0.99586970548424,0.9974582065708,0.9395685031508805,0.9400480593368458,0.9517588691596679,3.829090127318095,3.042157679061744,0.6128659200541099,0.22585981032034705,-0.3403404675007307,0.15106346172686796,7.611764196011025
C_propfix,0.0,0.25,10.0,3,0,blend,obs,0.597,0.9118571573414652,0.9927364612855574,0.9969932551409619,0.9740694035081978,0.9994223458195243,0.9980590558327623,0.9750002175514846,0.9994604888049508,0.9981710183525788,0.9416994986094804,0.9967763175468368,0.999309893008848,0.9397178965462405,0.9399402373344771,0.958179841095998,3.345721135289504,3.0765706015386196,0.6068609290363222,0.22866100844266324,-0.3430238868227009,0.172362408852408,7.632933562728541
C_propfix,0.0,0.25,10.0,4,0,blend,obs,0.5966666666666667,0.9154789549351898,0.9935686927031038,0.9903220479459908,0.9799691663835572,0.9996550374853792,0.9989962403620662,0.9802564545578607,0.9996655864496098,0.999027114448255,0.9364000721231536,0.9963704918487469,0.9937638159871313,0.9257003189158906,0.9254681652078517,0.9325192457669873,4.219804978335677,3.593634931573203,0.6282499192021792,0.22593711826903742,-0.48575435118412724,0.16005217310639244,7.629994429351532
C_propfix,0.0,0.25,10.0,5,0,blend,obs,0.5986666666666667,0.9196472143378558,0.9941140698895846,0.9954273560225332,0.9825681429631145,0.999746873982769,0.99918791110797,0.9826282140346403,0.9997493890452662,0.9991931922523586,0.9387263318324425,0.996550237823724,0.9974089921959443,0.9341846644931732,0.9342971507204688,0.9554511711566164,3.0028784295076165,3.2983268497834226,0.6107710286424612,0.2290611129917749,-0.3740729325640956,0.14869191230685186,7.6117146643499565
C_propfix,0.0,0.25,10.0,6,0,blend,obs,0.6106666666666667,0.9038277348993928,0.9915853798055865,0.9921129508799368,0.9823300249842519,0.9996872495199879,0.9991488025506859,0.9829500788490968,0.99970654955868,0.9991712001947631,0.9341454974645373,0.9960320282724926,0.9961552169667228,0.9344001574815893,0.934706342621398,0.9535770455803,3.213946700164155,3.087469392965961,0.6190225051594187,0.22381171039921008,-0.42866614720077567,0.15538504078115825,7.671405621655061
C_propfix,0.0,0.25,10.0,7,0,blend,obs,0.5916666666666667,0.9125239695650597,0.9931813362937592,0.9883260896275727,0.9857107197228532,0.9998146183047919,0.9996851053695642,0.9855005026953333,0.9998092029619053,0.9996856305997343,0.9320749178947744,0.9959461914658225,0.9928953891142679,0.9285271694655445,0.92905876486427,0.8870162864527057,11.062824940004141,3.587890055353932,0.6233766024719747,0.22730733024312477,-0.37212348808808876,0.16161213796800203,7.664591513128645
C_propfix,0.0,0.5,10.0,0,0,blend,obs,0.6006666666666667,0.8888747588973906,0.989523256137936,0.9707130066431912,0.9745676435997241,0.9994918167968668,0.9984849984777698,0.9758214582375306,0.999541146269307,0.9986154394972655,0.9125184891752909,0.993727899943193,0.9805400855375425,0.9078150857521543,0.9074711137005673,0.9237062544741177,3.736483987407436,3.7860224268122114,0.6652096816929437,0.21856146855496394,-0.9389884764970062,0.341359394525245,6.233477289597255
C_propfix,0.0,0.5,10.0,1,0,blend,obs,0.607,0.8843425043725756,0.9885230858068935,0.9687431985130206,0.9904062772939096,0.999891302842697,0.9996017122489097,0.9903775161665879,0.9998903685116189,0.9995989908338627,0.9087762107815522,0.9929210979127817,0.9791564517230036,0.9085196950389188,0.9084095396150198,0.9263621752700113,3.6476048339899054,3.5760223790335237,0.6663848727432615,0.21716831019663443,-1.001342017462311,0.32431155237640036,6.255330595872308
C_propfix,0.0,0.5,10.0,2,0,blend,obs,0.604,0.8697845099500175,0.9854387522932534,0.9642450617702409,0.9853167405714123,0.99977303428716,0.9994712917865792,0.9852064612444665,0.9997696733690453,0.9994410171934182,0.9101894426534017,0.9932930747935086,0.9813862726854973,0.909485233085666,0.9100828826660401,0.9074545248562035,4.808804914126057,3.5306401913486916,0.6721803204970975,0.21524662381202658,-0.9840658969806393,0.33419106412064026,6.293175932507263
C_propfix,0.0,0.5,10.0,3,0,blend,obs,0.597,0.8935490597296439,0.9899443825390137,0.9783056381729021,0.9740694035081978,0.9994223458195243,0.9980590558327623,0.9750002175514846,0.9994604888049508,0.9981710183525788,0.9263300885848456,0.9952918280707462,0.9878835531753194,0.9090016680340725,0.9083585830312911,0.9207417730647875,4.178868497489555,3.5753277535851096,0.6677420278490144,0.21842386700826444,-0.9287862958992966,0.35029138678945065,6.355587445938959
C_propfix,0.0,0.5,10.0,4,0,blend,obs,0.5966666666666667,0.8834978126558692,0.9884542027439914,0.9656018027393465,0.9799691663835572,0.9996550374853792,0.9989962403620662,0.9802564545578607,0.9996655864496098,0.999027114448255,0.9001249390686391,0.9916063872112874,0.9731641610084177,0.8890361881463713,0.8888166112709238,0.8714234273526047,5.224739650604055,4.489747944134024,0.692867399233575,0.212726400840128,-1.1060712382900786,0.33709597245645223,6.359643186011568
C_propfix,0.0,0.5,10.0,5,0,blend,obs,0.5986666666666667,0.894118388736479,0.9903779390703705,0.974883397304357,0.9825681429631145,0.999746873982769,0.99918791110797,0.9826282140346403,0.9997493890452662,0.9991931922523586,0.9109950063554535,0.9931877230975645,0.9805676139277536,0.8993762841532233,0.8993622090098523,0.9118717588320132,3.5997753122468334,4.034894373153878,0.6740615912807345,0.21756589006850247,-0.9945191337931915,0.3240038572926865,6.29667915285735
C_propfix,0.0,0.5,10.0,6,0,blend,obs,0.6106666666666667,0.8762133457012901,0.9866302837945115,0.9659289046723711,0.9823300249842519,0.9996872495199879,0.9991488025506859,0.9829500788490968,0.99970654955868,0.9991712001947631,0.9067008300882144,0.992468597288993,0.9781670789800333,0.9007758508306571,0.9006686609170513,0.9129023443714405,3.684782487738347,3.6955974553878015,0.6843015343662142,0.21215889008924108,-1.0632022329877462,0.33500033629568793,6.383661974896375
C_propfix,0.0,0.5,10.0,7,0,blend,obs,0.5916666666666667,0.8741453739912881,0.9867927507843426,0.9577396192940554,0.9857107197228532,0.9998146183047919,0.9996851053695642,0.9855005026953333,0.9998092029619053,0.9996856305997343,0.8926136517886494,0.9906658668616681,0.9689768138760213,0.8949119705195717,0.8954256746228395,0.8205446454364619,13.86074950446703,4.44038896833278,0.6798700776085083,0.21583383458762062,-0.9701031988808841,0.343992075332906,6.384184428301813
C_propfix,0.0,0.75,10.0,0,0,blend,obs,0.6006666666666667,0.8369058276866593,0.9774776089661864,0.9254164713272252,0.9745676435997241,0.9994918167968668,0.9984849984777698,0.9758214582375306,0.999541146269307,0.9986154394972655,0.8685183105445724,0.9858832513697743,0.9515727179088748,0.8652561798430326,0.8650467339587082,0.8271190968705536,5.5566568637901295,5.164543149124881,0.7475106494546033,0.19572531977709506,-1.6560116567344074,0.5197982637072667,7.628048450013688
C_propfix,0.0,0.75,10.0,1,0,blend,obs,0.607,0.8349207698569218,0.9767242157754975,0.9232812550132274,0.9904062772939096,0.999891302842697,0.9996017122489097,0.9903775161665879,0.9998903685116189,0.9995989908338627,0.8642152904011732,0.9845559730271454,0.947866444719397,0.8650067835754648,0.8649033783172434,0.8182638395903223,6.681808359349472,4.88839225232075,0.7516114653330594,0.19372954614269974,-1.8022172203484852,0.5036527094788047,7.614959415591144
C_propfix,0.0,0.75,10.0,2,0,blend,obs,0.604,0.8223698145049707,0.9730603017266588,0.9152034565346963,0.9853167405714123,0.99977303428716,0.9994712917865792,0.9852064612444665,0.9997696733690453,0.9994410171934182,0.8692125138527136,0.9858174737169976,0.9540207058863003,0.8668414111271676,0.8674520985757326,0.7650406896606983,8.696865304051434,4.791229473981007,0.7578461212567171,0.19113688570112994,-1.6746376482425727,0.5107394838950239,7.656422515191584
C_propfix,0.0,0.75,10.0,3,0,blend,obs,0.597,0.8472893872457967,0.9795259677320978,0.9397430810135259,0.9740694035081978,0.9994223458195243,0.9980590558327623,0.9750002175514846,0.9994604888049508,0.9981710183525788,0.8829711084375225,0.9883716776978108,0.9634486401338748,0.864976405766579,0.8643146426814682,0.8099663882074774,7.602018306123188,4.96967619792556,0.7495387515650118,0.19591666317431378,-1.5504455108590125,0.5229814880465895,7.695432806813321
C_propfix,0.0,0.75,10.0,4,0,blend,obs,0.5966666666666667,0.8339282945915529,0.9763880987269206,0.9209729890220707,0.9799691663835572,0.9996550374853792,0.9989962403620662,0.9802564545578607,0.9996655864496098,0.999027114448255,0.8539269043916051,0.9820429207219605,0.9383452734817052,0.8428924758186895,0.8426857461972663,0.7091316864384318,9.921958044491717,6.442519152939339,0.7704954060667621,0.18831506134697645,-1.7364328206471689,0.507670388693672,7.694218282663193
C_propfix,0.0,0.75,10.0,5,0,blend,obs,0.5986666666666667,0.8441509176044216,0.9792488165231942,0.9331656080959463,0.9825681429631145,0.999746873982769,0.99918791110797,0.9826282140346403,0.9997493890452662,0.9991931922523586,0.864818114839915,0.9845175428855601,0.948841286609312,0.8532210756664729,0.8531763959186283,0.804309992456788,5.531263229337269,5.63270502049598,0.7553776295052127,0.19376200438822658,-1.7285919323663932,0.49979467950683804,7.663958761799289
C_propfix,0.0,0.75,10.0,6,0,blend,obs,0.6106666666666667,0.8289879365287433,0.9747070739383161,0.9195255650286588,0.9823300249842519,0.9996872495199879,0.9991488025506859,0.9829500788490968,0.99970654955868,0.9991712001947631,0.8649988086880678,0.9845855512326851,0.9489986614848593,0.8591856505634372,0.8590646011315665,0.8205837098497282,5.700626628141664,4.935187217044599,0.7639652468295746,0.18906583476037292,-1.8403657361363608,0.5078637758603192,7.6972327856571905
C_propfix,0.0,0.75,10.0,7,0,blend,obs,0.5916666666666667,0.823917508806455,0.9740141666907567,0.9090124882351588,0.9857107197228532,0.9998146183047919,0.9996851053695642,0.9855005026953333,0.9998092029619053,0.9996856305997343,0.8497144183153559,0.9817529072665819,0.9362682540481368,0.8518784860395325,0.8523676931392772,0.5584813291938006,29.23267273772856,5.889635867925544,0.759041793618856,0.19237320134389263,-1.593635927839814,0.5126712785177144,7.722909033122659
C_propfix,0.0,1.0,10.0,0,0,blend,obs,0.6006666666666667,0.7855213404371689,0.9604446513415364,0.8572917391740482,0.9745676435997241,0.9994918167968668,0.9984849984777698,0.9758214582375306,0.999541146269307,0.9986154394972655,0.8394570362209265,0.9787737947204409,0.9258398151377142,0.8364895735067034,0.8362981045940554,0.7195386579428668,7.645349444803513,6.836021037311804,0.804009271834856,0.17406197598912385,-2.129017145195925,0.6551222687522709,9.915105983662096
C_propfix,0.0,1.0,10.0,1,0,blend,obs,0.607,0.7864859104853783,0.9607028523899682,0.8584862880259305,0.9904062772939096,0.999891302842697,0.9996017122489097,0.9903775161665879,0.9998903685116189,0.9995989908338627,0.8353254984869252,0.97710895002577,0.9206807708996193,0.8361480341495352,0.8360379821470978,0.6611847316684467,12.454986045459089,6.347661573486931,0.8077932554836865,0.17198848043177242,-2.2759398978317593,0.6371537291675469,9.894705982493187
C_propfix,0.0,1.0,10.0,2,0,blend,obs,0.604,0.7738396201562758,0.9560055208285598,0.843152871929688,0.9853167405714123,0.99977303428716,0.9994712917865792,0.9852064612444665,0.9997696733690453,0.9994410171934182,0.8449879258051375,0.9798918752594168,0.9331669691796943,0.8428064916743228,0.8434080643265652,0.5661155299337355,15.938609849095121,5.951189479053966,0.8134453437985447,0.1685437134574368,-2.035082656759836,0.6462401283433913,9.91478572333175
C_propfix,0.0,1.0,10.0,3,0,blend,obs,0.597,0.797269238662265,0.9638568637044522,0.8802408768509725,0.9740694035081978,0.9994223458195243,0.9980590558327623,0.9750002175514846,0.9994604888049508,0.9981710183525788,0.8529476559363071,0.9815754624049682,0.9405505049375351,0.8362317789405992,0.8356654963172019,0.6439494807959982,15.240464570954117,6.34172859778911,0.8060489008778845,0.17385178676078597,-1.899940748028439,0.6556030534382139,9.937916225237682
C_propfix,0.0,1.0,10.0,4,0,blend,obs,0.5966666666666667,0.7824309288131521,0.9589465165196069,0.8511252800221925,0.9799691663835572,0.9996550374853792,0.9989962403620662,0.9802564545578607,0.9996655864496098,0.999027114448255,0.826020162538766,0.9744287991210079,0.9100778467622992,0.8150971620329731,0.8148927352166132,0.503917831256437,19.08355794009409,7.998661061060287,0.8227328131492683,0.16630886769581862,-2.135440985674554,0.6385941981595727,9.913419676723704
C_propfix,0.0,1.0,10.0,5,0,blend,obs,0.5986666666666667,0.7923693559581181,0.9627986674558189,0.8681889055095695,0.9825681429631145,0.999746873982769,0.99918791110797,0.9826282140346403,0.9997493890452662,0.9991931922523586,0.831493704952774,0.9757197981889523,0.9166481411808843,0.820866872340685,0.8208296799629106,0.6609504445086719,8.780826069227645,7.403815261938792,0.8133465193971099,0.1702550350588839,-2.194700582247762,0.6434148182625545,9.921399340493329
C_propfix,0.0,1.0,10.0,6,0,blend,obs,0.6106666666666667,0.782434645938423,0.9589266091216918,0.8542056887306968,0.9823300249842519,0.9996872495199879,0.9991488025506859,0.9829500788490968,0.99970654955868,0.9991712001947631,0.8369234536376253,0.977444648482129,0.9233183952403634,0.8317341538639949,0.8316757321919054,0.7020401637026941,10.73261824823894,6.308650723135434,0.818327011799366,0.1677419250997832,-2.3191667331296046,0.6395406240549981,9.925377332786637
C_propfix,0.0,1.0,10.0,7,0,blend,obs,0.5916666666666667,0.7766896014820053,0.9573540460958808,0.8403299257848529,0.9857107197228532,0.9998146183047919,0.9996851053695642,0.9855005026953333,0.9998092029619053,0.9996856305997343,0.8221902988397303,0.9742031234090773,0.9090366825995052,0.8233873015110134,0.8238925888646571,0.25420406719955074,60.8351812536273,7.515695082619858,0.8131387180224202,0.17088524954316714,-1.9894911993474433,0.6392647274480605,9.934885109200197
C_propfix,0.5,0.0,10.0,0,0,blend,obs,0.601,0.8958172671438067,0.9895618474591308,0.9980840807792517,0.9259372388476391,0.995336832515242,0.9858340655473085,0.9698691972040842,0.9992727760407697,0.9980798149232176,0.9334717982941428,0.9957950690089176,0.9954607247884152,0.9243741432355463,0.9139906661218318,0.7630733069573513,13.73393437039043,4.334617490615866,0.6648586709888049,0.21442248032215305,0.6029728949874396,0.030195213298439348,9.799146368901242
C_propfix,0.5,0.0,10.0,1,0,blend,obs,0.6016666666666667,0.8963440754902143,0.9897462912087089,0.9989506199341498,0.9232402797341468,0.9951129164258633,0.9842207744505436,0.9938634430067032,0.9999623012663723,0.9999318297230156,0.9370826653654808,0.9963525813016401,0.997823880191582,0.9335808571960929,0.9176504836125361,0.1599727571420707,96.22589326853027,3.9430549619130812,0.6719410285237427,0.21302051149838105,0.7098934683166045,0.007756025327196809,9.873025912601115
C_propfix,0.5,0.0,10.0,2,0,blend,obs,0.6073333333333333,0.8885914274018423,0.9880872805896221,0.9965216596776816,0.9273855786203093,0.9954771703352394,0.9848994109054461,0.9854349360824064,0.9997524518426394,0.9991196795950809,0.9261214978818506,0.9949773570373106,0.9952096157062867,0.9296290917818799,0.9215970094148154,0.7207573338740347,21.18500069727364,4.061822783216,0.6608647095767818,0.21384598841617689,0.6053603654556029,-0.005245044944232297,9.823846362507892
C_propfix,0.5,0.0,10.0,3,0,blend,obs,0.598,0.8914684365849241,0.9886321820187893,0.9955924630829791,0.9520226515150687,0.9981181817926632,0.9936186053357503,0.969938420998898,0.9992643145625311,0.997473747619589,0.9378208740024481,0.996310111400701,0.9973099447514495,0.934047635852939,0.9263533027844632,0.7643655745394863,20.36984581310627,4.0334945494352725,0.6557927105461174,0.2176061638323449,0.5485249158052904,0.02703544738155169,9.851360508955427
C_propfix,0.5,0.0,10.0,4,0,blend,obs,0.6003333333333334,0.8990568034386313,0.9902878791826161,0.998092711172293,0.9365297666671868,0.996695886566539,0.9892747042075059,0.9826427101477284,0.9997287042278465,0.9991426757830413,0.9382506921797571,0.9964858913810357,0.9968334033541044,0.928715663546719,0.9283907585765525,0.9228570827047006,4.530271502555577,3.692344518890762,0.6407643978718153,0.21980360453298523,0.4677160780908609,0.031476065156439116,9.805840505835791
C_propfix,0.5,0.0,10.0,5,0,blend,obs,0.599,0.8941561619371002,0.9893289640556808,0.9991595196258118,0.9385976063294804,0.9968845410455563,0.9893931273720541,0.9871168630751941,0.999862853653805,0.9995462734024755,0.9388499124949825,0.9964983951808296,0.9987494220268717,0.9371493414832205,0.9283081860474981,0.8672381892212547,11.560782596697104,3.769868577923172,0.6423053847481093,0.2195521480675355,0.580146678139825,0.024818947928428804,9.80860339781346
C_propfix,0.5,0.0,10.0,6,0,blend,obs,0.616,0.8782135607820836,0.985764150804108,0.9964025631942692,0.9326290534892536,0.9962915259141574,0.9872306265378656,0.9910211003909676,0.9999122365078535,0.9998289413537753,0.9347237852954572,0.9959765648795894,0.9987625325086308,0.9386803507103979,0.9247845252461969,0.6677539844828406,26.562592010062613,3.790790655958179,0.6710924347643097,0.20876395483042323,0.7114968609160397,-0.024994709433114777,9.8516608433163
C_propfix,0.5,0.0,10.0,7,0,blend,obs,0.5973333333333334,0.8964205655861699,0.9898291856217827,0.9995678710666263,0.9108719452850226,0.9931440740384782,0.9788654641522739,0.976073690587762,0.999424190303706,0.998661113453491,0.9228591950566623,0.9946060594092231,0.9930821070768179,0.9197630167728099,0.909309144458198,0.8216232795790639,10.281289731085083,4.479654138969762,0.6712790843779564,0.21401946809707414,0.701134771552503,0.0052129701006319975,9.811456047760188
C_propfix,0.5,0.25,10.0,0,0,blend,obs,0.601,0.9241216543768515,0.9948454852133016,0.9925422435975719,0.9259372388476391,0.995336832515242,0.9858340655473085,0.9698691972040842,0.9992727760407697,0.9980798149232176,0.9337834917666208,0.9962768889703348,0.9915697886011712,0.9275649735162119,0.9384511356026022,0.9245782547907647,6.160601806636181,3.3363580336232084,0.6112146700639564,0.2279223674104091,0.36306173786024315,0.17514635773756093,7.655452278806038
C_propfix,0.5,0.25,10.0,1,0,blend,obs,0.6016666666666667,0.9206843354738855,0.9945034348119584,0.9907716792445036,0.9232402797341468,0.9951129164258633,0.9842207744505436,0.9938634430067032,0.9999623012663723,0.9999318297230156,0.9385318528028181,0.9968060973565217,0.9925789637800468,0.9374186512211026,0.9467832419075971,0.8089464239110125,19.366179200567768,2.953962905463148,0.6061092502231133,0.2291720914376686,0.4214888336284764,0.16219459005154443,7.6337646726316715
C_propfix,0.5,0.25,10.0,2,0,blend,obs,0.6073333333333333,0.9113473066994714,0.9929675746251364,0.9895503143019967,0.9273855786203093,0.9954771703352394,0.9848994109054461,0.9854349360824064,0.9997524518426394,0.9991196795950809,0.9239996829124386,0.9950838971208825,0.9893833599019178,0.9278445402084469,0.9443982085039222,0.8883648565001403,12.905567432904949,3.0873391968668282,0.6102069779100561,0.2272113074040973,0.3228171329441769,0.1497396051552708,7.562604636540399
C_propfix,0.5,0.25,10.0,3,0,blend,obs,0.598,0.9283314033285133,0.9951742038001893,0.9970592037520835,0.9520226515150687,0.9981181817926632,0.9936186053357503,0.969938420998898,0.9992643145625311,0.997473747619589,0.9459735093509432,0.997395074352035,0.9960330130561856,0.9313795213284254,0.951310637813522,0.9475881183551267,6.864415112260616,3.015499510407132,0.5946718007879591,0.23042689602996708,0.29475428843221174,0.17469810817025277,7.645837770318621
C_propfix,0.5,0.25,10.0,4,0,blend,obs,0.6003333333333334,0.9217558550817717,0.9946197407363594,0.9903792579372949,0.9365297666671868,0.996695886566539,0.9892747042075059,0.9826427101477284,0.9997287042278465,0.9991426757830413,0.9338399945262473,0.9962867213142963,0.9913943396680174,0.9221291311109217,0.9482590165727167,0.9678147985676179,2.9029816211431276,3.0749366474028172,0.5909685982071863,0.23083461839270622,0.21895162514592859,0.1729068244723893,7.631651210008539
C_propfix,0.5,0.25,10.0,5,0,blend,obs,0.599,0.9255631856048863,0.994992022087963,0.9945599363656482,0.9385976063294804,0.9968845410455563,0.9893931273720541,0.9871168630751941,0.999862853653805,0.9995462734024755,0.9413714900599208,0.9969953772477583,0.9945171511893057,0.9341225331517291,0.9527706867921659,0.9629064568164778,5.147282213140005,2.874120029731821,0.5830293030177293,0.23179667060030038,0.3276470972006548,0.1691317237662527,7.588336663295358
C_propfix,0.5,0.25,10.0,6,0,blend,obs,0.616,0.915293761974491,0.9933784715586323,0.9947593720136785,0.9326290534892536,0.9962915259141574,0.9872306265378656,0.9910211003909676,0.9999122365078535,0.9998289413537753,0.9355155962340616,0.9963055606599751,0.9948920362797521,0.9359030606581792,0.9466282286076055,0.9236258206211841,9.003327518160495,3.0704602187388796,0.611354899440837,0.2241260084131164,0.44489280038968504,0.13928090820492597,7.462220668686775
C_propfix,0.5,0.25,10.0,7,0,blend,obs,0.5973333333333334,0.919241032729505,0.9943406421384127,0.9895890734797406,0.9108719452850226,0.9931440740384782,0.9788654641522739,0.976073690587762,0.999424190303706,0.998661113453491,0.9203734920427552,0.9947545798113402,0.985892442084959,0.9271821287353446,0.9376917992529893,0.9341144137247106,4.952428781542001,3.29204027853579,0.6122617261412016,0.22855262005726212,0.43511816990595614,0.1604144278154199,7.56248186767279
C_propfix,0.5,0.5,10.0,0,0,blend,obs,0.601,0.8914718447224477,0.9904303897050969,0.9680032605157425,0.9259372388476391,0.995336832515242,0.9858340655473085,0.9698691972040842,0.9992727760407697,0.9980798149232176,0.9024051746413663,0.9923358243242223,0.9739072539422527,0.8997901292138828,0.9511013572547157,0.9778034037847564,2.3755198353814455,2.7154508250245626,0.5789478317720721,0.23303394819817444,-0.17204013620751227,0.35306852854589316,6.395258112595351
C_propfix,0.5,0.5,10.0,1,0,blend,obs,0.6016666666666667,0.8848319902750376,0.9892374291508842,0.9640917840640991,0.9232402797341468,0.9951129164258633,0.9842207744505436,0.9938634430067032,0.9999623012663723,0.9999318297230156,0.90067480571531,0.9920132288691943,0.9724359905437446,0.9020389787194082,0.9603567821067054,0.9816247542519988,3.5585702378907333,2.5306237327249987,0.5616219474031919,0.23399776686253562,-0.20755364016161065,0.34358816378109514,6.30374933823411
C_propfix,0.5,0.5,10.0,2,0,blend,obs,0.6073333333333333,0.8819906450070267,0.9885254543685131,0.9634507562794888,0.9273855786203093,0.9954771703352394,0.9848994109054461,0.9854349360824064,0.9997524518426394,0.9991196795950809,0.8951446858451791,0.9910256824886553,0.9702345327070954,0.8969961262943378,0.9527852742178959,0.9420077700262527,9.370129181212642,2.696827824191222,0.5840631109305433,0.23084076414058602,-0.23771894766847565,0.33562072822710565,6.210132620023028
C_propfix,0.5,0.5,10.0,3,0,blend,obs,0.598,0.9059525299101868,0.9927238245100821,0.9790156888865711,0.9520226515150687,0.9981181817926632,0.9936186053357503,0.969938420998898,0.9992643145625311,0.997473747619589,0.9181195687789029,0.9946267833786747,0.9825965559197947,0.8968993278820971,0.9573748077064967,0.9783598506991814,2.7983719508995315,2.58614599731316,0.5734711337404393,0.2340053494053522,-0.2383042248745325,0.35524596925043145,6.324718702007494
C_propfix,0.5,0.5,10.0,4,0,blend,obs,0.6003333333333334,0.8881726641592852,0.989937846741266,0.966312903559304,0.9365297666671868,0.996695886566539,0.9892747042075059,0.9826427101477284,0.9997287042278465,0.9991426757830413,0.8992795512956077,0.9919108006722588,0.9720830717845754,0.8875850695309166,0.9505350630167544,0.9755790167235302,2.5599043071626566,2.6284251989020664,0.5887133410731412,0.23232734381583448,-0.3407538282713729,0.3462258289704214,6.338672491292679
C_propfix,0.5,0.5,10.0,5,0,blend,obs,0.599,0.8957729501262,0.9911816957147858,0.9715351427361548,0.9385976063294804,0.9968845410455563,0.9893931273720541,0.9871168630751941,0.999862853653805,0.9995462734024755,0.9074358374828689,0.9930868326532817,0.9766936012055492,0.8966611097960401,0.9571960596483712,0.9840199563552512,2.0665221636120803,2.5301369903556,0.5678416646197528,0.23472105112372083,-0.241286899761746,0.3474642407996735,6.2892866142194945
C_propfix,0.5,0.5,10.0,6,0,blend,obs,0.616,0.8911822405420038,0.9902800099831979,0.9707838408622781,0.9326290534892536,0.9962915259141574,0.9872306265378656,0.9910211003909676,0.9999122365078535,0.9998289413537753,0.906132018542169,0.9928494053534763,0.9770046555034708,0.9030410059417768,0.9616255425168398,0.9836212449402045,2.1946136930897455,2.4932666618971875,0.5691503953222703,0.23064668873601807,-0.15614496916793924,0.3362712599586464,6.055479338266584
C_propfix,0.5,0.5,10.0,7,0,blend,obs,0.5973333333333334,0.8782408609832123,0.9880284607966927,0.9586896921531234,0.9108719452850226,0.9931440740384782,0.9788654641522739,0.976073690587762,0.999424190303706,0.998661113453491,0.884555272429094,0.9892612606710677,0.9626183071779625,0.8982649652423054,0.9516845517161954,0.9658439200445434,4.734958123212049,2.832686757713514,0.5811387624172185,0.2336166953513883,-0.1144377413905917,0.3464617930916766,6.246221132357474
C_propfix,0.5,0.75,10.0,0,0,blend,obs,0.601,0.8395362593055182,0.9792586636980076,0.9265480450298565,0.9259372388476391,0.995336832515242,0.9858340655473085,0.9698691972040842,0.9992727760407697,0.9980798149232176,0.8538842102337169,0.9828709609742873,0.9397285715802343,0.8519506108458724,0.9134666874586825,0.936437653197099,2.799236101993428,3.5667680871100322,0.6530795930480667,0.22094007766644655,-0.8612376126843216,0.5299430810513361,7.718889132496022
C_propfix,0.5,0.75,10.0,1,0,blend,obs,0.6016666666666667,0.8337047776379027,0.9775937439156175,0.9207691219441706,0.9232402797341468,0.9951129164258633,0.9842207744505436,0.9938634430067032,0.9999623012663723,0.9999318297230156,0.8509398644639763,0.9820400853096696,0.9366531688400698,0.8522969196228471,0.9153850479710415,0.9343523404138011,3.935103176075875,3.4419538928071045,0.6544243674590573,0.22097342006816617,-0.9220452623626639,0.5185033605115659,7.657838480126248
C_propfix,0.5,0.75,10.0,2,0,blend,obs,0.6073333333333333,0.8337518293404762,0.9774494572468326,0.9214129659516913,0.9273855786203093,0.9954771703352394,0.9848994109054461,0.9854349360824064,0.9997524518426394,0.9991196795950809,0.8496277181374565,0.9816597826811837,0.9354222539867645,0.8493698344786798,0.912236739900112,0.8188329099964861,16.74663271673957,3.5875537028524094,0.6674350375247633,0.2171283578675189,-0.904044582451782,0.5148065838657852,7.615145571625672
C_propfix,0.5,0.75,10.0,3,0,blend,obs,0.598,0.8540736218689169,0.9826778937676138,0.9416065382857995,0.9520226515150687,0.9981181817926632,0.9936186053357503,0.969938420998898,0.9992643145625311,0.997473747619589,0.8677922348733372,0.986025888658261,0.9510701929220794,0.8460642879633073,0.9110897244740391,0.9182634908442907,4.852579466522066,3.4985696510440976,0.663116505913391,0.22061782161833104,-0.9088020285409674,0.5387739954545753,7.687902757951076
C_propfix,0.5,0.75,10.0,4,0,blend,obs,0.6003333333333334,0.8384042605891956,0.9789388713516551,0.9256782233854153,0.9365297666671868,0.996695886566539,0.9892747042075059,0.9826427101477284,0.9997287042278465,0.9991426757830413,0.8510507638351035,0.982273755910208,0.9373198465859527,0.8394849312828166,0.90529670660608,0.9128990604725744,4.592849203700588,3.644215371910246,0.673719632175434,0.21741400943400382,-1.0033873196660712,0.5205316424579861,7.696404993049025
C_propfix,0.5,0.75,10.0,5,0,blend,obs,0.599,0.8442297145064068,0.9804059252002902,0.9311011191675777,0.9385976063294804,0.9968845410455563,0.9893931273720541,0.9871168630751941,0.999862853653805,0.9995462734024755,0.857785041599143,0.9837320086336007,0.9426268351192025,0.8470184515829586,0.9123590563375743,0.9378883730578272,3.1854074832595205,3.3690756169139218,0.659629446139798,0.22094674535668896,-0.9717981860553696,0.5263614575821045,7.6554044789755045
C_propfix,0.5,0.75,10.0,6,0,blend,obs,0.616,0.8403928132528424,0.9793071472974695,0.9284177914571462,0.9326290534892536,0.9962915259141574,0.9872306265378656,0.9910211003909676,0.9999122365078535,0.9998289413537753,0.8559351185396381,0.9833028303639582,0.9412206725306064,0.852625244043826,0.9185770705834854,0.941297539803163,3.5105571271007556,3.101390321379834,0.6566365853475229,0.21824608029299308,-0.9170201754653788,0.5284085655657248,7.509927314132306
C_propfix,0.5,0.75,10.0,7,0,blend,obs,0.5973333333333334,0.8240019718469975,0.9750673479655328,0.9108837306777611,0.9108719452850226,0.9931440740384782,0.9788654641522739,0.976073690587762,0.999424190303706,0.998661113453491,0.8310168331746214,0.977019427575628,0.9188880148904046,0.8445417521539114,0.9054100481340073,0.8615120146971394,9.818286520521454,3.8692426107282967,0.6640943745565279,0.21989744852438917,-0.780804986702386,0.5291944263782994,7.62591958888759
C_propfix,0.5,1.0,10.0,0,0,blend,obs,0.601,0.7907983578476235,0.9643867776155691,0.869477866628327,0.9259372388476391,0.995336832515242,0.9858340655473085,0.9698691972040842,0.9992727760407697,0.9980798149232176,0.8184514403963428,0.9736345520766189,0.9054637375285549,0.8161730134449754,0.8758902973559055,0.8525662960784512,4.642484184722566,4.964598598844453,0.7258782934411272,0.2018864607142381,-1.3440479327260313,0.6739554312387193,9.928759276758376
C_propfix,0.5,1.0,10.0,1,0,blend,obs,0.6016666666666667,0.7857520634094322,0.9623881220742381,0.8623337408048954,0.9232402797341468,0.9951129164258633,0.9842207744505436,0.9938634430067032,0.9999623012663723,0.9999318297230156,0.8129224887190323,0.9716707108103617,0.8976269021672755,0.813670582841557,0.8729667346200247,0.8122812068751721,8.272427785254836,5.154972190203435,0.728407607876772,0.20128618322703606,-1.3820218021702355,0.6555104397452288,9.912867074944296
C_propfix,0.5,1.0,10.0,2,0,blend,obs,0.6073333333333333,0.7870013378348932,0.9627492104667683,0.8651365462379155,0.9273855786203093,0.9954771703352394,0.9848994109054461,0.9854349360824064,0.9997524518426394,0.9991196795950809,0.8152292024709114,0.9723953155483832,0.9005939162981035,0.8141842599748202,0.8748912563307341,0.35826448790087556,54.10070332030462,4.947346821961638,0.7387381448025361,0.1969912806864154,-1.3370210424274185,0.6571342674831272,9.940751034505574
C_propfix,0.5,1.0,10.0,3,0,blend,obs,0.598,0.8031349191629537,0.9678127581078492,0.8868213920358794,0.9520226515150687,0.9981181817926632,0.9936186053357503,0.969938420998898,0.9992643145625311,0.997473747619589,0.8299064956051199,0.9767812055073303,0.9170735699153593,0.8094243972300065,0.871413228030749,0.7518684447556064,11.450514960075237,4.9411580261515535,0.7361663440508346,0.20010738028790614,-1.300965059263967,0.6849362457487075,9.948293450611498
C_propfix,0.5,1.0,10.0,4,0,blend,obs,0.6003333333333334,0.7891157459760569,0.9634136625315999,0.8662556262495603,0.9365297666671868,0.996695886566539,0.9892747042075059,0.9826427101477284,0.9997287042278465,0.9991426757830413,0.8152858028814485,0.9726014262923603,0.9009210603403794,0.8038947056257454,0.8667583964891462,0.7763229872120856,9.451351397492079,5.189263124037596,0.7439836269258253,0.19684639415444763,-1.4097144836796252,0.6625952685980646,9.928618622537382
C_propfix,0.5,1.0,10.0,5,0,blend,obs,0.599,0.7950605108811171,0.9656304856539116,0.8747376694207957,0.9385976063294804,0.9968845410455563,0.9893931273720541,0.9871168630751941,0.999862853653805,0.9995462734024755,0.8189679455215804,0.973509455835985,0.904332443493063,0.8089872311609566,0.8711623274333828,0.8356367115206514,6.532828510201681,4.850817825911597,0.7355933112867987,0.19987959727496013,-1.4426810725750356,0.6723145798994279,9.933821492793578
C_propfix,0.5,1.0,10.0,6,0,blend,obs,0.616,0.7901508447184713,0.9636730035978391,0.8689901297391741,0.9326290534892536,0.9962915259141574,0.9872306265378656,0.9910211003909676,0.9999122365078535,0.9998289413537753,0.8201583495139682,0.973915157670481,0.9060770611796125,0.8174625615598935,0.8812902897362873,0.8482087891087012,6.682454566303713,4.2639351385572635,0.7312416858315297,0.19855420767705279,-1.3989945511018413,0.677040808006181,9.940218567112368
C_propfix,0.5,1.0,10.0,7,0,blend,obs,0.5973333333333334,0.7766987669839565,0.9595495913962644,0.8495746557465261,0.9108719452850226,0.9931440740384782,0.9788654641522739,0.976073690587762,0.999424190303706,0.998661113453491,0.7935099339915122,0.9656398857283831,0.8759137610382672,0.8054703181492197,0.8638238549460462,0.5726670114767922,22.763580990677486,5.434495635377808,0.7401854082899716,0.1987281508089685,-1.2654286838062416,0.6745019613005468,9.944143878056746
C_propfix,1.0,0.0,10.0,0,0,blend,obs,0.602,0.8864525433847421,0.9876797522474529,0.9981527595744557,0.8616424943736767,0.9828022915005776,0.9533261150112837,0.952936385433316,0.997916641396699,0.9951914390173495,0.926381049268648,0.9951248197017131,0.9859712009263553,0.9289391115335693,0.8921291059891808,0.2602532450061326,68.85610826855925,5.387478916268399,0.7248759949618895,0.19423467020438429,1.377213106965708,0.0165314154818829,9.784884425708103
C_propfix,1.0,0.0,10.0,1,0,blend,obs,0.596,0.8843885148378361,0.987286063051812,0.9984515394058442,0.8535237546379304,0.9813694213896573,0.9473165223626675,0.9669851185698557,0.9988904878474958,0.9975414661710895,0.926074505389921,0.9953968817048677,0.9880340807667776,0.9316636682726398,0.8892761113994196,0.35625985227597406,43.071110584045265,5.607120457665905,0.7315902311707682,0.1943859208276684,1.373352193096907,0.023930741781659777,9.806820222456903
C_propfix,1.0,0.0,10.0,2,0,blend,obs,0.6066666666666667,0.8813552653359772,0.9865822855590768,0.998562086754989,0.8645962469483989,0.9841366048922603,0.9513984658288837,0.9887882836835458,0.9998588592588381,0.9996033060175087,0.9242982425010904,0.9951348542907941,0.9884462409215107,0.9274281163675918,0.9018893127941714,0.6775839111164706,19.13518170557221,4.4983597044466865,0.7243236636245111,0.19580494566978474,1.2989029156111367,0.015130347247912557,9.774214784187132
C_propfix,1.0,0.0,10.0,3,0,blend,obs,0.5996666666666667,0.887416617686905,0.9878224833090914,0.9964080932962923,0.8862253821046956,0.9885764960951698,0.9671985557780435,0.9770803376940421,0.9995358507274683,0.9993012968858549,0.9488492946422543,0.9977611572071561,0.995121326623625,0.9303954405927464,0.907291778802277,0.8017396832912485,11.08462823429762,4.775940809310216,0.7087469724830937,0.19988951202953656,1.1524357850050304,0.05602940842355881,9.805001042590858
C_propfix,1.0,0.0,10.0,4,0,blend,obs,0.598,0.8916825663540612,0.9888146833297655,0.9985958862206968,0.8711932788785307,0.9855844280539828,0.9586981270360155,0.9924415102578563,0.9999415422400906,0.9999347188834149,0.928901286297678,0.9956556944973571,0.9906221960694748,0.9237855823550223,0.8949720068340614,0.7888856026589258,9.651471471091682,5.36768726528998,0.6970498677182649,0.20334309845372264,1.064003968835169,0.04839678467645012,9.776596200889824
C_propfix,1.0,0.0,10.0,5,0,blend,obs,0.5976666666666667,0.8950429378006228,0.9895229106460012,0.9992331261453848,0.8749877409873955,0.9865451042717538,0.9597141225080896,0.9920101463814899,0.9999377401149496,0.9999655912272405,0.9336680404751578,0.9961793939383449,0.9910745720181173,0.9273001765579743,0.9008129859000172,0.8004311416923156,11.850589194329563,4.697495084535402,0.700976271988415,0.20505007894399144,1.1371636144769506,0.05750840191206708,9.784590422676569
C_propfix,1.0,0.0,10.0,6,0,blend,obs,0.6103333333333333,0.8828555757756253,0.9870823771946136,0.9990195506102383,0.8721860789603568,0.9862811496318946,0.9567216373994394,0.9905319328404967,0.9998923335623562,0.9996168412124032,0.9413295840671845,0.9970764448970671,0.9937600665435945,0.9365364413735549,0.9089695847086465,0.6811700231658823,21.755294064107293,4.373757038108851,0.7046776385591927,0.2005189911750447,1.193585552765685,0.008809961462883478,9.823831111088781
C_propfix,1.0,0.0,10.0,7,0,blend,obs,0.6033333333333334,0.8928316932567245,0.9892595720691987,0.9991827814461637,0.8501112400309618,0.9801122755880108,0.9445647270677601,0.9594249034537108,0.9982293893805226,0.9960754133898932,0.9116110372102206,0.993407373613875,0.9791358965719865,0.9256370852950428,0.9024220803171153,0.7056424339607671,13.905377112971887,4.7568418462172835,0.7097641487534241,0.2000604741319321,1.278190027616776,0.042161432593063486,9.81397692704371
C_propfix,1.0,0.25,10.0,0,0,blend,obs,0.602,0.9285230049172541,0.9953565664590528,0.9950409482501178,0.8616424943736767,0.9828022915005776,0.9533261150112837,0.952936385433316,0.997916641396699,0.9951914390173495,0.9240753489282563,0.994967017411086,0.9834960932122172,0.932269367850513,0.9075243491580752,0.5249279683543865,37.390623358611705,4.706673683044328,0.6757641567008168,0.2116151420236622,1.2015767198697886,0.15999126657715923,7.517363319266839
C_propfix,1.0,0.25,10.0,1,0,blend,obs,0.596,0.9179861558153162,0.9940500516075845,0.9906753708968932,0.8535237546379304,0.9813694213896573,0.9473165223626675,0.9669851185698557,0.9988904878474958,0.9975414661710895,0.9210416059016084,0.994843455289742,0.9833141017246747,0.9347812790284845,0.9075542788308968,0.651505143276251,21.412425112980035,4.6227504748862716,0.6793629237084783,0.21238903101062648,1.1672023026525404,0.1617587866008818,7.56285035023698
C_propfix,1.0,0.25,10.0,2,0,blend,obs,0.6066666666666667,0.9127064516780995,0.9931039264831701,0.9905489469531805,0.8645962469483989,0.9841366048922603,0.9513984658288837,0.9887882836835458,0.9998588592588381,0.9996033060175087,0.9179451589738836,0.994391734248674,0.9833816407634359,0.9222936080509305,0.9156985147884581,0.8283345143382157,11.364499891357687,4.002782514968865,0.6741548705531756,0.21296419762467944,1.0775127388684107,0.16116888347501054,7.534618259769737
C_propfix,1.0,0.25,10.0,3,0,blend,obs,0.5996666666666667,0.9285132601388589,0.9952226817642963,0.9958088399751609,0.8862253821046956,0.9885764960951698,0.9671985557780435,0.9770803376940421,0.9995358507274683,0.9993012968858549,0.9455700850604125,0.9975687625856974,0.9927165737799135,0.9282735140249347,0.9218869493592945,0.8805500501945732,7.803999548933045,4.248974071728438,0.6562087643287811,0.21672746717587885,0.9895877921851602,0.1946952248484921,7.658172940857157
C_propfix,1.0,0.25,10.0,4,0,blend,obs,0.598,0.9205064423959001,0.9944913904216691,0.9893347544085366,0.8711932788785307,0.9855844280539828,0.9586981270360155,0.9924415102578563,0.9999415422400906,0.9999347188834149,0.9239018012857757,0.995214398983183,0.9857412180475578,0.9193099221926899,0.9133650185573081,0.8795441515923408,6.672031478686181,4.5000150674799375,0.6471213701096894,0.2192529735191634,0.8833339033333206,0.18652293700427489,7.68498280406391
C_propfix,1.0,0.25,10.0,5,0,blend,obs,0.5976666666666667,0.928562203546158,0.9955468078622332,0.9927017142832973,0.8749877409873955,0.9865451042717538,0.9597141225080896,0.9920101463814899,0.9999377401149496,0.9999655912272405,0.9283823773371541,0.9957521267880576,0.9866317092631919,0.9227883070374183,0.9221178851557144,0.9055854488912619,6.692269479110727,3.877782796865766,0.6452188410143285,0.22146402910688584,0.9157396156152517,0.19438768038994864,7.654972847979869
C_propfix,1.0,0.25,10.0,6,0,blend,obs,0.6103333333333333,0.9219767220239748,0.9944836332314104,0.9946690709967333,0.8721860789603568,0.9862811496318946,0.9567216373994394,0.9905319328404967,0.9998923335623562,0.9996168412124032,0.9316006239104576,0.9961644231596604,0.9885835550122105,0.9261001350501602,0.9255043930709257,0.850586013225368,12.226366483228288,3.711635932888148,0.6524432604713333,0.21658648829216134,0.9778506851725519,0.15768910891310867,7.541406196561983
C_propfix,1.0,0.25,10.0,7,0,blend,obs,0.6033333333333334,0.9185264028670567,0.9943842688138894,0.987803325398908,0.8501112400309618,0.9801122755880108,0.9445647270677601,0.9594249034537108,0.9982293893805226,0.9960754133898932,0.9046320729345434,0.9923768894531836,0.9739172839291265,0.9250229396699908,0.9204998308699539,0.8482177536222406,8.717161899632917,4.0511906344306965,0.6550283207205534,0.21714004569276296,1.0584904669268873,0.1877926840080931,7.6338751499152515
C_propfix,1.0,0.5,10.0,0,0,blend,obs,0.602,0.895867307414453,0.9909987053464714,0.9688830599891785,0.8616424943736767,0.9828022915005776,0.9533261150112837,0.952936385433316,0.997916641396699,0.9951914390173495,0.8941050456201648,0.990419717807623,0.967278032777686,0.9104684997719631,0.947396132963824,0.9450465306380612,7.447393978147638,3.1189207219638058,0.5935709370032146,0.2306052933027804,0.6697478460543792,0.345114088790856,6.169221405117514
C_propfix,1.0,0.5,10.0,1,0,blend,obs,0.596,0.8842558903568883,0.9887295649063713,0.9610929341979014,0.8535237546379304,0.9813694213896573,0.9473165223626675,0.9669851185698557,0.9988904878474958,0.9975414661710895,0.8884560922445319,0.9895462561459413,0.9640498430282876,0.9100653659552757,0.9440356750123422,0.949250646619352,5.232251821147298,3.1774915181488628,0.6044320036030449,0.2304558795016647,0.6257636850672329,0.33792283600467193,6.204900234214873
C_propfix,1.0,0.5,10.0,2,0,blend,obs,0.6066666666666667,0.8809160244468789,0.988000626465477,0.9595945238779556,0.8645962469483989,0.9841366048922603,0.9513984658288837,0.9887882836835458,0.9998588592588381,0.9996033060175087,0.8859097493958596,0.98909733880795,0.9621952511327385,0.8915449325768864,0.9495208422719553,0.9601917485198646,3.8418427342206547,2.8985438691808914,0.6011827155894952,0.2290331607693487,0.5278261944344195,0.34190979211535416,6.219074974165786
C_propfix,1.0,0.5,10.0,3,0,blend,obs,0.5996666666666667,0.9038496493016404,0.9922023480041603,0.9739713282099765,0.8862253821046956,0.9885764960951698,0.9671985557780435,0.9770803376940421,0.9995358507274683,0.9993012968858549,0.9094286228944916,0.9931561583023814,0.9765069324096786,0.8950401606333794,0.9582559954149762,0.9739039589855878,2.837299351621052,2.8209548811027956,0.5789667587553267,0.2322944035931705,0.47349711895751145,0.36812247538915543,6.404577035044486
C_propfix,1.0,0.5,10.0,4,0,blend,obs,0.598,0.8848402429519144,0.9889361635356537,0.9615131116019926,0.8711932788785307,0.9855844280539828,0.9586981270360155,0.9924415102578563,0.9999415422400906,0.9999347188834149,0.8888184906495262,0.9897340091973406,0.9645554335739982,0.8851487121585437,0.9534150133149185,0.9726493008188218,3.1839800452177682,2.882155597788902,0.5725367957684635,0.23329781994273116,0.36086439334496345,0.35791963923527786,6.456619389272871
C_propfix,1.0,0.5,10.0,5,0,blend,obs,0.5976666666666667,0.8932356337173397,0.9905797747145815,0.9673276024887314,0.8749877409873955,0.9865451042717538,0.9597141225080896,0.9920101463814899,0.9999377401149496,0.9999655912272405,0.894917550902315,0.9908329805044634,0.9685370682071774,0.8904853157437941,0.9621143163213395,0.9821957990419005,2.2444525720912973,2.602355501878553,0.5648908047543817,0.23531779111409112,0.3993143053466398,0.3660098123730871,6.406979757105435
C_propfix,1.0,0.5,10.0,6,0,blend,obs,0.6103333333333333,0.891648613267431,0.9904731044577876,0.967665705544963,0.8721860789603568,0.9862811496318946,0.9567216373994394,0.9905319328404967,0.9998923335623562,0.9996168412124032,0.894600551747754,0.9909017629554857,0.9684918374727602,0.8891170885878906,0.9627533153439463,0.9796887052112846,3.0958256334269674,2.492136963018087,0.5712195021675459,0.23193065547155559,0.44443090897266674,0.34592407212220977,6.184198055225226
C_propfix,1.0,0.5,10.0,7,0,blend,obs,0.6033333333333334,0.8749926170970356,0.9870150433611817,0.9548866032550989,0.8501112400309618,0.9801122755880108,0.9445647270677601,0.9594249034537108,0.9982293893805226,0.9960754133898932,0.8701160100250163,0.9857426092371393,0.9516869475025646,0.8961563037910519,0.9546655824641322,0.9722653301914066,2.823484808391524,2.8792893253286147,0.5760736338734389,0.23250671256615685,0.4988053915017715,0.3691124654967078,6.369438621610136
C_propfix,1.0,0.75,10.0,0,0,blend,obs,0.602,0.8352364588600685,0.977335325750792,0.9218936422345924,0.8616424943736767,0.9828022915005776,0.9533261150112837,0.952936385433316,0.997916641396699,0.9951914390173495,0.8402445152223186,0.9785158196758027,0.9288857420358345,0.8562463118614619,0.9511762371277446,0.9791570892938615,2.2556192531791237,2.7374349111392076,0.5796574697036307,0.23296211328874553,-0.15840280415735752,0.5393781811926782,7.59088064390269
C_propfix,1.0,0.75,10.0,1,0,blend,obs,0.596,0.8279147592701225,0.9750988196563743,0.9132620293738548,0.8535237546379304,0.9813694213896573,0.9473165223626675,0.9669851185698557,0.9988904878474958,0.9975414661710895,0.8354831644698953,0.9773463191177376,0.9236404004548308,0.8576993918166779,0.950142436955526,0.9690193779995308,2.632841833989093,3.0464694101007326,0.5887021378312328,0.2321009136502416,-0.1432412170751126,0.5176579020516185,7.624109598265229
C_propfix,1.0,0.75,10.0,2,0,blend,obs,0.6066666666666667,0.8254328791786456,0.9743693361967708,0.9096624068560217,0.8645962469483989,0.9841366048922603,0.9513984658288837,0.9887882836835458,0.9998588592588381,0.9996033060175087,0.8351983046302189,0.9773938221860624,0.9217157870173409,0.8402995788209082,0.9467446155004602,0.9571570806974079,5.594004657024538,3.026588407255054,0.5969191190165767,0.2290646286849983,-0.23131398936439207,0.5279422089280931,7.620841250961154
C_propfix,1.0,0.75,10.0,3,0,blend,obs,0.5996666666666667,0.8512272330289747,0.9815510867070468,0.9352605096482437,0.8862253821046956,0.9885764960951698,0.9671985557780435,0.9770803376940421,0.9995358507274683,0.9993012968858549,0.856898367830967,0.9830271511769415,0.9425783067847493,0.8428447250625268,0.9496281333451204,0.9617329102171706,4.690756344748978,2.8782609274815387,0.5893296257195343,0.23120455244340238,-0.22531970869387327,0.5453262430984235,7.719120655869631
C_propfix,1.0,0.75,10.0,4,0,blend,obs,0.598,0.8323081097312054,0.9766503639639731,0.9184704658422973,0.8711932788785307,0.9855844280539828,0.9586981270360155,0.9924415102578563,0.9999415422400906,0.9999347188834149,0.8373270877361758,0.978082553319986,0.9262784039347606,0.833540627917877,0.9426086846176637,0.9622508816091914,3.0682935091202976,2.9966650337875245,0.6084897419258224,0.23042349050659428,-0.37074801815344566,0.5309698784369384,7.754662451219113
C_propfix,1.0,0.75,10.0,5,0,blend,obs,0.5976666666666667,0.8385296156310054,0.9784517771719594,0.9253423210201719,0.8749877409873955,0.9865451042717538,0.9597141225080896,0.9920101463814899,0.9999377401149496,0.9999655912272405,0.8425894180835778,0.9795870462209056,0.9311746715494438,0.8380267749454176,0.9497470685336712,0.976517975458622,2.8134876336499914,2.778659444493268,0.5869040561402601,0.23343489125238967,-0.3253803990142941,0.5414193298761991,7.725714540291233
C_propfix,1.0,0.75,10.0,6,0,blend,obs,0.6103333333333333,0.8326317811940012,0.9771155672569061,0.9192784776414352,0.8721860789603568,0.9862811496318946,0.9567216373994394,0.9905319328404967,0.9998923335623562,0.9996168412124032,0.8403818664677006,0.979092547090055,0.9284594017536973,0.8353972868921555,0.9536867845652205,0.9778104575835771,2.5447649122413156,2.6049493654848668,0.5851278639568798,0.2304845243713857,-0.3313109964125046,0.5383248865270251,7.606720706618784
C_propfix,1.0,0.75,10.0,7,0,blend,obs,0.6033333333333334,0.8171219486149727,0.9722279467812779,0.9049699117602844,0.8501112400309618,0.9801122755880108,0.9445647270677601,0.9594249034537108,0.9982293893805226,0.9960754133898932,0.8166573429333341,0.9719667327793845,0.9071000884574509,0.8416892710476219,0.9401226683928324,0.9466030320671026,4.811069793248155,3.1601054073842527,0.6062215051766563,0.23016635818745718,-0.23764947998443417,0.5518355611421812,7.6984761321649495
C_propfix,1.0,1.0,10.0,0,0,blend,obs,0.602,0.7818712220601266,0.9610624692409376,0.8604522598447548,0.8616424943736767,0.9828022915005776,0.9533261150112837,0.952936385433316,0.997916641396699,0.9951914390173495,0.7965640664523641,0.9661744940653568,0.8843711677977981,0.8098024100254458,0.9050112674864637,0.9121582386568734,3.975089315751122,3.9821995963297643,0.6691442168390865,0.2168071365107618,-0.7540038074048281,0.7009996699757477,9.951811280220117
C_propfix,1.0,1.0,10.0,1,0,blend,obs,0.596,0.7775461990723069,0.9592235986713369,0.8530791334282651,0.8535237546379304,0.9813694213896573,0.9473165223626675,0.9669851185698557,0.9988904878474958,0.9975414661710895,0.792120752537628,0.9647203375816743,0.8787906688919688,0.8122731943230235,0.9088684065682291,0.8975122254710184,5.698594491534143,4.152588324132452,0.6644747528444119,0.21852336236698436,-0.6773639864584138,0.66871224862031,9.927976016977677
C_propfix,1.0,1.0,10.0,2,0,blend,obs,0.6066666666666667,0.7758876485328283,0.9584837860300819,0.8493480486609525,0.8645962469483989,0.9841366048922603,0.9513984658288837,0.9887882836835458,0.9998588592588381,0.9996033060175087,0.7928808184527808,0.9651146352200579,0.8769808238145536,0.7968798389702557,0.9040311198973409,0.6663625178274446,27.354567079932778,4.120163814938536,0.6769724343453156,0.21419065021466674,-0.727060594000441,0.6822139039130227,9.957343414303983
C_propfix,1.0,1.0,10.0,3,0,blend,obs,0.5996666666666667,0.803878752717961,0.9685319443358067,0.8868676068327315,0.8862253821046956,0.9885764960951698,0.9671985557780435,0.9770803376940421,0.9995358507274683,0.9993012968858549,0.8145246036001108,0.9721944842610517,0.9032307431565946,0.7997940461387458,0.904264295235686,0.8354628612475621,9.074843847947296,4.105097040531594,0.6757348309427154,0.21605321488783844,-0.6776808682574845,0.691869384862689,9.956750219784329
C_propfix,1.0,1.0,10.0,4,0,blend,obs,0.598,0.784578114798092,0.9619976576218019,0.8627534682258658,0.8711932788785307,0.9855844280539828,0.9586981270360155,0.9924415102578563,0.9999415422400906,0.9999347188834149,0.7988163873729972,0.967174985989688,0.8864847735866315,0.794496199958928,0.9016336201774989,0.86581123619732,6.88648522651948,3.9891753916299644,0.6872415144640972,0.2140132525606052,-0.8571854981955523,0.6749035658116507,9.943582734023133
C_propfix,1.0,1.0,10.0,5,0,blend,obs,0.5976666666666667,0.7890068532579498,0.9637141247812452,0.869341482926556,0.8749877409873955,0.9865451042717538,0.9597141225080896,0.9920101463814899,0.9999377401149496,0.9999655912272405,0.8010423958197419,0.9679813387564462,0.888539887898363,0.7958593747211162,0.9044451082290621,0.9078782104033026,5.540803882010719,3.9128029977283245,0.6734426109823205,0.2175155289158728,-0.8548077912784418,0.6898203301050572,9.94288512515727
C_propfix,1.0,1.0,10.0,6,0,blend,obs,0.6103333333333333,0.7806900175159017,0.9608064503199639,0.8572897636648785,0.8721860789603568,0.9862811496318946,0.9567216373994394,0.9905319328404967,0.9998923335623562,0.9996168412124032,0.7998977952883659,0.9675991931241388,0.887209910992895,0.795327942016355,0.9112144251772025,0.9156497198659469,4.762569285196416,3.495326150361487,0.6719016519508382,0.2148444468960237,-0.8711407249863132,0.6901327058222684,9.949493345239526
C_propfix,1.0,1.0,10.0,7,0,blend,obs,0.6033333333333334,0.7699202393846724,0.9568045251519185,0.845652222599071,0.8501112400309618,0.9801122755880108,0.9445647270677601,0.9594249034537108,0.9982293893805226,0.9960754133898932,0.7754439404942528,0.9586880878119721,0.8587021948341594,0.7972698196997354,0.8938973650557261,0.7296066250298813,13.866851384639602,4.645605175635105,0.6883882724360463,0.21270628931771413,-0.7315426808469625,0.698003734439585,9.954291599636203
C_propfix,1.5,0.0,10.0,0,0,blend,obs,0.6046666666666667,0.8875538699309932,0.9877753580410639,0.9966310314239117,0.8197524699860325,0.9700180206527298,0.9252450015462799,0.9416373683590978,0.9965193710324948,0.9930972587067658,0.9083148692851047,0.9919133454924983,0.9721085407203424,0.9234772223206813,0.8800750947059341,0.5134707920003327,25.923241525339517,6.290088519570212,0.7657269392452557,0.17828461702958354,1.9255776453016946,0.020680804682965424,9.805963700651855
C_propfix,1.5,0.0,10.0,1,0,blend,obs,0.5993333333333334,0.89022336286456,0.9885020474849825,0.9983337927230207,0.8125289379723573,0.9686336405855153,0.9195722593308121,0.9468860708735223,0.9970799732557631,0.9934255771896657,0.9020065368864378,0.991487749487298,0.9706349976437244,0.9295466625858463,0.8866785237427224,0.6305131190969345,18.65175863114951,5.465598462505846,0.76535376708082,0.18035885235939214,1.8935270821409163,0.028130851906492643,9.820097081306855
C_propfix,1.5,0.0,10.0,2,0,blend,obs,0.6036666666666667,0.8798270542602293,0.9861248218430437,0.9955578489145208,0.8209028781934757,0.9715164667114323,0.9209295238056062,0.9825544817732865,0.9996807411613239,0.9996129522703942,0.9053956538204609,0.9925283218705112,0.9758291818969981,0.9066764273126909,0.8873439797477015,0.6401574717269187,20.329219573876166,5.613729524975681,0.7507248247904709,0.1855736906811694,1.6940657775623227,0.07127344279219808,9.805627491485271
C_propfix,1.5,0.0,10.0,3,0,blend,obs,0.5993333333333334,0.8851423817934414,0.9872650403501135,0.99569771219813,0.8480069937916993,0.9788669644433488,0.9440686539194678,0.9778519757703743,0.9995318314156844,0.9990453181802964,0.94169189989628,0.9970319264556446,0.9914516183918214,0.9228831097021649,0.878242757489748,0.4759806526211601,33.868423613000274,6.99167256361073,0.7474729270274423,0.18575115210847856,1.6655237510552603,0.058150448719125385,9.831334144687524
C_propfix,1.5,0.0,10.0,4,0,blend,obs,0.6013333333333334,0.8869419053058994,0.9877343311779355,0.9976724445321807,0.8195610050705919,0.9707528298461955,0.9273762213423747,0.9709426121839441,0.9991326227597626,0.9987891315098406,0.9110658173506287,0.9930157470174342,0.9759118198692407,0.9201150853370021,0.8850810590773885,0.5348320599143185,22.614347208904707,5.371330168025488,0.7548839349939561,0.1843321603818587,1.6857349870692027,0.04754999961999583,9.795017215998794
C_propfix,1.5,0.0,10.0,5,0,blend,obs,0.5966666666666667,0.8908328657954262,0.9886914717898848,0.9992127562026887,0.8240410996152927,0.9723076213271462,0.9270481935172339,0.9693896467214259,0.9989687635721709,0.9978701183937475,0.9147651242606459,0.993634576156232,0.9782211871832885,0.9283048230522275,0.8866084974604871,0.6078777508960872,25.57503838303586,5.716666247253873,0.7366565861766471,0.19093499198013394,1.6977409613592827,0.07712783212116962,9.780891774578906
C_propfix,1.5,0.0,10.0,6,0,blend,obs,0.6156666666666667,0.8842491830812989,0.9872105286760792,0.998457210615665,0.8271736657292397,0.9733576792453644,0.9259416401040617,0.9744270622857459,0.9992688142988246,0.9979244739982407,0.917831797801212,0.9941426933126566,0.9801723236339338,0.9304070652139255,0.8904770372820446,0.38595873500625555,49.15724091449377,5.532464211281183,0.7574353479142238,0.18046798945531578,1.8162254249313232,0.025426457258506088,9.769508933953531
C_propfix,1.5,0.0,10.0,7,0,blend,obs,0.6036666666666667,0.884938294971118,0.9875490771067073,0.999073743180769,0.8030540915756358,0.9648031438503629,0.9105602769502605,0.936630078801164,0.9956499216541767,0.9890210024885498,0.8787573547161118,0.9868750921081638,0.9544678982707486,0.9153800750232961,0.8877807218428319,0.6811412094517518,13.404868359377625,5.561608512190918,0.748248369115196,0.18543586412161223,1.793738974896887,0.06164051575659738,9.829818848057853
C_propfix,1.5,0.25,10.0,0,0,blend,obs,0.6046666666666667,0.9304855719319167,0.9955403412713935,0.9921597404870564,0.8197524699860325,0.9700180206527298,0.9252450015462799,0.9416373683590978,0.9965193710324948,0.9930972587067658,0.906143048239213,0.9915347808034143,0.9709837323764076,0.9262791451505094,0.8899287801830493,0.625231063077793,19.742995834975865,5.533955867403287,0.7223773405645801,0.19688568413542232,1.783687026993222,0.16398342553040002,7.540742186826844
C_propfix,1.5,0.25,10.0,1,0,blend,obs,0.5993333333333334,0.9241526190811318,0.9949834053248552,0.9901213700997298,0.8125289379723573,0.9686336405855153,0.9195722593308121,0.9468860708735223,0.9970799732557631,0.9934255771896657,0.8996928130645772,0.9910537522776895,0.9697086401594008,0.9323935323479341,0.8961464076371433,0.7368795532627095,12.841604142666615,4.917046702243793,0.7190291856916262,0.19979666959521697,1.7284783545185187,0.17101530989828437,7.578036154231812
C_propfix,1.5,0.25,10.0,2,0,blend,obs,0.6036666666666667,0.9004247167675588,0.9910558786090676,0.9812807687397472,0.8209028781934757,0.9715164667114323,0.9209295238056062,0.9825544817732865,0.9996807411613239,0.9996129522703942,0.9001606795014228,0.9915779232887039,0.9712388678362199,0.9030800473710434,0.897883510595323,0.7914607829225638,13.472983653520746,4.986786595149178,0.7059284932421669,0.20337904558389328,1.4974999102513964,0.2076656624654132,7.717054704709608
C_propfix,1.5,0.25,10.0,3,0,blend,obs,0.5993333333333334,0.9301870809127566,0.9953791117784748,0.9952000071788502,0.8480069937916993,0.9788669644433488,0.9440686539194678,0.9778519757703743,0.9995318314156844,0.9990453181802964,0.9394491151632418,0.996817298940554,0.9895047547273231,0.9205933262966642,0.8892582983570142,0.6308144039937681,22.906618955835217,6.321600022361448,0.703738115376856,0.2035216967689825,1.509671245012094,0.1938252887724478,7.612805486069882
C_propfix,1.5,0.25,10.0,4,0,blend,obs,0.6013333333333334,0.9237564331136784,0.9949041787849904,0.9897664954000726,0.8195610050705919,0.9707528298461955,0.9273762213423747,0.9709426121839441,0.9991326227597626,0.9987891315098406,0.9057004864261272,0.9921239383865601,0.9732058323456091,0.9175560469104506,0.8957190537225092,0.6846966479689909,15.371536696957495,4.883490076955164,0.7077154354129435,0.20251814977226626,1.5088823314767361,0.18475731401583656,7.561839176214024
C_propfix,1.5,0.25,10.0,5,0,blend,obs,0.5966666666666667,0.928477387614148,0.9955420387053353,0.9925754597006996,0.8240410996152927,0.9723076213271462,0.9270481935172339,0.9693896467214259,0.9989687635721709,0.9978701183937475,0.9090453754926547,0.9927584975514421,0.9752246981245133,0.9257632710414531,0.9000180709280008,0.761182685746344,15.968996144294518,5.0460049136305365,0.6912103513550949,0.20761892962004616,1.511759370932508,0.2048182724675431,7.660050984575376
C_propfix,1.5,0.25,10.0,6,0,blend,obs,0.6156666666666667,0.9280903006224439,0.9953715311399175,0.9934097701029353,0.8271736657292397,0.9733576792453644,0.9259416401040617,0.9744270622857459,0.9992688142988246,0.9979244739982407,0.9145007949650491,0.9936174815768145,0.9780195880568804,0.928161010430212,0.8988123136334102,0.6154122899760753,28.41255654123277,5.127742477996407,0.710360580975408,0.19936058426224634,1.6366739090027866,0.17263779160257864,7.537266472752339
C_propfix,1.5,0.25,10.0,7,0,blend,obs,0.6036666666666667,0.9155747150562654,0.9939342337046644,0.9868323051139657,0.8030540915756358,0.9648031438503629,0.9105602769502605,0.936630078801164,0.9956499216541767,0.9890210024885498,0.8790689282645635,0.9869514166055522,0.955049245590762,0.9194242931335305,0.8971392162646834,0.7670756295804882,10.743530376922404,5.150462002166738,0.7078808644862091,0.2028750215073109,1.66851280295099,0.1968420131136419,7.652658514209524
C_propfix,1.5,0.5,10.0,0,0,blend,obs,0.6046666666666667,0.8900677484559457,0.9890560575308636,0.9626394012970668,0.8197524699860325,0.9700180206527298,0.9252450015462799,0.9416373683590978,0.9965193710324948,0.9930972587067658,0.8782617305683758,0.9860690732753471,0.9558248083735177,0.9068659836308423,0.9255147927006883,0.9054272233399338,6.455397567002529,3.879558760212797,0.6382901584267762,0.22212600913237066,1.2004334920147297,0.3513311399215562,6.193486573720126
C_propfix,1.5,0.5,10.0,1,0,blend,obs,0.5993333333333334,0.8839223986356066,0.9882863725819937,0.9597021888659225,0.8125289379723573,0.9686336405855153,0.9195722593308121,0.9468860708735223,0.9970799732557631,0.9934255771896657,0.8736089400152045,0.9856757285720671,0.95462292694225,0.9107744071975757,0.9259641949073918,0.9193942088742354,5.16533814156495,3.712901145953515,0.6430365408782915,0.22288156626728453,1.1777701467669148,0.3459233107909579,6.263852392494287
C_propfix,1.5,0.5,10.0,2,0,blend,obs,0.6036666666666667,0.8658277363474517,0.984101070016383,0.9448881768921099,0.8209028781934757,0.9715164667114323,0.9209295238056062,0.9825544817732865,0.9996807411613239,0.9996129522703942,0.8681558948735344,0.9848463416113016,0.9483927247726235,0.8735894170755572,0.9301347958155424,0.9378981768276333,4.683882294857854,3.4327345663711113,0.633646406248331,0.22301572242222695,0.9470861971091071,0.377138134151974,6.4844336831295575
C_propfix,1.5,0.5,10.0,3,0,blend,obs,0.5993333333333334,0.9043846982596263,0.9920268228112463,0.9726895092416317,0.8480069937916993,0.9788669644433488,0.9440686539194678,0.9778519757703743,0.9995318314156844,0.9990453181802964,0.9028740854417721,0.9915993560425976,0.9719454624706391,0.8849381460497866,0.9303411938989303,0.9158943716751321,6.23072456825348,3.853064084797264,0.6299815009837145,0.22459123938897468,0.9799116748689797,0.3658895786465297,6.301151174462143
C_propfix,1.5,0.5,10.0,4,0,blend,obs,0.6013333333333334,0.8858318078026546,0.9885443992544888,0.9607878185646636,0.8195610050705919,0.9707528298461955,0.9273762213423747,0.9709426121839441,0.9991326227597626,0.9987891315098406,0.876997940761863,0.9864625460412464,0.9570613828158838,0.8920556279537815,0.9269085789516717,0.9161635226899179,6.739891996009629,3.743333637221811,0.6292536003233247,0.2238939724851489,0.9849110601204122,0.3585046623155763,6.23693349704092
C_propfix,1.5,0.5,10.0,5,0,blend,obs,0.5966666666666667,0.890997337963936,0.9898287427901364,0.965055785610284,0.8240410996152927,0.9723076213271462,0.9270481935172339,0.9693896467214259,0.9989687635721709,0.9978701183937475,0.8789698339471277,0.986980130163512,0.9583805542821016,0.8983568113661062,0.933351767419939,0.9383488132611278,5.354586979539103,3.4891403016074976,0.6164689043815504,0.22708114113774386,1.0114426069767513,0.3717522732400601,6.418943137373246
C_propfix,1.5,0.5,10.0,6,0,blend,obs,0.6156666666666667,0.8898404331760611,0.9896015815918888,0.9639148166766298,0.8271736657292397,0.9733576792453644,0.9259416401040617,0.9744270622857459,0.9992688142988246,0.9979244739982407,0.8818504164084442,0.987601613996067,0.9592616070416627,0.8963039786444593,0.934269067372457,0.9272050540067132,7.3036435124985735,3.425837114474267,0.6290421494080318,0.22200617385483062,1.0695658816489422,0.3580367445111762,6.236711413810173
C_propfix,1.5,0.5,10.0,7,0,blend,obs,0.6036666666666667,0.8702529296414697,0.9856175452334989,0.9504704173111941,0.8030540915756358,0.9648031438503629,0.9105602769502605,0.936630078801164,0.9956499216541767,0.9890210024885498,0.8534363324880376,0.9807429620067959,0.9382319284934245,0.8991217290116726,0.9308729902649558,0.933433080741246,4.196330493428369,3.6792043910531365,0.6329073009117724,0.22440043929993164,1.1232507805545173,0.3702726187703691,6.379494235618265
C_propfix,1.5,0.75,10.0,0,0,blend,obs,0.6046666666666667,0.8267477849857734,0.973283242167293,0.9142088734333365,0.8197524699860325,0.9700180206527298,0.9252450015462799,0.9416373683590978,0.9965193710324948,0.9930972587067658,0.823900203696952,0.9722479177245694,0.9163412478388748,0.8521640924845553,0.96197027041,0.9816143333493421,2.60949744125298,2.6402754974699283,0.5551395739712299,0.2337173054641055,0.2771438245209758,0.5468877590577674,7.6049741018463
C_propfix,1.5,0.75,10.0,1,0,blend,obs,0.5993333333333334,0.8219623223640926,0.9721991318394492,0.9079632418656264,0.8125289379723573,0.9686336405855153,0.9195722593308121,0.9468860708735223,0.9970799732557631,0.9934255771896657,0.8238135582053814,0.9728204369953706,0.9164917811759824,0.859689301174192,0.9602950332254017,0.9788423952089104,2.599539470130411,2.7786059058465193,0.5645281594080315,0.2334373734641549,0.3088485687313187,0.5275735543971879,7.626416627137779
C_propfix,1.5,0.75,10.0,2,0,blend,obs,0.6036666666666667,0.8114298429243627,0.9687857510353863,0.8925564152949718,0.8209028781934757,0.9715164667114323,0.9209295238056062,0.9825544817732865,0.9996807411613239,0.9996129522703942,0.8185923994353157,0.9715609465328117,0.9069836226953734,0.8241243852237025,0.9544683489545868,0.9650377200321046,4.280796989476124,3.0279288244549356,0.5829917999478934,0.2302021571614824,0.18041097084244193,0.5492065657417275,7.785666137213266
C_propfix,1.5,0.75,10.0,3,0,blend,obs,0.5993333333333334,0.846667092739932,0.9795526638955481,0.9297221399398379,0.8480069937916993,0.9788669644433488,0.9440686539194678,0.9778519757703743,0.9995318314156844,0.9990453181802964,0.8490784035756409,0.9800688699174094,0.93688211723591,0.8307191916608127,0.9607753747197543,0.9687247683582353,4.696338819287518,2.7474971633250855,0.5693171743793715,0.23256840660842332,0.19235136893266583,0.5462123727447414,7.666301232972291
C_propfix,1.5,0.75,10.0,4,0,blend,obs,0.6013333333333334,0.8268023605524609,0.9736234310133518,0.9137196467787756,0.8195610050705919,0.9707528298461955,0.9273762213423747,0.9709426121839441,0.9991326227597626,0.9987891315098406,0.8248061260247359,0.9731730678028231,0.9182322260305132,0.8394225421773089,0.9559296197361047,0.9712544602601715,3.218377010563724,2.976216735885128,0.5698373736549771,0.23208831166643365,0.1848529675168787,0.5378972575403314,7.633665140667789
C_propfix,1.5,0.75,10.0,5,0,blend,obs,0.5966666666666667,0.8292222323521563,0.9744516006856112,0.9169782389804508,0.8240410996152927,0.9723076213271462,0.9270481935172339,0.9693896467214259,0.9989687635721709,0.9978701183937475,0.8293865815478166,0.9746455345203278,0.9224644851922448,0.8476318614003735,0.9664576956349493,0.982993919993704,2.4815382441941223,2.5602454595690727,0.5585717253797498,0.2357667557720281,0.212648415737634,0.5473755552362605,7.7421848576942995
C_propfix,1.5,0.75,10.0,6,0,blend,obs,0.6156666666666667,0.8289589739366818,0.9747059089838652,0.9142124494595432,0.8271736657292397,0.9733576792453644,0.9259416401040617,0.9744270622857459,0.9992688142988246,0.9979244739982407,0.8311483601859826,0.9752206775450475,0.9217543705919332,0.8437768924808694,0.9684858979011263,0.9833258532552943,2.90594731749096,2.433460139869807,0.5461511154019716,0.23110069838349784,0.26881140777927653,0.5471803707850885,7.623793111374011
C_propfix,1.5,0.75,10.0,7,0,blend,obs,0.6036666666666667,0.8076702665068473,0.9679010735280668,0.8948986857884768,0.8030540915756358,0.9648031438503629,0.9105602769502605,0.936630078801164,0.9956499216541767,0.9890210024885498,0.8025877637550526,0.9659681148957776,0.8958021351135096,0.8460255681478787,0.9553607250367657,0.9664886858987469,3.6246670852496106,2.861256726161089,0.5746166660242356,0.23207865210736167,0.2806290175428562,0.5546832349443517,7.712924756911753
C_propfix,1.5,1.0,10.0,0,0,blend,obs,0.6046666666666667,0.7746411285908265,0.9570336987481535,0.8542728303976885,0.8197524699860325,0.9700180206527298,0.9252450015462799,0.9416373683590978,0.9965193710324948,0.9930972587067658,0.7786061945022471,0.9585924138912273,0.8673432937026017,0.8017169533005362,0.9191460670568143,0.9334443789350375,3.311663273809661,3.6013068135039124,0.6417516189427926,0.22291719053166284,-0.34444460310174796,0.7125005373667521,9.963919277809078
C_propfix,1.5,1.0,10.0,1,0,blend,obs,0.5993333333333334,0.7709780550506741,0.9552234790440923,0.8455271073466238,0.8125289379723573,0.9686336405855153,0.9195722593308121,0.9468860708735223,0.9970799732557631,0.9934255771896657,0.779945190567487,0.959278230213789,0.870271273456749,0.8117331519411597,0.9302252785668179,0.9362376561931316,4.138943763011247,3.450631354511882,0.6300726542155363,0.22421027932870569,-0.3328347364678539,0.6763663936967714,9.935884100191256
C_propfix,1.5,1.0,10.0,2,0,blend,obs,0.6036666666666667,0.7660411474399624,0.9533383634184499,0.8357352209986938,0.8209028781934757,0.9715164667114323,0.9209295238056062,0.9825544817732865,0.9996807411613239,0.9996129522703942,0.7783710748172813,0.9589654653320405,0.8638731953987572,0.7824527685303222,0.9236491951461202,0.7948509499502489,18.943064923233855,3.6833111031980104,0.6459501996722208,0.2213421726541197,-0.35040801426237805,0.6902264317850092,9.961113076679139
C_propfix,1.5,1.0,10.0,3,0,blend,obs,0.5993333333333334,0.7961100930954266,0.9649319434400189,0.8765785160873181,0.8480069937916993,0.9788669644433488,0.9440686539194678,0.9778519757703743,0.9995318314156844,0.9990453181802964,0.8016522851212758,0.9671937431861914,0.8918098192259272,0.7823115118714502,0.9198019063748057,0.8686554103644919,9.363618624355803,3.850204084961091,0.6494760308643917,0.22143162435560043,-0.3662702957067593,0.7009704526610319,9.969261726418678
C_propfix,1.5,1.0,10.0,4,0,blend,obs,0.6013333333333334,0.777249259422532,0.9580154017461592,0.8553722773345429,0.8195610050705919,0.9707528298461955,0.9273762213423747,0.9709426121839441,0.9991326227597626,0.9987891315098406,0.7829010407352234,0.9604605596812114,0.8747684977635188,0.7948359650821948,0.9235978931514641,0.9161934423210764,5.037344396072692,3.7010680703504306,0.6508337566463229,0.22147600183480448,-0.399042906811454,0.6908916510055123,9.956669055249375
C_propfix,1.5,1.0,10.0,5,0,blend,obs,0.5966666666666667,0.7794652780196365,0.9589252975382868,0.8599802661499677,0.8240410996152927,0.9723076213271462,0.9270481935172339,0.9693896467214259,0.9989687635721709,0.9978701183937475,0.7846052082944956,0.9613490628962609,0.8753651313811152,0.7993560806811283,0.9269985629158165,0.9426445423554628,4.599135667431812,3.5621009487832938,0.6286781476522462,0.226258964449484,-0.3715685561575326,0.7004128366109069,9.965579744103511
C_propfix,1.5,1.0,10.0,6,0,blend,obs,0.6156666666666667,0.7780004589764546,0.9585276347527127,0.8539908739012579,0.8271736657292397,0.9733576792453644,0.9259416401040617,0.9744270622857459,0.9992688142988246,0.9979244739982407,0.7902490996360014,0.963111620956748,0.8799587385057774,0.8009439060600191,0.9363362532075765,0.9372682969163362,6.065230411092011,3.1259670959631376,0.6247025837355624,0.221621067041084,-0.32536840844696346,0.7017507873531391,9.96331100195909
C_propfix,1.5,1.0,10.0,7,0,blend,obs,0.6036666666666667,0.7582890362654195,0.9507274605865558,0.8322112010116938,0.8030540915756358,0.9648031438503629,0.9105602769502605,0.936630078801164,0.9956499216541767,0.9890210024885498,0.7602034523057526,0.9514466294272804,0.8455179577351368,0.7989811158780062,0.9164341580826387,0.8321183938748015,10.071901129900983,4.090670477848049,0.6523673894558021,0.22035079577075378,-0.30760738147603767,0.7064069908934683,9.96590728369388
C_propfix,2.0,0.0,10.0,0,0,blend,obs,0.6,0.8934420158542888,0.9890189151335664,0.9966139831474613,0.787255429824713,0.957724427490152,0.8998502183494667,0.9258383204673957,0.9940907077519977,0.9872593311940334,0.8784786699396856,0.9853065170995636,0.9518463696674864,0.9197001742627284,0.8826753546216863,0.40263477498757894,45.48554446369273,6.003437206394605,0.7737581018518519,0.17455670724093572,2.258386353556965,0.05967257417462921,9.793383049877718
C_propfix,2.0,0.0,10.0,1,0,blend,obs,0.5966666666666667,0.8869202364538114,0.9879575696319075,0.9987009368244852,0.774709313967503,0.9537361642278336,0.8920983371072839,0.9165347559214728,0.9926547389943703,0.9836681602324191,0.863043052014617,0.9828632358657788,0.9440273576244771,0.9206999656014314,0.8874817357629519,0.6368002968282157,13.748709897577989,5.463151218901595,0.7902458562260491,0.16780351804836693,2.3368886929505077,0.0488858302358794,9.821425465833475
C_propfix,2.0,0.0,10.0,2,0,blend,obs,0.6046666666666667,0.877821776487426,0.9858123939346919,0.9984156476053859,0.7850717389353932,0.9578865674355319,0.8937483684701895,0.9481574736701485,0.997078283363042,0.9930975395462095,0.878141492755907,0.9869074973759946,0.9550689915793995,0.9099552837905945,0.8862561101382573,0.3212427984091446,56.123434663326506,5.600154899366614,0.7818705831168856,0.1721549634545004,2.214205163988998,0.05386086178968535,9.767162977899911
C_propfix,2.0,0.0,10.0,3,0,blend,obs,0.5983333333333334,0.8737186079143759,0.9844191858807265,0.9894799382785968,0.8079316280937092,0.9655901910205178,0.9184700670199891,0.9534730804124556,0.997748250565146,0.9972544594026634,0.8991363833799415,0.9899703679024161,0.9685499611489105,0.917579531429356,0.8912508313782271,0.42772658831151583,30.857566185074955,5.005418439716426,0.7937990499196709,0.16732949584546317,2.2008848848904936,0.023844025408935054,9.816934021582783
C_propfix,2.0,0.0,10.0,4,0,blend,obs,0.5976666666666667,0.8956323960208719,0.9896290550120994,0.998823336933248,0.7827122833292421,0.9565694454015025,0.9029340586933561,0.9321270980146901,0.9950966505595682,0.9917775235825482,0.8862483896598048,0.9879844634319609,0.9621893298687962,0.925831322522548,0.8804979399318755,0.41568170492405615,35.41029406579819,6.307673112418003,0.784054809484181,0.1723981001656305,2.2505186145985414,0.04772345826449128,9.801014899558792
C_propfix,2.0,0.0,10.0,5,0,blend,obs,0.6033333333333334,0.8852855878121241,0.9874008646146534,0.9974553176643166,0.7966249350121454,0.9623905313025133,0.907344971502306,0.9610693840620159,0.9983398675258328,0.9959690326622014,0.8940137531576695,0.9893363430915543,0.9635299591731052,0.9186081047088988,0.8730572052043082,0.35126335372130313,48.41471515177036,6.128541704772525,0.7815991921630532,0.17380106671378742,2.1064420326126565,0.05217399738339358,9.768467403519075
C_propfix,2.0,0.0,10.0,6,0,blend,obs,0.6173333333333333,0.8823773687795065,0.9867746112451244,0.9979578471858335,0.7920989997538872,0.9604863812541056,0.9006596288161807,0.9484827776734923,0.9970901436344174,0.9931526605973667,0.8809690945537353,0.9863230911161927,0.9563470599469236,0.9156923032355775,0.8936620049439661,0.7406206555212175,11.787808638582828,4.548189978667956,0.7879093888516793,0.1679022511322063,2.2212815443234324,0.02780847867436745,9.810271601265232
C_propfix,2.0,0.0,10.0,7,0,blend,obs,0.6053333333333333,0.8931686025777563,0.989054900054878,0.9970742103710831,0.7740182950418174,0.9532281616190881,0.888634364768567,0.9322029658069678,0.9950127844368072,0.9870520121074039,0.8737122630693003,0.9848844001279856,0.9487618460262002,0.9200540567931399,0.8693179288858084,0.5757392954977796,21.91494853885476,6.72666847985303,0.778437630223836,0.1733492742544523,2.228953401371136,0.05642250060656889,9.851787567765433
C_propfix,2.0,0.25,10.0,0,0,blend,obs,0.6,0.9265572311262654,0.995110350585365,0.9886971351565508,0.787255429824713,0.957724427490152,0.8998502183494667,0.9258383204673957,0.9940907077519977,0.9872593311940334,0.8774947930823043,0.9851721268112594,0.9527898741843356,0.9220538905600211,0.8892389507085531,0.5062508011807098,35.60754501022915,5.640446715429011,0.7334608796296296,0.19210866639350085,2.123548569288458,0.19597586714237955,7.640688304187139
C_propfix,2.0,0.25,10.0,1,0,blend,obs,0.5966666666666667,0.9208687082095449,0.9945665693746816,0.9883061261546991,0.774709313967503,0.9537361642278336,0.8920983371072839,0.9165347559214728,0.9926547389943703,0.9836681602324191,0.8685644679681472,0.9840501571514341,0.9489332080631668,0.9286311612714059,0.8863680171876988,0.6574277638573539,12.8961619165517,5.693446020101479,0.753932083660372,0.1859370027434533,2.2733571073002508,0.1878242790705901,7.646908570340747
C_propfix,2.0,0.25,10.0,2,0,blend,obs,0.6046666666666667,0.9085774078602498,0.992442912959403,0.9862782531230881,0.7850717389353932,0.9578865674355319,0.8937483684701895,0.9481574736701485,0.997078283363042,0.9930975395462095,0.8772941780514715,0.9866474538935688,0.9545041544575278,0.910199387788497,0.8888784289170591,0.4058459769352089,45.670970703412614,5.4922664689727885,0.7463440153499761,0.1882704204440252,2.0871553345250087,0.19037683655857413,7.5813473084774285
C_propfix,2.0,0.25,10.0,3,0,blend,obs,0.5983333333333334,0.9311646909931595,0.995070862361351,0.9919977469248261,0.8079316280937092,0.9655901910205178,0.9184700670199891,0.9534730804124556,0.997748250565146,0.9972544594026634,0.9023848722100991,0.9904984575330891,0.9712413101527558,0.9231610038909654,0.8899561755403456,0.4869173032535018,27.403246275397912,5.180684580007086,0.7552237080872409,0.18573194057544787,2.113631396819465,0.16518532153138063,7.536206947674251
C_propfix,2.0,0.25,10.0,4,0,blend,obs,0.5976666666666667,0.9302718609413999,0.995838647660835,0.990456082541208,0.7827122833292421,0.9565694454015025,0.9029340586933561,0.9321270980146901,0.9950966505595682,0.9917775235825482,0.8840910384409008,0.9873300054889418,0.9621166622940412,0.9278680533910029,0.8849051883243575,0.5175631568673427,27.95081456298728,5.978444827937938,0.7443743528062505,0.19026154192588762,2.1129124534062727,0.18678633915616122,7.625904072857648
C_propfix,2.0,0.25,10.0,5,0,blend,obs,0.6033333333333334,0.9256078427038177,0.9949657643452388,0.9904683027076714,0.7966249350121454,0.9623905313025133,0.907344971502306,0.9610693840620159,0.9983398675258328,0.9959690326622014,0.8922400232836013,0.9889231591825691,0.9628166143641536,0.9186511752699694,0.8788460799114872,0.4758884548954884,35.43593724013612,5.733458782171317,0.7426633084172897,0.1910160108391799,1.9648221356411346,0.19263688197119805,7.660310145560799
C_propfix,2.0,0.25,10.0,6,0,blend,obs,0.6173333333333333,0.9292257924195304,0.9954542003637452,0.9939124942441081,0.7920989997538872,0.9604863812541056,0.9006596288161807,0.9484827776734923,0.9970901436344174,0.9931526605973667,0.8799007115813589,0.9860439497786199,0.9566370785778707,0.9158776307829617,0.8972006866860219,0.7974276568401535,8.54671509236737,4.528801149028106,0.7439527660086844,0.18694355339311006,2.034316115058702,0.1739200200895941,7.5876496700322145
C_propfix,2.0,0.25,10.0,7,0,blend,obs,0.6053333333333333,0.9147548201393689,0.993640840474805,0.9825952252072357,0.7740182950418174,0.9532281616190881,0.888634364768567,0.9322029658069678,0.9950127844368072,0.9870520121074039,0.8739304572269886,0.9848936855049946,0.9500056368224707,0.9232171798460442,0.8751602830719388,0.645634265560233,18.71993431705922,6.33297685675743,0.7397746383498036,0.19098884545831743,2.118895644983895,0.19523514469552805,7.599003652891322
C_propfix,2.0,0.5,10.0,0,0,blend,obs,0.6,0.8797990884401355,0.9865343915370902,0.9551132747201263,0.787255429824713,0.957724427490152,0.8998502183494667,0.9258383204673957,0.9940907077519977,0.9872593311940334,0.8536174625808097,0.9790961351430612,0.9388979675531262,0.9032853568066979,0.9178105030601632,0.8513876108282047,12.022860706684202,4.099445355460241,0.6593671296296296,0.21749815476869322,1.5726610465022626,0.37274075181825383,6.374277836120802
C_propfix,2.0,0.5,10.0,1,0,blend,obs,0.5966666666666667,0.8752573054077042,0.9860227693442187,0.9526133468665422,0.774709313967503,0.9537361642278336,0.8920983371072839,0.9165347559214728,0.9926547389943703,0.9836681602324191,0.8494362077305574,0.9786715777270876,0.9373024649888838,0.9163004095264474,0.9086619199549062,0.860314003296719,6.300187711219152,4.348200922226265,0.6819504593933239,0.2130763935826555,1.7065072387149458,0.3624207609287709,6.348641720175874
C_propfix,2.0,0.5,10.0,2,0,blend,obs,0.6046666666666667,0.8696260261103211,0.9845677285679234,0.9465332448200733,0.7850717389353932,0.9578865674355319,0.8937483684701895,0.9481574736701485,0.997078283363042,0.9930975395462095,0.8573629125696114,0.9815626677809487,0.9399700128302116,0.8933837229325848,0.9097509407607327,0.8003125458740189,16.067877993000852,4.440882257775396,0.6791344164090055,0.2123886239994096,1.5791531981020974,0.36530337289974363,6.28680240608997
C_propfix,2.0,0.5,10.0,3,0,blend,obs,0.5983333333333334,0.9036704050820495,0.990665326592333,0.9681905121835279,0.8079316280937092,0.9655901910205178,0.9184700670199891,0.9534730804124556,0.997748250565146,0.9972544594026634,0.8775432654293619,0.9850795063437844,0.958809553294988,0.9016846776644328,0.9145978192409847,0.8474652795318827,8.140944585332235,3.925878828793237,0.6755792369306164,0.21376448234649942,1.5137485812149374,0.35204441968879446,6.17145499541038
C_propfix,2.0,0.5,10.0,4,0,blend,obs,0.5976666666666667,0.8806768904225566,0.987070805120405,0.9572161460302313,0.7827122833292421,0.9565694454015025,0.9029340586933561,0.9321270980146901,0.9950966505595682,0.9917775235825482,0.8573799475392896,0.9805917670889615,0.9469260911136452,0.9065117635704594,0.911066363013014,0.8578170255706056,9.284381876756596,4.342580453549179,0.66903279854317,0.2156190424116272,1.5360803882865373,0.36290687417665357,6.31738693118385
C_propfix,2.0,0.5,10.0,5,0,blend,obs,0.6033333333333334,0.8860301297971598,0.9881123251759693,0.9596789453446734,0.7966249350121454,0.9623905313025133,0.907344971502306,0.9610693840620159,0.9983398675258328,0.9959690326622014,0.8686926940680733,0.9836339404773338,0.9490676802067836,0.8973601732945766,0.9070150608143802,0.8527001190658174,10.153768621424236,4.346011701653724,0.6674269928966061,0.21631509736131746,1.404308618458897,0.37142491029764907,6.42130539722458
C_propfix,2.0,0.5,10.0,6,0,blend,obs,0.6173333333333333,0.8904358966269265,0.9892061133787043,0.9629910537839276,0.7920989997538872,0.9604863812541056,0.9006596288161807,0.9484827776734923,0.9970901436344174,0.9931526605973667,0.8587359117570378,0.9808969816812955,0.943876075220062,0.8951154204613377,0.9204468559125609,0.9116254653045666,4.617981015183501,3.5744274004518184,0.6674070691069452,0.21204239200194205,1.5163443866909068,0.3597516817990666,6.260806813714074
C_propfix,2.0,0.5,10.0,7,0,blend,obs,0.6053333333333333,0.8638145572751804,0.9829834935103916,0.9435960853350198,0.7740182950418174,0.9532281616190881,0.888634364768567,0.9322029658069678,0.9950127844368072,0.9870520121074039,0.8447801923129244,0.9772150322135034,0.9316040057032742,0.8976724968219029,0.9102611483224472,0.8797342163079099,6.768124364633125,4.243201688612543,0.6645161905435171,0.21637419353284948,1.514051745990829,0.37177364398488394,6.250441474648197
C_propfix,2.0,0.75,10.0,0,0,blend,obs,0.6,0.815039074927923,0.968602687941476,0.9034113938085635,0.787255429824713,0.957724427490152,0.8998502183494667,0.9258383204673957,0.9940907077519977,0.9872593311940334,0.8053232232890845,0.9648733707341658,0.9011597891367489,0.8519271676029208,0.9594710731061524,0.9771310536321545,2.570513969606464,2.743890489784709,0.5679081018518519,0.23341614206832506,0.6206155666495408,0.5580667829570657,7.723344971471221
C_propfix,2.0,0.75,10.0,1,0,blend,obs,0.5966666666666667,0.810991600744174,0.9674932175955359,0.8968085132161556,0.774709313967503,0.9537361642278336,0.8920983371072839,0.9165347559214728,0.9926547389943703,0.9836681602324191,0.8037968243875426,0.964912074792656,0.9007443940805826,0.8691047199768633,0.9492527268525893,0.963967896729433,3.483987280072828,2.976109751374478,0.5953527402003785,0.2300999176663995,0.7483942593991885,0.5389962601061051,7.689980688928065
C_propfix,2.0,0.75,10.0,2,0,blend,obs,0.6046666666666667,0.8075242675630477,0.9660667588596428,0.8879272257544361,0.7850717389353932,0.9578865674355319,0.8937483684701895,0.9481574736701485,0.997078283363042,0.9930975395462095,0.8082978423275328,0.9667913130177926,0.8996787565815316,0.8443753271641634,0.9509519375476992,0.9662285003547468,3.456097089285517,2.88657267363238,0.5940883255771581,0.22869611360809192,0.647960348968095,0.5445679277759274,7.672836798729186
C_propfix,2.0,0.75,10.0,3,0,blend,obs,0.5983333333333334,0.8393895238234662,0.9755752925919289,0.9229312070953273,0.8079316280937092,0.9655901910205178,0.9184700670199891,0.9534730804124556,0.997748250565146,0.9972544594026634,0.8303160883979472,0.9731185748014299,0.9251250185777664,0.8508334801355817,0.9559397509758947,0.9623883402133636,4.946777205803303,2.8386357302822276,0.5823580947537536,0.2309736203350732,0.5793214537456526,0.5443636964769275,7.598379083606223
C_propfix,2.0,0.75,10.0,4,0,blend,obs,0.5976666666666667,0.8175005155112332,0.9695901342504384,0.9056616682713591,0.7827122833292421,0.9565694454015025,0.9029340586933561,0.9321270980146901,0.9950966505595682,0.9917775235825482,0.8086184827335139,0.9663933285351674,0.9095596994708018,0.8552148263300638,0.9522942576193837,0.9699202054711795,2.716898321831135,3.047685325987402,0.5795787817023859,0.23087202223077516,0.6143963933747197,0.5414464504480063,7.685682497366589
C_propfix,2.0,0.75,10.0,5,0,blend,obs,0.6033333333333334,0.8225112700172643,0.9711486025448104,0.909692125704057,0.7966249350121454,0.9623905313025133,0.907344971502306,0.9610693840620159,0.9983398675258328,0.9959690326622014,0.8194631296131898,0.9702777936263298,0.9139249625456618,0.8463472502784766,0.9553311106341482,0.9696399106204667,3.1913019905742694,2.815483505080561,0.5795812247550954,0.23191497656480886,0.5049553269963543,0.5556253091302229,7.7498226162684505
C_propfix,2.0,0.75,10.0,6,0,blend,obs,0.6173333333333333,0.822680076930201,0.9712908056350129,0.9079077359832786,0.7920989997538872,0.9604863812541056,0.9006596288161807,0.9484827776734923,0.9970901436344174,0.9931526605973667,0.8163677126285163,0.9691323912452054,0.9105558156041043,0.8495678744141784,0.9591105099963313,0.9766749906190642,2.7829233608130486,2.6146483452283547,0.5735446564971666,0.22806361184714846,0.6916789741202173,0.5506800687484843,7.664338109249461
C_propfix,2.0,0.75,10.0,7,0,blend,obs,0.6053333333333333,0.7989121093760417,0.9630912305967262,0.8868393708443097,0.7740182950418174,0.9532281616190881,0.888634364768567,0.9322029658069678,0.9950127844368072,0.9870520121074039,0.792783956687978,0.961053556449853,0.8888957497496445,0.8418854575984451,0.9529783528223066,0.965824672881361,3.3994995370513115,2.926298407873108,0.5766850964400524,0.23094230014132147,0.5693644617938373,0.5565770604375334,7.649649302507098
C_propfix,2.0,1.0,10.0,0,0,blend,obs,0.6,0.765836729590414,0.9524172220945653,0.8453645777524312,0.787255429824713,0.957724427490152,0.8998502183494667,0.9258383204673957,0.9940907077519977,0.9872593311940334,0.7630151365440592,0.9512494989049409,0.8532013204265806,0.8024717227623258,0.9304346764982728,0.9488403051590187,3.2393965120048835,3.4193552366669864,0.6172099537037037,0.22757912787356663,-0.0026538743030765943,0.7135840865111014,9.976264575666551
C_propfix,2.0,1.0,10.0,1,0,blend,obs,0.5966666666666667,0.7610387007160218,0.9496580513065461,0.8339671252921557,0.774709313967503,0.9537361642278336,0.8920983371072839,0.9165347559214728,0.9926547389943703,0.9836681602324191,0.7624580690683319,0.9511571271279787,0.855203921033932,0.8206659302961864,0.9371483619507094,0.94360103315854,3.7012692780566803,3.441823791170109,0.6120051710605291,0.22628442342458338,0.07182992816736147,0.6818140277776371,9.95496671247328
C_propfix,2.0,1.0,10.0,2,0,blend,obs,0.6046666666666667,0.7585587845453088,0.9488891083746782,0.8272028744542833,0.7850717389353932,0.9578865674355319,0.8937483684701895,0.9481574736701485,0.997078283363042,0.9930975395462095,0.7640540964793512,0.9521270610067869,0.8517254726100071,0.7948724113339348,0.9346491656871528,0.8095969039328583,18.883159286374664,3.4170505048682713,0.6257334745124579,0.22427978649993216,-0.0055320601044992705,0.6995905787220246,9.968645632519108
C_propfix,2.0,1.0,10.0,3,0,blend,obs,0.5983333333333334,0.7866066019594966,0.9599441891631952,0.8659761446803206,0.8079316280937092,0.9655901910205178,0.9184700670199891,0.9534730804124556,0.997748250565146,0.9972544594026634,0.7833787476289588,0.9594404580035124,0.878686044243715,0.7982348259278274,0.9342599518413224,0.8936119312437326,9.377020355421697,3.4324019902688465,0.6270671182052496,0.22516394537363416,-0.04981356726054215,0.7093076419063529,9.979522094387963
C_propfix,2.0,1.0,10.0,4,0,blend,obs,0.5976666666666667,0.7684641998961438,0.9534329864617563,0.8462931590233508,0.7827122833292421,0.9565694454015025,0.9029340586933561,0.9321270980146901,0.9950966505595682,0.9917775235825482,0.7665758133114247,0.9528864533153748,0.863968638202524,0.8060366579124436,0.9345097862888267,0.9338435044108617,4.321702219082525,3.5408956075827733,0.6283327734524993,0.2246257781045431,0.010568263330044564,0.6945950365005432,9.967239758874117
C_propfix,2.0,1.0,10.0,5,0,blend,obs,0.6033333333333334,0.7724799630703149,0.9548827434653651,0.8518027548366874,0.7966249350121454,0.9623905313025133,0.907344971502306,0.9610693840620159,0.9983398675258328,0.9959690326622014,0.7757916688049251,0.9569186573565226,0.8688663060712205,0.7983944055960892,0.9391690100506512,0.9512736642538695,4.396227808399074,3.2609657137441665,0.6107115000696411,0.2272475735171917,-0.12589877205139002,0.7114474446220752,9.971595230899558
C_propfix,2.0,1.0,10.0,6,0,blend,obs,0.6173333333333333,0.7696090112885265,0.9535850794042091,0.8429113095532972,0.7920989997538872,0.9604863812541056,0.9006596288161807,0.9484827776734923,0.9970901436344174,0.9931526605973667,0.7755275707951506,0.9561852127309863,0.8684601019204007,0.8042995793000256,0.9487892705074323,0.9522695479885486,5.63926523821267,2.897257667153361,0.593747648271762,0.22357311729052148,0.030606451161447147,0.7076978621304865,9.978257275317157
C_propfix,2.0,1.0,10.0,7,0,blend,obs,0.6053333333333333,0.7522485039656621,0.9466290732832089,0.8275731303738281,0.7740182950418174,0.9532281616190881,0.888634364768567,0.9322029658069678,0.9950127844368072,0.9870520121074039,0.7502232345784997,0.9461018213497802,0.8380807963227551,0.7940613817783417,0.9266923855004496,0.8779813858467941,8.135030590917959,4.001152135441704,0.6286274314650554,0.22373372281829168,-0.04510718234017214,0.7082022319499651,9.969446928494364
C_propfix,2.5,0.0,10.0,0,0,blend,obs,0.601,0.8937833571868262,0.9890420311339193,0.9967512334766884,0.7602067365835892,0.9458745164699661,0.8786540283926453,0.9096917334991979,0.9911938087959155,0.980139413618062,0.8483932136943254,0.977062469971074,0.9310101731716312,0.9148269297550343,0.8875886684103339,0.13438860093308042,103.06992365388763,5.284030593805161,0.797910842923541,0.1637748594098685,2.710470510547606,0.06581432660199658,9.764980593819457
C_propfix,2.5,0.0,10.0,1,0,blend,obs,0.5986666666666667,0.8791539273783111,0.9860349501100709,0.9963849599616202,0.7548760969542557,0.9448158765770974,0.8781613378532487,0.9104575755002206,0.9914852747396455,0.9816631699663745,0.8442078011605786,0.9770638897443799,0.9301653680851598,0.9113219724785508,0.8851267016467913,0.6253550748927973,17.449165918814668,5.433685257383472,0.8042551646701049,0.1619790370184712,2.6044459007453526,0.06893060205180698,9.831792998191265
C_propfix,2.5,0.0,10.0,2,0,blend,obs,0.6093333333333333,0.8819022758709858,0.9866255059929881,0.9953578317428327,0.7603180194362702,0.9458543516602631,0.8773217160033844,0.9123105628803935,0.9915317584888291,0.9813972934610706,0.8452758297071948,0.9770631393040972,0.9293288428012619,0.9039369213606959,0.8938550768646449,0.48790254041254394,37.12211572435769,5.022659466548988,0.7985958375964333,0.16245539634320544,2.592571183860891,0.06805709850988809,9.794807812119052
C_propfix,2.5,0.0,10.0,3,0,blend,obs,0.596,0.8854212265577549,0.9871910453712491,0.994362749450188,0.781130965499501,0.9547921589342745,0.8983880063471038,0.9170634154305959,0.9925404662960589,0.9870531732335425,0.8660574516318166,0.9820210430966272,0.9483322666190449,0.9201734755462508,0.8972656717698996,0.32286185928331873,41.73202253061343,4.810906586925977,0.7949411551893445,0.16619633407101425,2.504207004403582,0.07687175148470084,9.83517518289533
C_propfix,2.5,0.0,10.0,4,0,blend,obs,0.5986666666666667,0.8868071489137248,0.9877767879941343,0.9982858615455698,0.7561730585539719,0.9447581031936684,0.8825554442566287,0.9128190122725528,0.9918152300412475,0.9839538109746704,0.8413717173752115,0.9755854008814032,0.9324687209925174,0.9075968542113348,0.8954233564369067,0.5218825108526899,25.61624123028478,4.568429983794803,0.795861188392071,0.16401552630547275,2.5560531018007224,0.06786119308653811,9.785762650715526
C_propfix,2.5,0.0,10.0,5,0,blend,obs,0.6026666666666667,0.8885906709858157,0.9881216343652649,0.9984607662721036,0.7687266426665065,0.9505570056931323,0.887146358180937,0.9250234239592483,0.9939211468188144,0.9860722726697594,0.8548471269635081,0.979575448460072,0.9378797023836207,0.9125385315353425,0.8891768221834889,0.31047468247747156,38.35656268008139,4.777254257377339,0.8029263582437489,0.16227785923872348,2.6012118731419354,0.056965708729637556,9.716330472641852
C_propfix,2.5,0.0,10.0,6,0,blend,obs,0.6173333333333333,0.8664307323987851,0.982966364184181,0.9968719396846247,0.7648501196893461,0.9489023988449701,0.8807371813580318,0.9208998720933268,0.9932364314515911,0.9849060255068298,0.8520357616149878,0.9788662400516016,0.93708521094998,0.9075645449247473,0.8965261818677728,0.720127672194098,13.878988797167281,4.679704956694922,0.82114354196612,0.1519688824953661,2.7453597240177805,0.01137117718930984,9.768578638636072
C_propfix,2.5,0.0,10.0,7,0,blend,obs,0.6036666666666667,0.8923028275975226,0.9891059462217983,0.9985768307864408,0.7487865461472609,0.9416617705164869,0.8706220068764641,0.9161999937655787,0.992441596278812,0.9821800406522637,0.8428863874201401,0.9765810332740389,0.9288909802641635,0.9048894368555613,0.8850838401852666,0.5579340187650398,22.95763795491773,5.388834242812757,0.7969731279597302,0.16604119309694312,2.676681789661231,0.07107429723958628,9.841131045034452
C_propfix,2.5,0.25,10.0,0,0,blend,obs,0.601,0.930256203556783,0.9955838828216789,0.9893909881959205,0.7602067365835892,0.9458745164699661,0.8786540283926453,0.9096917334991979,0.9911938087959155,0.980139413618062,0.8528830244028861,0.9783048583092254,0.9361928645083033,0.9215211550416889,0.8865874177690789,0.17416039929397656,87.27431160974103,5.490508238299323,0.7633923503526796,0.18109343527734575,2.6325948560035535,0.19855224232667834,7.642867254163505
C_propfix,2.5,0.25,10.0,1,0,blend,obs,0.5986666666666667,0.9111022492070696,0.9928834131403824,0.9837051162268432,0.7548760969542557,0.9448158765770974,0.8781613378532487,0.9104575755002206,0.9914852747396455,0.9816631699663745,0.8475596838544923,0.9777567131158573,0.9334442365946873,0.9164437162953692,0.8829475525389512,0.6475011869134801,16.437474118439802,5.5673964500997,0.7715775736409444,0.1786365889969189,2.511986070367585,0.20088733701190453,7.693911896878819
C_propfix,2.5,0.25,10.0,2,0,blend,obs,0.6093333333333333,0.9103902173519095,0.9925927536041181,0.9818375262233638,0.7603180194362702,0.9458543516602631,0.8773217160033844,0.9123105628803935,0.9915317584888291,0.9813972934610706,0.8476108146989398,0.9775354551877643,0.932171842745757,0.9077543436238582,0.8938729107505465,0.6343649471849978,22.707094661061735,5.017571440185275,0.7670870176473663,0.17818087542500677,2.5009600337902422,0.19683724032448477,7.628207706121403
C_propfix,2.5,0.25,10.0,3,0,blend,obs,0.596,0.9312596182991666,0.9953198488442992,0.9909403466734931,0.781130965499501,0.9547921589342745,0.8983880063471038,0.9170634154305959,0.9925404662960589,0.9870531732335425,0.8652273412174775,0.9816409523547743,0.9497569549599754,0.9233468815429209,0.8997044666424926,0.39880145045725657,36.08067342278761,4.491729199201106,0.757956185719243,0.18412915993906143,2.3838745389861447,0.2121680476931204,7.715107896522251
C_propfix,2.5,0.25,10.0,4,0,blend,obs,0.5986666666666667,0.9247386159196037,0.9950388798316122,0.9888015472007584,0.7561730585539719,0.9447581031936684,0.8825554442566287,0.9128190122725528,0.9918152300412475,0.9839538109746704,0.8487925132252547,0.9776416383939204,0.9388157808571866,0.9161968358610116,0.8894348097024622,0.4997533048435779,26.633780109783938,5.024619681614863,0.7688352300054014,0.1786616405126581,2.5589751884433576,0.1935567029512425,7.6209307897827125
C_propfix,2.5,0.25,10.0,5,0,blend,obs,0.6026666666666667,0.9300594396266184,0.9956136435345705,0.9912093307854509,0.7687266426665065,0.9505570056931323,0.887146358180937,0.9250234239592483,0.9939211468188144,0.9860722726697594,0.8592014339690512,0.9806110925162151,0.9418986481564405,0.9182291155190891,0.8867390563045922,0.33598302229677685,36.57435612978793,4.931796101335645,0.7699279767030944,0.17891395035895077,2.537263443430239,0.19504116739355506,7.56115513230546
C_propfix,2.5,0.25,10.0,6,0,blend,obs,0.6173333333333333,0.9238325805895238,0.9945974714674135,0.9937521881139313,0.7648501196893461,0.9489023988449701,0.8807371813580318,0.9208998720933268,0.9932364314515911,0.9849060255068298,0.8579082945407159,0.9802165082621376,0.9415798736691741,0.915062872980231,0.8899979939923365,0.7099039995671396,13.73447857098158,5.009409604720393,0.7909925045717596,0.1685304474189973,2.699075818505693,0.15730433800118673,7.482698573152994
C_propfix,2.5,0.25,10.0,7,0,blend,obs,0.6036666666666667,0.9170861695853215,0.994177830267555,0.9845962336832085,0.7487865461472609,0.9416617705164869,0.8706220068764641,0.9161999937655787,0.992441596278812,0.9821800406522637,0.8466872142016899,0.9776255441519225,0.9328224676201495,0.9099246074389395,0.8832708978568079,0.5941998231917449,20.693124667447208,5.6836505711849865,0.7634818804251562,0.18213329128764208,2.6057711578248512,0.2051519700806747,7.696343910690475
C_propfix,2.5,0.5,10.0,0,0,blend,obs,0.601,0.882581702532203,0.9868888568251283,0.9575190972016149,0.7602067365835892,0.9458745164699661,0.8786540283926453,0.9096917334991979,0.9911938087959155,0.980139413618062,0.8343689599711973,0.9726038758898177,0.9264640948637415,0.9070431768308047,0.9089476600413419,0.655393872998285,25.89907613626185,4.277293116218118,0.6903295398785372,0.2090164539238327,2.025028326432507,0.3714026772248012,6.386766073594336
C_propfix,2.5,0.5,10.0,1,0,blend,obs,0.5986666666666667,0.8685134890477417,0.9837905809900614,0.9451403750262019,0.7548760969542557,0.9448158765770974,0.8781613378532487,0.9104575755002206,0.9914852747396455,0.9816631699663745,0.8330145297765879,0.9730578102575659,0.9243584556669936,0.906155495877714,0.8992095752930784,0.8239799778526553,8.165085002771843,4.612921928076872,0.707074460410362,0.20459420476375964,1.9944269650158628,0.3687560053223151,6.426218972164329
C_propfix,2.5,0.5,10.0,2,0,blend,obs,0.6093333333333333,0.8692867878443864,0.9833954648890078,0.9444856289455195,0.7603180194362702,0.9458543516602631,0.8773217160033844,0.9123105628803935,0.9915317584888291,0.9813972934610706,0.8342902419456213,0.9730865216600544,0.923224905975256,0.897085750241759,0.907121563273513,0.8537537678475366,6.440969533747975,4.233519584386821,0.7022219307548114,0.2037984765555613,2.0092749383433257,0.3670634346452652,6.354381707957344
C_propfix,2.5,0.5,10.0,3,0,blend,obs,0.596,0.8948549564560595,0.9890356012507372,0.9632182616464131,0.781130965499501,0.9547921589342745,0.8983880063471038,0.9170634154305959,0.9925404662960589,0.9870531732335425,0.8484251375457448,0.9768760612234805,0.9406092183449027,0.9099978447391284,0.9166867142422173,0.7878081515356359,12.63911724431096,3.7956189699747895,0.6846807373690389,0.2105242308131464,1.817566059041471,0.38245502837586226,6.50519820084132
C_propfix,2.5,0.5,10.0,4,0,blend,obs,0.5986666666666667,0.8793781243977222,0.9864617511108549,0.9554485840632608,0.7561730585539719,0.9447581031936684,0.8825554442566287,0.9128190122725528,0.9918152300412475,0.9839538109746704,0.8340213253129355,0.972828382819317,0.930591758819291,0.9049060779414199,0.9034073320454968,0.789447997327379,11.501284802879404,4.215181755733797,0.7049400106549067,0.20556877885980845,2.029590571670166,0.36252716123867246,6.322676718007269
C_propfix,2.5,0.5,10.0,5,0,blend,obs,0.6026666666666667,0.8829189101742504,0.9870680741974793,0.9572499887281419,0.7687266426665065,0.9505570056931323,0.887146358180937,0.9250234239592483,0.9939211468188144,0.9860722726697594,0.8426789519288423,0.9755956103943548,0.9320673800042226,0.9047027049587189,0.9038669410522168,0.747850130058324,12.294079149926151,4.110036497078129,0.6990073944289363,0.20736873438735365,1.9177361702070062,0.3744528401284677,6.298055488371514
C_propfix,2.5,0.5,10.0,6,0,blend,obs,0.6173333333333333,0.8892962581248229,0.9886476541826,0.9613204852193478,0.7648501196893461,0.9489023988449701,0.8807371813580318,0.9208998720933268,0.9932364314515911,0.9849060255068298,0.8438379349091389,0.9757813855659303,0.933496329756588,0.9045992684555588,0.903100776081594,0.8479287225790625,7.897951970205086,4.134934791561257,0.7190136287354851,0.1989202374273531,2.134973289566199,0.3478833229837268,6.111965838597812
C_propfix,2.5,0.5,10.0,7,0,blend,obs,0.6036666666666667,0.8627173997489055,0.9827844483510224,0.9435957307155163,0.7487865461472609,0.9416617705164869,0.8706220068764641,0.9161999937655787,0.992441596278812,0.9821800406522637,0.829084870620376,0.9719096322513975,0.9216297983530595,0.8949339350690225,0.9018173341133655,0.7993676247332515,11.310664119051463,4.68925532483752,0.6963122289308538,0.20828536659572386,2.0385066112437684,0.3757817597698552,6.413565096349879
C_propfix,2.5,0.75,10.0,0,0,blend,obs,0.601,0.8120745087872168,0.9665508725750899,0.9015542757248753,0.7602067365835892,0.9458745164699661,0.8786540283926453,0.9096917334991979,0.9911938087959155,0.980139413618062,0.7915289300302629,0.9584836116037327,0.8908686731368445,0.8591667573667578,0.9509811455508713,0.9600783356754248,4.6983454086449985,2.9227125972880565,0.5918213448207319,0.2298308013331389,1.022686021723001,0.5565833257730083,7.732113658837522
C_propfix,2.5,0.75,10.0,1,0,blend,obs,0.5986666666666667,0.8044702739912728,0.9641698726596624,0.8885863595213778,0.7548760969542557,0.9448158765770974,0.8781613378532487,0.9104575755002206,0.9914852747396455,0.9816631699663745,0.7938668802374063,0.9604074266606175,0.8919258311975778,0.8647231860388669,0.9369672741627915,0.9474718105100216,3.6557179450164314,3.4171850990189228,0.6204295814249458,0.22511305328487727,1.0347109170468913,0.5431387480245891,7.750547537125991
C_propfix,2.5,0.75,10.0,2,0,blend,obs,0.6093333333333333,0.8066364372605062,0.9638905762256735,0.8893941273167426,0.7603180194362702,0.9458543516602631,0.8773217160033844,0.9123105628803935,0.9915317584888291,0.9813972934610706,0.7950575228409837,0.9598418239895751,0.8901929036837184,0.8551170105408166,0.9417771796715247,0.9570486104329379,3.5065891602440655,3.092432854446871,0.6133995451863691,0.22453313215111387,1.0143898128350346,0.5450236177649902,7.701765562474157
C_propfix,2.5,0.75,10.0,3,0,blend,obs,0.596,0.8298651701586528,0.9720807060001887,0.9146023932052743,0.781130965499501,0.9547921589342745,0.8983880063471038,0.9170634154305959,0.9925404662960589,0.9870531732335425,0.8109316991275213,0.9656907623900094,0.9109631362734232,0.8673222334732633,0.9537223273695138,0.9631607618376505,4.029274116981686,2.8412183677018468,0.5898915394895194,0.22952923873603898,0.8793390616695077,0.5593415399437698,7.776656579285871
C_propfix,2.5,0.75,10.0,4,0,blend,obs,0.5986666666666667,0.8123403205375702,0.9669278905383076,0.901006847793208,0.7561730585539719,0.9447581031936684,0.8825554442566287,0.9128190122725528,0.9918152300412475,0.9839538109746704,0.7938358314752845,0.9596140216915914,0.89782546051838,0.8604333736747839,0.9418694775851378,0.9578156021079642,3.11804249203214,3.280800452557321,0.6063432766798126,0.22710680528376057,0.9749492683542139,0.5455319250552816,7.696108247186792
C_propfix,2.5,0.75,10.0,5,0,blend,obs,0.6026666666666667,0.8151622235949623,0.9678413960308833,0.903438818169119,0.7687266426665065,0.9505570056931323,0.887146358180937,0.9250234239592483,0.9939211468188144,0.9860722726697594,0.8030107783955343,0.9634518125320153,0.9011947360250107,0.8612006298993868,0.9446766910836991,0.95271255583455,4.2726238417055775,3.101250082821286,0.6026770468313832,0.2285519609675952,0.9146714572284662,0.5593673380700016,7.679524905849624
C_propfix,2.5,0.75,10.0,6,0,blend,obs,0.6173333333333333,0.8180019754425915,0.9686460653363428,0.9032314905380444,0.7648501196893461,0.9489023988449701,0.8807371813580318,0.9208998720933268,0.9932364314515911,0.9849060255068298,0.8022950679242393,0.9625968867204282,0.9010690972432714,0.8599520982181003,0.9459193125338528,0.9628074677871641,3.6783157891592753,2.787525015617363,0.6130767378330988,0.22329625048028837,1.0892241233215478,0.5439243205648397,7.563287439390028
C_propfix,2.5,0.75,10.0,7,0,blend,obs,0.6036666666666667,0.7939160615585799,0.9607224049627744,0.8832413043567525,0.7487865461472609,0.9416617705164869,0.8706220068764641,0.9161999937655787,0.992441596278812,0.9821800406522637,0.7795264646337509,0.9548338573525862,0.8801605014422005,0.8416338617664649,0.9455946632642481,0.9520924225809377,4.353516846726488,3.1477164249146776,0.6002382877462697,0.22834313707814538,0.9341028686507493,0.5580478658975206,7.740814975174325
C_propfix,2.5,1.0,10.0,0,0,blend,obs,0.601,0.7587270305733729,0.9477449925642313,0.8363918332502622,0.7602067365835892,0.9458745164699661,0.8786540283926453,0.9096917334991979,0.9911938087959155,0.980139413618062,0.7508469152348008,0.9445179531402118,0.8425411041408213,0.8092638229725067,0.937452082360487,0.9526263343305725,3.079983955102189,3.391612449337489,0.6023387179355303,0.22819108804236196,0.2835546619382667,0.7136058189397014,9.982152246902048
C_propfix,2.5,1.0,10.0,1,0,blend,obs,0.5986666666666667,0.7559378832107111,0.9465940476628737,0.8285739497670824,0.7548760969542557,0.9448158765770974,0.8781613378532487,0.9104575755002206,0.9914852747396455,0.9816631699663745,0.7523163075663379,0.9460829787485786,0.8467776202801173,0.8153175314977117,0.9379399314978588,0.9472629185232122,3.6029806618324587,3.504753979004012,0.6053231063492885,0.22566245637431284,0.30023066970009116,0.6896942064033322,9.962149790455053
C_propfix,2.5,1.0,10.0,2,0,blend,obs,0.6093333333333333,0.7574133753959038,0.9462678145687802,0.8279404604439303,0.7603180194362702,0.9458543516602631,0.8773217160033844,0.9123105628803935,0.9915317584888291,0.9813972934610706,0.7545152215553155,0.9460385567329531,0.8465580609927109,0.8049805159823431,0.9393773673778901,0.7989859891263376,20.117287616618423,3.3088445326455327,0.6161487778283955,0.22382514544838614,0.27839541595018735,0.7023684743795059,9.97013124975159
C_propfix,2.5,1.0,10.0,3,0,blend,obs,0.596,0.7796190692524475,0.9560969369358396,0.8583660390173299,0.781130965499501,0.9547921589342745,0.8983880063471038,0.9170634154305959,0.9925404662960589,0.9870531732335425,0.7695042925988653,0.9528660824598064,0.8678410641084153,0.8161737010547485,0.9426615355328608,0.9194745099157349,8.197954669947627,3.2938048636865007,0.6103303283348469,0.22720062061141297,0.22093814912200205,0.7115751678550906,9.987338593548893
C_propfix,2.5,1.0,10.0,4,0,blend,obs,0.5986666666666667,0.7603377253132376,0.9489452142502283,0.8363548576170613,0.7561730585539719,0.9447581031936684,0.8825554442566287,0.9128190122725528,0.9918152300412475,0.9839538109746704,0.7524397014518123,0.9457767082878601,0.8517397449224317,0.8094877819807438,0.9387309301682076,0.9431128657955575,3.7428462343199174,3.4774044750599233,0.6146676538487151,0.22502537237307543,0.293058547035829,0.7042488888825614,9.976752809401724
C_propfix,2.5,1.0,10.0,5,0,blend,obs,0.6026666666666667,0.7629403086350645,0.9501323137643345,0.8411607523072789,0.7687266426665065,0.9505570056931323,0.887146358180937,0.9250234239592483,0.9939211468188144,0.9860722726697594,0.7616735479742306,0.9501777951044997,0.857659763081556,0.8119649828043061,0.9436815589656954,0.9515005561403097,4.0280016170090525,3.077195128435552,0.600357007632001,0.22773939198684268,0.20328559698225168,0.7217968182190045,9.983467601682808
C_propfix,2.5,1.0,10.0,6,0,blend,obs,0.6173333333333333,0.7620401646102808,0.9488876932474625,0.8337597668335587,0.7648501196893461,0.9489023988449701,0.8807371813580318,0.9208998720933268,0.9932364314515911,0.9849060255068298,0.7619038209868338,0.9494110015486188,0.8588224824315224,0.811903057723683,0.9555224171815424,0.9612880172132473,5.023573706509683,2.744050813235262,0.5763345117059625,0.22422943377116045,0.3179911806136604,0.7116141279201997,9.984446475242986
C_propfix,2.5,1.0,10.0,7,0,blend,obs,0.6036666666666667,0.7451000562804798,0.9421658495783531,0.8209222221095328,0.7487865461472609,0.9416617705164869,0.8706220068764641,0.9161999937655787,0.992441596278812,0.9821800406522637,0.7374570278309271,0.9393241835974043,0.8302265729299665,0.7925344016077442,0.9333246029871126,0.8867597868100561,7.780980861918598,3.709115316612029,0.6157931693942122,0.22494712650256382,0.22571493795280928,0.708800005834809,9.970566533289164
C_propfix,3.0,0.0,10.0,0,0,blend,obs,0.603,0.8922188269282564,0.9888265488460659,0.9979837959816686,0.7414519719977307,0.9367325700208131,0.8647008216080868,0.8868053627847106,0.9861937790887924,0.9679589706480353,0.8254512290922759,0.9693886754859143,0.91416212149373,0.9139920007395009,0.8910019994394671,0.365334552768809,48.04360580788822,5.206748408857838,0.8119761301710497,0.1555789666188678,3.1181404193355813,0.07185648557234829,9.73982991828793
C_propfix,3.0,0.0,10.0,1,0,blend,obs,0.5963333333333334,0.8769599436426996,0.9856773871338119,0.9980416536413351,0.7308199767075563,0.9329669225930087,0.8583997261535545,0.8732083280382181,0.9831335730526408,0.9607928366379914,0.8180488260977534,0.9678444774167756,0.9091620087808696,0.9251420074605674,0.8856017053188381,0.6230939203767596,14.382973283563743,5.234801874002913,0.8334721915144343,0.1472192823080599,3.2282480229362562,0.025369154841095004,9.816284545746843
C_propfix,3.0,0.0,10.0,2,0,blend,obs,0.6073333333333333,0.8803185122543016,0.9862902387499944,0.9954445680646528,0.7414656368792716,0.9367643117403853,0.860295564453576,0.8942617582240795,0.9877084632705275,0.9710600977539504,0.8254580449610407,0.9701985654935853,0.9109082954494508,0.9037004599459928,0.8902426195168869,0.29982197018644074,58.20824036269942,5.262778310656296,0.8171373646750991,0.15520502762759167,2.9545019249574067,0.06572886510340888,9.785541525106039
C_propfix,3.0,0.0,10.0,3,0,blend,obs,0.5943333333333334,0.8931169086555774,0.9889318208668073,0.9968811282439326,0.7454894206281577,0.9385925576425056,0.8762757868125832,0.8867437674870027,0.9863687892014142,0.9755539934371817,0.8357438866849914,0.9728986909808107,0.9303038119873868,0.9247688899082546,0.8898789932517552,0.07770030015983759,135.82612533580377,4.975165610000817,0.8263834323158877,0.152730339332857,3.1321321739043686,0.056145174290366036,9.79888251820301
C_propfix,3.0,0.0,10.0,4,0,blend,obs,0.5936666666666667,0.8964112674285317,0.9897982084584309,0.9990959747574839,0.7380527681961363,0.9360742157690665,0.8687595196669248,0.901311320130929,0.9896209385327742,0.9785098633185537,0.8258091296132386,0.9707099612292521,0.9217806659720889,0.9053421769946325,0.8953748354419977,0.2224479199581648,53.803610038944704,4.789800625794392,0.8101404442757593,0.1584781774525432,2.9444882515906463,0.06920600481113857,9.793243380331669
C_propfix,3.0,0.0,10.0,5,0,blend,obs,0.6016666666666667,0.8783386230684638,0.9857670308073401,0.9954473128077658,0.7455467558336333,0.9396464971143258,0.8689783870295196,0.8886794534725371,0.9867587714280831,0.9680614485076889,0.8313931209597734,0.971741384916117,0.9192351911080134,0.9259374735970405,0.8859772288857723,0.1115403972288989,109.49305192459305,5.030030773354213,0.8278612408581463,0.15266298054046792,3.117565422948196,0.06139168555722829,9.775662075279085
C_propfix,3.0,0.0,10.0,6,0,blend,obs,0.6143333333333333,0.8769892805878752,0.9854824926593717,0.9969543146487493,0.7456683482085398,0.9397903871428176,0.865653995044991,0.9012676064144141,0.989489710840638,0.9766988285813027,0.8228352261111422,0.9696241753740874,0.9163233809264827,0.900960416370359,0.907408774338375,0.7322529151255935,16.458928982773323,4.278238246429458,0.8037349385724958,0.15741788869456172,2.8122073269301335,0.08503612394315135,9.789153140994015
C_propfix,3.0,0.0,10.0,7,0,blend,obs,0.6016666666666667,0.8958647374017281,0.9897802275025472,0.9991099979749452,0.7215200190961615,0.9278863843018467,0.8496374967860413,0.8741148530830418,0.9832436798607096,0.9631039177055036,0.8074766712145011,0.9637731173669318,0.9033383284414686,0.9130892931475165,0.8924029490485821,0.5680679440640919,24.295656144510286,4.8113073782670925,0.8091099804123831,0.16044594213678984,3.0312978107738466,0.07661321042340619,9.796180169810313
C_propfix,3.0,0.25,10.0,0,0,blend,obs,0.603,0.9286297597608971,0.9954086171060409,0.9893506825265513,0.7414519719977307,0.9367325700208131,0.8647008216080868,0.8868053627847106,0.9861937790887924,0.9679589706480353,0.8310563115974445,0.971080654111076,0.9191724046510943,0.920849815914733,0.885240955341002,0.36496663507379623,48.284551683772214,5.675706005868333,0.7826085543919546,0.17200226161677531,3.063726019032145,0.20575774474952988,7.62770010541763
C_propfix,3.0,0.25,10.0,1,0,blend,obs,0.5963333333333334,0.921832459766802,0.9944960869824588,0.9895592903902959,0.7308199767075563,0.9329669225930087,0.8583997261535545,0.8732083280382181,0.9831335730526408,0.9607928366379914,0.8254524041494818,0.9700041796737955,0.9163341012102457,0.9344477055650632,0.8787875096411999,0.6268081738869271,14.478708781460897,5.711580645720824,0.8044282912504576,0.16486083034922286,3.175303024184922,0.16846290331776603,7.5414957635242645
C_propfix,3.0,0.25,10.0,2,0,blend,obs,0.6073333333333333,0.9067085475390525,0.9918849546437517,0.9801599758386669,0.7414656368792716,0.9367643117403853,0.860295564453576,0.8942617582240795,0.9877084632705275,0.9710600977539504,0.8284209043332661,0.9709684284734814,0.9149579121836974,0.9074777328235848,0.8903253545042662,0.48042004477068145,33.78363795493499,5.210592733220793,0.7855676890075831,0.171104621523835,2.8700285430469945,0.1985519502201723,7.645400823720467
C_propfix,3.0,0.25,10.0,3,0,blend,obs,0.5943333333333334,0.9356385215160943,0.9961042181480365,0.991328418631435,0.7454894206281577,0.9385925576425056,0.8762757868125832,0.8867437674870027,0.9863687892014142,0.9755539934371817,0.8382375996775464,0.9734478882190941,0.9346162500749933,0.9314996642508976,0.8876436459996055,0.10306348502931909,115.18893991269478,4.990669791393923,0.7936636571730362,0.17076565820705153,3.0136194030513166,0.19025968892156872,7.567902260235219
C_propfix,3.0,0.25,10.0,4,0,blend,obs,0.5936666666666667,0.9298684392730681,0.9957892318059797,0.9895421016519235,0.7380527681961363,0.9360742157690665,0.8687595196669248,0.901311320130929,0.9896209385327742,0.9785098633185537,0.8292057287646007,0.9716409417716367,0.9258786709014473,0.9101098833477689,0.8930038944526953,0.26952734905464826,49.14005369226564,4.987248233199308,0.778652295053198,0.17437823870593536,2.85162100662801,0.198305336563818,7.6238824148007005
C_propfix,3.0,0.25,10.0,5,0,blend,obs,0.6016666666666667,0.9200423807099118,0.9940687308788713,0.9877075953677483,0.7455467558336333,0.9396464971143258,0.8689783870295196,0.8886794534725371,0.9867587714280831,0.9680614485076889,0.8365101111732418,0.9732279625473482,0.9240351739670813,0.9322639779984291,0.8816101800884749,0.12646855260280945,100.62204925338328,5.320297487973371,0.796319150662386,0.16898818503311172,3.0482100012912126,0.19784299068390224,7.572084752434239
C_propfix,3.0,0.25,10.0,6,0,blend,obs,0.6143333333333333,0.9140560119444459,0.9932804692907566,0.98697232585898,0.7456683482085398,0.9397903871428176,0.865653995044991,0.9012676064144141,0.989489710840638,0.9766988285813027,0.8247063207003406,0.9701886417270529,0.9189852045782817,0.9036535590047299,0.9066991101425858,0.7339313758048752,15.81637522360239,4.237940927277664,0.7736144283938244,0.17160425977442226,2.7672932594680324,0.21233730235704676,7.702330407667313
C_propfix,3.0,0.25,10.0,7,0,blend,obs,0.6016666666666667,0.920056305552457,0.9945830897477832,0.9848039933652272,0.7215200190961615,0.9278863843018467,0.8496374967860413,0.8741148530830418,0.9832436798607096,0.9631039177055036,0.8123435593330568,0.9654784483932578,0.9091910556983525,0.919305769134191,0.8896414356229229,0.6205095162197849,19.619908969243067,5.131382137526777,0.7788646136371539,0.17563770887811386,2.9860622653597426,0.20810750880856116,7.610314197564722
C_propfix,3.0,0.5,10.0,0,0,blend,obs,0.603,0.879307742678121,0.9859946947489222,0.9549263007925816,0.7414519719977307,0.9367325700208131,0.8647008216080868,0.8868053627847106,0.9861937790887924,0.9679589706480353,0.8184265108483639,0.9666373457068559,0.9135980612747736,0.911938210013836,0.9005341720955263,0.7022845976404662,20.715866895370947,4.755211705830892,0.7138533008991799,0.20060104003832005,2.4799619667837614,0.37767659895973726,6.389767571258525
C_propfix,3.0,0.5,10.0,1,0,blend,obs,0.5963333333333334,0.8737032108393596,0.9848237175346702,0.9494907695571758,0.7308199767075563,0.9329669225930087,0.8583997261535545,0.8732083280382181,0.9831335730526408,0.9607928366379914,0.8141329047718964,0.9657301329460102,0.9099657988709882,0.9279079591998926,0.8899765859609778,0.7782699755500526,8.512425518723555,4.907864679116464,0.7386085902517402,0.19497887166793687,2.5825379600712393,0.35321527273505904,6.187773020834865
C_propfix,3.0,0.5,10.0,2,0,blend,obs,0.6073333333333333,0.8639096594145428,0.9816780701738099,0.9387223655581053,0.7414656368792716,0.9367643117403853,0.860295564453576,0.8942617582240795,0.9877084632705275,0.9710600977539504,0.8158954437080227,0.9662216585516976,0.9067249227070903,0.8968205843302591,0.9024645775006789,0.8053977071735324,9.29202662380514,4.367709053222263,0.7220581685082719,0.19825350319360124,2.342173892685831,0.3718577190965999,6.370665427782453
C_propfix,3.0,0.5,10.0,3,0,blend,obs,0.5943333333333334,0.8860801949005148,0.9871828717653826,0.9587487217357139,0.7454894206281577,0.9385925576425056,0.8762757868125832,0.8867437674870027,0.9863687892014142,0.9755539934371817,0.8222563972679044,0.9679861728873891,0.925718668066883,0.9194902330196496,0.9023737226001722,0.5516406020117008,31.287242805345713,4.246178454525451,0.7202938277192014,0.20095515975217726,2.317879446524541,0.3675611196746091,6.249136386968687
C_propfix,3.0,0.5,10.0,4,0,blend,obs,0.5936666666666667,0.8771910507575761,0.9858894772978664,0.9547717471059654,0.7380527681961363,0.9360742157690665,0.8687595196669248,0.901311320130929,0.9896209385327742,0.9785098633185537,0.8187414219296512,0.9678172112630824,0.9198201068274614,0.9016673879108119,0.9022593861698129,0.585200012467594,22.97741395976772,4.442035839307764,0.7160509322955506,0.20116936394873047,2.365476272905267,0.3687646388119548,6.315134856408587
C_propfix,3.0,0.5,10.0,5,0,blend,obs,0.6016666666666667,0.8774879364175009,0.9855599916761525,0.9520593264613579,0.7455467558336333,0.9396464971143258,0.8689783870295196,0.8886794534725371,0.9867587714280831,0.9680614485076889,0.8239831165371114,0.9689704398608798,0.9174024037722052,0.9229268888140204,0.8959994675349668,0.4869215243038631,35.79824790270196,4.498684403550311,0.7266229325791909,0.19847346283536013,2.4435302293451016,0.3767098977042766,6.25290587371074
C_propfix,3.0,0.5,10.0,6,0,blend,obs,0.6143333333333333,0.8760617612601062,0.9856346103403976,0.9509253805265241,0.7456683482085398,0.9397903871428176,0.865653995044991,0.9012676064144141,0.989489710840638,0.9766988285813027,0.8181977623371144,0.9675978444778707,0.9146233585733389,0.8987971597298816,0.9110006845904957,0.8216113672122235,11.177934206850647,3.9883747896011355,0.7180070260477753,0.19669715511479072,2.365273786661705,0.379373328635282,6.4972697577205505
C_propfix,3.0,0.5,10.0,7,0,blend,obs,0.6016666666666667,0.8600762323453631,0.9815270883767698,0.9419949592506333,0.7215200190961615,0.9278863843018467,0.8496374967860413,0.8741148530830418,0.9832436798607096,0.9631039177055036,0.7999041271624993,0.9605260662544651,0.9023763449628852,0.9100155162600051,0.9011931187217112,0.7957972447074689,11.81785219973606,4.457871115638791,0.7154498777222731,0.2021364679698572,2.4182535272584977,0.37931080340480827,6.320825106935655
C_propfix,3.0,0.75,10.0,0,0,blend,obs,0.603,0.8074198831746109,0.96422057058018,0.8972417354458205,0.7414519719977307,0.9367325700208131,0.8647008216080868,0.8868053627847106,0.9861937790887924,0.9679589706480353,0.7784466579245753,0.9520589450136674,0.8819133496180166,0.8671594012717605,0.9443986393059135,0.9520001693456145,3.938986549230536,3.008392784377918,0.6124018864535425,0.22622658932180806,1.3237984954555573,0.5590897554156502,7.722623676061285
C_propfix,3.0,0.75,10.0,1,0,blend,obs,0.5963333333333334,0.8001136846161141,0.9618229302108223,0.8853413649414027,0.7308199767075563,0.9329669225930087,0.8583997261535545,0.8732083280382181,0.9831335730526408,0.9607928366379914,0.7759397315150194,0.9518816946816673,0.8779452670554757,0.88579739242865,0.9302520534283462,0.9351867478520666,3.857484476331121,3.5501871848400413,0.6385097663074509,0.22220867101383157,1.381079968609914,0.5418805537886837,7.603425566875369
C_propfix,3.0,0.75,10.0,2,0,blend,obs,0.6073333333333333,0.7986686121455564,0.9601101853667544,0.8796217982200574,0.7414656368792716,0.9367643117403853,0.860295564453576,0.8942617582240795,0.9877084632705275,0.9710600977539504,0.7812475562842419,0.9534878926795202,0.877303157018838,0.8585405854886687,0.9362737463717368,0.9487119756021783,3.504087782263074,3.2522519003942083,0.6288451933452484,0.22219455114305173,1.2770093771876518,0.54885043678378,7.721538633604362
C_propfix,3.0,0.75,10.0,3,0,blend,obs,0.5943333333333334,0.8155242400961817,0.9666805592071035,0.9044805945700827,0.7454894206281577,0.9385925576425056,0.8762757868125832,0.8867437674870027,0.9863687892014142,0.9755539934371817,0.7848001591283403,0.9547085171291586,0.8946056569608393,0.8764162338990433,0.9413042833343965,0.9498854299051239,4.553143168164993,3.101544660895407,0.6164614585575169,0.2259819119756626,1.1989355525254823,0.5513716457269143,7.6408703897171275
C_propfix,3.0,0.75,10.0,4,0,blend,obs,0.5936666666666667,0.8065978947190326,0.9646605924834994,0.8968427521786198,0.7380527681961363,0.9360742157690665,0.8687595196669248,0.901311320130929,0.9896209385327742,0.9785098633185537,0.7809672652489257,0.9543301543257476,0.8877393778981045,0.8599565052621636,0.9379404883534971,0.9395065700496857,4.909024242487798,3.36288425918511,0.6209867717714882,0.2254011290584167,1.26512839348842,0.5500865712825281,7.69458151676987
C_propfix,3.0,0.75,10.0,5,0,blend,obs,0.6016666666666667,0.8072980879658262,0.964468626962952,0.8947169376359435,0.7455467558336333,0.9396464971143258,0.8689783870295196,0.8886794534725371,0.9867587714280831,0.9680614485076889,0.7861827387496192,0.9559201562484174,0.8874651039199296,0.8798382508481808,0.9375995708155404,0.9291820857417317,5.780865578866313,3.225617782258162,0.6225232095875011,0.22482182343804316,1.2941433984297925,0.5636291983356484,7.663133741781525
C_propfix,3.0,0.75,10.0,6,0,blend,obs,0.6143333333333333,0.8085594258697483,0.9649874399608473,0.8924065993078714,0.7456683482085398,0.9397903871428176,0.865653995044991,0.9012676064144141,0.989489710840638,0.9766988285813027,0.7861789977334209,0.9560271420872318,0.8871113392363816,0.86396450995603,0.9412401926528049,0.9481734830413554,5.1296438283879935,3.0133034734812676,0.6278898267686699,0.22052405394921223,1.3547791898338706,0.5569234629102132,7.787795389847487
C_propfix,3.0,0.75,10.0,7,0,blend,obs,0.6016666666666667,0.7863209744270733,0.9565370196580033,0.877464262769883,0.7215200190961615,0.9278863843018467,0.8496374967860413,0.8741148530830418,0.9832436798607096,0.9631039177055036,0.7577983678924634,0.9441234181136088,0.8640040093833508,0.8614324465273618,0.9421817209498274,0.937799476739362,5.940120399344625,3.05242221279017,0.6197487221687781,0.22521940416916436,1.2498264793074472,0.56048330891405,7.682176602360949
C_propfix,3.0,1.0,10.0,0,0,blend,obs,0.603,0.7548933365775697,0.9448307128623387,0.8330889555589601,0.7414519719977307,0.9367325700208131,0.8647008216080868,0.8868053627847106,0.9861937790887924,0.9679589706480353,0.7408954326947993,0.938734027745307,0.8365448598057955,0.818157101906201,0.943777269931135,0.9572624157141824,3.307026163818709,3.1396562575857843,0.5933899863496215,0.22835157945541923,0.5034245632731342,0.712525892641518,9.985355632811956
C_propfix,3.0,1.0,10.0,1,0,blend,obs,0.5963333333333334,0.7466320959866617,0.9414555462821689,0.8167308952148147,0.7308199767075563,0.9329669225930087,0.8583997261535545,0.8732083280382181,0.9831335730526408,0.9607928366379914,0.7359466829801011,0.9377491092103875,0.8311578199189688,0.8322608699640489,0.9381942223413583,0.9482114837037932,3.8740508644937246,3.549855606827695,0.6009859777085307,0.2255624970438554,0.5506446526371778,0.6976138699976124,9.967522794672849
C_propfix,3.0,1.0,10.0,2,0,blend,obs,0.6073333333333333,0.7510630498664965,0.9423075215342365,0.8197993801137724,0.7414656368792716,0.9367643117403853,0.860295564453576,0.8942617582240795,0.9877084632705275,0.9710600977539504,0.7431691924191011,0.9399217273628205,0.83456127958803,0.8089300149886991,0.9413632661980986,0.8111891825463434,19.479816445137658,3.3733862206742375,0.6107199499048602,0.22483963369071053,0.49115910016745024,0.7028724977439897,9.970419640555782
C_propfix,3.0,1.0,10.0,3,0,blend,obs,0.5943333333333334,0.7624046069647072,0.9477447688916801,0.8416773997611368,0.7454894206281577,0.9385925576425056,0.8762757868125832,0.8867437674870027,0.9863687892014142,0.9755539934371817,0.7455648181061578,0.9413573450541292,0.8510582475683148,0.8236325856287934,0.943221712879807,0.923835203337564,8.250626490888001,3.1734476109161993,0.6044847000637353,0.2274344682770729,0.4402053458770558,0.7122944431840764,9.988415244427216
C_propfix,3.0,1.0,10.0,4,0,blend,obs,0.5936666666666667,0.7544682416333135,0.9459604946981643,0.8308605838948506,0.7380527681961363,0.9360742157690665,0.8687595196669248,0.901311320130929,0.9896209385327742,0.9785098633185537,0.7409635252891579,0.9401998092180869,0.8412703527107549,0.809874857101424,0.9379690972983044,0.9434460147393041,3.6396946042676834,3.5994242783380845,0.609325534916692,0.2260296303585397,0.48304266033851745,0.7073072932514767,9.98172753670085
C_propfix,3.0,1.0,10.0,5,0,blend,obs,0.6016666666666667,0.7550864874995882,0.9458521662739603,0.83138356265303,0.7455467558336333,0.9396464971143258,0.8689783870295196,0.8886794534725371,0.9867587714280831,0.9680614485076889,0.7478078287856358,0.9431702342250827,0.8448331555962402,0.8290378848091915,0.944305000512472,0.948114462433554,4.286050490121535,3.1218655991195186,0.5953256296433663,0.22735447173462112,0.5063840142398494,0.7257535143308668,9.987108062158278
C_propfix,3.0,1.0,10.0,6,0,blend,obs,0.6143333333333333,0.756186146403593,0.9453221738986691,0.8268164276153148,0.7456683482085398,0.9397903871428176,0.865653995044991,0.9012676064144141,0.989489710840638,0.9766988285813027,0.750185069873832,0.9432357555181479,0.8493276872705691,0.8196395237700917,0.9573614986663295,0.9623902015838831,4.76243534685766,2.7843581695331903,0.5726840937537957,0.22467161519224418,0.5436274397498435,0.7092521292116147,9.984567462036797
C_propfix,3.0,1.0,10.0,7,0,blend,obs,0.6016666666666667,0.7357608526503894,0.936661998235142,0.8107655617401361,0.7215200190961615,0.9278863843018467,0.8496374967860413,0.8741148530830418,0.9832436798607096,0.9631039177055036,0.7209737210696946,0.9300937038818211,0.8180100532808934,0.8130499627960385,0.9394356647100098,0.891381872490011,7.314965111456604,3.489175289767681,0.6077970305636365,0.22505767504317692,0.529787886574057,0.7120793293379742,9.972420853856011
C_propfix,4.0,0.0,10.0,0,0,blend,obs,0.6053333333333333,0.8914254874685525,0.9886928494306699,0.9981224712204894,0.7133100643170126,0.9218419586366273,0.8433927254285128,0.8408991395793164,0.9732512944131324,0.9404076579088233,0.784714862462967,0.9533955809159633,0.8871718542635203,0.9227800740471829,0.904749892885314,0.7027786038542094,14.995125954621995,4.369297757785721,0.8323863424961304,0.14470094250361232,3.8006805067359783,0.058785495062164426,9.7656850711651
C_propfix,4.0,0.0,10.0,1,0,blend,obs,0.599,0.8823840886890781,0.9869345085784588,0.9973284110080962,0.7086969451584251,0.9210921041754973,0.844506288041792,0.8410005818861774,0.9737415836446568,0.9442270275623925,0.7827930872633445,0.9539371436126639,0.8828206331365233,0.9201160494947087,0.8970706368994431,0.6378034302654715,24.17138176213103,4.838247175660665,0.8422481636753969,0.14109064035000413,3.63948380849962,0.05305150657132114,9.846052450629541
C_propfix,4.0,0.0,10.0,2,0,blend,obs,0.601,0.8688667513553964,0.9836468763853473,0.994444938784706,0.7108968772851345,0.9217597764492446,0.8331694479757035,0.851343605078591,0.9766696211982112,0.9461029557018421,0.7864414193249359,0.9560937066856033,0.882028771162506,0.9105349264623153,0.9064599503713122,0.012338841600096052,380.35987577628936,4.176194933717929,0.8312781398865995,0.1458455476421369,3.6626231084319967,0.08211763657020213,9.827334940430097
C_propfix,4.0,0.0,10.0,3,0,blend,obs,0.5993333333333334,0.8810143586277025,0.9862967388746466,0.9946671733081031,0.7386707190749287,0.9346706789398886,0.8678180880842293,0.8754520701966486,0.983191817079291,0.9693473059107836,0.8050131473375509,0.9614694014681701,0.9092695632811367,0.9061634844633017,0.9106103723109825,0.7047291874602298,21.749491780519204,4.070685614344408,0.8235349778548544,0.14962004979235266,3.2999960933353067,0.07614161224448882,9.831248062061757
C_propfix,4.0,0.0,10.0,4,0,blend,obs,0.6013333333333334,0.8942165533217213,0.9893791934277512,0.9992655642076254,0.7132430269527754,0.9227665100069653,0.850761246335476,0.8567869710540431,0.9784032167429594,0.95692831953939,0.7845669061304702,0.95441085552297,0.8929402481259865,0.9072462969478092,0.9092250859083197,0.12371044506221512,111.7133054369525,3.9549855258319457,0.8249961531045837,0.1487984937097386,3.4047303928623744,0.07719366548627694,9.771638115338666
C_propfix,4.0,0.0,10.0,5,0,blend,obs,0.6063333333333333,0.8923720092895988,0.9888774458695151,0.9977276112803117,0.7268620173508902,0.9300249951883434,0.8567329485459545,0.8834216637090271,0.9852896984419492,0.9664502973395066,0.8020826430794453,0.9614865524659073,0.9008155266936348,0.896769845453944,0.9026028069827537,0.7345057927731412,12.189781547547454,4.467395930996216,0.8175933869555482,0.15139329595915244,3.2909312089064304,0.10598292655626151,9.721234070018637
C_propfix,4.0,0.0,10.0,6,0,blend,obs,0.615,0.8790373090711071,0.9858343403321693,0.995559512693782,0.7214317268074452,0.9273959381087734,0.8489314328534987,0.8778786317241433,0.9842446645873109,0.9693075482067033,0.7972146928241028,0.9596743312062878,0.8996660458998353,0.8965871115106938,0.9080355558800648,0.5678580882452607,31.140032191301742,4.1148067364908,0.8320817935452083,0.14376694191016703,3.4650399440773603,0.08616280112809548,9.821981125976357
C_propfix,4.0,0.0,10.0,7,0,blend,obs,0.6006666666666667,0.8797116299561887,0.9860139454959841,0.9960795782182,0.6903373195377589,0.9106082726057474,0.82581298436575,0.8245734396796349,0.9682939003382414,0.9360888915481493,0.7688572678262744,0.9474037459155169,0.8751864635196193,0.9229397290777791,0.8975521689136305,0.5710124408033218,27.715968405371733,4.409082684381558,0.8526192377603072,0.13904448448975493,3.9644638841028477,0.0423094838898344,9.78060639152426
C_propfix,4.0,0.25,10.0,0,0,blend,obs,0.6053333333333333,0.9364398343171314,0.996312505581265,0.9927995963909431,0.7133100643170126,0.9218419586366273,0.8433927254285128,0.8408991395793164,0.9732512944131324,0.9404076579088233,0.7880992850703274,0.9547005120234777,0.8916519752291615,0.9280309467716157,0.9017136652838598,0.7379157254829971,13.270079513505713,4.635089731408842,0.803725471410287,0.1602017165656216,3.674217940449325,0.18980206968430402,7.57799250213386
C_propfix,4.0,0.25,10.0,1,0,blend,obs,0.599,0.9173348301785386,0.993782696302334,0.9851548825726488,0.7086969451584251,0.9210921041754973,0.844506288041792,0.8410005818861774,0.9737415836446568,0.9442270275623925,0.7899733066377936,0.9567441115187701,0.8913735225960709,0.9293193426467575,0.8929932452618747,0.64284774328659,23.568848430831782,5.115928440938535,0.8160303193046877,0.15614029495973636,3.684672120506033,0.18915833266888818,7.6762945533138245
C_propfix,4.0,0.25,10.0,2,0,blend,obs,0.601,0.8964980917514589,0.9899879424066781,0.9779446749674906,0.7108968772851345,0.9217597764492446,0.8331694479757035,0.851343605078591,0.9766696211982112,0.9461029557018421,0.790496264757436,0.9575349508907874,0.8859520549621803,0.9151068494626684,0.9022701832078266,0.02323987861163499,275.53436381984693,4.424854400858744,0.8055243951994981,0.15985792160426515,3.5786591058775965,0.20793607076158446,7.695333176848339
C_propfix,4.0,0.25,10.0,3,0,blend,obs,0.5993333333333334,0.9320125574432832,0.9953962509073809,0.9929190321401792,0.7386707190749287,0.9346706789398886,0.8678180880842293,0.8754520701966486,0.983191817079291,0.9693473059107836,0.8108910678445945,0.9635692355635207,0.915360729795291,0.9138675434003707,0.9048133441858786,0.6546182146467919,25.190833147801648,4.475937285019371,0.7986348762444497,0.16371666676934146,3.3244440524440986,0.20259573788680976,7.660709388535343
C_propfix,4.0,0.25,10.0,4,0,blend,obs,0.6013333333333334,0.9313951918853368,0.996006460779856,0.989991603680121,0.7132430269527754,0.9227665100069653,0.850761246335476,0.8567869710540431,0.9784032167429594,0.95692831953939,0.7910287684530503,0.9569311110535895,0.8990500097501088,0.9145894103442844,0.9031784742017092,0.09974489392042171,126.24384081954528,4.308165966104158,0.8019085236078874,0.16162325652991344,3.473215262381872,0.2059416710823318,7.637643073916649
C_propfix,4.0,0.25,10.0,5,0,blend,obs,0.6063333333333333,0.9231396551927382,0.9947294831307268,0.9874138155029889,0.7268620173508902,0.9300249951883434,0.8567329485459545,0.8834216637090271,0.9852896984419492,0.9664502973395066,0.808637400901649,0.9638387940427361,0.9075942184862145,0.9044506610896619,0.8977748344511415,0.7201299160988338,12.416692508852474,4.76692385562728,0.7915546175262622,0.16511997268138257,3.3279680247908514,0.23081643036039468,7.657474053184954
C_propfix,4.0,0.25,10.0,6,0,blend,obs,0.615,0.9141318751082438,0.9931772792463879,0.9850810382348343,0.7214317268074452,0.9273959381087734,0.8489314328534987,0.8778786317241433,0.9842446645873109,0.9693075482067033,0.8024498046375234,0.9615323613355381,0.9050695074261296,0.9031381003010118,0.9029453658178298,0.5786307217862825,29.04732458817555,4.388665173004503,0.8066166895435188,0.15781888072845413,3.4254792833042864,0.21178244489132653,7.6927902091948415
C_propfix,4.0,0.25,10.0,7,0,blend,obs,0.6006666666666667,0.91591612587177,0.993456752348895,0.9829104498838489,0.6903373195377589,0.9106082726057474,0.82581298436575,0.8245734396796349,0.9682939003382414,0.9360888915481493,0.7749986636774625,0.9498647767562569,0.882312066024732,0.931109207253325,0.891286048885039,0.5766599202797604,28.508315681434134,4.66397129457327,0.8274197747262827,0.15385452014972578,3.941300166731058,0.17700231469169728,7.568906335960859
C_propfix,4.0,0.5,10.0,0,0,blend,obs,0.6053333333333333,0.8846499939455477,0.9869148438734131,0.9588677782763847,0.7133100643170126,0.9218419586366273,0.8433927254285128,0.8408991395793164,0.9732512944131324,0.9404076579088233,0.7844466791642376,0.9530164622626631,0.8912677590217861,0.9272601189674978,0.9042849995185825,0.8099306355046484,9.400243561021682,4.518891832671687,0.7451080020686986,0.18783342095738628,3.2138761263162183,0.36624338013325186,6.252041281765159
C_propfix,4.0,0.5,10.0,1,0,blend,obs,0.599,0.8657976260799445,0.9823241378408251,0.9428871399124807,0.7086969451584251,0.9210921041754973,0.844506288041792,0.8410005818861774,0.9737415836446568,0.9442270275623925,0.7875556588343786,0.9551636778679774,0.893246775731988,0.9327144154589061,0.893824818002095,0.7608522166037347,14.93338839515791,4.914802259935799,0.7573613730467006,0.18601056860987758,3.2038612096719077,0.3662700502842593,6.391705242990052
C_propfix,4.0,0.5,10.0,2,0,blend,obs,0.601,0.8580226105744106,0.9803092694165794,0.9325758579758371,0.7108968772851345,0.9217597764492446,0.8331694479757035,0.851343605078591,0.9766696211982112,0.9461029557018421,0.7875569367837687,0.9557612959059701,0.8837460240929066,0.9146322441114525,0.902224809764601,0.2584607125034036,70.42301621879594,4.3842846581575685,0.7514131047715424,0.18648056114677994,3.119235788585906,0.3735262544653829,6.439240616389591
C_propfix,4.0,0.5,10.0,3,0,blend,obs,0.5993333333333334,0.8971330973210799,0.9891353898953004,0.9639403233964964,0.7386707190749287,0.9346706789398886,0.8678180880842293,0.8754520701966486,0.983191817079291,0.9693473059107836,0.806245748275803,0.96155152082938,0.9140158959001784,0.9125622514488698,0.9059732229933672,0.7846699417783317,15.576075601491045,4.275359120978501,0.743020068517617,0.19068856830849085,2.86714484033283,0.37215147132133836,6.332834754932297
C_propfix,4.0,0.5,10.0,4,0,blend,obs,0.6013333333333334,0.8762684306490203,0.9854905951080342,0.95501434773042,0.7132430269527754,0.9227665100069653,0.850761246335476,0.8567869710540431,0.9784032167429594,0.95692831953939,0.7895876822837887,0.9559297308959791,0.9002461201797903,0.9166022845035847,0.9017567106303934,0.2804869227487534,65.84929089528943,4.322426703696343,0.7469716126927155,0.18915836699951533,3.0578211999540605,0.37602031381729084,6.361648893780005
C_propfix,4.0,0.5,10.0,5,0,blend,obs,0.6063333333333333,0.8771842497302705,0.9856325612670724,0.9528040304651131,0.7268620173508902,0.9300249951883434,0.8567329485459545,0.8834216637090271,0.9852896984419492,0.9664502973395066,0.8017770493419002,0.9609078336788129,0.9045906115606737,0.8998311069726584,0.9034270688675299,0.8212847674228761,8.071052082270306,4.362491065265167,0.7321040629092014,0.19295262039992062,2.7935315386444026,0.39498813635197394,6.450552780131789
C_propfix,4.0,0.5,10.0,6,0,blend,obs,0.615,0.8728610600212884,0.9843066636969087,0.9476897073367153,0.7214317268074452,0.9273959381087734,0.8489314328534987,0.8778786317241433,0.9842446645873109,0.9693075482067033,0.7996068404003676,0.9599630029918056,0.9044124119363401,0.9032738983568567,0.9021359111814874,0.7255052262137244,18.383724014479565,4.295253019698638,0.751937728035289,0.18535691291764547,2.9873761043360973,0.37943092823527724,6.4416380306103
C_propfix,4.0,0.5,10.0,7,0,blend,obs,0.6006666666666667,0.8583747927368023,0.9800478028412193,0.9374922499158265,0.6903373195377589,0.9106082726057474,0.82581298436575,0.8245734396796349,0.9682939003382414,0.9360888915481493,0.7705954702760077,0.9474701657405625,0.8827202407680536,0.9323661478163403,0.8919636922144727,0.7278172067960633,17.80846229013739,4.537531772976385,0.7671938432348402,0.18412507710580603,3.369732294558828,0.3567845125827056,6.274212141440994
C_propfix,4.0,0.75,10.0,0,0,blend,obs,0.6053333333333333,0.8046143321885402,0.9624072340099494,0.8964524741094818,0.7133100643170126,0.9218419586366273,0.8433927254285128,0.8408991395793164,0.9732512944131324,0.9404076579088233,0.7550386897013228,0.940657822595008,0.8657627743313031,0.8930414739958216,0.9365684598982442,0.9359870639269424,4.452754712206504,3.2959233387410807,0.641561448907608,0.2189948702032602,1.9208372945809071,0.55537727963421,7.661884997127351
C_propfix,4.0,0.75,10.0,1,0,blend,obs,0.599,0.792519575521577,0.95794623856752,0.8794283673127513,0.7086969451584251,0.9210921041754973,0.844506288041792,0.8410005818861774,0.9737415836446568,0.9442270275623925,0.7523678957219265,0.9404195014050044,0.8639537262905368,0.8941326946360069,0.9303533845762355,0.926744240272468,4.997210729671505,3.3720626963453784,0.654738131484496,0.21741399285468424,1.7370815866837566,0.5487747337963426,7.721521092537834
C_propfix,4.0,0.75,10.0,2,0,blend,obs,0.601,0.788717328190931,0.9564325680236928,0.8656472328198295,0.7108968772851345,0.9217597764492446,0.8331694479757035,0.851343605078591,0.9766696211982112,0.9461029557018421,0.7550767556353319,0.9419940103616441,0.855174798562555,0.8801938329470467,0.9332825188485017,0.9013235962435231,9.947502762846197,3.235144980291439,0.6545252482287248,0.2169982079690735,1.848474467622546,0.55235530999166,7.749145572482755
C_propfix,4.0,0.75,10.0,3,0,blend,obs,0.5993333333333334,0.8226532779114064,0.9683268803063588,0.9098108606972192,0.7386707190749287,0.9346706789398886,0.8678180880842293,0.8754520701966486,0.983191817079291,0.9693473059107836,0.7761080963021372,0.9498985863609525,0.8887449044773501,0.8767518007461617,0.9382650417804502,0.9452134830834413,4.2066311001999415,3.176509657784102,0.641992211719807,0.22005131365087793,1.601119901787158,0.5550702529330708,7.708871613838319
C_propfix,4.0,0.75,10.0,4,0,blend,obs,0.6013333333333334,0.8034305295765142,0.9626829363247409,0.8959978863490549,0.7132430269527754,0.9227665100069653,0.850761246335476,0.8567869710540431,0.9784032167429594,0.95692831953939,0.7587065356333267,0.9431732882178554,0.8732890279255032,0.8815315565169135,0.9326713844518113,0.9073328868871873,9.546114602717406,3.392439409524291,0.6477015495109345,0.21885265985484587,1.7260213054601985,0.5541079652227519,7.7227395040765785
C_propfix,4.0,0.75,10.0,5,0,blend,obs,0.6063333333333333,0.8056486894148437,0.9635358700030496,0.8938592212921856,0.7268620173508902,0.9300249951883434,0.8567329485459545,0.8834216637090271,0.9852896984419492,0.9664502973395066,0.7707475158031867,0.9491233890922726,0.877996824568076,0.8630214079961569,0.9366755309067858,0.9383786970500284,4.783074937928503,3.228957925952572,0.6354162642052398,0.21960568161867006,1.668207962853177,0.5725322100729864,7.7651026282262885
C_propfix,4.0,0.75,10.0,6,0,blend,obs,0.615,0.8020223681135623,0.9616689144491376,0.8862735186264874,0.7214317268074452,0.9273959381087734,0.8489314328534987,0.8778786317241433,0.9842446645873109,0.9693075482067033,0.767445069945909,0.9470964337146474,0.876519469207698,0.8685241710822117,0.9344729407534136,0.9307748508138152,6.779313583936996,3.089321801318769,0.6535696101549759,0.21489374651831297,1.782672106913047,0.5583227566686119,7.754266933162892
C_propfix,4.0,0.75,10.0,7,0,blend,obs,0.6006666666666667,0.7776240692310468,0.9514200348674772,0.8689248957414911,0.6903373195377589,0.9106082726057474,0.82581298436575,0.8245734396796349,0.9682939003382414,0.9360888915481493,0.7334477815576027,0.9309756206473272,0.8501585985665358,0.8893665783131607,0.9325427748319112,0.9279046807452496,5.043460350023392,3.1133053697379878,0.6561886810981676,0.21786729266701438,1.8562172165569106,0.5491273231052781,7.648936450502958
C_propfix,4.0,1.0,10.0,0,0,blend,obs,0.6053333333333333,0.747157473025956,0.9397288332869828,0.8256791470552316,0.7133100643170126,0.9218419586366273,0.8433927254285128,0.8408991395793164,0.9732512944131324,0.9404076579088233,0.7215164066947459,0.9277603110663716,0.8217778646980234,0.842976909926145,0.9460965507260716,0.9534381553929948,3.930019911640562,3.176044515482308,0.5939576605101797,0.2265437518469319,0.916871536195873,0.7146227899432073,9.987139939533716
C_propfix,4.0,1.0,10.0,1,0,blend,obs,0.599,0.7413367273012114,0.9379902691046946,0.8124787515136871,0.7086969451584251,0.9210921041754973,0.844506288041792,0.8410005818861774,0.9737415836446568,0.9442270275623925,0.7190001678372967,0.9285775680280925,0.8200700895377275,0.8419746030761164,0.9396570585020478,0.9466498032427441,4.3228722722636945,3.4456151939073103,0.6038772943360389,0.2236737210534799,0.8887478994585029,0.7020243719229805,9.98129365786317
C_propfix,4.0,1.0,10.0,2,0,blend,obs,0.601,0.737652724973872,0.9359018891473314,0.8015602919411625,0.7108968772851345,0.9217597764492446,0.8331694479757035,0.851343605078591,0.9766696211982112,0.9461029557018421,0.7191634229147672,0.9280739727866972,0.8102059621384903,0.829604409263933,0.9402764425849214,0.6170204690430705,33.23799438961523,3.4872891934037877,0.6119583484501603,0.2246142996558194,0.8946051345641977,0.7052014837531317,9.971554932465201
C_propfix,4.0,1.0,10.0,3,0,blend,obs,0.5993333333333334,0.7694323236460623,0.9494250364003527,0.849068541210899,0.7386707190749287,0.9346706789398886,0.8678180880842293,0.8754520701966486,0.983191817079291,0.9693473059107836,0.7432514704392366,0.9385614010364621,0.849433149646371,0.8260657957617745,0.9520133134126006,0.937676961554232,7.600063429024425,3.0339190882560927,0.5942725694476576,0.22631852361671906,0.7367512706726163,0.7127851494433277,9.993609735886578
C_propfix,4.0,1.0,10.0,4,0,blend,obs,0.6013333333333334,0.7512994647838734,0.9428057788385468,0.8288714530658191,0.7132430269527754,0.9227665100069653,0.850761246335476,0.8567869710540431,0.9784032167429594,0.95692831953939,0.7249910338502505,0.9305450334764259,0.830846338232855,0.8323266359801549,0.9437505849673784,0.9485981435090359,3.585698615038146,3.4352867493275108,0.6030050278459611,0.22371959738125494,0.8444487262253546,0.7055973600216673,9.989220528597144
C_propfix,4.0,1.0,10.0,5,0,blend,obs,0.6063333333333333,0.751985112022784,0.9432233476471974,0.8288534578808932,0.7268620173508902,0.9300249951883434,0.8567329485459545,0.8834216637090271,0.9852896984419492,0.9664502973395066,0.7361878316257947,0.9366356605070912,0.8393417837695568,0.8168866165502315,0.9496296374173395,0.9548119771942476,4.135282656729959,2.9079406595977244,0.5915033196958067,0.22562139346882187,0.765307905337994,0.7276543663888945,9.989606841309701
C_propfix,4.0,1.0,10.0,6,0,blend,obs,0.615,0.7501373972038177,0.9413802707745018,0.8204915851045004,0.7214317268074452,0.9273959381087734,0.8489314328534987,0.8778786317241433,0.9842446645873109,0.9693075482067033,0.7342638746229588,0.9346636231556159,0.8391767691938238,0.8245671010599179,0.9586391762981485,0.9638953770116178,4.2267588169580375,2.745722595586555,0.5786942596698694,0.22317021856160213,0.8670246506494302,0.7106823021541812,9.987599665769158
C_propfix,4.0,1.0,10.0,7,0,blend,obs,0.6006666666666667,0.7263907514971982,0.9307421003244216,0.8022247402606579,0.6903373195377589,0.9106082726057474,0.82581298436575,0.8245734396796349,0.9682939003382414,0.9360888915481493,0.6977459674128901,0.9165553124529945,0.802622145327516,0.8349187007115006,0.946488185853486,0.9088696270929807,6.776743779216313,3.242732367672057,0.6034956522061371,0.22434695024667956,0.9640195594688585,0.7151434881326681,9.98134245556102
D_both,0.0,0.0,10.0,0,1,blend,obs,0.6006666666666667,0.8891383713360586,0.9882326770341978,0.9983145357940705,0.9745676435997241,0.9994918167968668,0.9984849984777698,0.9758214582375306,0.999541146269307,0.9986154394972655,0.9210267179370429,0.9940412593101737,0.9994699408108253,0.9125374854382184,0.9117112614592937,0.7744886907657477,17.557199119339693,3.9837240999029557,0.6584559170945286,0.21850978798606888,-0.016819722168906998,0.010857909559232796,9.795641216981993
D_both,0.0,0.0,10.0,1,1,blend,obs,0.607,0.8965995356045298,0.9898832594625756,0.9995381497924433,0.9904062772939096,0.999891302842697,0.9996017122489097,0.9903775161665879,0.9998903685116189,0.9995989908338627,0.9216365197182332,0.9941815483425942,0.9998701340074941,0.9224510297228472,0.9222830681694987,0.32239825012955425,54.44749364237142,3.8044899524994182,0.6460500643002499,0.22033785037472603,0.07120574714050762,-0.028137627325423853,9.814539588876414
D_both,0.0,0.0,10.0,2,1,blend,obs,0.604,0.8795287762592525,0.9862230787417999,0.9989547516597057,0.9853167405714123,0.99977303428716,0.9994712917865792,0.9852064612444665,0.9997696733690453,0.9994410171934182,0.9174241031162643,0.9934416654310612,0.9989380299861916,0.9270650206873468,0.9273224686921884,0.9146289120227913,4.70870390658583,3.596025652823745,0.6374574014612646,0.2201743639363436,0.0009670685942742658,-0.004532873196805874,9.836192930559635
D_both,0.0,0.0,10.0,3,1,blend,obs,0.597,0.8849824170553712,0.9872678047534496,0.9966907139112521,0.9740694035081978,0.9994223458195243,0.9980590558327623,0.9750002175514846,0.9994604888049508,0.9981710183525788,0.9186942344253499,0.9935821078460497,0.9966413666719208,0.9269340782435822,0.9276834538471824,0.8515332971444362,10.437640728090463,3.8421090280506514,0.6421947528285671,0.22285926507749615,-0.025158759140154446,0.023582589985957306,9.84277479489652
D_both,0.0,0.0,10.0,4,1,blend,obs,0.5966666666666667,0.8966043733732433,0.9897921102476789,0.9977081368957358,0.9799691663835572,0.9996550374853792,0.9989962403620662,0.9802564545578607,0.9996655864496098,0.999027114448255,0.9323334950433755,0.9956529143434478,0.9987644455459339,0.9252271506166665,0.9250764004313691,0.9255327171482857,4.398224277397955,3.6597875139519367,0.6392938270464934,0.22265333607693447,-0.1448687123695754,0.008046434446076388,9.802886723005642
D_both,0.0,0.0,10.0,5,1,blend,obs,0.5986666666666667,0.8986739988370045,0.9901229982243354,0.998293633027334,0.9825681429631145,0.999746873982769,0.99918791110797,0.9826282140346403,0.9997493890452662,0.9991931922523586,0.9271950574994602,0.9949361101833692,0.999642494298628,0.9304573796786975,0.930623739662453,0.9368837107808503,5.333932644342791,3.561473876865135,0.6228720245802781,0.2254777615797002,-0.050674783251926904,0.0033252568001060135,9.824206391258887
D_both,0.0,0.0,10.0,6,1,blend,obs,0.6106666666666667,0.887939110699195,0.9881273631109423,0.9996186731940649,0.9823300249842519,0.9996872495199879,0.9991488025506859,0.9829500788490968,0.99970654955868,0.9991712001947631,0.9248842721494441,0.994684700354307,0.9999738851618368,0.9320212150477896,0.9327396638948736,0.9327015661979696,5.611134825973627,3.514261579184161,0.6343488757701741,0.22004483150957496,-0.08166279064234766,0.0023443140194252306,9.86734072916851
D_both,0.0,0.0,10.0,7,1,blend,obs,0.5916666666666667,0.8970475985572354,0.9899719375357509,0.9994406534172106,0.9857107197228532,0.9998146183047919,0.9996851053695642,0.9855005026953333,0.9998092029619053,0.9996856305997343,0.9202997148743303,0.9939734496907467,0.9988812557630158,0.9113951740399009,0.9116997773241101,0.8002774859355232,13.305698957779816,4.467614165860047,0.6538826099453866,0.2210009473217203,-0.04260730658311225,0.0020775955623815773,9.835290476505143
D_both,0.0,0.25,10.0,0,1,blend,obs,0.6006666666666667,0.886079046377687,0.9877873767796977,0.996422306126619,0.9745676435997241,0.9994918167968668,0.9984849984777698,0.9758214582375306,0.999541146269307,0.9986154394972655,0.9135962310613707,0.9930030419741324,0.9983269284136992,0.9046466349373102,0.9038680786994926,0.8539197065590514,10.095555996763311,4.3299596604249935,0.6634246589302555,0.21779304938695343,-0.2301212559333327,0.11252104765363036,9.81182580300281
D_both,0.0,0.25,10.0,1,1,blend,obs,0.607,0.8924019054226885,0.9892647351691993,0.9975856726614353,0.9904062772939096,0.999891302842697,0.9996017122489097,0.9903775161665879,0.9998903685116189,0.9995989908338627,0.9181825777580811,0.9937650461683725,0.9986851046873534,0.9187294856339869,0.9185604108936961,0.45196052668721354,41.059974470519826,3.868997042359517,0.6476548923384191,0.21997816445461263,-0.15965644573970428,0.08369950798402338,9.812561166847287
D_both,0.0,0.25,10.0,2,1,blend,obs,0.604,0.874444062786147,0.9853396290501272,0.9954164049436247,0.9853167405714123,0.99977303428716,0.9994712917865792,0.9852064612444665,0.9997696733690453,0.9994410171934182,0.9125287921784558,0.9928368780856902,0.9986963611518519,0.9206811368958812,0.9210810387278334,0.9090476640770621,5.307276138810536,3.972165855812666,0.6460082335496242,0.21892271382942644,-0.22852257690039704,0.10282556658827499,9.847897632274332
D_both,0.0,0.25,10.0,3,1,blend,obs,0.597,0.8862357326297118,0.9877642158343154,0.9985530144233082,0.9740694035081978,0.9994223458195243,0.9980590558327623,0.9750002175514846,0.9994604888049508,0.9981710183525788,0.9188586371512304,0.9937249312767961,0.9993150326026956,0.9211753344665334,0.9216903397013245,0.9010733548146522,6.217578825083776,3.984602639749968,0.6444214455237312,0.22219526680366009,-0.24623988817291154,0.12956451533222596,9.843627904965505
D_both,0.0,0.25,10.0,4,1,blend,obs,0.5966666666666667,0.8934860671275687,0.9894262415625936,0.9934609097459673,0.9799691663835572,0.9996550374853792,0.9989962403620662,0.9802564545578607,0.9996655864496098,0.999027114448255,0.9285138434199992,0.9952311618331446,0.9960695349905121,0.9181437545864894,0.9179388278030631,0.9012981303222267,5.339455110054499,3.8913887702526018,0.6490638995336812,0.2205790791416701,-0.36271693930153454,0.11532854253478567,9.796910999731494
D_both,0.0,0.25,10.0,5,1,blend,obs,0.5986666666666667,0.8960720285278534,0.9898430759292427,0.996544712727758,0.9825681429631145,0.999746873982769,0.99918791110797,0.9826282140346403,0.9997493890452662,0.9991931922523586,0.9226176236587127,0.9944069304622627,0.9984343262071561,0.9217554844781716,0.9218963674273716,0.9219962062586159,4.296803356982772,3.7294577713480894,0.6386016544702513,0.2235893247662491,-0.27449884774728883,0.10815584872289052,9.827510710870607
D_both,0.0,0.25,10.0,6,1,blend,obs,0.6106666666666667,0.8807465510410897,0.9868246113941279,0.995268652307682,0.9823300249842519,0.9996872495199879,0.9991488025506859,0.9829500788490968,0.99970654955868,0.9991712001947631,0.9220684459826122,0.9943902628518835,0.998047997384669,0.9259621387912481,0.9264945539882945,0.9278165188922858,4.007427268300887,3.469653302377416,0.6434273961386612,0.2179082384860023,-0.3044788512487936,0.10897301395374366,9.872384275848658
D_both,0.0,0.25,10.0,7,1,blend,obs,0.5916666666666667,0.8917777278217169,0.9891878602912938,0.9935560240177532,0.9857107197228532,0.9998146183047919,0.9996851053695642,0.9855005026953333,0.9998092029619053,0.9996856305997343,0.913690346168099,0.9931186825617688,0.9948495392534821,0.906955791323753,0.9073819272245283,0.7173686173481096,20.351056143193095,4.597417518537457,0.662470135096292,0.21921716586741302,-0.26060024187182523,0.10997184567316458,9.844330636413833
D_both,0.0,0.5,10.0,0,1,blend,obs,0.6006666666666667,0.853108143386681,0.9817479808142769,0.9484869156671325,0.9745676435997241,0.9994918167968668,0.9984849984777698,0.9758214582375306,0.999541146269307,0.9986154394972655,0.8861703214267727,0.9893657553934672,0.9676763311910935,0.8803307785267394,0.879979624590151,0.8624284632497677,4.500726459869245,4.506404089745348,0.7168681061109989,0.2053484077133159,-1.2954419152831103,0.40371617929375775,9.85887617917813
D_both,0.0,0.5,10.0,1,1,blend,obs,0.607,0.8493807192017955,0.9807685661986778,0.9468162819506226,0.9904062772939096,0.999891302842697,0.9996017122489097,0.9903775161665879,0.9998903685116189,0.9995989908338627,0.8824057677149987,0.988414075201761,0.9669340102427907,0.8815232624006994,0.8814039431174865,0.8533951288500419,6.072421392371836,4.596968875681837,0.7171112722692887,0.20379417584780474,-1.3716051821549182,0.3925406308809355,9.8058039551687
D_both,0.0,0.5,10.0,2,1,blend,obs,0.604,0.8359505681625902,0.9769166852817726,0.9393386228935163,0.9853167405714123,0.99977303428716,0.9994712917865792,0.9852064612444665,0.9997696733690453,0.9994410171934182,0.8883315954390525,0.9896683287265535,0.970267526904276,0.8883589557192192,0.8889467490086687,0.8492108949170162,6.3085324511203,4.223073262428478,0.7168537378940248,0.2031660998145796,-1.2810243937053223,0.4001020797916399,9.850871392566342
D_both,0.0,0.5,10.0,3,1,blend,obs,0.597,0.8635443014599848,0.9837419573338505,0.9621885033457295,0.9740694035081978,0.9994223458195243,0.9980590558327623,0.9750002175514846,0.9994604888049508,0.9981710183525788,0.9046000301719017,0.9922579333274002,0.9796345453447487,0.8875422284290573,0.8871154708069567,0.8672368865255279,6.000296091479261,4.168721166933402,0.7106772720324349,0.20733990691957285,-1.2349335823074965,0.4199829221436303,9.863736045989981
D_both,0.0,0.5,10.0,4,1,blend,obs,0.5966666666666667,0.852777915059931,0.9816579115247409,0.9464308377499956,0.9799691663835572,0.9996550374853792,0.9989962403620662,0.9802564545578607,0.9996655864496098,0.999027114448255,0.8801430857041759,0.9880422756237364,0.9623311657197284,0.8679334603096213,0.8676936253664387,0.8060608754396851,7.92664759387864,5.2810674093706025,0.7330723948474076,0.2005677871450434,-1.4340869909946659,0.4021770672215746,9.808994503486593
D_both,0.0,0.5,10.0,5,1,blend,obs,0.5986666666666667,0.8594453345130472,0.9832772218414115,0.955007892043841,0.9825681429631145,0.999746873982769,0.99918791110797,0.9826282140346403,0.9997493890452662,0.9991931922523586,0.8898802314847927,0.9898618796417097,0.9708145162618669,0.8798245968112334,0.879852163191458,0.8668817853086369,5.559430207584782,4.373996779842464,0.7175383743127954,0.20541280672742118,-1.3918763543358836,0.3914146318378412,9.852950812163057
D_both,0.0,0.5,10.0,6,1,blend,obs,0.6106666666666667,0.8421347019461555,0.9785636542386338,0.9445010164961353,0.9823300249842519,0.9996872495199879,0.9991488025506859,0.9829500788490968,0.99970654955868,0.9991712001947631,0.8864276787390735,0.9890997273038302,0.9686828134471346,0.8816271630647843,0.8816382238982241,0.8667946446253803,5.642129101655598,4.198009709766161,0.7267454630765089,0.2001551127176932,-1.3537081758842708,0.39675747473877937,9.862242468035642
D_both,0.0,0.5,10.0,7,1,blend,obs,0.5916666666666667,0.841248814802804,0.9790920699682623,0.933027675555796,0.9857107197228532,0.9998146183047919,0.9996851053695642,0.9855005026953333,0.9998092029619053,0.9996856305997343,0.8651348871984852,0.985153915008099,0.9515609948708988,0.8652489634344519,0.8658595789432982,0.6606749577221853,18.847638222096148,5.5756702495959996,0.7298621442943374,0.20216077575569413,-1.3569702131527632,0.409730296134813,9.846835201082355
D_both,0.0,0.75,10.0,0,1,blend,obs,0.6006666666666667,0.7918985011197259,0.9629153406291932,0.8686151721003382,0.9745676435997241,0.9994918167968668,0.9984849984777698,0.9758214582375306,0.999541146269307,0.9986154394972655,0.8406881258196083,0.9791609035228696,0.9275323937707441,0.8375721082590989,0.8373656007828079,0.7248851282784338,7.543122641491668,6.672641680796335,0.8004380682565653,0.17598271495147363,-2.1472698356542232,0.6372912397886936,9.901638753370468
D_both,0.0,0.75,10.0,1,1,blend,obs,0.607,0.7914247097257409,0.9626605011354098,0.8683166829975192,0.9904062772939096,0.999891302842697,0.9996017122489097,0.9903775161665879,0.9998903685116189,0.9995989908338627,0.8396938979544132,0.9783711034468757,0.9253055290560617,0.8404975425219586,0.8403888605922115,0.6878980922376028,11.505530988798968,6.015498784936424,0.8011673720830252,0.17487985576613468,-2.243693360472316,0.6181737781054374,9.875278058441113
D_both,0.0,0.75,10.0,2,1,blend,obs,0.604,0.7784932762864746,0.9578976601374147,0.8532237186657505,0.9853167405714123,0.99977303428716,0.9994712917865792,0.9852064612444665,0.9997696733690453,0.9994410171934182,0.8479588088143828,0.9806892265352616,0.9360258884095111,0.8458136751339118,0.846418827327641,0.601040910774963,14.347265991085063,5.758728906213077,0.807020257765291,0.17151155656670028,-2.009148000201554,0.6273086895802741,9.91057641110859
D_both,0.0,0.75,10.0,3,1,blend,obs,0.597,0.8047479427849964,0.9665557370332915,0.8915025264944115,0.9740694035081978,0.9994223458195243,0.9980590558327623,0.9750002175514846,0.9994604888049508,0.9981710183525788,0.8562902828162648,0.9824498072998034,0.9433291262107626,0.8392281467643917,0.8386525455993774,0.6756844724794292,13.494205524282146,6.100788778844724,0.7997780003777735,0.17674043648409132,-1.912666814825815,0.6370754983066401,9.921426288343085
D_both,0.0,0.75,10.0,4,1,blend,obs,0.5966666666666667,0.7902371799544425,0.9619130692768519,0.8649446278998008,0.9799691663835572,0.9996550374853792,0.9989962403620662,0.9802564545578607,0.9996655864496098,0.999027114448255,0.8304791404880614,0.9757169375509694,0.9150001194262506,0.8194273664815126,0.8192220321608696,0.5447201918288173,16.85764456952331,7.7315119986072585,0.8153086476753313,0.1694635880296298,-2.081302363768439,0.6173823722265958,9.9063794034125
D_both,0.0,0.75,10.0,5,1,blend,obs,0.5986666666666667,0.802211738988683,0.9663449556770095,0.8832996714287086,0.9825681429631145,0.999746873982769,0.99918791110797,0.9826282140346403,0.9997493890452662,0.9991931922523586,0.8360678527291499,0.9771145283531308,0.9219653727005906,0.8252423299187717,0.8252102808766706,0.6844745594856299,8.123960014478053,7.078290462541038,0.8048901120245062,0.17416002055788588,-2.152694055630295,0.6171922384500574,9.910617061733415
D_both,0.0,0.75,10.0,6,1,blend,obs,0.6106666666666667,0.7872445321328734,0.9608222859342274,0.8642900233961239,0.9823300249842519,0.9996872495199879,0.9991488025506859,0.9829500788490968,0.99970654955868,0.9991712001947631,0.8398979218019195,0.9782776224860636,0.9267036098141439,0.8347180695796197,0.8346615606071093,0.715363246431655,10.337596222233602,6.118857973286618,0.8126831967458277,0.17025350199572672,-2.260528118735705,0.6198473985751215,9.922183529453456
D_both,0.0,0.75,10.0,7,1,blend,obs,0.5916666666666667,0.7826888627212916,0.9598179048526359,0.8519625117734814,0.9857107197228532,0.9998146183047919,0.9996851053695642,0.9855005026953333,0.9998092029619053,0.9996856305997343,0.8250558971344124,0.9750528654235989,0.9123419417319271,0.8262848796537078,0.8267925565384149,0.27907422204160204,56.35861090861022,7.318691106257443,0.8076136820925555,0.1731214183630453,-1.9485167086956139,0.6199321723744475,9.930325320445792
D_both,0.0,1.0,10.0,0,1,blend,obs,0.6006666666666667,0.7855213404371689,0.9604446513415364,0.8572917391740482,0.9745676435997241,0.9994918167968668,0.9984849984777698,0.9758214582375306,0.999541146269307,0.9986154394972655,0.8394570362209265,0.9787737947204409,0.9258398151377142,0.8364895735067034,0.8362981045940554,0.7195386579428668,7.645349444803513,6.836021037311804,0.804009271834856,0.17406197598912385,-2.129017145195925,0.6551222687522709,9.915105983847194
D_both,0.0,1.0,10.0,1,1,blend,obs,0.607,0.7864859104853783,0.9607028523899682,0.8584862880259305,0.9904062772939096,0.999891302842697,0.9996017122489097,0.9903775161665879,0.9998903685116189,0.9995989908338627,0.8353254984869252,0.97710895002577,0.9206807708996193,0.8361480341495352,0.8360379821470978,0.6611847316684467,12.454986045459089,6.347661573486931,0.8077932554836865,0.17198848043177242,-2.2759398978317593,0.6371537291675469,9.894705982675552
D_both,0.0,1.0,10.0,2,1,blend,obs,0.604,0.7738396201562758,0.9560055208285598,0.843152871929688,0.9853167405714123,0.99977303428716,0.9994712917865792,0.9852064612444665,0.9997696733690453,0.9994410171934182,0.8449879258051375,0.9798918752594168,0.9331669691796943,0.8428064916743228,0.8434080643265652,0.5661155299337355,15.938609849095121,5.951189479053966,0.8134453437985447,0.1685437134574368,-2.035082656759836,0.6462401283433913,9.9147857235151
D_both,0.0,1.0,10.0,3,1,blend,obs,0.597,0.797269238662265,0.9638568637044522,0.8802408768509725,0.9740694035081978,0.9994223458195243,0.9980590558327623,0.9750002175514846,0.9994604888049508,0.9981710183525788,0.8529476559363071,0.9815754624049682,0.9405505049375351,0.8362317789405992,0.8356654963172019,0.6439494807959982,15.240464570954117,6.34172859778911,0.8060489008778845,0.17385178676078597,-1.899940748028439,0.6556030534382139,9.937916225423677
D_both,0.0,1.0,10.0,4,1,blend,obs,0.5966666666666667,0.7824309288131521,0.9589465165196069,0.8511252800221925,0.9799691663835572,0.9996550374853792,0.9989962403620662,0.9802564545578607,0.9996655864496098,0.999027114448255,0.826020162538766,0.9744287991210079,0.9100778467622992,0.8150971620329731,0.8148927352166132,0.503917831256437,19.08355794009409,7.998661061060287,0.8227328131492683,0.16630886769581862,-2.135440985674554,0.6385941981595727,9.913419676922683
D_both,0.0,1.0,10.0,5,1,blend,obs,0.5986666666666667,0.7923693559581181,0.9627986674558189,0.8681889055095695,0.9825681429631145,0.999746873982769,0.99918791110797,0.9826282140346403,0.9997493890452662,0.9991931922523586,0.831493704952774,0.9757197981889523,0.9166481411808843,0.820866872340685,0.8208296799629106,0.6609504445086719,8.780826069227645,7.403815261938792,0.8133465193971099,0.1702550350588839,-2.194700582247762,0.6434148182625545,9.92139934069197
D_both,0.0,1.0,10.0,6,1,blend,obs,0.6106666666666667,0.782434645938423,0.9589266091216918,0.8542056887306968,0.9823300249842519,0.9996872495199879,0.9991488025506859,0.9829500788490968,0.99970654955868,0.9991712001947631,0.8369234536376253,0.977444648482129,0.9233183952403634,0.8317341538639949,0.8316757321919054,0.7020401637026941,10.73261824823894,6.308650723135434,0.818327011799366,0.1677419250997832,-2.3191667331296046,0.6395406240549981,9.925377332971014
D_both,0.0,1.0,10.0,7,1,blend,obs,0.5916666666666667,0.7766896014820053,0.9573540460958808,0.8403299257848529,0.9857107197228532,0.9998146183047919,0.9996851053695642,0.9855005026953333,0.9998092029619053,0.9996856305997343,0.8221902988397303,0.9742031234090773,0.9090366825995052,0.8233873015110134,0.8238925888646571,0.25420406719955074,60.8351812536273,7.515695082619858,0.8131387180224202,0.17088524954316714,-1.9894911993474433,0.6392647274480605,9.93488510938585
D_both,0.5,0.0,10.0,0,1,blend,obs,0.601,0.8958172671438067,0.9895618474591308,0.9980840807792517,0.9259372388476391,0.995336832515242,0.9858340655473085,0.9698691972040842,0.9992727760407697,0.9980798149232176,0.9334717982941428,0.9957950690089176,0.9954607247884152,0.9243741432355463,0.9139906661218318,0.7630733069573513,13.73393437039043,4.334617490615866,0.6648586709888049,0.21442248032215305,0.6029728949874396,0.030195213298439348,9.799146368904658
D_both,0.5,0.0,10.0,1,1,blend,obs,0.6016666666666667,0.8963440754902143,0.9897462912087089,0.9989506199341498,0.9232402797341468,0.9951129164258633,0.9842207744505436,0.9938634430067032,0.9999623012663723,0.9999318297230156,0.9370826653654808,0.9963525813016401,0.997823880191582,0.9335808571960929,0.9176504836125361,0.1599727571420707,96.22589326853027,3.9430549619130812,0.6719410285237427,0.21302051149838105,0.7098934683166045,0.007756025327196809,9.87302591260402
D_both,0.5,0.0,10.0,2,1,blend,obs,0.6073333333333333,0.8885914274018423,0.9880872805896221,0.9965216596776816,0.9273855786203093,0.9954771703352394,0.9848994109054461,0.9854349360824064,0.9997524518426394,0.9991196795950809,0.9261214978818506,0.9949773570373106,0.9952096157062867,0.9296290917818799,0.9215970094148154,0.7207573338740347,21.18500069727364,4.061822783216,0.6608647095767818,0.21384598841617689,0.6053603654556029,-0.005245044944232297,9.823846362510269
D_both,0.5,0.0,10.0,3,1,blend,obs,0.598,0.8914684365849241,0.9886321820187893,0.9955924630829791,0.9520226515150687,0.9981181817926632,0.9936186053357503,0.969938420998898,0.9992643145625311,0.997473747619589,0.9378208740024481,0.996310111400701,0.9973099447514495,0.934047635852939,0.9263533027844632,0.7643655745394863,20.36984581310627,4.0334945494352725,0.6557927105461174,0.2176061638323449,0.5485249158052904,0.02703544738155169,9.851360508958026
D_both,0.5,0.0,10.0,4,1,blend,obs,0.6003333333333334,0.8990568034386313,0.9902878791826161,0.998092711172293,0.9365297666671868,0.996695886566539,0.9892747042075059,0.9826427101477284,0.9997287042278465,0.9991426757830413,0.9382506921797571,0.9964858913810357,0.9968334033541044,0.928715663546719,0.9283907585765525,0.9228570827047006,4.530271502555577,3.692344518890762,0.6407643978718153,0.21980360453298523,0.4677160780908609,0.031476065156439116,9.805840505838708
D_both,0.5,0.0,10.0,5,1,blend,obs,0.599,0.8941561619371002,0.9893289640556808,0.9991595196258118,0.9385976063294804,0.9968845410455563,0.9893931273720541,0.9871168630751941,0.999862853653805,0.9995462734024755,0.9388499124949825,0.9964983951808296,0.9987494220268717,0.9371493414832205,0.9283081860474981,0.8672381892212547,11.560782596697104,3.769868577923172,0.6423053847481093,0.2195521480675355,0.580146678139825,0.024818947928428804,9.808603397816684
D_both,0.5,0.0,10.0,6,1,blend,obs,0.616,0.8782135607820836,0.985764150804108,0.9964025631942692,0.9326290534892536,0.9962915259141574,0.9872306265378656,0.9910211003909676,0.9999122365078535,0.9998289413537753,0.9347237852954572,0.9959765648795894,0.9987625325086308,0.9386803507103979,0.9247845252461969,0.6677539844828406,26.562592010062613,3.790790655958179,0.6710924347643097,0.20876395483042323,0.7114968609160397,-0.024994709433114777,9.851660843317498
D_both,0.5,0.0,10.0,7,1,blend,obs,0.5973333333333334,0.8964205655861699,0.9898291856217827,0.9995678710666263,0.9108719452850226,0.9931440740384782,0.9788654641522739,0.976073690587762,0.999424190303706,0.998661113453491,0.9228591950566623,0.9946060594092231,0.9930821070768179,0.9197630167728099,0.909309144458198,0.8216232795790639,10.281289731085083,4.479654138969762,0.6712790843779564,0.21401946809707414,0.701134771552503,0.0052129701006319975,9.811456047762384
D_both,0.5,0.25,10.0,0,1,blend,obs,0.601,0.8992987356642825,0.9904738397977836,0.9950272708981454,0.9259372388476391,0.995336832515242,0.9858340655473085,0.9698691972040842,0.9992727760407697,0.9980798149232176,0.9228157602462849,0.9947847894978625,0.9900923392533281,0.9156558131445056,0.9254454087012428,0.865603079022493,8.330214678457795,3.6911724505001455,0.6395914448721175,0.22017827361204487,0.3648106532985581,0.1407121963417238,9.808552148981818
D_both,0.5,0.25,10.0,1,1,blend,obs,0.6016666666666667,0.8966012924285216,0.9900652336086486,0.9945821180024923,0.9232402797341468,0.9951129164258633,0.9842207744505436,0.9938634430067032,0.9999623012663723,0.9999318297230156,0.9257129996613392,0.9951428216081154,0.9924947656040112,0.9234531987170344,0.9282677718193488,0.32114835304082207,61.11128491468561,3.6539107471558627,0.641755235920676,0.2201960005950494,0.46106359305749506,0.1181982453721948,9.878471818582454
D_both,0.5,0.25,10.0,2,1,blend,obs,0.6073333333333333,0.8892019736873061,0.9885630993967089,0.9919608425768732,0.9273855786203093,0.9954771703352394,0.9848994109054461,0.9854349360824064,0.9997524518426394,0.9991196795950809,0.9121220420997589,0.9932507799591361,0.9889418601034231,0.9157153672210274,0.9273750472589848,0.5308612156315183,38.61922596511031,3.6526844333751556,0.6464828571375323,0.21871754161768878,0.3628345800130026,0.1092419141581959,9.827398109806138
D_both,0.5,0.25,10.0,3,1,blend,obs,0.598,0.8970527214820813,0.9898946904179238,0.9982523230480707,0.9520226515150687,0.9981181817926632,0.9936186053357503,0.969938420998898,0.9992643145625311,0.997473747619589,0.9341040955609555,0.9960048956246462,0.99562446436572,0.9221319495123979,0.937292860337215,0.8677039008839271,13.027136753187813,3.504686311652131,0.6318541998295405,0.22234486879305904,0.3196554523442501,0.13581894427989985,9.862069814836591
D_both,0.5,0.25,10.0,4,1,blend,obs,0.6003333333333334,0.8980802531576827,0.9903460617424862,0.9929522261347519,0.9365297666671868,0.996695886566539,0.9892747042075059,0.9826427101477284,0.9997287042278465,0.9991426757830413,0.9249223170089292,0.9950348003605513,0.9914416185393874,0.9133610992075777,0.9335707044517868,0.9416310487903685,3.7983015591868696,3.5373960112855283,0.6269149425372524,0.22347483541737298,0.24525211056627746,0.13758515441855204,9.806529467797802
D_both,0.5,0.25,10.0,5,1,blend,obs,0.599,0.8971341501820579,0.9900941010439296,0.9974166557506243,0.9385976063294804,0.9968845410455563,0.9893931273720541,0.9871168630751941,0.999862853653805,0.9995462734024755,0.9300447763556104,0.9956048955704927,0.994860882856872,0.9252336022899147,0.9373610949917449,0.9171519279979304,8.745378904040765,3.4291217479667404,0.6171419901368819,0.2242812532470238,0.36320817586488086,0.1274149630616302,9.814802894711166
D_both,0.5,0.25,10.0,6,1,blend,obs,0.616,0.8850437143282741,0.9874599398900219,0.99620163224046,0.9326290534892536,0.9962915259141574,0.9872306265378656,0.9910211003909676,0.9999122365078535,0.9998289413537753,0.9239461959643894,0.9947592270263875,0.9949325813974306,0.9256385702817187,0.933265129205965,0.823048893197657,16.161170793563784,3.5931677021555077,0.6471673581048581,0.21531301358496555,0.47436815524033604,0.09530196118464596,9.849396636806077
D_both,0.5,0.25,10.0,7,1,blend,obs,0.5973333333333334,0.896857053830653,0.9902077459839568,0.9940409840624005,0.9108719452850226,0.9931440740384782,0.9788654641522739,0.976073690587762,0.999424190303706,0.998661113453491,0.9086473779217343,0.9928772589143731,0.9842867595547284,0.9118866257832091,0.9205236444472356,0.8725638930542489,6.804111644819032,3.9585901539595114,0.644170697951159,0.22001077227553625,0.4408508559456842,0.12093526051779493,9.820901698150987
D_both,0.5,0.5,10.0,0,1,blend,obs,0.601,0.8538789140142299,0.9820940991089706,0.9396404274491547,0.9259372388476391,0.995336832515242,0.9858340655473085,0.9698691972040842,0.9992727760407697,0.9980798149232176,0.8720253148994848,0.9865236695125336,0.9536905237945602,0.8677695746974292,0.9209300604779932,0.9244854154578912,6.109902862213292,3.5472619166003856,0.6423933284866817,0.2228471572579747,-0.571118227015567,0.429021767824103,9.833946162924132
D_both,0.5,0.5,10.0,1,1,blend,obs,0.6016666666666667,0.8480040937725885,0.98092207666962,0.9357091876124236,0.9232402797341468,0.9951129164258633,0.9842207744505436,0.9938634430067032,0.9999623012663723,0.9999318297230156,0.8728329860862509,0.9868563266701065,0.954265888940883,0.873582411737734,0.9327380866198659,0.9326590231016085,7.604741159785264,3.2378149136231484,0.6268188087483628,0.22506319515331968,-0.6022315784682744,0.42503936912947937,9.862264189003366
D_both,0.5,0.5,10.0,2,1,blend,obs,0.6073333333333333,0.8447921783991793,0.9797139116497631,0.9334013315987035,0.9273855786203093,0.9954771703352394,0.9848994109054461,0.9854349360824064,0.9997524518426394,0.9991196795950809,0.8688014317253476,0.9859156619039837,0.951915179875912,0.8707745827284052,0.9292749392461314,0.8675294986326886,14.025702190547563,3.1207879215792804,0.6418623818673486,0.22136751816155137,-0.6064517838272604,0.42425279716300107,9.84623273709729
D_both,0.5,0.5,10.0,3,1,blend,obs,0.598,0.8672710485494229,0.9851832508426663,0.9558439605446819,0.9520226515150687,0.9981181817926632,0.9936186053357503,0.969938420998898,0.9992643145625311,0.997473747619589,0.8917869218644136,0.990518126637004,0.968344260778285,0.8688720649599128,0.9319844154388344,0.9335591692185413,5.913364886224008,3.1260054264554347,0.6340318566957114,0.2250824667175015,-0.608518737901264,0.43722217572653266,9.848482160448045
D_both,0.5,0.5,10.0,4,1,blend,obs,0.6003333333333334,0.853244241539991,0.9823258747958701,0.9409357276778195,0.9365297666671868,0.996695886566539,0.9892747042075059,0.9826427101477284,0.9997287042278465,0.9991426757830413,0.8766374943249561,0.9877483514544212,0.9574656962475253,0.86375623785709,0.9267928398111757,0.9417578169568681,3.7853310416264376,3.0555676567401813,0.6426994270164986,0.2228360748214271,-0.689713159120942,0.42712671181110495,9.81677416582946
D_both,0.5,0.5,10.0,5,1,blend,obs,0.599,0.858477945833428,0.9834331272789432,0.9461618569003192,0.9385976063294804,0.9968845410455563,0.9893931273720541,0.9871168630751941,0.999862853653805,0.9995462734024755,0.879797701727315,0.9882555473183559,0.9602026755998844,0.8701726259287785,0.9301453319061687,0.941886243646135,5.335443837563639,3.2615993802333647,0.6316144807708053,0.22516232013933385,-0.6770996899765802,0.42355561703944994,9.799789894474683
D_both,0.5,0.5,10.0,6,1,blend,obs,0.616,0.8510409347028631,0.9814064442026421,0.9411147106323563,0.9326290534892536,0.9962915259141574,0.9872306265378656,0.9910211003909676,0.9999122365078535,0.9998289413537753,0.8760254528829301,0.9874605291416205,0.9578402686660714,0.8729051684084622,0.9341835978652484,0.9478778704044443,3.89134272235254,3.3368441154939865,0.6316976028890091,0.22134662989260565,-0.5935623453355107,0.4254294230264662,9.826160718201868
D_both,0.5,0.5,10.0,7,1,blend,obs,0.5973333333333334,0.8385405318097274,0.9784173654280444,0.9248319390306292,0.9108719452850226,0.9931440740384782,0.9788654641522739,0.976073690587762,0.999424190303706,0.998661113453491,0.8497744971199249,0.9815296382703347,0.9350949846409816,0.8618130587437589,0.9170118274481127,0.8831575081655549,7.085759792152434,4.071717675440462,0.6391171948912016,0.2238395485671472,-0.4858393783977709,0.4342363886765022,9.836222585237083
D_both,0.5,0.75,10.0,0,1,blend,obs,0.601,0.7958279506415795,0.966110410494607,0.8767449707210464,0.9259372388476391,0.995336832515242,0.9858340655473085,0.9698691972040842,0.9992727760407697,0.9980798149232176,0.8228038776869103,0.9748369988972703,0.9100767160402515,0.8203627732255218,0.8801561561797219,0.8630424478642791,4.6049179700602405,4.602733297696916,0.7211328839755147,0.20352588160067966,-1.3621425235582094,0.6537826348865765,9.913682369449853
D_both,0.5,0.75,10.0,1,1,blend,obs,0.6016666666666667,0.7908006493425244,0.9641902904829798,0.869577856422257,0.9232402797341468,0.9951129164258633,0.9842207744505436,0.9938634430067032,0.9999623012663723,0.9999318297230156,0.8180568756741475,0.9732274134409784,0.9035868792898549,0.8189302394806102,0.8789732959655044,0.8377986627268472,7.38442966746286,4.85680328874986,0.7184023922391313,0.20430175820979155,-1.3140920254413075,0.6396350592438033,9.914446523960939
D_both,0.5,0.75,10.0,2,1,blend,obs,0.6073333333333333,0.7911948364765427,0.9642059371449936,0.8713699988629264,0.9273855786203093,0.9954771703352394,0.9848994109054461,0.9854349360824064,0.9997524518426394,0.9991196795950809,0.8177088334388279,0.973109311530534,0.903391475325991,0.8169167258528847,0.8778727374806572,0.43096740397854794,45.78374984818785,4.833264554066525,0.7330113552710784,0.19899441484344318,-1.3272206137148113,0.6400352508557725,9.932411515938059
D_both,0.5,0.75,10.0,3,1,blend,obs,0.598,0.807522631793148,0.9693520150601265,0.8930547637618901,0.9520226515150687,0.9981181817926632,0.9936186053357503,0.969938420998898,0.9992643145625311,0.997473747619589,0.8324798937623756,0.9774811600425889,0.919711414261616,0.8116284568804576,0.8742370693530479,0.7778048423578336,10.29498723848026,4.810439629374041,0.7305256511940483,0.20198350790360572,-1.3205177100805867,0.6694379768087163,9.938278156664524
D_both,0.5,0.75,10.0,4,1,blend,obs,0.6003333333333334,0.7948567112656892,0.965487481006415,0.8747965807286973,0.9365297666671868,0.996695886566539,0.9892747042075059,0.9826427101477284,0.9997287042278465,0.9991426757830413,0.8192320106039818,0.9737659937946119,0.9054124608661269,0.8077713041622311,0.8711291490744095,0.8008881462443069,8.474014712487678,4.995524666342996,0.7362414264339291,0.199301424683143,-1.36466644744126,0.6444313750531814,9.9172557399654
D_both,0.5,0.75,10.0,5,1,blend,obs,0.599,0.8013999033538013,0.9677908327030488,0.8834591452493998,0.9385976063294804,0.9968845410455563,0.9893931273720541,0.9871168630751941,0.999862853653805,0.9995462734024755,0.8249010097823339,0.9752684421501884,0.9111301979168018,0.8147686310424409,0.8776541134947754,0.8557519095707694,6.207172437869188,4.48064665301291,0.7247925447002046,0.2031842469739726,-1.425099865653414,0.6513309937621495,9.924458603314617
D_both,0.5,0.75,10.0,6,1,blend,obs,0.616,0.7958524848313897,0.9657262607839894,0.8771264042088053,0.9326290534892536,0.9962915259141574,0.9872306265378656,0.9910211003909676,0.9999122365078535,0.9998289413537753,0.8230824963976819,0.974782169711764,0.9094653722685763,0.8203372158390937,0.8842080461676698,0.85431614306426,6.53003734494985,4.126575176013942,0.7253754997895623,0.2004022456756456,-1.377689254668649,0.6595444376844387,9.930541056020717
D_both,0.5,0.75,10.0,7,1,blend,obs,0.5973333333333334,0.7810399605050908,0.9611395465220519,0.8564962111560287,0.9108719452850226,0.9931440740384782,0.9788654641522739,0.976073690587762,0.999424190303706,0.998661113453491,0.7975915726346801,0.966994706308414,0.881180166664017,0.8097447002431768,0.8684883287419591,0.613104444894933,20.625798718498334,5.173314105108538,0.7324045518714521,0.20091000153787658,-1.224725959522442,0.6561387391561553,9.935428202063395
D_both,0.5,1.0,10.0,0,1,blend,obs,0.601,0.7907983578476235,0.9643867776155691,0.869477866628327,0.9259372388476391,0.995336832515242,0.9858340655473085,0.9698691972040842,0.9992727760407697,0.9980798149232176,0.8184514403963428,0.9736345520766189,0.9054637375285549,0.8161730134449754,0.8758902973559055,0.8525662960784512,4.642484184722566,4.964598598844453,0.7258782934411272,0.2018864607142381,-1.3440479327260313,0.6739554312387193,9.92875927695021
D_both,0.5,1.0,10.0,1,1,blend,obs,0.6016666666666667,0.7857520634094322,0.9623881220742381,0.8623337408048954,0.9232402797341468,0.9951129164258633,0.9842207744505436,0.9938634430067032,0.9999623012663723,0.9999318297230156,0.8129224887190323,0.9716707108103617,0.8976269021672755,0.813670582841557,0.8729667346200247,0.8122812068751721,8.272427785254836,5.154972190203435,0.728407607876772,0.20128618322703606,-1.3820218021702355,0.6555104397452288,9.912867075129583
D_both,0.5,1.0,10.0,2,1,blend,obs,0.6073333333333333,0.7870013378348932,0.9627492104667683,0.8651365462379155,0.9273855786203093,0.9954771703352394,0.9848994109054461,0.9854349360824064,0.9997524518426394,0.9991196795950809,0.8152292024709114,0.9723953155483832,0.9005939162981035,0.8141842599748202,0.8748912563307341,0.35826448790087556,54.10070332030462,4.947346821961638,0.7387381448025361,0.1969912806864154,-1.3370210424274185,0.6571342674831272,9.940751034697545
D_both,0.5,1.0,10.0,3,1,blend,obs,0.598,0.8031349191629537,0.9678127581078492,0.8868213920358794,0.9520226515150687,0.9981181817926632,0.9936186053357503,0.969938420998898,0.9992643145625311,0.997473747619589,0.8299064956051199,0.9767812055073303,0.9170735699153593,0.8094243972300065,0.871413228030749,0.7518684447556064,11.450514960075237,4.9411580261515535,0.7361663440508346,0.20010738028790614,-1.300965059263967,0.6849362457487075,9.948293450797118
D_both,0.5,1.0,10.0,4,1,blend,obs,0.6003333333333334,0.7891157459760569,0.9634136625315999,0.8662556262495603,0.9365297666671868,0.996695886566539,0.9892747042075059,0.9826427101477284,0.9997287042278465,0.9991426757830413,0.8152858028814485,0.9726014262923603,0.9009210603403794,0.8038947056257454,0.8667583964891462,0.7763229872120856,9.451351397492079,5.189263124037596,0.7439836269258253,0.19684639415444763,-1.4097144836796252,0.6625952685980646,9.92861862273806
D_both,0.5,1.0,10.0,5,1,blend,obs,0.599,0.7950605108811171,0.9656304856539116,0.8747376694207957,0.9385976063294804,0.9968845410455563,0.9893931273720541,0.9871168630751941,0.999862853653805,0.9995462734024755,0.8189679455215804,0.973509455835985,0.904332443493063,0.8089872311609566,0.8711623274333828,0.8356367115206514,6.532828510201681,4.850817825911597,0.7355933112867987,0.19987959727496013,-1.4426810725750356,0.6723145798994279,9.933821492989125
D_both,0.5,1.0,10.0,6,1,blend,obs,0.616,0.7901508447184713,0.9636730035978391,0.8689901297391741,0.9326290534892536,0.9962915259141574,0.9872306265378656,0.9910211003909676,0.9999122365078535,0.9998289413537753,0.8201583495139682,0.973915157670481,0.9060770611796125,0.8174625615598935,0.8812902897362873,0.8482087891087012,6.682454566303713,4.2639351385572635,0.7312416858315297,0.19855420767705279,-1.3989945511018413,0.677040808006181,9.940218567296593
D_both,0.5,1.0,10.0,7,1,blend,obs,0.5973333333333334,0.7766987669839565,0.9595495913962644,0.8495746557465261,0.9108719452850226,0.9931440740384782,0.9788654641522739,0.976073690587762,0.999424190303706,0.998661113453491,0.7935099339915122,0.9656398857283831,0.8759137610382672,0.8054703181492197,0.8638238549460462,0.5726670114767922,22.763580990677486,5.434495635377808,0.7401854082899716,0.1987281508089685,-1.2654286838062416,0.6745019613005468,9.944143878243967
D_both,1.0,0.0,10.0,0,1,blend,obs,0.602,0.8864525433847421,0.9876797522474529,0.9981527595744557,0.8616424943736767,0.9828022915005776,0.9533261150112837,0.952936385433316,0.997916641396699,0.9951914390173495,0.926381049268648,0.9951248197017131,0.9859712009263553,0.9289391115335693,0.8921291059891808,0.2602532450061326,68.85610826855925,5.387478916268399,0.7248759949618895,0.19423467020438429,1.377213106965708,0.0165314154818829,9.784884425711784
D_both,1.0,0.0,10.0,1,1,blend,obs,0.596,0.8843885148378361,0.987286063051812,0.9984515394058442,0.8535237546379304,0.9813694213896573,0.9473165223626675,0.9669851185698557,0.9988904878474958,0.9975414661710895,0.926074505389921,0.9953968817048677,0.9880340807667776,0.9316636682726398,0.8892761113994196,0.35625985227597406,43.071110584045265,5.607120457665905,0.7315902311707682,0.1943859208276684,1.373352193096907,0.023930741781659777,9.806820222459825
D_both,1.0,0.0,10.0,2,1,blend,obs,0.6066666666666667,0.8813552653359772,0.9865822855590768,0.998562086754989,0.8645962469483989,0.9841366048922603,0.9513984658288837,0.9887882836835458,0.9998588592588381,0.9996033060175087,0.9242982425010904,0.9951348542907941,0.9884462409215107,0.9274281163675918,0.9018893127941714,0.6775839111164706,19.13518170557221,4.4983597044466865,0.7243236636245111,0.19580494566978474,1.2989029156111367,0.015130347247912557,9.774214784189391
D_both,1.0,0.0,10.0,3,1,blend,obs,0.5996666666666667,0.887416617686905,0.9878224833090914,0.9964080932962923,0.8862253821046956,0.9885764960951698,0.9671985557780435,0.9770803376940421,0.9995358507274683,0.9993012968858549,0.9488492946422543,0.9977611572071561,0.995121326623625,0.9303954405927464,0.907291778802277,0.8017396832912485,11.08462823429762,4.775940809310216,0.7087469724830937,0.19988951202953656,1.1524357850050304,0.05602940842355881,9.805001042593357
D_both,1.0,0.0,10.0,4,1,blend,obs,0.598,0.8916825663540612,0.9888146833297655,0.9985958862206968,0.8711932788785307,0.9855844280539828,0.9586981270360155,0.9924415102578563,0.9999415422400906,0.9999347188834149,0.928901286297678,0.9956556944973571,0.9906221960694748,0.9237855823550223,0.8949720068340614,0.7888856026589258,9.651471471091682,5.36768726528998,0.6970498677182649,0.20334309845372264,1.064003968835169,0.04839678467645012,9.776596200892726
D_both,1.0,0.0,10.0,5,1,blend,obs,0.5976666666666667,0.8950429378006228,0.9895229106460012,0.9992331261453848,0.8749877409873955,0.9865451042717538,0.9597141225080896,0.9920101463814899,0.9999377401149496,0.9999655912272405,0.9336680404751578,0.9961793939383449,0.9910745720181173,0.9273001765579743,0.9008129859000172,0.8004311416923156,11.850589194329563,4.697495084535402,0.700976271988415,0.20505007894399144,1.1371636144769506,0.05750840191206708,9.784590422679809
D_both,1.0,0.0,10.0,6,1,blend,obs,0.6103333333333333,0.8828555757756253,0.9870823771946136,0.9990195506102383,0.8721860789603568,0.9862811496318946,0.9567216373994394,0.9905319328404967,0.9998923335623562,0.9996168412124032,0.9413295840671845,0.9970764448970671,0.9937600665435945,0.9365364413735549,0.9089695847086465,0.6811700231658823,21.755294064107293,4.373757038108851,0.7046776385591927,0.2005189911750447,1.193585552765685,0.008809961462883478,9.82383111108992
D_both,1.0,0.0,10.0,7,1,blend,obs,0.6033333333333334,0.8928316932567245,0.9892595720691987,0.9991827814461637,0.8501112400309618,0.9801122755880108,0.9445647270677601,0.9594249034537108,0.9982293893805226,0.9960754133898932,0.9116110372102206,0.993407373613875,0.9791358965719865,0.9256370852950428,0.9024220803171153,0.7056424339607671,13.905377112971887,4.7568418462172835,0.7097641487534241,0.2000604741319321,1.278190027616776,0.042161432593063486,9.813976927045932
D_both,1.0,0.25,10.0,0,1,blend,obs,0.602,0.8941888542348718,0.9893851787491172,0.9969691547376163,0.8616424943736767,0.9828022915005776,0.9533261150112837,0.952936385433316,0.997916641396699,0.9951914390173495,0.9117389427281934,0.9931863090896808,0.9781588406773131,0.9188758074705938,0.9055467166486628,0.5364761191220092,36.060733531700244,4.836029458791803,0.6901239772134945,0.2049131478128298,1.112084967104806,0.12239407574737342,9.802477157444738
D_both,1.0,0.25,10.0,1,1,blend,obs,0.596,0.8872650486688334,0.9881239530582344,0.9923107342049572,0.8535237546379304,0.9813694213896573,0.9473165223626675,0.9669851185698557,0.9988904878474958,0.9975414661710895,0.9097001669788681,0.9932362213145933,0.9791847195767838,0.9211862468743165,0.904164901202723,0.6003457726411571,25.26223416072406,4.921372979894679,0.6971257318684889,0.20501538633584357,1.1122802956859548,0.12778049406943143,9.814300958254211
D_both,1.0,0.25,10.0,2,1,blend,obs,0.6066666666666667,0.8880874276205365,0.9882439320509077,0.99483597724365,0.8645962469483989,0.9841366048922603,0.9513984658288837,0.9887882836835458,0.9998588592588381,0.9996033060175087,0.9077150454874336,0.9928759741728144,0.9794892224354104,0.9116749905958398,0.9140261513361013,0.7475818346215639,14.256052253284398,4.082834477260791,0.69032571242317,0.20562864565926767,1.0466623043243872,0.12023389646673077,9.782399835354473
D_both,1.0,0.25,10.0,3,1,blend,obs,0.5996666666666667,0.8956090612049105,0.9895594988043706,0.99665388671579,0.8862253821046956,0.9885764960951698,0.9671985557780435,0.9770803376940421,0.9995358507274683,0.9993012968858549,0.9316328882995284,0.9961387014560373,0.9890241544961345,0.9136687205341663,0.9217688720198264,0.8675953306205816,7.591449132862274,4.211396303166279,0.6757262685023921,0.2092372632377119,0.9173405307639338,0.16197551166287327,9.837801580491151
D_both,1.0,0.25,10.0,4,1,blend,obs,0.598,0.894625463546093,0.9896784997162553,0.9920934575654026,0.8711932788785307,0.9855844280539828,0.9586981270360155,0.9924415102578563,0.9999415422400906,0.9999347188834149,0.9125624645980964,0.9936293388764798,0.9823454502737548,0.9077003169653723,0.9082174480633423,0.8490305001138367,8.144927224558383,4.7018541541692604,0.6693911065260838,0.21167927191914523,0.8374795724516948,0.15430796294146806,9.797937559726575
D_both,1.0,0.25,10.0,5,1,blend,obs,0.5976666666666667,0.9022074444490689,0.9911477471615382,0.9944019570224696,0.8749877409873955,0.9865451042717538,0.9597141225080896,0.9920101463814899,0.9999377401149496,0.9999655912272405,0.9184981914752622,0.9944714341656712,0.9837518584454088,0.9125654339246303,0.9184627952208537,0.8857139275341621,7.351059401263821,4.162988787166259,0.6613327813077738,0.21557160142273704,0.8780502101641597,0.1684121818404299,9.799986475159358
D_both,1.0,0.25,10.0,6,1,blend,obs,0.6103333333333333,0.8913711990288338,0.98909780562567,0.9977127520097164,0.8721860789603568,0.9862811496318946,0.9567216373994394,0.9905319328404967,0.9998923335623562,0.9996168412124032,0.9234779246014563,0.995176089178629,0.9864538162496815,0.918162623267758,0.9244870956214677,0.8107932360010529,14.03690281699316,3.8209912024633086,0.6677394216793846,0.2099039584175138,0.9568252606279428,0.11881170648463904,9.817370399568361
D_both,1.0,0.25,10.0,7,1,blend,obs,0.6033333333333334,0.8954344926275549,0.9901111441198384,0.9906798798497561,0.8501112400309618,0.9801122755880108,0.9445647270677601,0.9594249034537108,0.9982293893805226,0.9960754133898932,0.8948825371324081,0.9907696710036537,0.9694192677519997,0.9117037423323353,0.9121354887677728,0.8194992814449252,8.744001546604874,4.545398881904779,0.67125609359766,0.21022861943788046,1.0151387959305211,0.15747892707426897,9.823179847217176
D_both,1.0,0.5,10.0,0,1,blend,obs,0.602,0.8512928038175579,0.980526875401072,0.9320779939988374,0.8616424943736767,0.9828022915005776,0.9533261150112837,0.952936385433316,0.997916641396699,0.9951914390173495,0.8643245680440312,0.9839764474436798,0.9447320809989656,0.8777412461169934,0.9428003579409058,0.9419405059403546,6.184462523094603,3.4001254004413517,0.5993946291071452,0.22857238983506828,0.22278036225307246,0.4343641888270265,9.835848012834838
D_both,1.0,0.5,10.0,1,1,blend,obs,0.596,0.8402421667258284,0.9775841968069783,0.9219087088306466,0.8535237546379304,0.9813694213896573,0.9473165223626675,0.9669851185698557,0.9988904878474958,0.9975414661710895,0.8548170487419295,0.9821553020714581,0.9379771576995978,0.8746978214477649,0.9397208718212239,0.9408475603751703,3.9400062638802655,3.6469478501513892,0.6162427274606656,0.22651857174568696,0.18182252469321403,0.42543389089585615,9.844503293581264
D_both,1.0,0.5,10.0,2,1,blend,obs,0.6066666666666667,0.8403447982155847,0.9775899029046705,0.9222618347715081,0.8645962469483989,0.9841366048922603,0.9513984658288837,0.9887882836835458,0.9998588592588381,0.9996033060175087,0.8558130367089694,0.9824584934381182,0.9386966727623126,0.8613397860444507,0.9468890273685979,0.9518486475375558,4.4978797542640665,3.265180839364461,0.605906360588564,0.22668306065796898,0.11383769927682158,0.4336130889838565,9.815081041230501
D_both,1.0,0.5,10.0,3,1,blend,obs,0.5996666666666667,0.8582498984886233,0.9820966783097599,0.9393541587474028,0.8862253821046956,0.9885764960951698,0.9671985557780435,0.9770803376940421,0.9995358507274683,0.9993012968858549,0.8794026895423832,0.9877277638404877,0.957687068329143,0.8636914727776881,0.9571551710719343,0.9527948717006006,6.239686460275979,2.877533066121286,0.5929332560090975,0.22825230021598866,0.0786244870792516,0.4554084688881947,9.896060265130183
D_both,1.0,0.5,10.0,4,1,blend,obs,0.598,0.845418736875422,0.979378400893373,0.9279347522353608,0.8711932788785307,0.9855844280539828,0.9586981270360155,0.9924415102578563,0.9999415422400906,0.9999347188834149,0.8594289881112397,0.9834294219214064,0.9422288486760294,0.85543838095371,0.941803239971869,0.9535348876855749,3.0276323430172525,3.5028942376165833,0.6101194602979159,0.22822881059860167,-0.013324233668560576,0.4406344323566915,9.85765063993709
D_both,1.0,0.5,10.0,5,1,blend,obs,0.5976666666666667,0.8516792391035417,0.9811365239572397,0.9340152649072879,0.8749877409873955,0.9865451042717538,0.9597141225080896,0.9920101463814899,0.9999377401149496,0.9999655912272405,0.8622393319874652,0.9840283724241163,0.944811474840115,0.8575011257123184,0.954193734633748,0.9615988297426411,4.092490629484395,3.073373541272734,0.587734866929341,0.23166258959246497,-0.04823901309963905,0.4574644582311789,9.802398948975869
D_both,1.0,0.5,10.0,6,1,blend,obs,0.6103333333333333,0.8510776503939368,0.9815663870496112,0.9363272122195946,0.8721860789603568,0.9862811496318946,0.9567216373994394,0.9905319328404967,0.9998923335623562,0.9996168412124032,0.8614272218476535,0.9841394245621652,0.9445368860550013,0.8557875866184755,0.9535027835342845,0.9659233776110215,2.853861437232383,3.1755705649110335,0.5918804506925915,0.22799766522715254,0.03413224315323854,0.43856443717477633,9.837365701333047
D_both,1.0,0.5,10.0,7,1,blend,obs,0.6033333333333334,0.8312501081529404,0.9756055340266162,0.9145094040984775,0.8501112400309618,0.9801122755880108,0.9445647270677601,0.9594249034537108,0.9982293893805226,0.9960754133898932,0.837347822548238,0.9774938007205045,0.9233482861195633,0.8621972046108467,0.9454112769482909,0.9360778964348625,5.942072691049445,3.368135057956191,0.5957203212776823,0.2290178655119613,0.0363765537029532,0.46652361901705186,9.886406559634654
D_both,1.0,0.75,10.0,0,1,blend,obs,0.602,0.7887563049396049,0.9632431675076025,0.8693005126909072,0.8616424943736767,0.9828022915005776,0.9533261150112837,0.952936385433316,0.997916641396699,0.9951914390173495,0.8011058892128461,0.9674894495998924,0.8889550814026147,0.8143783752138488,0.9092721946446892,0.919258501543425,3.707249199772114,3.7433398645429627,0.6634837624816589,0.21889607788002285,-0.7252334579571593,0.6785372574055822,9.935939323374122
D_both,1.0,0.75,10.0,1,1,blend,obs,0.596,0.781155011063153,0.9602717859818942,0.8573696167853273,0.8535237546379304,0.9813694213896573,0.9473165223626675,0.9669851185698557,0.9988904878474958,0.9975414661710895,0.7968669777276605,0.9662028924863589,0.8839238695133002,0.8171386626851274,0.9132843794863199,0.9039883562774821,5.388982141989877,3.9904613476892026,0.6593860518602196,0.21924481532486448,-0.6265718612752924,0.6485662058548578,9.921833224201842
D_both,1.0,0.75,10.0,2,1,blend,obs,0.6066666666666667,0.7819684572759877,0.9605504132097704,0.857704153117253,0.8645962469483989,0.9841366048922603,0.9513984658288837,0.9887882836835458,0.9998588592588381,0.9996033060175087,0.7986246196203254,0.9668713250134544,0.8838982317836163,0.8028576048303018,0.9110664031161522,0.7859368284181748,18.56395934372455,3.766842078388357,0.6685376699571615,0.21631436892895295,-0.7047784762056865,0.6612617891540479,9.944525701716872
D_both,1.0,0.75,10.0,3,1,blend,obs,0.5996666666666667,0.8067606145168388,0.9692348421403383,0.8897989555866035,0.8862253821046956,0.9885764960951698,0.9671985557780435,0.9770803376940421,0.9995358507274683,0.9993012968858549,0.8191721262199436,0.9734696062443557,0.9080906221734953,0.8043761418849912,0.9100307285611862,0.8635935067107856,8.276018149497526,3.901068806613381,0.6655663545155766,0.21802948373388162,-0.6548320198495757,0.6748485042256159,9.957425874721277
D_both,1.0,0.75,10.0,4,1,blend,obs,0.598,0.7898624689695277,0.9636833363619195,0.869423952900246,0.8711932788785307,0.9855844280539828,0.9586981270360155,0.9924415102578563,0.9999415422400906,0.9999347188834149,0.8038702923522472,0.9687121557738853,0.892185704862592,0.7995973738851626,0.9073838571586507,0.8861311787742268,6.114846173646885,3.801985869704118,0.6769483130612267,0.2164405972253419,-0.803240178635655,0.6543721968375783,9.931784621268104
D_both,1.0,0.75,10.0,5,1,blend,obs,0.5976666666666667,0.7941961430568051,0.9654049422760752,0.8761136016590899,0.8749877409873955,0.9865451042717538,0.9597141225080896,0.9920101463814899,0.9999377401149496,0.9999655912272405,0.8058341063605745,0.9694428486506265,0.894284836095434,0.8007320949744229,0.9103381437119814,0.9215463818271483,5.022819581746671,3.7321071809469766,0.6622414517286456,0.22015633210538677,-0.8127919364438282,0.6723481619932081,9.932618812085389
D_both,1.0,0.75,10.0,6,1,blend,obs,0.6103333333333333,0.7867850165576834,0.962947285333646,0.8657653249025101,0.8721860789603568,0.9862811496318946,0.9567216373994394,0.9905319328404967,0.9998923335623562,0.9996168412124032,0.802717447525342,0.9684467002748666,0.8902665460976853,0.7980831908614547,0.9142237415829694,0.9214038490558245,4.66570626429742,3.4708604437385464,0.6655284266451882,0.21669947355742342,-0.8443360681891975,0.674486999559842,9.947194896829796
D_both,1.0,0.75,10.0,7,1,blend,obs,0.6033333333333334,0.7750599297073479,0.9584883475040491,0.8531576591198943,0.8501112400309618,0.9801122755880108,0.9445647270677601,0.9594249034537108,0.9982293893805226,0.9960754133898932,0.7799880545917579,0.9601860299212177,0.8649417591835564,0.8024085069290124,0.9001327308360899,0.7673931992151638,11.38616308005058,4.301964462477821,0.679362087376387,0.2151980473925962,-0.7275473758527232,0.6787665884072905,9.952042940170967
D_both,1.0,1.0,10.0,0,1,blend,obs,0.602,0.7818712220601266,0.9610624692409376,0.8604522598447548,0.8616424943736767,0.9828022915005776,0.9533261150112837,0.952936385433316,0.997916641396699,0.9951914390173495,0.7965640664523641,0.9661744940653568,0.8843711677977981,0.8098024100254458,0.9050112674864637,0.9121582386568734,3.975089315751122,3.9821995963297643,0.6691442168390865,0.2168071365107618,-0.7540038074048281,0.7009996699757477,9.951811280416281
D_both,1.0,1.0,10.0,1,1,blend,obs,0.596,0.7775461990723069,0.9592235986713369,0.8530791334282651,0.8535237546379304,0.9813694213896573,0.9473165223626675,0.9669851185698557,0.9988904878474958,0.9975414661710895,0.792120752537628,0.9647203375816743,0.8787906688919688,0.8122731943230235,0.9088684065682291,0.8975122254710184,5.698594491534143,4.152588324132452,0.6644747528444119,0.21852336236698436,-0.6773639864584138,0.66871224862031,9.927976017165292
D_both,1.0,1.0,10.0,2,1,blend,obs,0.6066666666666667,0.7758876485328283,0.9584837860300819,0.8493480486609525,0.8645962469483989,0.9841366048922603,0.9513984658288837,0.9887882836835458,0.9998588592588381,0.9996033060175087,0.7928808184527808,0.9651146352200579,0.8769808238145536,0.7968798389702557,0.9040311198973409,0.6663625178274446,27.354567079932778,4.120163814938536,0.6769724343453156,0.21419065021466674,-0.727060594000441,0.6822139039130227,9.957343414498594
D_both,1.0,1.0,10.0,3,1,blend,obs,0.5996666666666667,0.803878752717961,0.9685319443358067,0.8868676068327315,0.8862253821046956,0.9885764960951698,0.9671985557780435,0.9770803376940421,0.9995358507274683,0.9993012968858549,0.8145246036001108,0.9721944842610517,0.9032307431565946,0.7997940461387458,0.904264295235686,0.8354628612475621,9.074843847947296,4.105097040531594,0.6757348309427154,0.21605321488783844,-0.6776808682574845,0.691869384862689,9.956750219979583
D_both,1.0,1.0,10.0,4,1,blend,obs,0.598,0.784578114798092,0.9619976576218019,0.8627534682258658,0.8711932788785307,0.9855844280539828,0.9586981270360155,0.9924415102578563,0.9999415422400906,0.9999347188834149,0.7988163873729972,0.967174985989688,0.8864847735866315,0.794496199958928,0.9016336201774989,0.86581123619732,6.88648522651948,3.9891753916299644,0.6872415144640972,0.2140132525606052,-0.8571854981955523,0.6749035658116507,9.9435827342259
D_both,1.0,1.0,10.0,5,1,blend,obs,0.5976666666666667,0.7890068532579498,0.9637141247812452,0.869341482926556,0.8749877409873955,0.9865451042717538,0.9597141225080896,0.9920101463814899,0.9999377401149496,0.9999655912272405,0.8010423958197419,0.9679813387564462,0.888539887898363,0.7958593747211162,0.9044451082290621,0.9078782104033026,5.540803882010719,3.9128029977283245,0.6734426109823205,0.2175155289158728,-0.8548077912784418,0.6898203301050572,9.942885125358192
D_both,1.0,1.0,10.0,6,1,blend,obs,0.6103333333333333,0.7806900175159017,0.9608064503199639,0.8572897636648785,0.8721860789603568,0.9862811496318946,0.9567216373994394,0.9905319328404967,0.9998923335623562,0.9996168412124032,0.7998977952883659,0.9675991931241388,0.887209910992895,0.795327942016355,0.9112144251772025,0.9156497198659469,4.762569285196416,3.495326150361487,0.6719016519508382,0.2148444468960237,-0.8711407249863132,0.6901327058222684,9.949493345425285
D_both,1.0,1.0,10.0,7,1,blend,obs,0.6033333333333334,0.7699202393846724,0.9568045251519185,0.845652222599071,0.8501112400309618,0.9801122755880108,0.9445647270677601,0.9594249034537108,0.9982293893805226,0.9960754133898932,0.7754439404942528,0.9586880878119721,0.8587021948341594,0.7972698196997354,0.8938973650557261,0.7296066250298813,13.866851384639602,4.645605175635105,0.6883882724360463,0.21270628931771413,-0.7315426808469625,0.698003734439585,9.954291599826151
D_both,1.5,0.0,10.0,0,1,blend,obs,0.6046666666666667,0.8875538699309932,0.9877753580410639,0.9966310314239117,0.8197524699860325,0.9700180206527298,0.9252450015462799,0.9416373683590978,0.9965193710324948,0.9930972587067658,0.9083148692851047,0.9919133454924983,0.9721085407203424,0.9234772223206813,0.8800750947059341,0.5134707920003327,25.923241525339517,6.290088519570212,0.7657269392452557,0.17828461702958354,1.9255776453016946,0.020680804682965424,9.805963700655559
D_both,1.5,0.0,10.0,1,1,blend,obs,0.5993333333333334,0.89022336286456,0.9885020474849825,0.9983337927230207,0.8125289379723573,0.9686336405855153,0.9195722593308121,0.9468860708735223,0.9970799732557631,0.9934255771896657,0.9020065368864378,0.991487749487298,0.9706349976437244,0.9295466625858463,0.8866785237427224,0.6305131190969345,18.65175863114951,5.465598462505846,0.76535376708082,0.18035885235939214,1.8935270821409163,0.028130851906492643,9.820097081309738
D_both,1.5,0.0,10.0,2,1,blend,obs,0.6036666666666667,0.8798270542602293,0.9861248218430437,0.9955578489145208,0.8209028781934757,0.9715164667114323,0.9209295238056062,0.9825544817732865,0.9996807411613239,0.9996129522703942,0.9053956538204609,0.9925283218705112,0.9758291818969981,0.9066764273126909,0.8873439797477015,0.6401574717269187,20.329219573876166,5.613729524975681,0.7507248247904709,0.1855736906811694,1.6940657775623227,0.07127344279219808,9.805627491487565
D_both,1.5,0.0,10.0,3,1,blend,obs,0.5993333333333334,0.8851423817934414,0.9872650403501135,0.99569771219813,0.8480069937916993,0.9788669644433488,0.9440686539194678,0.9778519757703743,0.9995318314156844,0.9990453181802964,0.94169189989628,0.9970319264556446,0.9914516183918214,0.9228831097021649,0.878242757489748,0.4759806526211601,33.868423613000274,6.99167256361073,0.7474729270274423,0.18575115210847856,1.6655237510552603,0.058150448719125385,9.831334144690203
D_both,1.5,0.0,10.0,4,1,blend,obs,0.6013333333333334,0.8869419053058994,0.9877343311779355,0.9976724445321807,0.8195610050705919,0.9707528298461955,0.9273762213423747,0.9709426121839441,0.9991326227597626,0.9987891315098406,0.9110658173506287,0.9930157470174342,0.9759118198692407,0.9201150853370021,0.8850810590773885,0.5348320599143185,22.614347208904707,5.371330168025488,0.7548839349939561,0.1843321603818587,1.6857349870692027,0.04754999961999583,9.79501721600169
D_both,1.5,0.0,10.0,5,1,blend,obs,0.5966666666666667,0.8908328657954262,0.9886914717898848,0.9992127562026887,0.8240410996152927,0.9723076213271462,0.9270481935172339,0.9693896467214259,0.9989687635721709,0.9978701183937475,0.9147651242606459,0.993634576156232,0.9782211871832885,0.9283048230522275,0.8866084974604871,0.6078777508960872,25.57503838303586,5.716666247253873,0.7366565861766471,0.19093499198013394,1.6977409613592827,0.07712783212116962,9.780891774582162
D_both,1.5,0.0,10.0,6,1,blend,obs,0.6156666666666667,0.8842491830812989,0.9872105286760792,0.998457210615665,0.8271736657292397,0.9733576792453644,0.9259416401040617,0.9744270622857459,0.9992688142988246,0.9979244739982407,0.917831797801212,0.9941426933126566,0.9801723236339338,0.9304070652139255,0.8904770372820446,0.38595873500625555,49.15724091449377,5.532464211281183,0.7574353479142238,0.18046798945531578,1.8162254249313232,0.025426457258506088,9.769508933954718
D_both,1.5,0.0,10.0,7,1,blend,obs,0.6036666666666667,0.884938294971118,0.9875490771067073,0.999073743180769,0.8030540915756358,0.9648031438503629,0.9105602769502605,0.936630078801164,0.9956499216541767,0.9890210024885498,0.8787573547161118,0.9868750921081638,0.9544678982707486,0.9153800750232961,0.8877807218428319,0.6811412094517518,13.404868359377625,5.561608512190918,0.748248369115196,0.18543586412161223,1.793738974896887,0.06164051575659738,9.82981884805995
D_both,1.5,0.25,10.0,0,1,blend,obs,0.6046666666666667,0.8973270554986076,0.9897794366551323,0.9925716212342879,0.8197524699860325,0.9700180206527298,0.9252450015462799,0.9416373683590978,0.9965193710324948,0.9930972587067658,0.893856845745068,0.9894075643087579,0.9634109918605875,0.9131656190877839,0.8937355010059054,0.6646184328776293,17.01063410234529,5.484969175371238,0.7285656250522914,0.19214076667618118,1.6479690716110855,0.13271238048671463,9.81746108292061
D_both,1.5,0.25,10.0,1,1,blend,obs,0.5993333333333334,0.8969582436177748,0.9900847276000814,0.9911622691393944,0.8125289379723573,0.9686336405855153,0.9195722593308121,0.9468860708735223,0.9970799732557631,0.9934255771896657,0.8905248443689735,0.9895319332539154,0.9638743584875574,0.9194022547324507,0.8968540028136824,0.7497929257894658,13.058148243801917,5.292630265094182,0.7256657887577064,0.19475871496475763,1.617059862960219,0.14282907492358,9.835498804615531
D_both,1.5,0.25,10.0,2,1,blend,obs,0.6036666666666667,0.8823242440333545,0.987068578372803,0.9856168167083138,0.8209028781934757,0.9715164667114323,0.9209295238056062,0.9825544817732865,0.9996807411613239,0.9996129522703942,0.888090603008822,0.9894485976141856,0.9638607998787663,0.8907408857989607,0.9024771345519169,0.7300559815597658,17.468970159634335,4.6989464496526505,0.7124870952626204,0.19834704179061374,1.415712601741856,0.1810365195179504,9.817028371399376
D_both,1.5,0.25,10.0,3,1,blend,obs,0.5993333333333334,0.8969667381872318,0.9897017680456328,0.9944986316811542,0.8480069937916993,0.9788669644433488,0.9440686539194678,0.9778519757703743,0.9995318314156844,0.9990453181802964,0.9242335378595751,0.995037529209355,0.9834240941841398,0.9050705031306885,0.8983559558700986,0.6977382039983634,18.346865035159134,5.641013798167103,0.7076509950971591,0.19953062954781217,1.3790375765121645,0.17255469020272549,9.852780195501339
D_both,1.5,0.25,10.0,4,1,blend,obs,0.6013333333333334,0.8924359157254507,0.9891400226409932,0.9910062275227166,0.8195610050705919,0.9707528298461955,0.9273762213423747,0.9709426121839441,0.9991326227597626,0.9987891315098406,0.8953129256116568,0.9904572810748095,0.9671535298499544,0.9057127189577906,0.8998864415576953,0.7046847816393679,15.949668967355322,4.910307252590526,0.7130598391534235,0.19788374022072466,1.3892631232137416,0.15772561862774181,9.811269453538513
D_both,1.5,0.25,10.0,5,1,blend,obs,0.5966666666666667,0.8990888043794161,0.9905731038667673,0.9945614923995003,0.8240410996152927,0.9723076213271462,0.9270481935172339,0.9693896467214259,0.9989687635721709,0.9978701183937475,0.8975592577614554,0.9908867237038741,0.9685400906089918,0.9130067480998787,0.9034871255772464,0.7661004697376852,15.756387707181226,4.849209938627146,0.6962297428320792,0.20344893724255259,1.4193580958857033,0.18027981808947086,9.80767421227362
D_both,1.5,0.25,10.0,6,1,blend,obs,0.6156666666666667,0.8974314503749122,0.9900887896329869,0.9957692986573989,0.8271736657292397,0.9733576792453644,0.9259416401040617,0.9744270622857459,0.9992688142988246,0.9979244739982407,0.901696021385541,0.9916254602632716,0.9710984455909801,0.9148918590526576,0.9056840434210465,0.5832003579701811,31.613708252089523,4.740075313669872,0.7144174632593772,0.19455315068145582,1.5344155808078197,0.14197901431398724,9.78006418093035
D_both,1.5,0.25,10.0,7,1,blend,obs,0.6036666666666667,0.889083196838634,0.9887556054657349,0.990006680696736,0.8030540915756358,0.9648031438503629,0.9105602769502605,0.936630078801164,0.9956499216541767,0.9890210024885498,0.8648298339747109,0.9838220276389872,0.9438695739809908,0.9034567121369494,0.8989931497698511,0.7690349398939262,9.354063971985934,5.082624410013812,0.7154521081569086,0.19789111241603496,1.5335362812302975,0.17093998502287758,9.837892572564286
D_both,1.5,0.5,10.0,0,1,blend,obs,0.6046666666666667,0.8470907032368744,0.9779854074167816,0.9243202022050976,0.8197524699860325,0.9700180206527298,0.9252450015462799,0.9416373683590978,0.9965193710324948,0.9930972587067658,0.8454726863302766,0.9776986689578605,0.9279956448002272,0.8713219195347697,0.9353275648434913,0.9097214353394351,7.696023491566321,3.733809685977649,0.617719405560276,0.22436387103290317,0.694756926507005,0.44455199858288086,9.891096779234427
D_both,1.5,0.5,10.0,1,1,blend,obs,0.5993333333333334,0.8358835391975876,0.9755387048804205,0.9151957496154911,0.8125289379723573,0.9686336405855153,0.9195722593308121,0.9468860708735223,0.9970799732557631,0.9934255771896657,0.8424389076307319,0.9780202961902353,0.9281283907442145,0.8761531110437052,0.9364066760196077,0.9374274810140777,4.132268295235433,3.5475610292122863,0.6220116083872078,0.2247060668805081,0.674241312470212,0.4457036714622188,9.874696966636042
D_both,1.5,0.5,10.0,2,1,blend,obs,0.6036666666666667,0.8239385193956072,0.971934852568147,0.9017815714593891,0.8209028781934757,0.9715164667114323,0.9209295238056062,0.9825544817732865,0.9996807411613239,0.9996129522703942,0.8352336578577588,0.9763085186247361,0.9198176870185931,0.8402732417973391,0.942003489599162,0.9431991953363894,4.815427481657927,3.4544334713245863,0.6149502688690133,0.22447940530196162,0.49622796466826885,0.4763708973160628,9.878955228529914
D_both,1.5,0.5,10.0,3,1,blend,obs,0.5993333333333334,0.8566589380974807,0.9810763569410044,0.9342550932527144,0.8480069937916993,0.9788669644433488,0.9440686539194678,0.9778519757703743,0.9995318314156844,0.9990453181802964,0.8679657669893444,0.9844822784133502,0.9485626949283603,0.8492895687404236,0.9492688176029087,0.93475719806093,7.152291428517999,3.1125870875953225,0.6100679901313902,0.226374253323705,0.48256250850316185,0.4678894694139048,9.895108402456907
D_both,1.5,0.5,10.0,4,1,blend,obs,0.6013333333333334,0.844044635702615,0.9779339785224151,0.9236382914374555,0.8195610050705919,0.9707528298461955,0.9273762213423747,0.9709426121839441,0.9991326227597626,0.9987891315098406,0.8495615547270274,0.9800021213437647,0.9346922479062153,0.8622859582358198,0.9354750066309849,0.9307106812757898,5.975896185289909,3.7136613430653265,0.6179529974267514,0.22456729795310662,0.5756579623110265,0.4492604059097571,9.870994906873408
D_both,1.5,0.5,10.0,5,1,blend,obs,0.5966666666666667,0.846085348729098,0.9786630373168083,0.9263401142672484,0.8240410996152927,0.9723076213271462,0.9270481935172339,0.9693896467214259,0.9989687635721709,0.9978701183937475,0.8478403742019974,0.9793760822635351,0.9330318144682417,0.8661656677581271,0.945048286762509,0.9458798134193978,4.023860062001503,3.3440637325752123,0.6020024008495313,0.22904291422406564,0.5079743188376632,0.4664234169668527,9.86107388604975
D_both,1.5,0.5,10.0,6,1,blend,obs,0.6156666666666667,0.8475069296677805,0.9793244387463048,0.927828708724285,0.8271736657292397,0.9733576792453644,0.9259416401040617,0.9744270622857459,0.9992688142988246,0.9979244739982407,0.8523844463118285,0.9807367100476889,0.9365464048804991,0.8663238352653718,0.9513394907658558,0.9557286172759627,4.858476116727362,2.8918837101965957,0.6009118652360946,0.2252960928802451,0.6405218218462928,0.45575724078115554,9.866605310551893
D_both,1.5,0.5,10.0,7,1,blend,obs,0.6036666666666667,0.823926399007147,0.9722662350879766,0.9043106465293379,0.8030540915756358,0.9648031438503629,0.9105602769502605,0.936630078801164,0.9956499216541767,0.9890210024885498,0.8230987130760491,0.9721828134725409,0.9089717725676105,0.8662772657250162,0.9356782030614805,0.9177233465511735,7.6918044962552115,3.7072245877322434,0.614115263279863,0.22557810003120307,0.6389532978798497,0.46877103585721924,9.890565814710147
D_both,1.5,0.75,10.0,0,1,blend,obs,0.6046666666666667,0.780779190037666,0.9590037268457153,0.8614372260702129,0.8197524699860325,0.9700180206527298,0.9252450015462799,0.9416373683590978,0.9965193710324948,0.9930972587067658,0.7828544087769999,0.959841838052305,0.8714209207477793,0.8061684262204267,0.9229090877664179,0.9392471897510385,3.2695272214907627,3.557249572395295,0.6350420469609613,0.2244288532127913,-0.29720415708358466,0.6907996159956852,9.957183794916697
D_both,1.5,0.75,10.0,1,1,blend,obs,0.5993333333333334,0.7763215514306929,0.9569882598721211,0.8524399237057246,0.8125289379723573,0.9686336405855153,0.9195722593308121,0.9468860708735223,0.9970799732557631,0.9934255771896657,0.7858261385370914,0.9611847317114803,0.8773495719735712,0.818281688353268,0.9370919208257551,0.9487410755821927,3.5894409240011047,3.2594771814981165,0.6176158941623064,0.2261563713889017,-0.2596480249225391,0.6566287661980267,9.934331731558839
D_both,1.5,0.75,10.0,2,1,blend,obs,0.6036666666666667,0.7692150242987517,0.9543519948853152,0.8399238646551401,0.8209028781934757,0.9715164667114323,0.9209295238056062,0.9825544817732865,0.9996807411613239,0.9996129522703942,0.7829903817540492,0.9604469435899398,0.8697067102985676,0.7873360308781217,0.9299056894157033,0.8578413657866651,14.401389631566971,3.4486124309001007,0.6354130142912275,0.22300232315148025,-0.31522393254672043,0.6770797688804289,9.956211115532284
D_both,1.5,0.75,10.0,3,1,blend,obs,0.5993333333333334,0.8014824211075375,0.9664186549186781,0.8823636633749312,0.8480069937916993,0.9788669644433488,0.9440686539194678,0.9778519757703743,0.9995318314156844,0.9990453181802964,0.8084990034525055,0.9690329144940746,0.899541014621988,0.7892967234483927,0.9299736332077595,0.8959391305438887,8.779923873211095,3.4129834206863237,0.6350872387326276,0.22384621289470544,-0.34968825647031027,0.6784825111865929,9.963440188653166
D_both,1.5,0.75,10.0,4,1,blend,obs,0.6013333333333334,0.7823818934466737,0.9596275308909187,0.8616341850000521,0.8195610050705919,0.9707528298461955,0.9273762213423747,0.9709426121839441,0.9991326227597626,0.9987891315098406,0.7877246529833088,0.9619965355917923,0.880264409635232,0.7999657585685827,0.9289773215764461,0.9283171320736291,4.501599328618183,3.545540892023893,0.6409231343947674,0.22326190807304483,-0.34003292653885914,0.671628807419875,9.952314163247872
D_both,1.5,0.75,10.0,5,1,blend,obs,0.5966666666666667,0.7835351157216848,0.9601371393230707,0.8647763107966348,0.8240410996152927,0.9723076213271462,0.9270481935172339,0.9693896467214259,0.9989687635721709,0.9978701183937475,0.7890408960101551,0.9626207077913838,0.8804492077326476,0.8043044986459613,0.9328607714605419,0.9494571404687031,4.522111949580141,3.4200927143730793,0.6198441756313773,0.22779758691041244,-0.35011656738193697,0.6829261420906716,9.961405457876872
D_both,1.5,0.75,10.0,6,1,blend,obs,0.6156666666666667,0.7829278220450326,0.9599173605518688,0.8598929407113349,0.8271736657292397,0.9733576792453644,0.9259416401040617,0.9744270622857459,0.9992688142988246,0.9979244739982407,0.7950404609243957,0.9645984543841334,0.8857518232416658,0.8059848824681759,0.942521572077349,0.9494900991747454,5.414307221307469,2.950922973748578,0.6116888172423719,0.2235502062946496,-0.27835005611335245,0.6804228962323051,9.961970854137816
D_both,1.5,0.75,10.0,7,1,blend,obs,0.6036666666666667,0.7633205274950718,0.9524362903612409,0.838902001674884,0.8030540915756358,0.9648031438503629,0.9105602769502605,0.936630078801164,0.9956499216541767,0.9890210024885498,0.7643518092779444,0.9529696017158209,0.8503280929012537,0.8035090540487626,0.9200477269781054,0.8554653861697692,8.929106285397397,4.077362510537084,0.6433550877522141,0.22213155092278475,-0.25078136537378826,0.6874554610785334,9.965716411279631
D_both,1.5,1.0,10.0,0,1,blend,obs,0.6046666666666667,0.7746411285908265,0.9570336987481535,0.8542728303976885,0.8197524699860325,0.9700180206527298,0.9252450015462799,0.9416373683590978,0.9965193710324948,0.9930972587067658,0.7786061945022471,0.9585924138912273,0.8673432937026017,0.8017169533005362,0.9191460670568143,0.9334443789350375,3.311663273809661,3.6013068135039124,0.6417516189427926,0.22291719053166284,-0.34444460310174796,0.7125005373667521,9.963919278006035
D_both,1.5,1.0,10.0,1,1,blend,obs,0.5993333333333334,0.7709780550506741,0.9552234790440923,0.8455271073466238,0.8125289379723573,0.9686336405855153,0.9195722593308121,0.9468860708735223,0.9970799732557631,0.9934255771896657,0.779945190567487,0.959278230213789,0.870271273456749,0.8117331519411597,0.9302252785668179,0.9362376561931316,4.138943763011247,3.450631354511882,0.6300726542155363,0.22421027932870569,-0.3328347364678539,0.6763663936967714,9.935884100380637
D_both,1.5,1.0,10.0,2,1,blend,obs,0.6036666666666667,0.7660411474399624,0.9533383634184499,0.8357352209986938,0.8209028781934757,0.9715164667114323,0.9209295238056062,0.9825544817732865,0.9996807411613239,0.9996129522703942,0.7783710748172813,0.9589654653320405,0.8638731953987572,0.7824527685303222,0.9236491951461202,0.7948509499502489,18.943064923233855,3.6833111031980104,0.6459501996722208,0.2213421726541197,-0.35040801426237805,0.6902264317850092,9.961113076875485
D_both,1.5,1.0,10.0,3,1,blend,obs,0.5993333333333334,0.7961100930954266,0.9649319434400189,0.8765785160873181,0.8480069937916993,0.9788669644433488,0.9440686539194678,0.9778519757703743,0.9995318314156844,0.9990453181802964,0.8016522851212758,0.9671937431861914,0.8918098192259272,0.7823115118714502,0.9198019063748057,0.8686554103644919,9.363618624355803,3.850204084961091,0.6494760308643917,0.22143162435560043,-0.3662702957067593,0.7009704526610319,9.969261726614924
D_both,1.5,1.0,10.0,4,1,blend,obs,0.6013333333333334,0.777249259422532,0.9580154017461592,0.8553722773345429,0.8195610050705919,0.9707528298461955,0.9273762213423747,0.9709426121839441,0.9991326227597626,0.9987891315098406,0.7829010407352234,0.9604605596812114,0.8747684977635188,0.7948359650821948,0.9235978931514641,0.9161934423210764,5.037344396072692,3.7010680703504306,0.6508337566463229,0.22147600183480448,-0.399042906811454,0.6908916510055123,9.956669055451163
D_both,1.5,1.0,10.0,5,1,blend,obs,0.5966666666666667,0.7794652780196365,0.9589252975382868,0.8599802661499677,0.8240410996152927,0.9723076213271462,0.9270481935172339,0.9693896467214259,0.9989687635721709,0.9978701183937475,0.7846052082944956,0.9613490628962609,0.8753651313811152,0.7993560806811283,0.9269985629158165,0.9426445423554628,4.599135667431812,3.5621009487832938,0.6286781476522462,0.226258964449484,-0.3715685561575326,0.7004128366109069,9.965579744309178
D_both,1.5,1.0,10.0,6,1,blend,obs,0.6156666666666667,0.7780004589764546,0.9585276347527127,0.8539908739012579,0.8271736657292397,0.9733576792453644,0.9259416401040617,0.9744270622857459,0.9992688142988246,0.9979244739982407,0.7902490996360014,0.963111620956748,0.8799587385057774,0.8009439060600191,0.9363362532075765,0.9372682969163362,6.065230411092011,3.1259670959631376,0.6247025837355624,0.221621067041084,-0.32536840844696346,0.7017507873531391,9.963311002150235
D_both,1.5,1.0,10.0,7,1,blend,obs,0.6036666666666667,0.7582890362654195,0.9507274605865558,0.8322112010116938,0.8030540915756358,0.9648031438503629,0.9105602769502605,0.936630078801164,0.9956499216541767,0.9890210024885498,0.7602034523057526,0.9514466294272804,0.8455179577351368,0.7989811158780062,0.9164341580826387,0.8321183938748015,10.071901129900983,4.090670477848049,0.6523673894558021,0.22035079577075378,-0.30760738147603767,0.7064069908934683,9.965907283886933
D_both,2.0,0.0,10.0,0,1,blend,obs,0.6,0.8934420158542888,0.9890189151335664,0.9966139831474613,0.787255429824713,0.957724427490152,0.8998502183494667,0.9258383204673957,0.9940907077519977,0.9872593311940334,0.8784786699396856,0.9853065170995636,0.9518463696674864,0.9197001742627284,0.8826753546216863,0.40263477498757894,45.48554446369273,6.003437206394605,0.7737581018518519,0.17455670724093572,2.258386353556965,0.05967257417462921,9.793383049881383
D_both,2.0,0.0,10.0,1,1,blend,obs,0.5966666666666667,0.8869202364538114,0.9879575696319075,0.9987009368244852,0.774709313967503,0.9537361642278336,0.8920983371072839,0.9165347559214728,0.9926547389943703,0.9836681602324191,0.863043052014617,0.9828632358657788,0.9440273576244771,0.9206999656014314,0.8874817357629519,0.6368002968282157,13.748709897577989,5.463151218901595,0.7902458562260491,0.16780351804836693,2.3368886929505077,0.0488858302358794,9.821425465836382
D_both,2.0,0.0,10.0,2,1,blend,obs,0.6046666666666667,0.877821776487426,0.9858123939346919,0.9984156476053859,0.7850717389353932,0.9578865674355319,0.8937483684701895,0.9481574736701485,0.997078283363042,0.9930975395462095,0.878141492755907,0.9869074973759946,0.9550689915793995,0.9099552837905945,0.8862561101382573,0.3212427984091446,56.123434663326506,5.600154899366614,0.7818705831168856,0.1721549634545004,2.214205163988998,0.05386086178968535,9.767162977902284
D_both,2.0,0.0,10.0,3,1,blend,obs,0.5983333333333334,0.8737186079143759,0.9844191858807265,0.9894799382785968,0.8079316280937092,0.9655901910205178,0.9184700670199891,0.9534730804124556,0.997748250565146,0.9972544594026634,0.8991363833799415,0.9899703679024161,0.9685499611489105,0.917579531429356,0.8912508313782271,0.42772658831151583,30.857566185074955,5.005418439716426,0.7937990499196709,0.16732949584546317,2.2008848848904936,0.023844025408935054,9.816934021585464
D_both,2.0,0.0,10.0,4,1,blend,obs,0.5976666666666667,0.8956323960208719,0.9896290550120994,0.998823336933248,0.7827122833292421,0.9565694454015025,0.9029340586933561,0.9321270980146901,0.9950966505595682,0.9917775235825482,0.8862483896598048,0.9879844634319609,0.9621893298687962,0.925831322522548,0.8804979399318755,0.41568170492405615,35.41029406579819,6.307673112418003,0.784054809484181,0.1723981001656305,2.2505186145985414,0.04772345826449128,9.801014899561594
D_both,2.0,0.0,10.0,5,1,blend,obs,0.6033333333333334,0.8852855878121241,0.9874008646146534,0.9974553176643166,0.7966249350121454,0.9623905313025133,0.907344971502306,0.9610693840620159,0.9983398675258328,0.9959690326622014,0.8940137531576695,0.9893363430915543,0.9635299591731052,0.9186081047088988,0.8730572052043082,0.35126335372130313,48.41471515177036,6.128541704772525,0.7815991921630532,0.17380106671378742,2.1064420326126565,0.05217399738339358,9.768467403522363
D_both,2.0,0.0,10.0,6,1,blend,obs,0.6173333333333333,0.8823773687795065,0.9867746112451244,0.9979578471858335,0.7920989997538872,0.9604863812541056,0.9006596288161807,0.9484827776734923,0.9970901436344174,0.9931526605973667,0.8809690945537353,0.9863230911161927,0.9563470599469236,0.9156923032355775,0.8936620049439661,0.7406206555212175,11.787808638582828,4.548189978667956,0.7879093888516793,0.1679022511322063,2.2212815443234324,0.02780847867436745,9.810271601266427
D_both,2.0,0.0,10.0,7,1,blend,obs,0.6053333333333333,0.8931686025777563,0.989054900054878,0.9970742103710831,0.7740182950418174,0.9532281616190881,0.888634364768567,0.9322029658069678,0.9950127844368072,0.9870520121074039,0.8737122630693003,0.9848844001279856,0.9487618460262002,0.9200540567931399,0.8693179288858084,0.5757392954977796,21.91494853885476,6.72666847985303,0.778437630223836,0.1733492742544523,2.228953401371136,0.05642250060656889,9.85178756776774
D_both,2.0,0.25,10.0,0,1,blend,obs,0.6,0.8998837022734767,0.9904165719106075,0.9908960093728864,0.787255429824713,0.957724427490152,0.8998502183494667,0.9258383204673957,0.9940907077519977,0.9872593311940334,0.8633567355684442,0.9819031690688237,0.9416304113100611,0.9062913998671143,0.8979560216474138,0.592504445872334,28.91631135296291,5.154391023263307,0.7334532407407408,0.1892729254918833,1.9411234747797745,0.1699914716297876,9.814318757239484
D_both,2.0,0.25,10.0,1,1,blend,obs,0.5966666666666667,0.894041673315296,0.9896303455556458,0.9910564014174368,0.774709313967503,0.9537361642278336,0.8920983371072839,0.9165347559214728,0.9926547389943703,0.9836681602324191,0.8527311369455877,0.9803314655378312,0.9358239655011352,0.910477613161619,0.8947224032686001,0.709298577266015,11.405327043701487,5.088955230710138,0.7580546193268387,0.18173180300186087,2.081486771355941,0.158819421622197,9.825886674862456
D_both,2.0,0.25,10.0,2,1,blend,obs,0.6046666666666667,0.8818279587206991,0.9869548627630159,0.9913928083948883,0.7850717389353932,0.9578865674355319,0.8937483684701895,0.9481574736701485,0.997078283363042,0.9930975395462095,0.8639235879765079,0.9836971128581798,0.9441921145286154,0.8959457992356926,0.8958902336218624,0.4623538036204741,35.63012015731372,5.2166224626644375,0.7462489611435137,0.18562923813627139,1.9056480323147935,0.16180655708373468,9.81399865155739
D_both,2.0,0.25,10.0,3,1,blend,obs,0.5983333333333334,0.889030769919528,0.9875793922456721,0.9901753268404299,0.8079316280937092,0.9655901910205178,0.9184700670199891,0.9534730804124556,0.997748250565146,0.9972544594026634,0.8865021363247862,0.9874800319926669,0.9611592210277127,0.9051933239025736,0.9028854538746738,0.6004778587267058,19.388957610702946,4.477181731015234,0.7525736543418209,0.18291377489514066,1.893598305101855,0.13732233284296277,9.839569899540507
D_both,2.0,0.25,10.0,4,1,blend,obs,0.5976666666666667,0.9046351149937393,0.9915222669815099,0.9936805984474555,0.7827122833292421,0.9565694454015025,0.9029340586933561,0.9321270980146901,0.9950966505595682,0.9917775235825482,0.8712092541382869,0.9845729842290313,0.9525969119926978,0.9130255681256128,0.8934071501775206,0.6315249830323152,21.093022242873747,5.50316540669696,0.7442671514141111,0.18722308886019778,1.9312114198426973,0.15654751294800046,9.816551754088303
D_both,2.0,0.25,10.0,5,1,blend,obs,0.6033333333333334,0.8947880391555881,0.9894981349163408,0.9922859321085524,0.7966249350121454,0.9623905313025133,0.907344971502306,0.9610693840620159,0.9983398675258328,0.9959690326622014,0.8810521564262308,0.9867355085408828,0.9549378049959187,0.906190974356797,0.8838667865198959,0.5427352059496874,30.067774082846345,5.637138951075403,0.7423111565068017,0.1881440097255403,1.7991576120890134,0.16676166359108024,9.797965602471194
D_both,2.0,0.25,10.0,6,1,blend,obs,0.6173333333333333,0.8951474633810355,0.989583961856199,0.9961920625242302,0.7920989997538872,0.9604863812541056,0.9006596288161807,0.9484827776734923,0.9970901436344174,0.9931526605973667,0.866464895070161,0.9829770946852568,0.9462515564322495,0.9009271572797386,0.9066100633150547,0.8254028935865407,9.110044629274668,4.057968917422544,0.7427945398514462,0.18404338438113593,1.8722795420283478,0.14275763682865783,9.816164924836292
D_both,2.0,0.25,10.0,7,1,blend,obs,0.6053333333333333,0.8918995425678713,0.9890912118571843,0.9855507536827386,0.7740182950418174,0.9532281616190881,0.888634364768567,0.9322029658069678,0.9950127844368072,0.9870520121074039,0.8575040721612639,0.9810652762952551,0.9367619574998084,0.9052456935364156,0.8843794976036479,0.6784941016625271,14.966772754350385,5.699900243720722,0.7406692295957852,0.1873935292518268,1.9310193787966325,0.16738942655919245,9.861568572963318
D_both,2.0,0.5,10.0,0,1,blend,obs,0.6,0.8318378784114723,0.9725075337740304,0.9072922718228509,0.787255429824713,0.957724427490152,0.8998502183494667,0.9258383204673957,0.9940907077519977,0.9872593311940334,0.8245756067917225,0.9704827060952274,0.9103038231317864,0.8698675884549476,0.9293275056972142,0.892888309142022,7.486189609727022,3.807780655788715,0.6353016203703703,0.2218640600411834,1.0335264676915914,0.4688409890774172,9.88392902594931
D_both,2.0,0.5,10.0,1,1,blend,obs,0.5966666666666667,0.8274439396843621,0.972207777842081,0.905242776862038,0.774709313967503,0.9537361642278336,0.8920983371072839,0.9165347559214728,0.9926547389943703,0.9836681602324191,0.8191139184533802,0.9698365166971957,0.9081752300351433,0.8814729962351979,0.9232206896120798,0.9078934632960828,5.534024041034167,4.014277691850909,0.651948150884159,0.2190320669836313,1.1018553423360327,0.46334664210292764,9.878055707344451
D_both,2.0,0.5,10.0,2,1,blend,obs,0.6046666666666667,0.8217215604510094,0.9697797383353564,0.8951892248616722,0.7850717389353932,0.9578865674355319,0.8937483684701895,0.9481574736701485,0.997078283363042,0.9930975395462095,0.8252627994138777,0.9722060830083445,0.9100531239040709,0.8604677360184987,0.9251550647846103,0.9085439552165344,6.2137864262134235,3.845455389211262,0.6520065501412102,0.21741177010836005,1.0387650620456188,0.464496713404838,9.859687943845172
D_both,2.0,0.5,10.0,3,1,blend,obs,0.5983333333333334,0.8558644812092469,0.978631326482873,0.9274452138358711,0.8079316280937092,0.9655901910205178,0.9184700670199891,0.9534730804124556,0.997748250565146,0.9972544594026634,0.8519369995655731,0.9788101842862287,0.9376239253472789,0.8713350777011875,0.9324224261696205,0.9037274729204864,7.873809020126608,3.5388232862053512,0.6416033472416462,0.21991498438946902,0.9656973719946385,0.4535212362878383,9.892349798955804
D_both,2.0,0.5,10.0,4,1,blend,obs,0.5976666666666667,0.8328565631617297,0.9733974370740205,0.9099391949216392,0.7827122833292421,0.9565694454015025,0.9029340586933561,0.9321270980146901,0.9950966505595682,0.9917775235825482,0.8275128628749107,0.9719766178537947,0.920463234662286,0.8731188927580543,0.9299909618620715,0.9331103158369218,3.5332840797371645,3.7344170410363895,0.6365214349645657,0.22065834383208802,0.9429667659005797,0.4603814877651144,9.874453356425002
D_both,2.0,0.5,10.0,5,1,blend,obs,0.6033333333333334,0.8363141514442123,0.9741695639000851,0.9123982021318312,0.7966249350121454,0.9623905313025133,0.907344971502306,0.9610693840620159,0.9983398675258328,0.9959690326622014,0.8365138618568152,0.9749189489494792,0.9222763493553564,0.863950696684597,0.9269158532686943,0.904828095993928,5.614837574652416,3.787332077735197,0.6384558243186778,0.22162114771455874,0.8182551936643232,0.4742341968622337,9.869310537245052
D_both,2.0,0.5,10.0,6,1,blend,obs,0.6173333333333333,0.8438922780852767,0.9770350469098268,0.921262617776413,0.7920989997538872,0.9604863812541056,0.9006596288161807,0.9484827776734923,0.9970901436344174,0.9931526605973667,0.834435900707854,0.9743152319848978,0.9218581056909303,0.8681436051625391,0.9357891816913328,0.9417328585180298,4.5449566627306295,3.272115998900183,0.6325316448551712,0.21861586488703882,1.0517836869559702,0.460787240153858,9.878306883146147
D_both,2.0,0.5,10.0,7,1,blend,obs,0.6053333333333333,0.8140788976398936,0.9669925164714319,0.89034561724191,0.7740182950418174,0.9532281616190881,0.888634364768567,0.9322029658069678,0.9950127844368072,0.9870520121074039,0.8103707412798296,0.9666149934597918,0.8975040054521621,0.8601402973042901,0.9258759046597811,0.8878285699397951,9.31904633211156,4.038315103940846,0.6313772472913443,0.22123083816706562,0.8996713159179616,0.47697883924930917,9.870661425448654
D_both,2.0,0.75,10.0,0,1,blend,obs,0.6,0.7701159369162204,0.9534600578999969,0.8488851150469457,0.787255429824713,0.957724427490152,0.8998502183494667,0.9258383204673957,0.9940907077519977,0.9872593311940334,0.7678000946480903,0.9526474755874803,0.8580256657465373,0.8080316734099076,0.9351224892711851,0.9540960290069109,3.136114880437149,3.3909688884230427,0.6066993055555555,0.2283827462302586,0.041055904896051286,0.6906247440392953,9.963556957121272
D_both,2.0,0.75,10.0,1,1,blend,obs,0.5966666666666667,0.7656805836996836,0.9513318803957695,0.8403434066861147,0.774709313967503,0.9537361642278336,0.8920983371072839,0.9165347559214728,0.9926547389943703,0.9836681602324191,0.7667110301611123,0.95267511632308,0.8601156476318217,0.8255325123138643,0.9406088526932072,0.9502259768024879,3.6123524073374704,3.331399727594256,0.6041354633177893,0.22728112835313913,0.13962280872392696,0.6668499993262698,9.946292974898146
D_both,2.0,0.75,10.0,2,1,blend,obs,0.6046666666666667,0.7624848568581897,0.9500948474099243,0.8317545544212411,0.7850717389353932,0.9578865674355319,0.8937483684701895,0.9481574736701485,0.997078283363042,0.9930975395462095,0.7689700259741216,0.9537442764421248,0.8572002845204071,0.8006024636542979,0.9395233929261396,0.8659415687233054,14.634362258952201,3.2763306972268085,0.6186611161827347,0.22496467987746022,0.04859648695112642,0.6815153272559535,9.96419929143711
D_both,2.0,0.75,10.0,3,1,blend,obs,0.5983333333333334,0.7918006528160024,0.9612944606957692,0.8713519344598418,0.8079316280937092,0.9655901910205178,0.9184700670199891,0.9534730804124556,0.997748250565146,0.9972544594026634,0.7878242522684491,0.9605916514088249,0.8832359404651428,0.8033365945196052,0.939459522923879,0.9031380376977931,9.552944385518256,3.425604585270526,0.6152595383672951,0.22621031054935062,-0.02533955715541966,0.6875268785249852,9.975260182826927
D_both,2.0,0.75,10.0,4,1,blend,obs,0.5976666666666667,0.7716566605284199,0.9541050479448349,0.8494051504827005,0.7827122833292421,0.9565694454015025,0.9029340586933561,0.9321270980146901,0.9950966505595682,0.9917775235825482,0.7692332043313653,0.9535267048040054,0.8676353598160425,0.8096624207132747,0.9386096587745685,0.9427983006560245,3.820119427977873,3.547942079967404,0.6182253456436266,0.22583015132836032,0.011889478538001458,0.6764843050701871,9.955225759333205
D_both,2.0,0.75,10.0,5,1,blend,obs,0.6033333333333334,0.7754894428949257,0.9556147913406187,0.8549241929746901,0.7966249350121454,0.9623905313025133,0.907344971502306,0.9610693840620159,0.9983398675258328,0.9959690326622014,0.7793204688306337,0.9579234555364513,0.8730179404931819,0.8024545046941289,0.9436559211145923,0.9526022111251244,4.455707301720113,3.133055479026754,0.6049626259343517,0.227915810065895,-0.10214898690986046,0.6958326421286298,9.963365486923935
D_both,2.0,0.75,10.0,6,1,blend,obs,0.6173333333333333,0.7729800535576247,0.9543370452711761,0.8474788773507751,0.7920989997538872,0.9604863812541056,0.9006596288161807,0.9484827776734923,0.9970901436344174,0.9931526605973667,0.7782427228884239,0.9569884928657855,0.8719525098804226,0.807470657115932,0.9528614711149762,0.9592165106330116,5.226196691142349,2.8211716232978588,0.5870066544502224,0.225006609261542,0.040199940874898525,0.693105588497802,9.970121861040147
D_both,2.0,0.75,10.0,7,1,blend,obs,0.6053333333333333,0.7540888986097445,0.9468460262349728,0.8297597269228607,0.7740182950418174,0.9532281616190881,0.888634364768567,0.9322029658069678,0.9950127844368072,0.9870520121074039,0.7522440832659513,0.9466314302955003,0.8410325641087552,0.7966626464816399,0.9302423107296202,0.8845952846695471,8.417775794024898,3.841982049673891,0.6236870646803191,0.22445237078959213,-0.05314939751957814,0.6946443780073931,9.964839857205716
D_both,2.0,1.0,10.0,0,1,blend,obs,0.6,0.765836729590414,0.9524172220945653,0.8453645777524312,0.787255429824713,0.957724427490152,0.8998502183494667,0.9258383204673957,0.9940907077519977,0.9872593311940334,0.7630151365440592,0.9512494989049409,0.8532013204265806,0.8024717227623258,0.9304346764982728,0.9488403051590187,3.2393965120048835,3.4193552366669864,0.6172099537037037,0.22757912787356663,-0.0026538743030765943,0.7135840865111014,9.976264575864935
D_both,2.0,1.0,10.0,1,1,blend,obs,0.5966666666666667,0.7610387007160218,0.9496580513065461,0.8339671252921557,0.774709313967503,0.9537361642278336,0.8920983371072839,0.9165347559214728,0.9926547389943703,0.9836681602324191,0.7624580690683319,0.9511571271279787,0.855203921033932,0.8206659302961864,0.9371483619507094,0.94360103315854,3.7012692780566803,3.441823791170109,0.6120051710605291,0.22628442342458338,0.07182992816736147,0.6818140277776371,9.954966712663706
D_both,2.0,1.0,10.0,2,1,blend,obs,0.6046666666666667,0.7585587845453088,0.9488891083746782,0.8272028744542833,0.7850717389353932,0.9578865674355319,0.8937483684701895,0.9481574736701485,0.997078283363042,0.9930975395462095,0.7640540964793512,0.9521270610067869,0.8517254726100071,0.7948724113339348,0.9346491656871528,0.8095969039328583,18.883159286374664,3.4170505048682713,0.6257334745124579,0.22427978649993216,-0.0055320601044992705,0.6995905787220246,9.968645632717537
D_both,2.0,1.0,10.0,3,1,blend,obs,0.5983333333333334,0.7866066019594966,0.9599441891631952,0.8659761446803206,0.8079316280937092,0.9655901910205178,0.9184700670199891,0.9534730804124556,0.997748250565146,0.9972544594026634,0.7833787476289588,0.9594404580035124,0.878686044243715,0.7982348259278274,0.9342599518413224,0.8936119312437326,9.377020355421697,3.4324019902688465,0.6270671182052496,0.22516394537363416,-0.04981356726054215,0.7093076419063529,9.979522094585684
D_both,2.0,1.0,10.0,4,1,blend,obs,0.5976666666666667,0.7684641998961438,0.9534329864617563,0.8462931590233508,0.7827122833292421,0.9565694454015025,0.9029340586933561,0.9321270980146901,0.9950966505595682,0.9917775235825482,0.7665758133114247,0.9528864533153748,0.863968638202524,0.8060366579124436,0.9345097862888267,0.9338435044108617,4.321702219082525,3.5408956075827733,0.6283327734524993,0.2246257781045431,0.010568263330044564,0.6945950365005432,9.967239759074795
D_both,2.0,1.0,10.0,5,1,blend,obs,0.6033333333333334,0.7724799630703149,0.9548827434653651,0.8518027548366874,0.7966249350121454,0.9623905313025133,0.907344971502306,0.9610693840620159,0.9983398675258328,0.9959690326622014,0.7757916688049251,0.9569186573565226,0.8688663060712205,0.7983944055960892,0.9391690100506512,0.9512736642538695,4.396227808399074,3.2609657137441665,0.6107115000696411,0.2272475735171917,-0.12589877205139002,0.7114474446220752,9.971595231105272
D_both,2.0,1.0,10.0,6,1,blend,obs,0.6173333333333333,0.7696090112885265,0.9535850794042091,0.8429113095532972,0.7920989997538872,0.9604863812541056,0.9006596288161807,0.9484827776734923,0.9970901436344174,0.9931526605973667,0.7755275707951506,0.9561852127309863,0.8684601019204007,0.8042995793000256,0.9487892705074323,0.9522695479885486,5.63926523821267,2.897257667153361,0.593747648271762,0.22357311729052148,0.030606451161447147,0.7076978621304865,9.978257275511
D_both,2.0,1.0,10.0,7,1,blend,obs,0.6053333333333333,0.7522485039656621,0.9466290732832089,0.8275731303738281,0.7740182950418174,0.9532281616190881,0.888634364768567,0.9322029658069678,0.9950127844368072,0.9870520121074039,0.7502232345784997,0.9461018213497802,0.8380807963227551,0.7940613817783417,0.9266923855004496,0.8779813858467941,8.135030590917959,4.001152135441704,0.6286274314650554,0.22373372281829168,-0.04510718234017214,0.7082022319499651,9.969446928689996
D_both,2.5,0.0,10.0,0,1,blend,obs,0.601,0.8937833571868262,0.9890420311339193,0.9967512334766884,0.7602067365835892,0.9458745164699661,0.8786540283926453,0.9096917334991979,0.9911938087959155,0.980139413618062,0.8483932136943254,0.977062469971074,0.9310101731716312,0.9148269297550343,0.8875886684103339,0.13438860093308042,103.06992365388763,5.284030593805161,0.797910842923541,0.1637748594098685,2.710470510547606,0.06581432660199658,9.76498059382312
D_both,2.5,0.0,10.0,1,1,blend,obs,0.5986666666666667,0.8791539273783111,0.9860349501100709,0.9963849599616202,0.7548760969542557,0.9448158765770974,0.8781613378532487,0.9104575755002206,0.9914852747396455,0.9816631699663745,0.8442078011605786,0.9770638897443799,0.9301653680851598,0.9113219724785508,0.8851267016467913,0.6253550748927973,17.449165918814668,5.433685257383472,0.8042551646701049,0.1619790370184712,2.6044459007453526,0.06893060205180698,9.831792998194098
D_both,2.5,0.0,10.0,2,1,blend,obs,0.6093333333333333,0.8819022758709858,0.9866255059929881,0.9953578317428327,0.7603180194362702,0.9458543516602631,0.8773217160033844,0.9123105628803935,0.9915317584888291,0.9813972934610706,0.8452758297071948,0.9770631393040972,0.9293288428012619,0.9039369213606959,0.8938550768646449,0.48790254041254394,37.12211572435769,5.022659466548988,0.7985958375964333,0.16245539634320544,2.592571183860891,0.06805709850988809,9.794807812121384
D_both,2.5,0.0,10.0,3,1,blend,obs,0.596,0.8854212265577549,0.9871910453712491,0.994362749450188,0.781130965499501,0.9547921589342745,0.8983880063471038,0.9170634154305959,0.9925404662960589,0.9870531732335425,0.8660574516318166,0.9820210430966272,0.9483322666190449,0.9201734755462508,0.8972656717698996,0.32286185928331873,41.73202253061343,4.810906586925977,0.7949411551893445,0.16619633407101425,2.504207004403582,0.07687175148470084,9.835175182897954
D_both,2.5,0.0,10.0,4,1,blend,obs,0.5986666666666667,0.8868071489137248,0.9877767879941343,0.9982858615455698,0.7561730585539719,0.9447581031936684,0.8825554442566287,0.9128190122725528,0.9918152300412475,0.9839538109746704,0.8413717173752115,0.9755854008814032,0.9324687209925174,0.9075968542113348,0.8954233564369067,0.5218825108526899,25.61624123028478,4.568429983794803,0.795861188392071,0.16401552630547275,2.5560531018007224,0.06786119308653811,9.785762650718398
D_both,2.5,0.0,10.0,5,1,blend,obs,0.6026666666666667,0.8885906709858157,0.9881216343652649,0.9984607662721036,0.7687266426665065,0.9505570056931323,0.887146358180937,0.9250234239592483,0.9939211468188144,0.9860722726697594,0.8548471269635081,0.979575448460072,0.9378797023836207,0.9125385315353425,0.8891768221834889,0.31047468247747156,38.35656268008139,4.777254257377339,0.8029263582437489,0.16227785923872348,2.6012118731419354,0.056965708729637556,9.716330472645025
D_both,2.5,0.0,10.0,6,1,blend,obs,0.6173333333333333,0.8664307323987851,0.982966364184181,0.9968719396846247,0.7648501196893461,0.9489023988449701,0.8807371813580318,0.9208998720933268,0.9932364314515911,0.9849060255068298,0.8520357616149878,0.9788662400516016,0.93708521094998,0.9075645449247473,0.8965261818677728,0.720127672194098,13.878988797167281,4.679704956694922,0.82114354196612,0.1519688824953661,2.7453597240177805,0.01137117718930984,9.768578638637255
D_both,2.5,0.0,10.0,7,1,blend,obs,0.6036666666666667,0.8923028275975226,0.9891059462217983,0.9985768307864408,0.7487865461472609,0.9416617705164869,0.8706220068764641,0.9161999937655787,0.992441596278812,0.9821800406522637,0.8428863874201401,0.9765810332740389,0.9288909802641635,0.9048894368555613,0.8850838401852666,0.5579340187650398,22.95763795491773,5.388834242812757,0.7969731279597302,0.16604119309694312,2.676681789661231,0.07107429723958628,9.841131045036757
D_both,2.5,0.25,10.0,0,1,blend,obs,0.601,0.9051786553975829,0.9914170299517133,0.9909463659660952,0.7602067365835892,0.9458745164699661,0.8786540283926453,0.9096917334991979,0.9911938087959155,0.980139413618062,0.8365657282812056,0.9735671438475738,0.9219558715537829,0.9037563244315746,0.8989872136755193,0.30623666525620474,59.12833099014943,4.6588652447920795,0.7573639219142327,0.1806746787292055,2.3641514172424665,0.17973341363897458,9.77782949008132
D_both,2.5,0.25,10.0,1,1,blend,obs,0.5986666666666667,0.8845814593572483,0.9875254194685208,0.9862165002300228,0.7548760969542557,0.9448158765770974,0.8781613378532487,0.9104575755002206,0.9914852747396455,0.9816631699663745,0.8358159666567615,0.9746469737467167,0.9224258799547018,0.9021403137464412,0.8900553340810611,0.7358066163444086,11.55696923136495,5.453306441913477,0.7687397335533375,0.1768535443084243,2.2704900088690376,0.17714963884690532,9.842513446748761
D_both,2.5,0.25,10.0,2,1,blend,obs,0.6093333333333333,0.8875911025334337,0.9880939137843195,0.9860104228080432,0.7603180194362702,0.9458543516602631,0.8773217160033844,0.9123105628803935,0.9915317584888291,0.9813972934610706,0.8347362300490906,0.9737730465903532,0.9205651117250007,0.893963486662342,0.9024244428571966,0.5971902871286714,29.806506142174086,4.4762209295875675,0.762500373410206,0.17686560432382173,2.2701692971195686,0.1698514816328568,9.808913141312482
D_both,2.5,0.25,10.0,3,1,blend,obs,0.596,0.8985305566226511,0.9898132260427623,0.9918059749030014,0.781130965499501,0.9547921589342745,0.8983880063471038,0.9170634154305959,0.9925404662960589,0.9870531732335425,0.8556582055168691,0.9793795519456898,0.9409420435633729,0.9096391644431031,0.9074602570146918,0.5346577859860747,24.603444691658012,4.425244287811267,0.753802393662185,0.1825850953829325,2.152627003481696,0.18917500481306102,9.838765240458907
D_both,2.5,0.25,10.0,4,1,blend,obs,0.5986666666666667,0.8958771583324007,0.9898564972531497,0.9919074543064136,0.7561730585539719,0.9447581031936684,0.8825554442566287,0.9128190122725528,0.9918152300412475,0.9839538109746704,0.8371923738880803,0.9744831489655268,0.9284607207417843,0.9022581794923298,0.8986752511001477,0.6120609262759031,21.111485443220637,4.640848991448657,0.7646757005231264,0.17773089592975616,2.3287730507191657,0.16748289890024565,9.818047275442959
D_both,2.5,0.25,10.0,5,1,blend,obs,0.6026666666666667,0.9007227743308425,0.9906786584499926,0.9941528155187555,0.7687266426665065,0.9505570056931323,0.887146358180937,0.9250234239592483,0.9939211468188144,0.9860722726697594,0.848334553997964,0.9778706447152677,0.9318696605300822,0.9048156365000501,0.8926728354967557,0.43747366068405985,27.92433926426339,4.872095846109784,0.7678413334471699,0.17732963909245603,2.315432011496208,0.16703993731300718,9.74970677733905
D_both,2.5,0.25,10.0,6,1,blend,obs,0.6173333333333333,0.8845272705656547,0.9872066831718472,0.9949917746598596,0.7648501196893461,0.9489023988449701,0.8807371813580318,0.9208998720933268,0.9932364314515911,0.9849060255068298,0.844694286692832,0.9766619784550719,0.9300007149360191,0.8999416476438525,0.899626999935916,0.7521767927738748,13.468945027417448,4.456744051110672,0.7890104680127332,0.16644568973274276,2.4873208317767728,0.12370589408381338,9.792991721239439
D_both,2.5,0.25,10.0,7,1,blend,obs,0.6036666666666667,0.8934079934626815,0.989656119466829,0.9877420334438202,0.7487865461472609,0.9416617705164869,0.8706220068764641,0.9161999937655787,0.992441596278812,0.9821800406522637,0.8313071203090912,0.9732442742749453,0.9190177835230146,0.8928337107138269,0.8941163671595102,0.6373921518310864,19.208418947877615,5.013935888772994,0.7596663042736219,0.1806805097355976,2.36437579520216,0.1805763567086547,9.85327296272106
D_both,2.5,0.5,10.0,0,1,blend,obs,0.601,0.8372452047085481,0.9741376205341352,0.9149300224305515,0.7602067365835892,0.9458745164699661,0.8786540283926453,0.9096917334991979,0.9911938087959155,0.980139413618062,0.8111215308714954,0.9651820264700146,0.8998165675181928,0.8776013214272198,0.9198325642275572,0.8181626852136733,13.200064418968598,4.216262402558813,0.6569207729992387,0.21645078251697553,1.502582052709376,0.4676309933433007,9.87829641840657
D_both,2.5,0.5,10.0,1,1,blend,obs,0.5986666666666667,0.8217899864885241,0.9691777173198475,0.8957281668118621,0.7548760969542557,0.9448158765770974,0.8781613378532487,0.9104575755002206,0.9914852747396455,0.9816631699663745,0.8068403477922003,0.9647507603493561,0.8974299972950344,0.8755652600029137,0.9135265458020154,0.8847729379050314,5.672065193607725,4.378126426917045,0.6734405175029041,0.2122700416004819,1.3681366582927066,0.46717380459244773,9.883073986489018
D_both,2.5,0.5,10.0,2,1,blend,obs,0.6093333333333333,0.8256896607977314,0.9694560980157783,0.8991465798341127,0.7603180194362702,0.9458543516602631,0.8773217160033844,0.9123105628803935,0.9915317584888291,0.9813972934610706,0.8129677043092034,0.965999103695318,0.9014468681817674,0.8736412538095553,0.9182896318690675,0.9122953866870507,5.045446113480966,3.9838783599791756,0.666011176167467,0.21313719332515044,1.4501370083899447,0.46232072880507186,9.864347422958458
D_both,2.5,0.5,10.0,3,1,blend,obs,0.596,0.8444411586814209,0.9754655633180954,0.9182235327028347,0.781130965499501,0.9547921589342745,0.8983880063471038,0.9170634154305959,0.9925404662960589,0.9870531732335425,0.8252553609037689,0.9701231981498626,0.9182377039453319,0.8805372909394811,0.9344062704976841,0.9123097813676994,6.376214906442409,3.397185427117396,0.6452186745520189,0.21900512405616368,1.2147032032105636,0.48936768931614444,9.877214953903396
D_both,2.5,0.5,10.0,4,1,blend,obs,0.5986666666666667,0.8324332132061321,0.9728232400854844,0.9100250766508962,0.7561730585539719,0.9447581031936684,0.8825554442566287,0.9128190122725528,0.9918152300412475,0.9839538109746704,0.8112358367655165,0.9655054343024054,0.9075967500087307,0.8779376184667336,0.9188630600742043,0.8951371887293617,6.31544411866991,3.9507745347390895,0.6670769391560425,0.21472736914187937,1.4105328900459768,0.46310852792582624,9.860759469525098
D_both,2.5,0.5,10.0,5,1,blend,obs,0.6026666666666667,0.8316580498212712,0.9720993321615422,0.9077632839843477,0.7687266426665065,0.9505570056931323,0.887146358180937,0.9250234239592483,0.9939211468188144,0.9860722726697594,0.8191438952134535,0.9683517958374689,0.9074375630113125,0.8771708864933322,0.9150207795282901,0.8457733982761491,8.396475801218191,4.203021252703568,0.6662846335451684,0.2154814105679927,1.289834089514033,0.479037069606163,9.877243865723816
D_both,2.5,0.5,10.0,6,1,blend,obs,0.6173333333333333,0.8388532388230692,0.9745177370004993,0.9138825744592783,0.7648501196893461,0.9489023988449701,0.8807371813580318,0.9208998720933268,0.9932364314515911,0.9849060255068298,0.8182458306191653,0.9676107129653537,0.9082219918731739,0.875398080062149,0.9193876611490682,0.9052004594389512,6.339212843146744,3.7489064721994794,0.6776751849399086,0.2098635242336057,1.5006996659851362,0.4567922701748015,9.884757703710823
D_both,2.5,0.5,10.0,7,1,blend,obs,0.6036666666666667,0.8106147512123867,0.9656657112910064,0.887204612113025,0.7487865461472609,0.9416617705164869,0.8706220068764641,0.9161999937655787,0.992441596278812,0.9821800406522637,0.7982591029916726,0.9615693748851329,0.889974431838235,0.8603222107001869,0.9202123274018589,0.8314860560133476,11.501952799621034,3.9949397556084922,0.6593202738706874,0.21589155108846922,1.377200606670521,0.4799783132106356,9.889455066604118
D_both,2.5,0.75,10.0,0,1,blend,obs,0.601,0.7657295144241365,0.9502516251369599,0.8450202246170353,0.7602067365835892,0.9458745164699661,0.8786540283926453,0.9096917334991979,0.9911938087959155,0.980139413618062,0.7556037177073501,0.9461648348241007,0.8475866369148621,0.8149440998469488,0.9402864390235999,0.9522199318699206,3.3082121052100537,3.3624968027561195,0.5969916471711725,0.22845690756894488,0.36715368510962687,0.6908968965478435,9.976216017655561
D_both,2.5,0.75,10.0,1,1,blend,obs,0.5986666666666667,0.7601799062559664,0.9478704459846926,0.8330981875800677,0.7548760969542557,0.9448158765770974,0.8781613378532487,0.9104575755002206,0.9914852747396455,0.9816631699663745,0.756463956200635,0.9474631816679382,0.8510453304373479,0.8203704806660297,0.9398476538386383,0.9484503037380401,3.732788001720714,3.5095131029415576,0.602359016714885,0.22552661287785714,0.3575807430943416,0.6713838617487994,9.95491677570307
D_both,2.5,0.75,10.0,2,1,blend,obs,0.6093333333333333,0.7624273788034286,0.9477115670343046,0.8338861457862548,0.7603180194362702,0.9458543516602631,0.8773217160033844,0.9123105628803935,0.9915317584888291,0.9813972934610706,0.7587973430581624,0.947422140707455,0.850905180575083,0.8104503511398377,0.9421262256491592,0.870422963697466,14.592311385980997,3.315178527398643,0.6101140021359065,0.22438710585774274,0.3383148342058068,0.6802399549490092,9.9589100207049
D_both,2.5,0.75,10.0,3,1,blend,obs,0.596,0.7836518780899924,0.9571526402442796,0.8624393285249738,0.781130965499501,0.9547921589342745,0.8983880063471038,0.9170634154305959,0.9925404662960589,0.9870531732335425,0.7748197524979479,0.954499078345623,0.8742003934027869,0.822919590477348,0.9498471119657873,0.9380422466829809,7.260255153631432,3.0743825831888922,0.5969372734253291,0.2284143156034921,0.26767598519458885,0.6942012076837916,9.98385870481986
D_both,2.5,0.75,10.0,4,1,blend,obs,0.5986666666666667,0.7655710347133493,0.9504718868646644,0.8425988329600411,0.7561730585539719,0.9447581031936684,0.8825554442566287,0.9128190122725528,0.9918152300412475,0.9839538109746704,0.7564651025423147,0.9468959676079366,0.8561393461878994,0.8146510165784392,0.9417217838687504,0.9474903055994863,3.7829274992270245,3.5297803577512226,0.6088365896159054,0.22573377802052938,0.32193578851390775,0.6823599808034158,9.97292060967843
D_both,2.5,0.75,10.0,5,1,blend,obs,0.6026666666666667,0.766443788747289,0.9510773269802342,0.844002952807574,0.7687266426665065,0.9505570056931323,0.887146358180937,0.9250234239592483,0.9939211468188144,0.9860722726697594,0.765478036619712,0.9512701086626867,0.8606582800734551,0.8165978152481453,0.9447101091672871,0.9438120565515108,4.41928783447612,3.175465674367073,0.5989893445239651,0.22725964743456412,0.24990640357216412,0.7030832267190974,9.970803730094943
D_both,2.5,0.75,10.0,6,1,blend,obs,0.6173333333333333,0.7669781934718368,0.9503266074018856,0.8394436974447822,0.7648501196893461,0.9489023988449701,0.8807371813580318,0.9208998720933268,0.9932364314515911,0.9849060255068298,0.7653484961125704,0.9504562114304629,0.8621746204399866,0.816058393986713,0.9573225183655636,0.9629432943170995,4.941285026483942,2.768444945634285,0.576131557559019,0.22458775820116403,0.36854872626243645,0.6916714883536224,9.977716845063757
D_both,2.5,0.75,10.0,7,1,blend,obs,0.6036666666666667,0.7480048638414285,0.9429575023373279,0.8247523244215046,0.7487865461472609,0.9416617705164869,0.8706220068764641,0.9161999937655787,0.992441596278812,0.9821800406522637,0.7414691955006445,0.9407675080739019,0.8361173923778895,0.7975064489674365,0.9383648428149662,0.907539329897618,7.024389755618456,3.5340808558884285,0.6048846898149287,0.22610845844149036,0.2748855749448125,0.6928083363643547,9.966665805857076
D_both,2.5,1.0,10.0,0,1,blend,obs,0.601,0.7587270305733729,0.9477449925642313,0.8363918332502622,0.7602067365835892,0.9458745164699661,0.8786540283926453,0.9096917334991979,0.9911938087959155,0.980139413618062,0.7508469152348008,0.9445179531402118,0.8425411041408213,0.8092638229725067,0.937452082360487,0.9526263343305725,3.079983955102189,3.391612449337489,0.6023387179355303,0.22819108804236196,0.2835546619382667,0.7136058189397014,9.982152247101938
D_both,2.5,1.0,10.0,1,1,blend,obs,0.5986666666666667,0.7559378832107111,0.9465940476628737,0.8285739497670824,0.7548760969542557,0.9448158765770974,0.8781613378532487,0.9104575755002206,0.9914852747396455,0.9816631699663745,0.7523163075663379,0.9460829787485786,0.8467776202801173,0.8153175314977117,0.9379399314978588,0.9472629185232122,3.6029806618324587,3.504753979004012,0.6053231063492885,0.22566245637431284,0.30023066970009116,0.6896942064033322,9.962149790649267
D_both,2.5,1.0,10.0,2,1,blend,obs,0.6093333333333333,0.7574133753959038,0.9462678145687802,0.8279404604439303,0.7603180194362702,0.9458543516602631,0.8773217160033844,0.9123105628803935,0.9915317584888291,0.9813972934610706,0.7545152215553155,0.9460385567329531,0.8465580609927109,0.8049805159823431,0.9393773673778901,0.7989859891263376,20.117287616618423,3.3088445326455327,0.6161487778283955,0.22382514544838614,0.27839541595018735,0.7023684743795059,9.970131249951857
D_both,2.5,1.0,10.0,3,1,blend,obs,0.596,0.7796190692524475,0.9560969369358396,0.8583660390173299,0.781130965499501,0.9547921589342745,0.8983880063471038,0.9170634154305959,0.9925404662960589,0.9870531732335425,0.7695042925988653,0.9528660824598064,0.8678410641084153,0.8161737010547485,0.9426615355328608,0.9194745099157349,8.197954669947627,3.2938048636865007,0.6103303283348469,0.22720062061141297,0.22093814912200205,0.7115751678550906,9.987338593746045
D_both,2.5,1.0,10.0,4,1,blend,obs,0.5986666666666667,0.7603377253132376,0.9489452142502283,0.8363548576170613,0.7561730585539719,0.9447581031936684,0.8825554442566287,0.9128190122725528,0.9918152300412475,0.9839538109746704,0.7524397014518123,0.9457767082878601,0.8517397449224317,0.8094877819807438,0.9387309301682076,0.9431128657955575,3.7428462343199174,3.4774044750599233,0.6146676538487151,0.22502537237307543,0.293058547035829,0.7042488888825614,9.97675280960255
D_both,2.5,1.0,10.0,5,1,blend,obs,0.6026666666666667,0.7629403086350645,0.9501323137643345,0.8411607523072789,0.7687266426665065,0.9505570056931323,0.887146358180937,0.9250234239592483,0.9939211468188144,0.9860722726697594,0.7616735479742306,0.9501777951044997,0.857659763081556,0.8119649828043061,0.9436815589656954,0.9515005561403097,4.0280016170090525,3.077195128435552,0.600357007632001,0.22773939198684268,0.20328559698225168,0.7217968182190045,9.983467601889606
D_both,2.5,1.0,10.0,6,1,blend,obs,0.6173333333333333,0.7620401646102808,0.9488876932474625,0.8337597668335587,0.7648501196893461,0.9489023988449701,0.8807371813580318,0.9208998720933268,0.9932364314515911,0.9849060255068298,0.7619038209868338,0.9494110015486188,0.8588224824315224,0.811903057723683,0.9555224171815424,0.9612880172132473,5.023573706509683,2.744050813235262,0.5763345117059625,0.22422943377116045,0.3179911806136604,0.7116141279201997,9.984446475439448
D_both,2.5,1.0,10.0,7,1,blend,obs,0.6036666666666667,0.7451000562804798,0.9421658495783531,0.8209222221095328,0.7487865461472609,0.9416617705164869,0.8706220068764641,0.9161999937655787,0.992441596278812,0.9821800406522637,0.7374570278309271,0.9393241835974043,0.8302265729299665,0.7925344016077442,0.9333246029871126,0.8867597868100561,7.780980861918598,3.709115316612029,0.6157931693942122,0.22494712650256382,0.22571493795280928,0.708800005834809,9.970566533485677
D_both,3.0,0.0,10.0,0,1,blend,obs,0.603,0.8922188269282564,0.9888265488460659,0.9979837959816686,0.7414519719977307,0.9367325700208131,0.8647008216080868,0.8868053627847106,0.9861937790887924,0.9679589706480353,0.8254512290922759,0.9693886754859143,0.91416212149373,0.9139920007395009,0.8910019994394671,0.365334552768809,48.04360580788822,5.206748408857838,0.8119761301710497,0.1555789666188678,3.1181404193355813,0.07185648557234829,9.739829918291601
D_both,3.0,0.0,10.0,1,1,blend,obs,0.5963333333333334,0.8769599436426996,0.9856773871338119,0.9980416536413351,0.7308199767075563,0.9329669225930087,0.8583997261535545,0.8732083280382181,0.9831335730526408,0.9607928366379914,0.8180488260977534,0.9678444774167756,0.9091620087808696,0.9251420074605674,0.8856017053188381,0.6230939203767596,14.382973283563743,5.234801874002913,0.8334721915144343,0.1472192823080599,3.2282480229362562,0.025369154841095004,9.816284545749628
D_both,3.0,0.0,10.0,2,1,blend,obs,0.6073333333333333,0.8803185122543016,0.9862902387499944,0.9954445680646528,0.7414656368792716,0.9367643117403853,0.860295564453576,0.8942617582240795,0.9877084632705275,0.9710600977539504,0.8254580449610407,0.9701985654935853,0.9109082954494508,0.9037004599459928,0.8902426195168869,0.29982197018644074,58.20824036269942,5.262778310656296,0.8171373646750991,0.15520502762759167,2.9545019249574067,0.06572886510340888,9.785541525108364
D_both,3.0,0.0,10.0,3,1,blend,obs,0.5943333333333334,0.8931169086555774,0.9889318208668073,0.9968811282439326,0.7454894206281577,0.9385925576425056,0.8762757868125832,0.8867437674870027,0.9863687892014142,0.9755539934371817,0.8357438866849914,0.9728986909808107,0.9303038119873868,0.9247688899082546,0.8898789932517552,0.07770030015983759,135.82612533580377,4.975165610000817,0.8263834323158877,0.152730339332857,3.1321321739043686,0.056145174290366036,9.798882518205605
D_both,3.0,0.0,10.0,4,1,blend,obs,0.5936666666666667,0.8964112674285317,0.9897982084584309,0.9990959747574839,0.7380527681961363,0.9360742157690665,0.8687595196669248,0.901311320130929,0.9896209385327742,0.9785098633185537,0.8258091296132386,0.9707099612292521,0.9217806659720889,0.9053421769946325,0.8953748354419977,0.2224479199581648,53.803610038944704,4.789800625794392,0.8101404442757593,0.1584781774525432,2.9444882515906463,0.06920600481113857,9.79324338033451
D_both,3.0,0.0,10.0,5,1,blend,obs,0.6016666666666667,0.8783386230684638,0.9857670308073401,0.9954473128077658,0.7455467558336333,0.9396464971143258,0.8689783870295196,0.8886794534725371,0.9867587714280831,0.9680614485076889,0.8313931209597734,0.971741384916117,0.9192351911080134,0.9259374735970405,0.8859772288857723,0.1115403972288989,109.49305192459305,5.030030773354213,0.8278612408581463,0.15266298054046792,3.117565422948196,0.06139168555722829,9.775662075282284
D_both,3.0,0.0,10.0,6,1,blend,obs,0.6143333333333333,0.8769892805878752,0.9854824926593717,0.9969543146487493,0.7456683482085398,0.9397903871428176,0.865653995044991,0.9012676064144141,0.989489710840638,0.9766988285813027,0.8228352261111422,0.9696241753740874,0.9163233809264827,0.900960416370359,0.907408774338375,0.7322529151255935,16.458928982773323,4.278238246429458,0.8037349385724958,0.15741788869456172,2.8122073269301335,0.08503612394315135,9.789153140995195
D_both,3.0,0.0,10.0,7,1,blend,obs,0.6016666666666667,0.8958647374017281,0.9897802275025472,0.9991099979749452,0.7215200190961615,0.9278863843018467,0.8496374967860413,0.8741148530830418,0.9832436798607096,0.9631039177055036,0.8074766712145011,0.9637731173669318,0.9033383284414686,0.9130892931475165,0.8924029490485821,0.5680679440640919,24.295656144510286,4.8113073782670925,0.8091099804123831,0.16044594213678984,3.0312978107738466,0.07661321042340619,9.796180169812741
D_both,3.0,0.25,10.0,0,1,blend,obs,0.603,0.9031822906789841,0.9911367008096216,0.9925586433230342,0.7414519719977307,0.9367325700208131,0.8647008216080868,0.8868053627847106,0.9861937790887924,0.9679589706480353,0.816523427154507,0.9662469783027532,0.9065457177514774,0.9054182740602825,0.8983580326230678,0.5724857863388084,27.680262017175927,4.768267224600947,0.7741222054667423,0.17307074774510822,2.719573810943385,0.18166145010653345,9.780169891901537
D_both,3.0,0.25,10.0,1,1,blend,obs,0.5963333333333334,0.8891699144698072,0.988507270271551,0.9932560927462194,0.7308199767075563,0.9329669225930087,0.8583997261535545,0.8732083280382181,0.9831335730526408,0.9607928366379914,0.8115629601127199,0.9656387279351109,0.9029161007796915,0.9183053394107854,0.89031199043012,0.70057693390617,11.339071794142248,5.110574022843923,0.7977734840725434,0.1652587152299217,2.8496199502283748,0.14040083592094454,9.816099166981212
D_both,3.0,0.25,10.0,2,1,blend,obs,0.6073333333333333,0.8833849467773215,0.9871003216926286,0.9832664405984652,0.7414656368792716,0.9367643117403853,0.860295564453576,0.8942617582240795,0.9877084632705275,0.9710600977539504,0.8174992614998771,0.9673755734877784,0.903749260583638,0.8955357830979453,0.896792591254721,0.4554214725574465,40.7474730957222,4.8691142546551225,0.781097005287199,0.17063429263881813,2.6145952575061604,0.17311674296996818,9.811633820536585
D_both,3.0,0.25,10.0,3,1,blend,obs,0.5943333333333334,0.9048812005656004,0.9912322019361504,0.9935077468110203,0.7454894206281577,0.9385925576425056,0.8762757868125832,0.8867437674870027,0.9863687892014142,0.9755539934371817,0.8248472065803814,0.9692914936661573,0.9225755778759679,0.915167089911303,0.9000901247792417,0.25765912456068085,63.85516763883026,4.39249951514434,0.7839369909641456,0.17156291970115564,2.675300949676732,0.1662109761055578,9.82566534587042
D_both,3.0,0.25,10.0,4,1,blend,obs,0.5936666666666667,0.9046139928831414,0.9915651124163173,0.9935545892319081,0.7380527681961363,0.9360742157690665,0.8687595196669248,0.901311320130929,0.9896209385327742,0.9785098633185537,0.8168568257173161,0.967758036644704,0.9145278341646143,0.8958852043601382,0.9032926824769624,0.4188644839223409,32.793436471459074,4.422271183483266,0.7722622670527798,0.17486415923805365,2.5771682521893817,0.17198947101740492,9.820373716918082
D_both,3.0,0.25,10.0,5,1,blend,obs,0.6016666666666667,0.8897634848491335,0.9884405907260081,0.9900015321743512,0.7455467558336333,0.9396464971143258,0.8689783870295196,0.8886794534725371,0.9867587714280831,0.9680614485076889,0.824766551236543,0.9697046916245119,0.9135970395190767,0.9187046510537048,0.8922203831653132,0.21845814371878072,71.86090203290847,4.839314629679368,0.7910448660740157,0.16917016248165886,2.7653830103416133,0.1713734103510663,9.794753710142134
D_both,3.0,0.25,10.0,6,1,blend,obs,0.6143333333333333,0.8859577232012162,0.9876527780630173,0.9883812449137306,0.7456683482085398,0.9397903871428176,0.865653995044991,0.9012676064144141,0.989489710840638,0.9766988285813027,0.8152011919675204,0.9671649348080792,0.9088107081612082,0.892096250189542,0.9131962219140713,0.7848163016096639,14.303598150039043,4.037764120681855,0.7666556772313751,0.17199846721161968,2.50638093030863,0.19378710879175676,9.818703587577676
D_both,3.0,0.25,10.0,7,1,blend,obs,0.6016666666666667,0.8985299404936294,0.9906369525741788,0.988503710548502,0.7215200190961615,0.9278863843018467,0.8496374967860413,0.8741148530830418,0.9832436798607096,0.9631039177055036,0.7982141544081232,0.9606720939940657,0.8952590598391672,0.9023230302542296,0.902242925763798,0.6678567738959015,19.365268866434675,4.409240806849318,0.7709987366566604,0.17618919584100612,2.689939391563858,0.1869427790564932,9.824501896949014
D_both,3.0,0.5,10.0,0,1,blend,obs,0.603,0.8288022280419631,0.9705868418860002,0.9043535491556794,0.7414519719977307,0.9367325700208131,0.8647008216080868,0.8868053627847106,0.9861937790887924,0.9679589706480353,0.7942825484097265,0.9577533512985639,0.8864424691157894,0.8826804308109923,0.9153177609598041,0.8091508756368442,10.116750916909929,4.256394450509293,0.6756923471085657,0.21032834952450935,1.8131320975650704,0.47641069051379353,9.896170817700987
D_both,3.0,0.5,10.0,1,1,blend,obs,0.5963333333333334,0.8208742609898141,0.968435853235585,0.8947339656470531,0.7308199767075563,0.9329669225930087,0.8583997261535545,0.8732083280382181,0.9831335730526408,0.9607928366379914,0.7892980578889096,0.9568509680772899,0.8809181788296405,0.8972154157399673,0.9031901999247447,0.8390200841894072,7.174338301822952,4.883751190384129,0.6970473750264831,0.20664090039458935,1.8280276602483614,0.462287220409314,9.881317499374186
D_both,3.0,0.5,10.0,2,1,blend,obs,0.6073333333333333,0.8152542011511886,0.9648119257025154,0.8843470440127423,0.7414656368792716,0.9367643117403853,0.860295564453576,0.8942617582240795,0.9877084632705275,0.9710600977539504,0.795810677960157,0.9589198296739937,0.8841501770218756,0.8735560777066161,0.9133402839890152,0.8889286113821779,6.29558288999432,4.217091569330983,0.681647297042933,0.20883579709159586,1.7031740249090208,0.47302763252475266,9.873248875439334
D_both,3.0,0.5,10.0,3,1,blend,obs,0.5943333333333334,0.8358209747678317,0.9724585249314828,0.9103858280962632,0.7454894206281577,0.9385925576425056,0.8762757868125832,0.8867437674870027,0.9863687892014142,0.9755539934371817,0.8024984160920753,0.9612596438460743,0.9031651851158755,0.891883027257224,0.9177128490943375,0.847043643192116,10.520953800410323,3.9429376629715858,0.6802698359517971,0.2112690156534126,1.6989230894474139,0.4697690864835544,9.906689995668836
D_both,3.0,0.5,10.0,4,1,blend,obs,0.5936666666666667,0.8301503581900548,0.9721045202587505,0.9080085602074277,0.7380527681961363,0.9360742157690665,0.8687595196669248,0.901311320130929,0.9896209385327742,0.9785098633185537,0.7970242203994349,0.9603909525215782,0.8955878233241469,0.8754458544702846,0.9158974054760022,0.821075388772036,11.471679588982214,4.116157360631948,0.6799348146210178,0.2106340072949083,1.733397319262368,0.46656706505765866,9.895361673700446
D_both,3.0,0.5,10.0,5,1,blend,obs,0.6016666666666667,0.8233407022890543,0.9687565514525034,0.8974175574392015,0.7455467558336333,0.9396464971143258,0.8689783870295196,0.8886794534725371,0.9867587714280831,0.9680614485076889,0.800095853967512,0.9605635934068683,0.8930435704365918,0.8955157658660307,0.9120397964252094,0.7843987954208428,13.075605986410388,4.07077428403109,0.6847756696299216,0.21049044047499813,1.7153441369451767,0.4858997427436695,9.85066084101357
D_both,3.0,0.5,10.0,6,1,blend,obs,0.6143333333333333,0.8276598976208194,0.9708743971708486,0.9017848068121488,0.7456683482085398,0.9397903871428176,0.865653995044991,0.9012676064144141,0.989489710840638,0.9766988285813027,0.7984908333616292,0.9606205735725729,0.8932031418524982,0.8758825880975297,0.9233451469519569,0.8831476471189106,9.201585013524166,3.6139898020614822,0.6785845763666489,0.20773191589599777,1.7818483660576365,0.48130255596627264,9.913383785449337
D_both,3.0,0.5,10.0,7,1,blend,obs,0.6016666666666667,0.8064289547933465,0.9632843907748131,0.8840229394068114,0.7215200190961615,0.9278863843018467,0.8496374967860413,0.8741148530830418,0.9832436798607096,0.9631039177055036,0.7716711967627208,0.9495958703194008,0.8700967199930237,0.8756673567041497,0.9209763867072096,0.8077366394791855,12.435774771953154,3.729442431103718,0.6738633966550377,0.21219354105314545,1.6895364518574603,0.4852690181090576,9.90360417238803
D_both,3.0,0.75,10.0,0,1,blend,obs,0.603,0.7613731745300644,0.9472469555681087,0.839879230050618,0.7414519719977307,0.9367325700208131,0.8647008216080868,0.8868053627847106,0.9861937790887924,0.9679589706480353,0.7463973441835583,0.9406188135082547,0.8427776034278337,0.8252408636471791,0.94751481457737,0.957530288146094,3.669409571198115,3.081567668390249,0.5856731827382353,0.22821139721218273,0.6020374681840781,0.6895990000176375,9.978730288185684
D_both,3.0,0.75,10.0,1,1,blend,obs,0.5963333333333334,0.751002859849712,0.9430477173743428,0.8222266786308886,0.7308199767075563,0.9329669225930087,0.8583997261535545,0.8732083280382181,0.9831335730526408,0.9607928366379914,0.7397694256965768,0.939058050696606,0.83585514657008,0.8377046488118014,0.9408900120545242,0.951286924163971,3.842412834425893,3.475591127703382,0.5992659056469045,0.22580411691971608,0.6108339816891598,0.6811069633202627,9.965703719099581
D_both,3.0,0.75,10.0,2,1,blend,obs,0.6073333333333333,0.755664543161814,0.9435570028996129,0.8249556044754305,0.7414656368792716,0.9367643117403853,0.860295564453576,0.8942617582240795,0.9877084632705275,0.9710600977539504,0.7472261673652493,0.9411555988709102,0.8388437331537246,0.8147111764455555,0.9438606905516711,0.8926146773360211,12.785676205443407,3.3456204238932474,0.6044829838663086,0.2249317759454416,0.5427402274593155,0.680870209017477,9.965774646009807
D_both,3.0,0.75,10.0,3,1,blend,obs,0.5943333333333334,0.7670481768418452,0.9491779728401317,0.8461307373498052,0.7454894206281577,0.9385925576425056,0.8762757868125832,0.8867437674870027,0.9863687892014142,0.9755539934371817,0.7503376229351602,0.942865674023559,0.856115016696724,0.8299966917275219,0.9473944983684682,0.9336884302687063,7.990377302150732,3.143721484328042,0.5937547669005779,0.2278097893064467,0.4904253228723827,0.6927606836764629,9.982238386423685
D_both,3.0,0.75,10.0,4,1,blend,obs,0.5936666666666667,0.7588287292531917,0.9471746903357741,0.8360509870967213,0.7380527681961363,0.9360742157690665,0.8687595196669248,0.901311320130929,0.9896209385327742,0.9785098633185537,0.745530534415618,0.9418439244154067,0.8470346309959941,0.8155628321055105,0.9412251327724952,0.9502009054048719,3.496892350369293,3.5819387285740176,0.6025948865957728,0.22683459375593854,0.5558563705762372,0.6866112472778921,9.975375323994761
D_both,3.0,0.75,10.0,5,1,blend,obs,0.6016666666666667,0.7591880851742411,0.9469979565335637,0.8352897919914376,0.7455467558336333,0.9396464971143258,0.8689783870295196,0.8886794534725371,0.9867587714280831,0.9680614485076889,0.7521766282465852,0.9444582944087431,0.8499503423797325,0.8353881446389952,0.9485667336190233,0.9503193118361358,4.24180941551207,3.037791649640563,0.5897024768483641,0.2275989172382211,0.542674225026808,0.7062362271340338,9.976561141155932
D_both,3.0,0.75,10.0,6,1,blend,obs,0.6143333333333333,0.7617488691791999,0.947209474530126,0.8329391996583488,0.7456683482085398,0.9397903871428176,0.865653995044991,0.9012676064144141,0.989489710840638,0.9766988285813027,0.7550404549794903,0.9448956864843063,0.8540259230360426,0.8256780454852231,0.9578829799437258,0.9608631314311824,4.762141607523207,2.790729561056765,0.5806039906188053,0.22437841447716125,0.6459562651818077,0.6864697360700507,9.982504890696486
D_both,3.0,0.75,10.0,7,1,blend,obs,0.6016666666666667,0.7391924545836805,0.937718592366978,0.8150833330656369,0.7215200190961615,0.9278863843018467,0.8496374967860413,0.8741148530830418,0.9832436798607096,0.9631039177055036,0.7246392148800551,0.9315271124303135,0.822465902615972,0.8177733390204892,0.94227109446743,0.8988909816603069,6.980072408669472,3.384915242817818,0.605120365326441,0.22543402677071162,0.5860238085168246,0.6972353643662342,9.969814428052224
D_both,3.0,1.0,10.0,0,1,blend,obs,0.603,0.7548933365775697,0.9448307128623387,0.8330889555589601,0.7414519719977307,0.9367325700208131,0.8647008216080868,0.8868053627847106,0.9861937790887924,0.9679589706480353,0.7408954326947993,0.938734027745307,0.8365448598057955,0.818157101906201,0.943777269931135,0.9572624157141824,3.307026163818709,3.1396562575857843,0.5933899863496215,0.22835157945541923,0.5034245632731342,0.712525892641518,9.985355633014073
D_both,3.0,1.0,10.0,1,1,blend,obs,0.5963333333333334,0.7466320959866617,0.9414555462821689,0.8167308952148147,0.7308199767075563,0.9329669225930087,0.8583997261535545,0.8732083280382181,0.9831335730526408,0.9607928366379914,0.7359466829801011,0.9377491092103875,0.8311578199189688,0.8322608699640489,0.9381942223413583,0.9482114837037932,3.8740508644937246,3.549855606827695,0.6009859777085307,0.2255624970438554,0.5506446526371778,0.6976138699976124,9.967522794865953
D_both,3.0,1.0,10.0,2,1,blend,obs,0.6073333333333333,0.7510630498664965,0.9423075215342365,0.8197993801137724,0.7414656368792716,0.9367643117403853,0.860295564453576,0.8942617582240795,0.9877084632705275,0.9710600977539504,0.7431691924191011,0.9399217273628205,0.83456127958803,0.8089300149886991,0.9413632661980986,0.8111891825463434,19.479816445137658,3.3733862206742375,0.6107199499048602,0.22483963369071053,0.49115910016745024,0.7028724977439897,9.970419640756667
D_both,3.0,1.0,10.0,3,1,blend,obs,0.5943333333333334,0.7624046069647072,0.9477447688916801,0.8416773997611368,0.7454894206281577,0.9385925576425056,0.8762757868125832,0.8867437674870027,0.9863687892014142,0.9755539934371817,0.7455648181061578,0.9413573450541292,0.8510582475683148,0.8236325856287934,0.943221712879807,0.923835203337564,8.250626490888001,3.1734476109161993,0.6044847000637353,0.2274344682770729,0.4402053458770558,0.7122944431840764,9.988415244625
D_both,3.0,1.0,10.0,4,1,blend,obs,0.5936666666666667,0.7544682416333135,0.9459604946981643,0.8308605838948506,0.7380527681961363,0.9360742157690665,0.8687595196669248,0.901311320130929,0.9896209385327742,0.9785098633185537,0.7409635252891579,0.9401998092180869,0.8412703527107549,0.809874857101424,0.9379690972983044,0.9434460147393041,3.6396946042676834,3.5994242783380845,0.609325534916692,0.2260296303585397,0.48304266033851745,0.7073072932514767,9.981727536902874
D_both,3.0,1.0,10.0,5,1,blend,obs,0.6016666666666667,0.7550864874995882,0.9458521662739603,0.83138356265303,0.7455467558336333,0.9396464971143258,0.8689783870295196,0.8886794534725371,0.9867587714280831,0.9680614485076889,0.7478078287856358,0.9431702342250827,0.8448331555962402,0.8290378848091915,0.944305000512472,0.948114462433554,4.286050490121535,3.1218655991195186,0.5953256296433663,0.22735447173462112,0.5063840142398494,0.7257535143308668,9.987108062363742
D_both,3.0,1.0,10.0,6,1,blend,obs,0.6143333333333333,0.756186146403593,0.9453221738986691,0.8268164276153148,0.7456683482085398,0.9397903871428176,0.865653995044991,0.9012676064144141,0.989489710840638,0.9766988285813027,0.750185069873832,0.9432357555181479,0.8493276872705691,0.8196395237700917,0.9573614986663295,0.9623902015838831,4.76243534685766,2.7843581695331903,0.5726840937537957,0.22467161519224418,0.5436274397498435,0.7092521292116147,9.984567462233704
D_both,3.0,1.0,10.0,7,1,blend,obs,0.6016666666666667,0.7357608526503894,0.936661998235142,0.8107655617401361,0.7215200190961615,0.9278863843018467,0.8496374967860413,0.8741148530830418,0.9832436798607096,0.9631039177055036,0.7209737210696946,0.9300937038818211,0.8180100532808934,0.8130499627960385,0.9394356647100098,0.891381872490011,7.314965111456604,3.489175289767681,0.6077970305636365,0.22505767504317692,0.529787886574057,0.7120793293379742,9.972420854054304
D_both,4.0,0.0,10.0,0,1,blend,obs,0.6053333333333333,0.8914254874685525,0.9886928494306699,0.9981224712204894,0.7133100643170126,0.9218419586366273,0.8433927254285128,0.8408991395793164,0.9732512944131324,0.9404076579088233,0.784714862462967,0.9533955809159633,0.8871718542635203,0.9227800740471829,0.904749892885314,0.7027786038542094,14.995125954621995,4.369297757785721,0.8323863424961304,0.14470094250361232,3.8006805067359783,0.058785495062164426,9.765685071168763
D_both,4.0,0.0,10.0,1,1,blend,obs,0.599,0.8823840886890781,0.9869345085784588,0.9973284110080962,0.7086969451584251,0.9210921041754973,0.844506288041792,0.8410005818861774,0.9737415836446568,0.9442270275623925,0.7827930872633445,0.9539371436126639,0.8828206331365233,0.9201160494947087,0.8970706368994431,0.6378034302654715,24.17138176213103,4.838247175660665,0.8422481636753969,0.14109064035000413,3.63948380849962,0.05305150657132114,9.846052450632344
D_both,4.0,0.0,10.0,2,1,blend,obs,0.601,0.8688667513553964,0.9836468763853473,0.994444938784706,0.7108968772851345,0.9217597764492446,0.8331694479757035,0.851343605078591,0.9766696211982112,0.9461029557018421,0.7864414193249359,0.9560937066856033,0.882028771162506,0.9105349264623153,0.9064599503713122,0.012338841600096052,380.35987577628936,4.176194933717929,0.8312781398865995,0.1458455476421369,3.6626231084319967,0.08211763657020213,9.827334940432415
D_both,4.0,0.0,10.0,3,1,blend,obs,0.5993333333333334,0.8810143586277025,0.9862967388746466,0.9946671733081031,0.7386707190749287,0.9346706789398886,0.8678180880842293,0.8754520701966486,0.983191817079291,0.9693473059107836,0.8050131473375509,0.9614694014681701,0.9092695632811367,0.9061634844633017,0.9106103723109825,0.7047291874602298,21.749491780519204,4.070685614344408,0.8235349778548544,0.14962004979235266,3.2999960933353067,0.07614161224448882,9.831248062064363
D_both,4.0,0.0,10.0,4,1,blend,obs,0.6013333333333334,0.8942165533217213,0.9893791934277512,0.9992655642076254,0.7132430269527754,0.9227665100069653,0.850761246335476,0.8567869710540431,0.9784032167429594,0.95692831953939,0.7845669061304702,0.95441085552297,0.8929402481259865,0.9072462969478092,0.9092250859083197,0.12371044506221512,111.7133054369525,3.9549855258319457,0.8249961531045837,0.1487984937097386,3.4047303928623744,0.07719366548627694,9.771638115341613
D_both,4.0,0.0,10.0,5,1,blend,obs,0.6063333333333333,0.8923720092895988,0.9888774458695151,0.9977276112803117,0.7268620173508902,0.9300249951883434,0.8567329485459545,0.8834216637090271,0.9852896984419492,0.9664502973395066,0.8020826430794453,0.9614865524659073,0.9008155266936348,0.896769845453944,0.9026028069827537,0.7345057927731412,12.189781547547454,4.467395930996216,0.8175933869555482,0.15139329595915244,3.2909312089064304,0.10598292655626151,9.721234070021778
D_both,4.0,0.0,10.0,6,1,blend,obs,0.615,0.8790373090711071,0.9858343403321693,0.995559512693782,0.7214317268074452,0.9273959381087734,0.8489314328534987,0.8778786317241433,0.9842446645873109,0.9693075482067033,0.7972146928241028,0.9596743312062878,0.8996660458998353,0.8965871115106938,0.9080355558800648,0.5678580882452607,31.140032191301742,4.1148067364908,0.8320817935452083,0.14376694191016703,3.4650399440773603,0.08616280112809548,9.821981125977505
D_both,4.0,0.0,10.0,7,1,blend,obs,0.6006666666666667,0.8797116299561887,0.9860139454959841,0.9960795782182,0.6903373195377589,0.9106082726057474,0.82581298436575,0.8245734396796349,0.9682939003382414,0.9360888915481493,0.7688572678262744,0.9474037459155169,0.8751864635196193,0.9229397290777791,0.8975521689136305,0.5710124408033218,27.715968405371733,4.409082684381558,0.8526192377603072,0.13904448448975493,3.9644638841028477,0.0423094838898344,9.780606391526602
D_both,4.0,0.25,10.0,0,1,blend,obs,0.6053333333333333,0.9022670274364213,0.9908760976846475,0.9952994249212543,0.7133100643170126,0.9218419586366273,0.8433927254285128,0.8408991395793164,0.9732512944131324,0.9404076579088233,0.7775933991797299,0.9504695461701078,0.880788664662134,0.915649108619632,0.9115796039079107,0.7675796477980124,10.871257645154412,3.9937903887425805,0.7948481590070248,0.1620645895999369,3.32801935711526,0.16354092928112474,9.793183857550119
D_both,4.0,0.25,10.0,1,1,blend,obs,0.599,0.8903602492597715,0.9887572172011769,0.988709358633933,0.7086969451584251,0.9210921041754973,0.844506288041792,0.8410005818861774,0.9737415836446568,0.9442270275623925,0.7797242752760123,0.952721168514135,0.8798916055219903,0.9170160756628665,0.8995657636089389,0.7044580004006861,19.7382484447357,4.851666706616379,0.8067586089497089,0.15877700134643447,3.2730417631503435,0.1650516591286726,9.856036180369694
D_both,4.0,0.25,10.0,2,1,blend,obs,0.601,0.8713784476052073,0.9842985512641419,0.9808845284511235,0.7108968772851345,0.9217597764492446,0.8331694479757035,0.851343605078591,0.9766696211982112,0.9461029557018421,0.7798460003478134,0.9532015170460195,0.8753831952534801,0.9042452679209975,0.9108735552111052,0.049823672306667725,185.57300845263126,3.921934955687277,0.7956580302670151,0.16242622633779424,3.2130090118232664,0.18618737737885616,9.848042519930015
D_both,4.0,0.25,10.0,3,1,blend,obs,0.5993333333333334,0.8940273689193715,0.9889107069768266,0.9930570727189935,0.7386707190749287,0.9346706789398886,0.8678180880842293,0.8754520701966486,0.983191817079291,0.9693473059107836,0.8010164579604753,0.9600554439685292,0.905735811154773,0.9012054729754696,0.9155876001307601,0.7805753532663812,16.440443910159743,3.9062555419890486,0.7888164701396819,0.16554907157827514,2.9827232775727106,0.18016091828483433,9.85802315887656
D_both,4.0,0.25,10.0,4,1,blend,obs,0.6013333333333334,0.9065751902588807,0.9919374062044135,0.9928218831381941,0.7132430269527754,0.9227665100069653,0.850761246335476,0.8567869710540431,0.9784032167429594,0.95692831953939,0.7826446644038199,0.9536741116490097,0.8895827511204075,0.9041900825959657,0.9097208508809307,0.20727432500943196,81.33002452955618,4.087710134600765,0.7927343732619447,0.1640235669369379,3.092637456554001,0.18358147760352408,9.802574357623087
D_both,4.0,0.25,10.0,5,1,blend,obs,0.6063333333333333,0.897819190985352,0.9901540748310447,0.9874433367065518,0.7268620173508902,0.9300249951883434,0.8567329485459545,0.8834216637090271,0.9852896984419492,0.9664502973395066,0.7982024548210751,0.9601329294925148,0.8965221480721811,0.8919084384905136,0.9055239872129448,0.782624124512595,10.926176107962823,4.5151961156366465,0.7811544711738312,0.16749728183196108,2.950666495227519,0.21738583071338813,9.761668568125229
D_both,4.0,0.25,10.0,6,1,blend,obs,0.615,0.8851278078554906,0.9873133316566736,0.9851921939669204,0.7214317268074452,0.9273959381087734,0.8489314328534987,0.8778786317241433,0.9842446645873109,0.9693075482067033,0.7911682550132209,0.9572890219012674,0.8930785658985861,0.889697771277624,0.9119705748844497,0.669641579806971,24.631885024333723,3.92960304511159,0.7963840495547814,0.15955270963002288,3.074837031389171,0.19333595512543256,9.848411953979852
D_both,4.0,0.25,10.0,7,1,blend,obs,0.6006666666666667,0.8866845205748911,0.9876395371406611,0.9846314786571602,0.6903373195377589,0.9106082726057474,0.82581298436575,0.8245734396796349,0.9682939003382414,0.9360888915481493,0.7637106575826824,0.9451234625958052,0.8680733556288885,0.9157061362444241,0.8998098945887052,0.6359120378795865,20.8218553517039,4.363391062716099,0.8200066147982488,0.15538991617163944,3.5231080352593898,0.1511050490909782,9.802965084330262
D_both,4.0,0.5,10.0,0,1,blend,obs,0.6053333333333333,0.8305947218516243,0.97073354663946,0.9068235763260533,0.7133100643170126,0.9218419586366273,0.8433927254285128,0.8408991395793164,0.9732512944131324,0.9404076579088233,0.7654107975105345,0.9449324384627606,0.8682165255204642,0.9036042140085341,0.9186910899473594,0.8369039310675903,8.139171293309653,3.8889334031844967,0.6984678700589356,0.20228663522923315,2.458875890683998,0.472014515828633,9.881886295051816
D_both,4.0,0.5,10.0,1,1,blend,obs,0.599,0.815473479215182,0.9656735014847945,0.8886111476180818,0.7086969451584251,0.9210921041754973,0.844506288041792,0.8410005818861774,0.9737415836446568,0.9442270275623925,0.7637582730910597,0.9453196572576273,0.8667414860873569,0.9042877584252998,0.9102446794542779,0.839675623620295,10.030268876300067,4.372403758340374,0.7089679344580488,0.2014976362280203,2.2525278745729427,0.4699295601254367,9.905177623935081
D_both,4.0,0.5,10.0,2,1,blend,obs,0.601,0.8051063387069683,0.9609880056309476,0.8694498823183725,0.7108968772851345,0.9217597764492446,0.8331694479757035,0.851343605078591,0.9766696211982112,0.9461029557018421,0.7664453375841331,0.9466901752158833,0.8600470874989752,0.8921957573358139,0.915391695092226,0.7235446508811006,22.450786352971214,3.972462588690404,0.7065445088039011,0.20142533659070697,2.3042561775699193,0.47606143713869215,9.87480342479456
D_both,4.0,0.5,10.0,3,1,blend,obs,0.5993333333333334,0.8433078709999666,0.9738405870100477,0.9143374282669449,0.7386707190749287,0.9346706789398886,0.8678180880842293,0.8754520701966486,0.983191817079291,0.9693473059107836,0.7882617018782077,0.9546605214038101,0.8932370941626351,0.8885845700085773,0.9210481363062953,0.8882291864651287,6.802344979135409,3.8533566210382313,0.6992792416791443,0.2041255797994965,2.113057498002194,0.4754508758675108,9.932600313042277
D_both,4.0,0.5,10.0,4,1,blend,obs,0.6013333333333334,0.8259624732904641,0.9703216304857216,0.9053395939002451,0.7132430269527754,0.9227665100069653,0.850761246335476,0.8567869710540431,0.9784032167429594,0.95692831953939,0.7708520619184316,0.9483925613672183,0.8761339411397594,0.891775989352955,0.9139180775037473,0.676472197405178,25.465514366379193,4.172315351489521,0.7016394263212926,0.20387588376895596,2.2158914659520637,0.48347899160202606,9.893940857913433
D_both,4.0,0.5,10.0,5,1,blend,obs,0.6063333333333333,0.8263612454589764,0.970063041577126,0.9013564022332861,0.7268620173508902,0.9300249951883434,0.8567329485459545,0.8834216637090271,0.9852896984419492,0.9664502973395066,0.7801403135226989,0.9527086758617327,0.880023924813784,0.8739696005422697,0.9186963316335148,0.8654995949750565,8.014798857779024,3.8467140258541224,0.6899458114297339,0.2053476036214034,2.050013518834567,0.4971569545097321,9.884289110133759
D_both,4.0,0.5,10.0,6,1,blend,obs,0.615,0.8222444239205222,0.9679236963055499,0.8940564253551867,0.7214317268074452,0.9273959381087734,0.8489314328534987,0.8778786317241433,0.9842446645873109,0.9693075482067033,0.7789627462027673,0.9518331830164977,0.8807127608298211,0.8779930166180963,0.9171286444808914,0.834314561412873,13.544516458766303,3.754766979763968,0.7093464259317919,0.19874298397700882,2.294181890863585,0.4800160510990458,9.940200336632111
D_both,4.0,0.5,10.0,7,1,blend,obs,0.6006666666666667,0.8007912812618002,0.9592890099001211,0.8752597992190511,0.6903373195377589,0.9106082726057474,0.82581298436575,0.8245734396796349,0.9682939003382414,0.9360888915481493,0.7470427454368846,0.936929562806644,0.8520717621350907,0.9009649686396772,0.9090984824173317,0.7287767281219382,20.205930131473217,4.122935210460847,0.7185199527884988,0.1996719709065892,2.407947228595169,0.4684898415008519,9.876923684927087
D_both,4.0,0.75,10.0,0,1,blend,obs,0.6053333333333333,0.7535407568073695,0.9421697561009443,0.8332294498254462,0.7133100643170126,0.9218419586366273,0.8433927254285128,0.8408991395793164,0.9732512944131324,0.9404076579088233,0.7258919455892803,0.9291267883720563,0.8269508778585162,0.8499282784538379,0.9488151116409217,0.9523029244043756,4.039521317840482,3.1815409580836236,0.5895347009316585,0.22620394511046274,0.987986468429903,0.6931104059397357,9.9819265728876
D_both,4.0,0.75,10.0,1,1,blend,obs,0.599,0.7451512192356065,0.9390334265127913,0.8167468092172575,0.7086969451584251,0.9210921041754973,0.844506288041792,0.8410005818861774,0.9737415836446568,0.9442270275623925,0.7228744854068454,0.9298270699070953,0.825578273462701,0.8486367219400169,0.9434205077921791,0.952921871652572,4.040836178509205,3.381445572681364,0.6009105413057969,0.22408647015427938,0.9584858763906613,0.6836051086139037,9.978452039343273
D_both,4.0,0.75,10.0,2,1,blend,obs,0.601,0.7413984306773611,0.9367279331978581,0.8043587704381696,0.7108968772851345,0.9217597764492446,0.8331694479757035,0.851343605078591,0.9766696211982112,0.9461029557018421,0.7245907435999615,0.9299857662499829,0.8178380630355272,0.8380199154751392,0.9449965086395009,0.7896784645322906,21.16405416418349,3.2845045082501607,0.6059753284116188,0.2244981229723573,0.9704627597604223,0.6825720952130346,9.964841490553432
D_both,4.0,0.75,10.0,3,1,blend,obs,0.5993333333333334,0.7728859805185692,0.9505335712971679,0.8538166945198599,0.7386707190749287,0.9346706789398886,0.8678180880842293,0.8754520701966486,0.983191817079291,0.9693473059107836,0.746721675575906,0.9396216780891844,0.8529358281237578,0.8311001275981722,0.9534844679375338,0.9383146634508949,7.8060996288505295,3.080521671394716,0.5923171706777173,0.22628643904177667,0.7923973176709042,0.6981243077108457,9.991126579676505
D_both,4.0,0.75,10.0,4,1,blend,obs,0.6013333333333334,0.7554142594967513,0.9442789665091309,0.8345493684771337,0.7132430269527754,0.9227665100069653,0.850761246335476,0.8567869710540431,0.9784032167429594,0.95692831953939,0.7276567185617233,0.9313543243727325,0.8355887799150391,0.8370674448662304,0.9478415644875839,0.9536890988293004,3.6362370441898815,3.254800858244121,0.5992584761473945,0.22450675637057807,0.878233787092137,0.6911078899719655,9.987138702920033
D_both,4.0,0.75,10.0,5,1,blend,obs,0.6063333333333333,0.7568914099900892,0.9446841597437841,0.8326252902061466,0.7268620173508902,0.9300249951883434,0.8567329485459545,0.8834216637090271,0.9852896984419492,0.9664502973395066,0.7400044234215011,0.9378318258084314,0.8435960784692801,0.8224366885987479,0.9515844426846153,0.9540407598006789,4.256528791543452,2.9022198366717373,0.5917849457160027,0.2250298699281132,0.8288626071579436,0.7054390929722204,9.980092008905153
D_both,4.0,0.75,10.0,6,1,blend,obs,0.615,0.7539273114785834,0.9424796831504179,0.8237445526645101,0.7214317268074452,0.9273959381087734,0.8489314328534987,0.8778786317241433,0.9842446645873109,0.9693075482067033,0.7383007176166927,0.9361402277803693,0.8432845582830958,0.8297285705574384,0.9579526781684797,0.9629364999548488,4.486752876897472,2.793803677502916,0.5860671758232734,0.22244724748998332,0.9656624923958503,0.691856290644551,9.989516690839897
D_both,4.0,0.75,10.0,7,1,blend,obs,0.6006666666666667,0.7296660956113927,0.9314189572740734,0.8057143673128061,0.6903373195377589,0.9106082726057474,0.82581298436575,0.8245734396796349,0.9682939003382414,0.9360888915481493,0.7018346960046984,0.9181927513733912,0.8086360110777069,0.8412230963639453,0.9495175570843175,0.9182741266309706,6.011692003694889,3.105561012018571,0.6033580755198732,0.224364064089901,1.0492965868695154,0.6948223673040944,9.973782012827847
D_both,4.0,1.0,10.0,0,1,blend,obs,0.6053333333333333,0.747157473025956,0.9397288332869828,0.8256791470552316,0.7133100643170126,0.9218419586366273,0.8433927254285128,0.8408991395793164,0.9732512944131324,0.9404076579088233,0.7215164066947459,0.9277603110663716,0.8217778646980234,0.842976909926145,0.9460965507260716,0.9534381553929948,3.930019911640562,3.176044515482308,0.5939576605101797,0.2265437518469319,0.916871536195873,0.7146227899432073,9.987139939737308
D_both,4.0,1.0,10.0,1,1,blend,obs,0.599,0.7413367273012114,0.9379902691046946,0.8124787515136871,0.7086969451584251,0.9210921041754973,0.844506288041792,0.8410005818861774,0.9737415836446568,0.9442270275623925,0.7190001678372967,0.9285775680280925,0.8200700895377275,0.8419746030761164,0.9396570585020478,0.9466498032427441,4.3228722722636945,3.4456151939073103,0.6038772943360389,0.2236737210534799,0.8887478994585029,0.7020243719229805,9.98129365805995
D_both,4.0,1.0,10.0,2,1,blend,obs,0.601,0.737652724973872,0.9359018891473314,0.8015602919411625,0.7108968772851345,0.9217597764492446,0.8331694479757035,0.851343605078591,0.9766696211982112,0.9461029557018421,0.7191634229147672,0.9280739727866972,0.8102059621384903,0.829604409263933,0.9402764425849214,0.6170204690430705,33.23799438961523,3.4872891934037877,0.6119583484501603,0.2246142996558194,0.8946051345641977,0.7052014837531317,9.97155493266545
D_both,4.0,1.0,10.0,3,1,blend,obs,0.5993333333333334,0.7694323236460623,0.9494250364003527,0.849068541210899,0.7386707190749287,0.9346706789398886,0.8678180880842293,0.8754520701966486,0.983191817079291,0.9693473059107836,0.7432514704392366,0.9385614010364621,0.849433149646371,0.8260657957617745,0.9520133134126006,0.937676961554232,7.600063429024425,3.0339190882560927,0.5942725694476576,0.22631852361671906,0.7367512706726163,0.7127851494433277,9.993609736085276
D_both,4.0,1.0,10.0,4,1,blend,obs,0.6013333333333334,0.7512994647838734,0.9428057788385468,0.8288714530658191,0.7132430269527754,0.9227665100069653,0.850761246335476,0.8567869710540431,0.9784032167429594,0.95692831953939,0.7249910338502505,0.9305450334764259,0.830846338232855,0.8323266359801549,0.9437505849673784,0.9485981435090359,3.585698615038146,3.4352867493275108,0.6030050278459611,0.22371959738125494,0.8444487262253546,0.7055973600216673,9.989220528800749
D_both,4.0,1.0,10.0,5,1,blend,obs,0.6063333333333333,0.751985112022784,0.9432233476471974,0.8288534578808932,0.7268620173508902,0.9300249951883434,0.8567329485459545,0.8834216637090271,0.9852896984419492,0.9664502973395066,0.7361878316257947,0.9366356605070912,0.8393417837695568,0.8168866165502315,0.9496296374173395,0.9548119771942476,4.135282656729959,2.9079406595977244,0.5915033196958067,0.22562139346882187,0.765307905337994,0.7276543663888945,9.989606841513389
D_both,4.0,1.0,10.0,6,1,blend,obs,0.615,0.7501373972038177,0.9413802707745018,0.8204915851045004,0.7214317268074452,0.9273959381087734,0.8489314328534987,0.8778786317241433,0.9842446645873109,0.9693075482067033,0.7342638746229588,0.9346636231556159,0.8391767691938238,0.8245671010599179,0.9586391762981485,0.9638953770116178,4.2267588169580375,2.745722595586555,0.5786942596698694,0.22317021856160213,0.8670246506494302,0.7106823021541812,9.987599665965615
D_both,4.0,1.0,10.0,7,1,blend,obs,0.6006666666666667,0.7263907514971982,0.9307421003244216,0.8022247402606579,0.6903373195377589,0.9106082726057474,0.82581298436575,0.8245734396796349,0.9682939003382414,0.9360888915481493,0.6977459674128901,0.9165553124529945,0.802622145327516,0.8349187007115006,0.946488185853486,0.9088696270929807,6.776743779216313,3.242732367672057,0.6034956522061371,0.22434695024667956,0.9640195594688585,0.7151434881326681,9.981342455759853
