geom,beta,rho,D,seed,fixed_magnitude,error_mode,propensity_on,retain_obs,D_ALL,I_ALL,rho_sp_ALL,D_FILTER,I_FILTER,rho_sp_FILTER,D_IPW_oracle,I_IPW_oracle,rho_sp_IPW_oracle,D_IPW_est,I_IPW_est,rho_sp_IPW_est,D_IPWest_vs_IPWoracle,D_IPWest_vs_FILTER,diag_ess_frac,diag_w_max_over_mean,diag_w_p99,diag_propensity_auc,diag_prop_brier,diag_prop_coef_E1,diag_lowq_dE1_shift,diag_realised_disp
toward_HQ,0.0,0.0,10.0,0,1,blend,obs,0.6006666666666667,0.8891383713360586,0.9882326770341978,0.9983145357940705,0.9745676435997241,0.9994918167968668,0.9984849984777698,0.9758214582375306,0.999541146269307,0.9986154394972655,0.9210267179370429,0.9940412593101737,0.9994699408108253,0.9125374854382184,0.9117112614592937,0.7744886907657477,17.557199119339693,3.9837240999029557,0.6584559170945286,0.21850978798606888,-0.016819722168906998,0.010857909559232796,9.795641216981993
toward_HQ,0.0,0.0,10.0,1,1,blend,obs,0.607,0.8965995356045298,0.9898832594625756,0.9995381497924433,0.9904062772939096,0.999891302842697,0.9996017122489097,0.9903775161665879,0.9998903685116189,0.9995989908338627,0.9216365197182332,0.9941815483425942,0.9998701340074941,0.9224510297228472,0.9222830681694987,0.32239825012955425,54.44749364237142,3.8044899524994182,0.6460500643002499,0.22033785037472603,0.07120574714050762,-0.028137627325423853,9.814539588876414
toward_HQ,0.0,0.0,10.0,2,1,blend,obs,0.604,0.8795287762592525,0.9862230787417999,0.9989547516597057,0.9853167405714123,0.99977303428716,0.9994712917865792,0.9852064612444665,0.9997696733690453,0.9994410171934182,0.9174241031162643,0.9934416654310612,0.9989380299861916,0.9270650206873468,0.9273224686921884,0.9146289120227913,4.70870390658583,3.596025652823745,0.6374574014612646,0.2201743639363436,0.0009670685942742658,-0.004532873196805874,9.836192930559635
toward_HQ,0.0,0.0,10.0,3,1,blend,obs,0.597,0.8849824170553712,0.9872678047534496,0.9966907139112521,0.9740694035081978,0.9994223458195243,0.9980590558327623,0.9750002175514846,0.9994604888049508,0.9981710183525788,0.9186942344253499,0.9935821078460497,0.9966413666719208,0.9269340782435822,0.9276834538471824,0.8515332971444362,10.437640728090463,3.8421090280506514,0.6421947528285671,0.22285926507749615,-0.025158759140154446,0.023582589985957306,9.84277479489652
toward_HQ,0.0,0.0,10.0,4,1,blend,obs,0.5966666666666667,0.8966043733732433,0.9897921102476789,0.9977081368957358,0.9799691663835572,0.9996550374853792,0.9989962403620662,0.9802564545578607,0.9996655864496098,0.999027114448255,0.9323334950433755,0.9956529143434478,0.9987644455459339,0.9252271506166665,0.9250764004313691,0.9255327171482857,4.398224277397955,3.6597875139519367,0.6392938270464934,0.22265333607693447,-0.1448687123695754,0.008046434446076388,9.802886723005642
toward_HQ,0.0,0.0,10.0,5,1,blend,obs,0.5986666666666667,0.8986739988370045,0.9901229982243354,0.998293633027334,0.9825681429631145,0.999746873982769,0.99918791110797,0.9826282140346403,0.9997493890452662,0.9991931922523586,0.9271950574994602,0.9949361101833692,0.999642494298628,0.9304573796786975,0.930623739662453,0.9368837107808503,5.333932644342791,3.561473876865135,0.6228720245802781,0.2254777615797002,-0.050674783251926904,0.0033252568001060135,9.824206391258887
toward_HQ,0.0,0.0,10.0,6,1,blend,obs,0.6106666666666667,0.887939110699195,0.9881273631109423,0.9996186731940649,0.9823300249842519,0.9996872495199879,0.9991488025506859,0.9829500788490968,0.99970654955868,0.9991712001947631,0.9248842721494441,0.994684700354307,0.9999738851618368,0.9320212150477896,0.9327396638948736,0.9327015661979696,5.611134825973627,3.514261579184161,0.6343488757701741,0.22004483150957496,-0.08166279064234766,0.0023443140194252306,9.86734072916851
toward_HQ,0.0,0.0,10.0,7,1,blend,obs,0.5916666666666667,0.8970475985572354,0.9899719375357509,0.9994406534172106,0.9857107197228532,0.9998146183047919,0.9996851053695642,0.9855005026953333,0.9998092029619053,0.9996856305997343,0.9202997148743303,0.9939734496907467,0.9988812557630158,0.9113951740399009,0.9116997773241101,0.8002774859355232,13.305698957779816,4.467614165860047,0.6538826099453866,0.2210009473217203,-0.04260730658311225,0.0020775955623815773,9.835290476505143
toward_HQ,0.0,0.5,10.0,0,1,blend,obs,0.6006666666666667,0.853108143386681,0.9817479808142769,0.9484869156671325,0.9745676435997241,0.9994918167968668,0.9984849984777698,0.9758214582375306,0.999541146269307,0.9986154394972655,0.8861703214267727,0.9893657553934672,0.9676763311910935,0.8803307785267394,0.879979624590151,0.8624284632497677,4.500726459869245,4.506404089745348,0.7168681061109989,0.2053484077133159,-1.2954419152831103,0.40371617929375775,9.85887617917813
toward_HQ,0.0,0.5,10.0,1,1,blend,obs,0.607,0.8493807192017955,0.9807685661986778,0.9468162819506226,0.9904062772939096,0.999891302842697,0.9996017122489097,0.9903775161665879,0.9998903685116189,0.9995989908338627,0.8824057677149987,0.988414075201761,0.9669340102427907,0.8815232624006994,0.8814039431174865,0.8533951288500419,6.072421392371836,4.596968875681837,0.7171112722692887,0.20379417584780474,-1.3716051821549182,0.3925406308809355,9.8058039551687
toward_HQ,0.0,0.5,10.0,2,1,blend,obs,0.604,0.8359505681625902,0.9769166852817726,0.9393386228935163,0.9853167405714123,0.99977303428716,0.9994712917865792,0.9852064612444665,0.9997696733690453,0.9994410171934182,0.8883315954390525,0.9896683287265535,0.970267526904276,0.8883589557192192,0.8889467490086687,0.8492108949170162,6.3085324511203,4.223073262428478,0.7168537378940248,0.2031660998145796,-1.2810243937053223,0.4001020797916399,9.850871392566342
toward_HQ,0.0,0.5,10.0,3,1,blend,obs,0.597,0.8635443014599848,0.9837419573338505,0.9621885033457295,0.9740694035081978,0.9994223458195243,0.9980590558327623,0.9750002175514846,0.9994604888049508,0.9981710183525788,0.9046000301719017,0.9922579333274002,0.9796345453447487,0.8875422284290573,0.8871154708069567,0.8672368865255279,6.000296091479261,4.168721166933402,0.7106772720324349,0.20733990691957285,-1.2349335823074965,0.4199829221436303,9.863736045989981
toward_HQ,0.0,0.5,10.0,4,1,blend,obs,0.5966666666666667,0.852777915059931,0.9816579115247409,0.9464308377499956,0.9799691663835572,0.9996550374853792,0.9989962403620662,0.9802564545578607,0.9996655864496098,0.999027114448255,0.8801430857041759,0.9880422756237364,0.9623311657197284,0.8679334603096213,0.8676936253664387,0.8060608754396851,7.92664759387864,5.2810674093706025,0.7330723948474076,0.2005677871450434,-1.4340869909946659,0.4021770672215746,9.808994503486593
toward_HQ,0.0,0.5,10.0,5,1,blend,obs,0.5986666666666667,0.8594453345130472,0.9832772218414115,0.955007892043841,0.9825681429631145,0.999746873982769,0.99918791110797,0.9826282140346403,0.9997493890452662,0.9991931922523586,0.8898802314847927,0.9898618796417097,0.9708145162618669,0.8798245968112334,0.879852163191458,0.8668817853086369,5.559430207584782,4.373996779842464,0.7175383743127954,0.20541280672742118,-1.3918763543358836,0.3914146318378412,9.852950812163057
toward_HQ,0.0,0.5,10.0,6,1,blend,obs,0.6106666666666667,0.8421347019461555,0.9785636542386338,0.9445010164961353,0.9823300249842519,0.9996872495199879,0.9991488025506859,0.9829500788490968,0.99970654955868,0.9991712001947631,0.8864276787390735,0.9890997273038302,0.9686828134471346,0.8816271630647843,0.8816382238982241,0.8667946446253803,5.642129101655598,4.198009709766161,0.7267454630765089,0.2001551127176932,-1.3537081758842708,0.39675747473877937,9.862242468035642
toward_HQ,0.0,0.5,10.0,7,1,blend,obs,0.5916666666666667,0.841248814802804,0.9790920699682623,0.933027675555796,0.9857107197228532,0.9998146183047919,0.9996851053695642,0.9855005026953333,0.9998092029619053,0.9996856305997343,0.8651348871984852,0.985153915008099,0.9515609948708988,0.8652489634344519,0.8658595789432982,0.6606749577221853,18.847638222096148,5.5756702495959996,0.7298621442943374,0.20216077575569413,-1.3569702131527632,0.409730296134813,9.846835201082355
toward_HQ,0.0,1.0,10.0,0,1,blend,obs,0.6006666666666667,0.7855213404371689,0.9604446513415364,0.8572917391740482,0.9745676435997241,0.9994918167968668,0.9984849984777698,0.9758214582375306,0.999541146269307,0.9986154394972655,0.8394570362209265,0.9787737947204409,0.9258398151377142,0.8364895735067034,0.8362981045940554,0.7195386579428668,7.645349444803513,6.836021037311804,0.804009271834856,0.17406197598912385,-2.129017145195925,0.6551222687522709,9.915105983847194
toward_HQ,0.0,1.0,10.0,1,1,blend,obs,0.607,0.7864859104853783,0.9607028523899682,0.8584862880259305,0.9904062772939096,0.999891302842697,0.9996017122489097,0.9903775161665879,0.9998903685116189,0.9995989908338627,0.8353254984869252,0.97710895002577,0.9206807708996193,0.8361480341495352,0.8360379821470978,0.6611847316684467,12.454986045459089,6.347661573486931,0.8077932554836865,0.17198848043177242,-2.2759398978317593,0.6371537291675469,9.894705982675552
toward_HQ,0.0,1.0,10.0,2,1,blend,obs,0.604,0.7738396201562758,0.9560055208285598,0.843152871929688,0.9853167405714123,0.99977303428716,0.9994712917865792,0.9852064612444665,0.9997696733690453,0.9994410171934182,0.8449879258051375,0.9798918752594168,0.9331669691796943,0.8428064916743228,0.8434080643265652,0.5661155299337355,15.938609849095121,5.951189479053966,0.8134453437985447,0.1685437134574368,-2.035082656759836,0.6462401283433913,9.9147857235151
toward_HQ,0.0,1.0,10.0,3,1,blend,obs,0.597,0.797269238662265,0.9638568637044522,0.8802408768509725,0.9740694035081978,0.9994223458195243,0.9980590558327623,0.9750002175514846,0.9994604888049508,0.9981710183525788,0.8529476559363071,0.9815754624049682,0.9405505049375351,0.8362317789405992,0.8356654963172019,0.6439494807959982,15.240464570954117,6.34172859778911,0.8060489008778845,0.17385178676078597,-1.899940748028439,0.6556030534382139,9.937916225423677
toward_HQ,0.0,1.0,10.0,4,1,blend,obs,0.5966666666666667,0.7824309288131521,0.9589465165196069,0.8511252800221925,0.9799691663835572,0.9996550374853792,0.9989962403620662,0.9802564545578607,0.9996655864496098,0.999027114448255,0.826020162538766,0.9744287991210079,0.9100778467622992,0.8150971620329731,0.8148927352166132,0.503917831256437,19.08355794009409,7.998661061060287,0.8227328131492683,0.16630886769581862,-2.135440985674554,0.6385941981595727,9.913419676922683
toward_HQ,0.0,1.0,10.0,5,1,blend,obs,0.5986666666666667,0.7923693559581181,0.9627986674558189,0.8681889055095695,0.9825681429631145,0.999746873982769,0.99918791110797,0.9826282140346403,0.9997493890452662,0.9991931922523586,0.831493704952774,0.9757197981889523,0.9166481411808843,0.820866872340685,0.8208296799629106,0.6609504445086719,8.780826069227645,7.403815261938792,0.8133465193971099,0.1702550350588839,-2.194700582247762,0.6434148182625545,9.92139934069197
toward_HQ,0.0,1.0,10.0,6,1,blend,obs,0.6106666666666667,0.782434645938423,0.9589266091216918,0.8542056887306968,0.9823300249842519,0.9996872495199879,0.9991488025506859,0.9829500788490968,0.99970654955868,0.9991712001947631,0.8369234536376253,0.977444648482129,0.9233183952403634,0.8317341538639949,0.8316757321919054,0.7020401637026941,10.73261824823894,6.308650723135434,0.818327011799366,0.1677419250997832,-2.3191667331296046,0.6395406240549981,9.925377332971014
toward_HQ,0.0,1.0,10.0,7,1,blend,obs,0.5916666666666667,0.7766896014820053,0.9573540460958808,0.8403299257848529,0.9857107197228532,0.9998146183047919,0.9996851053695642,0.9855005026953333,0.9998092029619053,0.9996856305997343,0.8221902988397303,0.9742031234090773,0.9090366825995052,0.8233873015110134,0.8238925888646571,0.25420406719955074,60.8351812536273,7.515695082619858,0.8131387180224202,0.17088524954316714,-1.9894911993474433,0.6392647274480605,9.93488510938585
toward_HQ,1.0,0.0,10.0,0,1,blend,obs,0.602,0.8864525433847421,0.9876797522474529,0.9981527595744557,0.8616424943736767,0.9828022915005776,0.9533261150112837,0.952936385433316,0.997916641396699,0.9951914390173495,0.926381049268648,0.9951248197017131,0.9859712009263553,0.9289391115335693,0.8921291059891808,0.2602532450061326,68.85610826855925,5.387478916268399,0.7248759949618895,0.19423467020438429,1.377213106965708,0.0165314154818829,9.784884425711784
toward_HQ,1.0,0.0,10.0,1,1,blend,obs,0.596,0.8843885148378361,0.987286063051812,0.9984515394058442,0.8535237546379304,0.9813694213896573,0.9473165223626675,0.9669851185698557,0.9988904878474958,0.9975414661710895,0.926074505389921,0.9953968817048677,0.9880340807667776,0.9316636682726398,0.8892761113994196,0.35625985227597406,43.071110584045265,5.607120457665905,0.7315902311707682,0.1943859208276684,1.373352193096907,0.023930741781659777,9.806820222459825
toward_HQ,1.0,0.0,10.0,2,1,blend,obs,0.6066666666666667,0.8813552653359772,0.9865822855590768,0.998562086754989,0.8645962469483989,0.9841366048922603,0.9513984658288837,0.9887882836835458,0.9998588592588381,0.9996033060175087,0.9242982425010904,0.9951348542907941,0.9884462409215107,0.9274281163675918,0.9018893127941714,0.6775839111164706,19.13518170557221,4.4983597044466865,0.7243236636245111,0.19580494566978474,1.2989029156111367,0.015130347247912557,9.774214784189391
toward_HQ,1.0,0.0,10.0,3,1,blend,obs,0.5996666666666667,0.887416617686905,0.9878224833090914,0.9964080932962923,0.8862253821046956,0.9885764960951698,0.9671985557780435,0.9770803376940421,0.9995358507274683,0.9993012968858549,0.9488492946422543,0.9977611572071561,0.995121326623625,0.9303954405927464,0.907291778802277,0.8017396832912485,11.08462823429762,4.775940809310216,0.7087469724830937,0.19988951202953656,1.1524357850050304,0.05602940842355881,9.805001042593357
toward_HQ,1.0,0.0,10.0,4,1,blend,obs,0.598,0.8916825663540612,0.9888146833297655,0.9985958862206968,0.8711932788785307,0.9855844280539828,0.9586981270360155,0.9924415102578563,0.9999415422400906,0.9999347188834149,0.928901286297678,0.9956556944973571,0.9906221960694748,0.9237855823550223,0.8949720068340614,0.7888856026589258,9.651471471091682,5.36768726528998,0.6970498677182649,0.20334309845372264,1.064003968835169,0.04839678467645012,9.776596200892726
toward_HQ,1.0,0.0,10.0,5,1,blend,obs,0.5976666666666667,0.8950429378006228,0.9895229106460012,0.9992331261453848,0.8749877409873955,0.9865451042717538,0.9597141225080896,0.9920101463814899,0.9999377401149496,0.9999655912272405,0.9336680404751578,0.9961793939383449,0.9910745720181173,0.9273001765579743,0.9008129859000172,0.8004311416923156,11.850589194329563,4.697495084535402,0.700976271988415,0.20505007894399144,1.1371636144769506,0.05750840191206708,9.784590422679809
toward_HQ,1.0,0.0,10.0,6,1,blend,obs,0.6103333333333333,0.8828555757756253,0.9870823771946136,0.9990195506102383,0.8721860789603568,0.9862811496318946,0.9567216373994394,0.9905319328404967,0.9998923335623562,0.9996168412124032,0.9413295840671845,0.9970764448970671,0.9937600665435945,0.9365364413735549,0.9089695847086465,0.6811700231658823,21.755294064107293,4.373757038108851,0.7046776385591927,0.2005189911750447,1.193585552765685,0.008809961462883478,9.82383111108992
toward_HQ,1.0,0.0,10.0,7,1,blend,obs,0.6033333333333334,0.8928316932567245,0.9892595720691987,0.9991827814461637,0.8501112400309618,0.9801122755880108,0.9445647270677601,0.9594249034537108,0.9982293893805226,0.9960754133898932,0.9116110372102206,0.993407373613875,0.9791358965719865,0.9256370852950428,0.9024220803171153,0.7056424339607671,13.905377112971887,4.7568418462172835,0.7097641487534241,0.2000604741319321,1.278190027616776,0.042161432593063486,9.813976927045932
toward_HQ,1.0,0.5,10.0,0,1,blend,obs,0.602,0.8512928038175579,0.980526875401072,0.9320779939988374,0.8616424943736767,0.9828022915005776,0.9533261150112837,0.952936385433316,0.997916641396699,0.9951914390173495,0.8643245680440312,0.9839764474436798,0.9447320809989656,0.8777412461169934,0.9428003579409058,0.9419405059403546,6.184462523094603,3.4001254004413517,0.5993946291071452,0.22857238983506828,0.22278036225307246,0.4343641888270265,9.835848012834838
toward_HQ,1.0,0.5,10.0,1,1,blend,obs,0.596,0.8402421667258284,0.9775841968069783,0.9219087088306466,0.8535237546379304,0.9813694213896573,0.9473165223626675,0.9669851185698557,0.9988904878474958,0.9975414661710895,0.8548170487419295,0.9821553020714581,0.9379771576995978,0.8746978214477649,0.9397208718212239,0.9408475603751703,3.9400062638802655,3.6469478501513892,0.6162427274606656,0.22651857174568696,0.18182252469321403,0.42543389089585615,9.844503293581264
toward_HQ,1.0,0.5,10.0,2,1,blend,obs,0.6066666666666667,0.8403447982155847,0.9775899029046705,0.9222618347715081,0.8645962469483989,0.9841366048922603,0.9513984658288837,0.9887882836835458,0.9998588592588381,0.9996033060175087,0.8558130367089694,0.9824584934381182,0.9386966727623126,0.8613397860444507,0.9468890273685979,0.9518486475375558,4.4978797542640665,3.265180839364461,0.605906360588564,0.22668306065796898,0.11383769927682158,0.4336130889838565,9.815081041230501
toward_HQ,1.0,0.5,10.0,3,1,blend,obs,0.5996666666666667,0.8582498984886233,0.9820966783097599,0.9393541587474028,0.8862253821046956,0.9885764960951698,0.9671985557780435,0.9770803376940421,0.9995358507274683,0.9993012968858549,0.8794026895423832,0.9877277638404877,0.957687068329143,0.8636914727776881,0.9571551710719343,0.9527948717006006,6.239686460275979,2.877533066121286,0.5929332560090975,0.22825230021598866,0.0786244870792516,0.4554084688881947,9.896060265130183
toward_HQ,1.0,0.5,10.0,4,1,blend,obs,0.598,0.845418736875422,0.979378400893373,0.9279347522353608,0.8711932788785307,0.9855844280539828,0.9586981270360155,0.9924415102578563,0.9999415422400906,0.9999347188834149,0.8594289881112397,0.9834294219214064,0.9422288486760294,0.85543838095371,0.941803239971869,0.9535348876855749,3.0276323430172525,3.5028942376165833,0.6101194602979159,0.22822881059860167,-0.013324233668560576,0.4406344323566915,9.85765063993709
toward_HQ,1.0,0.5,10.0,5,1,blend,obs,0.5976666666666667,0.8516792391035417,0.9811365239572397,0.9340152649072879,0.8749877409873955,0.9865451042717538,0.9597141225080896,0.9920101463814899,0.9999377401149496,0.9999655912272405,0.8622393319874652,0.9840283724241163,0.944811474840115,0.8575011257123184,0.954193734633748,0.9615988297426411,4.092490629484395,3.073373541272734,0.587734866929341,0.23166258959246497,-0.04823901309963905,0.4574644582311789,9.802398948975869
toward_HQ,1.0,0.5,10.0,6,1,blend,obs,0.6103333333333333,0.8510776503939368,0.9815663870496112,0.9363272122195946,0.8721860789603568,0.9862811496318946,0.9567216373994394,0.9905319328404967,0.9998923335623562,0.9996168412124032,0.8614272218476535,0.9841394245621652,0.9445368860550013,0.8557875866184755,0.9535027835342845,0.9659233776110215,2.853861437232383,3.1755705649110335,0.5918804506925915,0.22799766522715254,0.03413224315323854,0.43856443717477633,9.837365701333047
toward_HQ,1.0,0.5,10.0,7,1,blend,obs,0.6033333333333334,0.8312501081529404,0.9756055340266162,0.9145094040984775,0.8501112400309618,0.9801122755880108,0.9445647270677601,0.9594249034537108,0.9982293893805226,0.9960754133898932,0.837347822548238,0.9774938007205045,0.9233482861195633,0.8621972046108467,0.9454112769482909,0.9360778964348625,5.942072691049445,3.368135057956191,0.5957203212776823,0.2290178655119613,0.0363765537029532,0.46652361901705186,9.886406559634654
toward_HQ,1.0,1.0,10.0,0,1,blend,obs,0.602,0.7818712220601266,0.9610624692409376,0.8604522598447548,0.8616424943736767,0.9828022915005776,0.9533261150112837,0.952936385433316,0.997916641396699,0.9951914390173495,0.7965640664523641,0.9661744940653568,0.8843711677977981,0.8098024100254458,0.9050112674864637,0.9121582386568734,3.975089315751122,3.9821995963297643,0.6691442168390865,0.2168071365107618,-0.7540038074048281,0.7009996699757477,9.951811280416281
toward_HQ,1.0,1.0,10.0,1,1,blend,obs,0.596,0.7775461990723069,0.9592235986713369,0.8530791334282651,0.8535237546379304,0.9813694213896573,0.9473165223626675,0.9669851185698557,0.9988904878474958,0.9975414661710895,0.792120752537628,0.9647203375816743,0.8787906688919688,0.8122731943230235,0.9088684065682291,0.8975122254710184,5.698594491534143,4.152588324132452,0.6644747528444119,0.21852336236698436,-0.6773639864584138,0.66871224862031,9.927976017165292
toward_HQ,1.0,1.0,10.0,2,1,blend,obs,0.6066666666666667,0.7758876485328283,0.9584837860300819,0.8493480486609525,0.8645962469483989,0.9841366048922603,0.9513984658288837,0.9887882836835458,0.9998588592588381,0.9996033060175087,0.7928808184527808,0.9651146352200579,0.8769808238145536,0.7968798389702557,0.9040311198973409,0.6663625178274446,27.354567079932778,4.120163814938536,0.6769724343453156,0.21419065021466674,-0.727060594000441,0.6822139039130227,9.957343414498594
toward_HQ,1.0,1.0,10.0,3,1,blend,obs,0.5996666666666667,0.803878752717961,0.9685319443358067,0.8868676068327315,0.8862253821046956,0.9885764960951698,0.9671985557780435,0.9770803376940421,0.9995358507274683,0.9993012968858549,0.8145246036001108,0.9721944842610517,0.9032307431565946,0.7997940461387458,0.904264295235686,0.8354628612475621,9.074843847947296,4.105097040531594,0.6757348309427154,0.21605321488783844,-0.6776808682574845,0.691869384862689,9.956750219979583
toward_HQ,1.0,1.0,10.0,4,1,blend,obs,0.598,0.784578114798092,0.9619976576218019,0.8627534682258658,0.8711932788785307,0.9855844280539828,0.9586981270360155,0.9924415102578563,0.9999415422400906,0.9999347188834149,0.7988163873729972,0.967174985989688,0.8864847735866315,0.794496199958928,0.9016336201774989,0.86581123619732,6.88648522651948,3.9891753916299644,0.6872415144640972,0.2140132525606052,-0.8571854981955523,0.6749035658116507,9.9435827342259
toward_HQ,1.0,1.0,10.0,5,1,blend,obs,0.5976666666666667,0.7890068532579498,0.9637141247812452,0.869341482926556,0.8749877409873955,0.9865451042717538,0.9597141225080896,0.9920101463814899,0.9999377401149496,0.9999655912272405,0.8010423958197419,0.9679813387564462,0.888539887898363,0.7958593747211162,0.9044451082290621,0.9078782104033026,5.540803882010719,3.9128029977283245,0.6734426109823205,0.2175155289158728,-0.8548077912784418,0.6898203301050572,9.942885125358192
toward_HQ,1.0,1.0,10.0,6,1,blend,obs,0.6103333333333333,0.7806900175159017,0.9608064503199639,0.8572897636648785,0.8721860789603568,0.9862811496318946,0.9567216373994394,0.9905319328404967,0.9998923335623562,0.9996168412124032,0.7998977952883659,0.9675991931241388,0.887209910992895,0.795327942016355,0.9112144251772025,0.9156497198659469,4.762569285196416,3.495326150361487,0.6719016519508382,0.2148444468960237,-0.8711407249863132,0.6901327058222684,9.949493345425285
toward_HQ,1.0,1.0,10.0,7,1,blend,obs,0.6033333333333334,0.7699202393846724,0.9568045251519185,0.845652222599071,0.8501112400309618,0.9801122755880108,0.9445647270677601,0.9594249034537108,0.9982293893805226,0.9960754133898932,0.7754439404942528,0.9586880878119721,0.8587021948341594,0.7972698196997354,0.8938973650557261,0.7296066250298813,13.866851384639602,4.645605175635105,0.6883882724360463,0.21270628931771413,-0.7315426808469625,0.698003734439585,9.954291599826151
toward_HQ,2.0,0.0,10.0,0,1,blend,obs,0.6,0.8934420158542888,0.9890189151335664,0.9966139831474613,0.787255429824713,0.957724427490152,0.8998502183494667,0.9258383204673957,0.9940907077519977,0.9872593311940334,0.8784786699396856,0.9853065170995636,0.9518463696674864,0.9197001742627284,0.8826753546216863,0.40263477498757894,45.48554446369273,6.003437206394605,0.7737581018518519,0.17455670724093572,2.258386353556965,0.05967257417462921,9.793383049881383
toward_HQ,2.0,0.0,10.0,1,1,blend,obs,0.5966666666666667,0.8869202364538114,0.9879575696319075,0.9987009368244852,0.774709313967503,0.9537361642278336,0.8920983371072839,0.9165347559214728,0.9926547389943703,0.9836681602324191,0.863043052014617,0.9828632358657788,0.9440273576244771,0.9206999656014314,0.8874817357629519,0.6368002968282157,13.748709897577989,5.463151218901595,0.7902458562260491,0.16780351804836693,2.3368886929505077,0.0488858302358794,9.821425465836382
toward_HQ,2.0,0.0,10.0,2,1,blend,obs,0.6046666666666667,0.877821776487426,0.9858123939346919,0.9984156476053859,0.7850717389353932,0.9578865674355319,0.8937483684701895,0.9481574736701485,0.997078283363042,0.9930975395462095,0.878141492755907,0.9869074973759946,0.9550689915793995,0.9099552837905945,0.8862561101382573,0.3212427984091446,56.123434663326506,5.600154899366614,0.7818705831168856,0.1721549634545004,2.214205163988998,0.05386086178968535,9.767162977902284
toward_HQ,2.0,0.0,10.0,3,1,blend,obs,0.5983333333333334,0.8737186079143759,0.9844191858807265,0.9894799382785968,0.8079316280937092,0.9655901910205178,0.9184700670199891,0.9534730804124556,0.997748250565146,0.9972544594026634,0.8991363833799415,0.9899703679024161,0.9685499611489105,0.917579531429356,0.8912508313782271,0.42772658831151583,30.857566185074955,5.005418439716426,0.7937990499196709,0.16732949584546317,2.2008848848904936,0.023844025408935054,9.816934021585464
toward_HQ,2.0,0.0,10.0,4,1,blend,obs,0.5976666666666667,0.8956323960208719,0.9896290550120994,0.998823336933248,0.7827122833292421,0.9565694454015025,0.9029340586933561,0.9321270980146901,0.9950966505595682,0.9917775235825482,0.8862483896598048,0.9879844634319609,0.9621893298687962,0.925831322522548,0.8804979399318755,0.41568170492405615,35.41029406579819,6.307673112418003,0.784054809484181,0.1723981001656305,2.2505186145985414,0.04772345826449128,9.801014899561594
toward_HQ,2.0,0.0,10.0,5,1,blend,obs,0.6033333333333334,0.8852855878121241,0.9874008646146534,0.9974553176643166,0.7966249350121454,0.9623905313025133,0.907344971502306,0.9610693840620159,0.9983398675258328,0.9959690326622014,0.8940137531576695,0.9893363430915543,0.9635299591731052,0.9186081047088988,0.8730572052043082,0.35126335372130313,48.41471515177036,6.128541704772525,0.7815991921630532,0.17380106671378742,2.1064420326126565,0.05217399738339358,9.768467403522363
toward_HQ,2.0,0.0,10.0,6,1,blend,obs,0.6173333333333333,0.8823773687795065,0.9867746112451244,0.9979578471858335,0.7920989997538872,0.9604863812541056,0.9006596288161807,0.9484827776734923,0.9970901436344174,0.9931526605973667,0.8809690945537353,0.9863230911161927,0.9563470599469236,0.9156923032355775,0.8936620049439661,0.7406206555212175,11.787808638582828,4.548189978667956,0.7879093888516793,0.1679022511322063,2.2212815443234324,0.02780847867436745,9.810271601266427
toward_HQ,2.0,0.0,10.0,7,1,blend,obs,0.6053333333333333,0.8931686025777563,0.989054900054878,0.9970742103710831,0.7740182950418174,0.9532281616190881,0.888634364768567,0.9322029658069678,0.9950127844368072,0.9870520121074039,0.8737122630693003,0.9848844001279856,0.9487618460262002,0.9200540567931399,0.8693179288858084,0.5757392954977796,21.91494853885476,6.72666847985303,0.778437630223836,0.1733492742544523,2.228953401371136,0.05642250060656889,9.85178756776774
toward_HQ,2.0,0.5,10.0,0,1,blend,obs,0.6,0.8318378784114723,0.9725075337740304,0.9072922718228509,0.787255429824713,0.957724427490152,0.8998502183494667,0.9258383204673957,0.9940907077519977,0.9872593311940334,0.8245756067917225,0.9704827060952274,0.9103038231317864,0.8698675884549476,0.9293275056972142,0.892888309142022,7.486189609727022,3.807780655788715,0.6353016203703703,0.2218640600411834,1.0335264676915914,0.4688409890774172,9.88392902594931
toward_HQ,2.0,0.5,10.0,1,1,blend,obs,0.5966666666666667,0.8274439396843621,0.972207777842081,0.905242776862038,0.774709313967503,0.9537361642278336,0.8920983371072839,0.9165347559214728,0.9926547389943703,0.9836681602324191,0.8191139184533802,0.9698365166971957,0.9081752300351433,0.8814729962351979,0.9232206896120798,0.9078934632960828,5.534024041034167,4.014277691850909,0.651948150884159,0.2190320669836313,1.1018553423360327,0.46334664210292764,9.878055707344451
toward_HQ,2.0,0.5,10.0,2,1,blend,obs,0.6046666666666667,0.8217215604510094,0.9697797383353564,0.8951892248616722,0.7850717389353932,0.9578865674355319,0.8937483684701895,0.9481574736701485,0.997078283363042,0.9930975395462095,0.8252627994138777,0.9722060830083445,0.9100531239040709,0.8604677360184987,0.9251550647846103,0.9085439552165344,6.2137864262134235,3.845455389211262,0.6520065501412102,0.21741177010836005,1.0387650620456188,0.464496713404838,9.859687943845172
toward_HQ,2.0,0.5,10.0,3,1,blend,obs,0.5983333333333334,0.8558644812092469,0.978631326482873,0.9274452138358711,0.8079316280937092,0.9655901910205178,0.9184700670199891,0.9534730804124556,0.997748250565146,0.9972544594026634,0.8519369995655731,0.9788101842862287,0.9376239253472789,0.8713350777011875,0.9324224261696205,0.9037274729204864,7.873809020126608,3.5388232862053512,0.6416033472416462,0.21991498438946902,0.9656973719946385,0.4535212362878383,9.892349798955804
toward_HQ,2.0,0.5,10.0,4,1,blend,obs,0.5976666666666667,0.8328565631617297,0.9733974370740205,0.9099391949216392,0.7827122833292421,0.9565694454015025,0.9029340586933561,0.9321270980146901,0.9950966505595682,0.9917775235825482,0.8275128628749107,0.9719766178537947,0.920463234662286,0.8731188927580543,0.9299909618620715,0.9331103158369218,3.5332840797371645,3.7344170410363895,0.6365214349645657,0.22065834383208802,0.9429667659005797,0.4603814877651144,9.874453356425002
toward_HQ,2.0,0.5,10.0,5,1,blend,obs,0.6033333333333334,0.8363141514442123,0.9741695639000851,0.9123982021318312,0.7966249350121454,0.9623905313025133,0.907344971502306,0.9610693840620159,0.9983398675258328,0.9959690326622014,0.8365138618568152,0.9749189489494792,0.9222763493553564,0.863950696684597,0.9269158532686943,0.904828095993928,5.614837574652416,3.787332077735197,0.6384558243186778,0.22162114771455874,0.8182551936643232,0.4742341968622337,9.869310537245052
toward_HQ,2.0,0.5,10.0,6,1,blend,obs,0.6173333333333333,0.8438922780852767,0.9770350469098268,0.921262617776413,0.7920989997538872,0.9604863812541056,0.9006596288161807,0.9484827776734923,0.9970901436344174,0.9931526605973667,0.834435900707854,0.9743152319848978,0.9218581056909303,0.8681436051625391,0.9357891816913328,0.9417328585180298,4.5449566627306295,3.272115998900183,0.6325316448551712,0.21861586488703882,1.0517836869559702,0.460787240153858,9.878306883146147
toward_HQ,2.0,0.5,10.0,7,1,blend,obs,0.6053333333333333,0.8140788976398936,0.9669925164714319,0.89034561724191,0.7740182950418174,0.9532281616190881,0.888634364768567,0.9322029658069678,0.9950127844368072,0.9870520121074039,0.8103707412798296,0.9666149934597918,0.8975040054521621,0.8601402973042901,0.9258759046597811,0.8878285699397951,9.31904633211156,4.038315103940846,0.6313772472913443,0.22123083816706562,0.8996713159179616,0.47697883924930917,9.870661425448654
toward_HQ,2.0,1.0,10.0,0,1,blend,obs,0.6,0.765836729590414,0.9524172220945653,0.8453645777524312,0.787255429824713,0.957724427490152,0.8998502183494667,0.9258383204673957,0.9940907077519977,0.9872593311940334,0.7630151365440592,0.9512494989049409,0.8532013204265806,0.8024717227623258,0.9304346764982728,0.9488403051590187,3.2393965120048835,3.4193552366669864,0.6172099537037037,0.22757912787356663,-0.0026538743030765943,0.7135840865111014,9.976264575864935
toward_HQ,2.0,1.0,10.0,1,1,blend,obs,0.5966666666666667,0.7610387007160218,0.9496580513065461,0.8339671252921557,0.774709313967503,0.9537361642278336,0.8920983371072839,0.9165347559214728,0.9926547389943703,0.9836681602324191,0.7624580690683319,0.9511571271279787,0.855203921033932,0.8206659302961864,0.9371483619507094,0.94360103315854,3.7012692780566803,3.441823791170109,0.6120051710605291,0.22628442342458338,0.07182992816736147,0.6818140277776371,9.954966712663706
toward_HQ,2.0,1.0,10.0,2,1,blend,obs,0.6046666666666667,0.7585587845453088,0.9488891083746782,0.8272028744542833,0.7850717389353932,0.9578865674355319,0.8937483684701895,0.9481574736701485,0.997078283363042,0.9930975395462095,0.7640540964793512,0.9521270610067869,0.8517254726100071,0.7948724113339348,0.9346491656871528,0.8095969039328583,18.883159286374664,3.4170505048682713,0.6257334745124579,0.22427978649993216,-0.0055320601044992705,0.6995905787220246,9.968645632717537
toward_HQ,2.0,1.0,10.0,3,1,blend,obs,0.5983333333333334,0.7866066019594966,0.9599441891631952,0.8659761446803206,0.8079316280937092,0.9655901910205178,0.9184700670199891,0.9534730804124556,0.997748250565146,0.9972544594026634,0.7833787476289588,0.9594404580035124,0.878686044243715,0.7982348259278274,0.9342599518413224,0.8936119312437326,9.377020355421697,3.4324019902688465,0.6270671182052496,0.22516394537363416,-0.04981356726054215,0.7093076419063529,9.979522094585684
toward_HQ,2.0,1.0,10.0,4,1,blend,obs,0.5976666666666667,0.7684641998961438,0.9534329864617563,0.8462931590233508,0.7827122833292421,0.9565694454015025,0.9029340586933561,0.9321270980146901,0.9950966505595682,0.9917775235825482,0.7665758133114247,0.9528864533153748,0.863968638202524,0.8060366579124436,0.9345097862888267,0.9338435044108617,4.321702219082525,3.5408956075827733,0.6283327734524993,0.2246257781045431,0.010568263330044564,0.6945950365005432,9.967239759074795
toward_HQ,2.0,1.0,10.0,5,1,blend,obs,0.6033333333333334,0.7724799630703149,0.9548827434653651,0.8518027548366874,0.7966249350121454,0.9623905313025133,0.907344971502306,0.9610693840620159,0.9983398675258328,0.9959690326622014,0.7757916688049251,0.9569186573565226,0.8688663060712205,0.7983944055960892,0.9391690100506512,0.9512736642538695,4.396227808399074,3.2609657137441665,0.6107115000696411,0.2272475735171917,-0.12589877205139002,0.7114474446220752,9.971595231105272
toward_HQ,2.0,1.0,10.0,6,1,blend,obs,0.6173333333333333,0.7696090112885265,0.9535850794042091,0.8429113095532972,0.7920989997538872,0.9604863812541056,0.9006596288161807,0.9484827776734923,0.9970901436344174,0.9931526605973667,0.7755275707951506,0.9561852127309863,0.8684601019204007,0.8042995793000256,0.9487892705074323,0.9522695479885486,5.63926523821267,2.897257667153361,0.593747648271762,0.22357311729052148,0.030606451161447147,0.7076978621304865,9.978257275511
toward_HQ,2.0,1.0,10.0,7,1,blend,obs,0.6053333333333333,0.7522485039656621,0.9466290732832089,0.8275731303738281,0.7740182950418174,0.9532281616190881,0.888634364768567,0.9322029658069678,0.9950127844368072,0.9870520121074039,0.7502232345784997,0.9461018213497802,0.8380807963227551,0.7940613817783417,0.9266923855004496,0.8779813858467941,8.135030590917959,4.001152135441704,0.6286274314650554,0.22373372281829168,-0.04510718234017214,0.7082022319499651,9.969446928689996
toward_HQ,3.0,0.0,10.0,0,1,blend,obs,0.603,0.8922188269282564,0.9888265488460659,0.9979837959816686,0.7414519719977307,0.9367325700208131,0.8647008216080868,0.8868053627847106,0.9861937790887924,0.9679589706480353,0.8254512290922759,0.9693886754859143,0.91416212149373,0.9139920007395009,0.8910019994394671,0.365334552768809,48.04360580788822,5.206748408857838,0.8119761301710497,0.1555789666188678,3.1181404193355813,0.07185648557234829,9.739829918291601
toward_HQ,3.0,0.0,10.0,1,1,blend,obs,0.5963333333333334,0.8769599436426996,0.9856773871338119,0.9980416536413351,0.7308199767075563,0.9329669225930087,0.8583997261535545,0.8732083280382181,0.9831335730526408,0.9607928366379914,0.8180488260977534,0.9678444774167756,0.9091620087808696,0.9251420074605674,0.8856017053188381,0.6230939203767596,14.382973283563743,5.234801874002913,0.8334721915144343,0.1472192823080599,3.2282480229362562,0.025369154841095004,9.816284545749628
toward_HQ,3.0,0.0,10.0,2,1,blend,obs,0.6073333333333333,0.8803185122543016,0.9862902387499944,0.9954445680646528,0.7414656368792716,0.9367643117403853,0.860295564453576,0.8942617582240795,0.9877084632705275,0.9710600977539504,0.8254580449610407,0.9701985654935853,0.9109082954494508,0.9037004599459928,0.8902426195168869,0.29982197018644074,58.20824036269942,5.262778310656296,0.8171373646750991,0.15520502762759167,2.9545019249574067,0.06572886510340888,9.785541525108364
toward_HQ,3.0,0.0,10.0,3,1,blend,obs,0.5943333333333334,0.8931169086555774,0.9889318208668073,0.9968811282439326,0.7454894206281577,0.9385925576425056,0.8762757868125832,0.8867437674870027,0.9863687892014142,0.9755539934371817,0.8357438866849914,0.9728986909808107,0.9303038119873868,0.9247688899082546,0.8898789932517552,0.07770030015983759,135.82612533580377,4.975165610000817,0.8263834323158877,0.152730339332857,3.1321321739043686,0.056145174290366036,9.798882518205605
toward_HQ,3.0,0.0,10.0,4,1,blend,obs,0.5936666666666667,0.8964112674285317,0.9897982084584309,0.9990959747574839,0.7380527681961363,0.9360742157690665,0.8687595196669248,0.901311320130929,0.9896209385327742,0.9785098633185537,0.8258091296132386,0.9707099612292521,0.9217806659720889,0.9053421769946325,0.8953748354419977,0.2224479199581648,53.803610038944704,4.789800625794392,0.8101404442757593,0.1584781774525432,2.9444882515906463,0.06920600481113857,9.79324338033451
toward_HQ,3.0,0.0,10.0,5,1,blend,obs,0.6016666666666667,0.8783386230684638,0.9857670308073401,0.9954473128077658,0.7455467558336333,0.9396464971143258,0.8689783870295196,0.8886794534725371,0.9867587714280831,0.9680614485076889,0.8313931209597734,0.971741384916117,0.9192351911080134,0.9259374735970405,0.8859772288857723,0.1115403972288989,109.49305192459305,5.030030773354213,0.8278612408581463,0.15266298054046792,3.117565422948196,0.06139168555722829,9.775662075282284
toward_HQ,3.0,0.0,10.0,6,1,blend,obs,0.6143333333333333,0.8769892805878752,0.9854824926593717,0.9969543146487493,0.7456683482085398,0.9397903871428176,0.865653995044991,0.9012676064144141,0.989489710840638,0.9766988285813027,0.8228352261111422,0.9696241753740874,0.9163233809264827,0.900960416370359,0.907408774338375,0.7322529151255935,16.458928982773323,4.278238246429458,0.8037349385724958,0.15741788869456172,2.8122073269301335,0.08503612394315135,9.789153140995195
toward_HQ,3.0,0.0,10.0,7,1,blend,obs,0.6016666666666667,0.8958647374017281,0.9897802275025472,0.9991099979749452,0.7215200190961615,0.9278863843018467,0.8496374967860413,0.8741148530830418,0.9832436798607096,0.9631039177055036,0.8074766712145011,0.9637731173669318,0.9033383284414686,0.9130892931475165,0.8924029490485821,0.5680679440640919,24.295656144510286,4.8113073782670925,0.8091099804123831,0.16044594213678984,3.0312978107738466,0.07661321042340619,9.796180169812741
toward_HQ,3.0,0.5,10.0,0,1,blend,obs,0.603,0.8288022280419631,0.9705868418860002,0.9043535491556794,0.7414519719977307,0.9367325700208131,0.8647008216080868,0.8868053627847106,0.9861937790887924,0.9679589706480353,0.7942825484097265,0.9577533512985639,0.8864424691157894,0.8826804308109923,0.9153177609598041,0.8091508756368442,10.116750916909929,4.256394450509293,0.6756923471085657,0.21032834952450935,1.8131320975650704,0.47641069051379353,9.896170817700987
toward_HQ,3.0,0.5,10.0,1,1,blend,obs,0.5963333333333334,0.8208742609898141,0.968435853235585,0.8947339656470531,0.7308199767075563,0.9329669225930087,0.8583997261535545,0.8732083280382181,0.9831335730526408,0.9607928366379914,0.7892980578889096,0.9568509680772899,0.8809181788296405,0.8972154157399673,0.9031901999247447,0.8390200841894072,7.174338301822952,4.883751190384129,0.6970473750264831,0.20664090039458935,1.8280276602483614,0.462287220409314,9.881317499374186
toward_HQ,3.0,0.5,10.0,2,1,blend,obs,0.6073333333333333,0.8152542011511886,0.9648119257025154,0.8843470440127423,0.7414656368792716,0.9367643117403853,0.860295564453576,0.8942617582240795,0.9877084632705275,0.9710600977539504,0.795810677960157,0.9589198296739937,0.8841501770218756,0.8735560777066161,0.9133402839890152,0.8889286113821779,6.29558288999432,4.217091569330983,0.681647297042933,0.20883579709159586,1.7031740249090208,0.47302763252475266,9.873248875439334
toward_HQ,3.0,0.5,10.0,3,1,blend,obs,0.5943333333333334,0.8358209747678317,0.9724585249314828,0.9103858280962632,0.7454894206281577,0.9385925576425056,0.8762757868125832,0.8867437674870027,0.9863687892014142,0.9755539934371817,0.8024984160920753,0.9612596438460743,0.9031651851158755,0.891883027257224,0.9177128490943375,0.847043643192116,10.520953800410323,3.9429376629715858,0.6802698359517971,0.2112690156534126,1.6989230894474139,0.4697690864835544,9.906689995668836
toward_HQ,3.0,0.5,10.0,4,1,blend,obs,0.5936666666666667,0.8301503581900548,0.9721045202587505,0.9080085602074277,0.7380527681961363,0.9360742157690665,0.8687595196669248,0.901311320130929,0.9896209385327742,0.9785098633185537,0.7970242203994349,0.9603909525215782,0.8955878233241469,0.8754458544702846,0.9158974054760022,0.821075388772036,11.471679588982214,4.116157360631948,0.6799348146210178,0.2106340072949083,1.733397319262368,0.46656706505765866,9.895361673700446
toward_HQ,3.0,0.5,10.0,5,1,blend,obs,0.6016666666666667,0.8233407022890543,0.9687565514525034,0.8974175574392015,0.7455467558336333,0.9396464971143258,0.8689783870295196,0.8886794534725371,0.9867587714280831,0.9680614485076889,0.800095853967512,0.9605635934068683,0.8930435704365918,0.8955157658660307,0.9120397964252094,0.7843987954208428,13.075605986410388,4.07077428403109,0.6847756696299216,0.21049044047499813,1.7153441369451767,0.4858997427436695,9.85066084101357
toward_HQ,3.0,0.5,10.0,6,1,blend,obs,0.6143333333333333,0.8276598976208194,0.9708743971708486,0.9017848068121488,0.7456683482085398,0.9397903871428176,0.865653995044991,0.9012676064144141,0.989489710840638,0.9766988285813027,0.7984908333616292,0.9606205735725729,0.8932031418524982,0.8758825880975297,0.9233451469519569,0.8831476471189106,9.201585013524166,3.6139898020614822,0.6785845763666489,0.20773191589599777,1.7818483660576365,0.48130255596627264,9.913383785449337
toward_HQ,3.0,0.5,10.0,7,1,blend,obs,0.6016666666666667,0.8064289547933465,0.9632843907748131,0.8840229394068114,0.7215200190961615,0.9278863843018467,0.8496374967860413,0.8741148530830418,0.9832436798607096,0.9631039177055036,0.7716711967627208,0.9495958703194008,0.8700967199930237,0.8756673567041497,0.9209763867072096,0.8077366394791855,12.435774771953154,3.729442431103718,0.6738633966550377,0.21219354105314545,1.6895364518574603,0.4852690181090576,9.90360417238803
toward_HQ,3.0,1.0,10.0,0,1,blend,obs,0.603,0.7548933365775697,0.9448307128623387,0.8330889555589601,0.7414519719977307,0.9367325700208131,0.8647008216080868,0.8868053627847106,0.9861937790887924,0.9679589706480353,0.7408954326947993,0.938734027745307,0.8365448598057955,0.818157101906201,0.943777269931135,0.9572624157141824,3.307026163818709,3.1396562575857843,0.5933899863496215,0.22835157945541923,0.5034245632731342,0.712525892641518,9.985355633014073
toward_HQ,3.0,1.0,10.0,1,1,blend,obs,0.5963333333333334,0.7466320959866617,0.9414555462821689,0.8167308952148147,0.7308199767075563,0.9329669225930087,0.8583997261535545,0.8732083280382181,0.9831335730526408,0.9607928366379914,0.7359466829801011,0.9377491092103875,0.8311578199189688,0.8322608699640489,0.9381942223413583,0.9482114837037932,3.8740508644937246,3.549855606827695,0.6009859777085307,0.2255624970438554,0.5506446526371778,0.6976138699976124,9.967522794865953
toward_HQ,3.0,1.0,10.0,2,1,blend,obs,0.6073333333333333,0.7510630498664965,0.9423075215342365,0.8197993801137724,0.7414656368792716,0.9367643117403853,0.860295564453576,0.8942617582240795,0.9877084632705275,0.9710600977539504,0.7431691924191011,0.9399217273628205,0.83456127958803,0.8089300149886991,0.9413632661980986,0.8111891825463434,19.479816445137658,3.3733862206742375,0.6107199499048602,0.22483963369071053,0.49115910016745024,0.7028724977439897,9.970419640756667
toward_HQ,3.0,1.0,10.0,3,1,blend,obs,0.5943333333333334,0.7624046069647072,0.9477447688916801,0.8416773997611368,0.7454894206281577,0.9385925576425056,0.8762757868125832,0.8867437674870027,0.9863687892014142,0.9755539934371817,0.7455648181061578,0.9413573450541292,0.8510582475683148,0.8236325856287934,0.943221712879807,0.923835203337564,8.250626490888001,3.1734476109161993,0.6044847000637353,0.2274344682770729,0.4402053458770558,0.7122944431840764,9.988415244625
toward_HQ,3.0,1.0,10.0,4,1,blend,obs,0.5936666666666667,0.7544682416333135,0.9459604946981643,0.8308605838948506,0.7380527681961363,0.9360742157690665,0.8687595196669248,0.901311320130929,0.9896209385327742,0.9785098633185537,0.7409635252891579,0.9401998092180869,0.8412703527107549,0.809874857101424,0.9379690972983044,0.9434460147393041,3.6396946042676834,3.5994242783380845,0.609325534916692,0.2260296303585397,0.48304266033851745,0.7073072932514767,9.981727536902874
toward_HQ,3.0,1.0,10.0,5,1,blend,obs,0.6016666666666667,0.7550864874995882,0.9458521662739603,0.83138356265303,0.7455467558336333,0.9396464971143258,0.8689783870295196,0.8886794534725371,0.9867587714280831,0.9680614485076889,0.7478078287856358,0.9431702342250827,0.8448331555962402,0.8290378848091915,0.944305000512472,0.948114462433554,4.286050490121535,3.1218655991195186,0.5953256296433663,0.22735447173462112,0.5063840142398494,0.7257535143308668,9.987108062363742
toward_HQ,3.0,1.0,10.0,6,1,blend,obs,0.6143333333333333,0.756186146403593,0.9453221738986691,0.8268164276153148,0.7456683482085398,0.9397903871428176,0.865653995044991,0.9012676064144141,0.989489710840638,0.9766988285813027,0.750185069873832,0.9432357555181479,0.8493276872705691,0.8196395237700917,0.9573614986663295,0.9623902015838831,4.76243534685766,2.7843581695331903,0.5726840937537957,0.22467161519224418,0.5436274397498435,0.7092521292116147,9.984567462233704
toward_HQ,3.0,1.0,10.0,7,1,blend,obs,0.6016666666666667,0.7357608526503894,0.936661998235142,0.8107655617401361,0.7215200190961615,0.9278863843018467,0.8496374967860413,0.8741148530830418,0.9832436798607096,0.9631039177055036,0.7209737210696946,0.9300937038818211,0.8180100532808934,0.8130499627960385,0.9394356647100098,0.891381872490011,7.314965111456604,3.489175289767681,0.6077970305636365,0.22505767504317692,0.529787886574057,0.7120793293379742,9.972420854054304
toward_HQ,4.0,0.0,10.0,0,1,blend,obs,0.6053333333333333,0.8914254874685525,0.9886928494306699,0.9981224712204894,0.7133100643170126,0.9218419586366273,0.8433927254285128,0.8408991395793164,0.9732512944131324,0.9404076579088233,0.784714862462967,0.9533955809159633,0.8871718542635203,0.9227800740471829,0.904749892885314,0.7027786038542094,14.995125954621995,4.369297757785721,0.8323863424961304,0.14470094250361232,3.8006805067359783,0.058785495062164426,9.765685071168763
toward_HQ,4.0,0.0,10.0,1,1,blend,obs,0.599,0.8823840886890781,0.9869345085784588,0.9973284110080962,0.7086969451584251,0.9210921041754973,0.844506288041792,0.8410005818861774,0.9737415836446568,0.9442270275623925,0.7827930872633445,0.9539371436126639,0.8828206331365233,0.9201160494947087,0.8970706368994431,0.6378034302654715,24.17138176213103,4.838247175660665,0.8422481636753969,0.14109064035000413,3.63948380849962,0.05305150657132114,9.846052450632344
toward_HQ,4.0,0.0,10.0,2,1,blend,obs,0.601,0.8688667513553964,0.9836468763853473,0.994444938784706,0.7108968772851345,0.9217597764492446,0.8331694479757035,0.851343605078591,0.9766696211982112,0.9461029557018421,0.7864414193249359,0.9560937066856033,0.882028771162506,0.9105349264623153,0.9064599503713122,0.012338841600096052,380.35987577628936,4.176194933717929,0.8312781398865995,0.1458455476421369,3.6626231084319967,0.08211763657020213,9.827334940432415
toward_HQ,4.0,0.0,10.0,3,1,blend,obs,0.5993333333333334,0.8810143586277025,0.9862967388746466,0.9946671733081031,0.7386707190749287,0.9346706789398886,0.8678180880842293,0.8754520701966486,0.983191817079291,0.9693473059107836,0.8050131473375509,0.9614694014681701,0.9092695632811367,0.9061634844633017,0.9106103723109825,0.7047291874602298,21.749491780519204,4.070685614344408,0.8235349778548544,0.14962004979235266,3.2999960933353067,0.07614161224448882,9.831248062064363
toward_HQ,4.0,0.0,10.0,4,1,blend,obs,0.6013333333333334,0.8942165533217213,0.9893791934277512,0.9992655642076254,0.7132430269527754,0.9227665100069653,0.850761246335476,0.8567869710540431,0.9784032167429594,0.95692831953939,0.7845669061304702,0.95441085552297,0.8929402481259865,0.9072462969478092,0.9092250859083197,0.12371044506221512,111.7133054369525,3.9549855258319457,0.8249961531045837,0.1487984937097386,3.4047303928623744,0.07719366548627694,9.771638115341613
toward_HQ,4.0,0.0,10.0,5,1,blend,obs,0.6063333333333333,0.8923720092895988,0.9888774458695151,0.9977276112803117,0.7268620173508902,0.9300249951883434,0.8567329485459545,0.8834216637090271,0.9852896984419492,0.9664502973395066,0.8020826430794453,0.9614865524659073,0.9008155266936348,0.896769845453944,0.9026028069827537,0.7345057927731412,12.189781547547454,4.467395930996216,0.8175933869555482,0.15139329595915244,3.2909312089064304,0.10598292655626151,9.721234070021778
toward_HQ,4.0,0.0,10.0,6,1,blend,obs,0.615,0.8790373090711071,0.9858343403321693,0.995559512693782,0.7214317268074452,0.9273959381087734,0.8489314328534987,0.8778786317241433,0.9842446645873109,0.9693075482067033,0.7972146928241028,0.9596743312062878,0.8996660458998353,0.8965871115106938,0.9080355558800648,0.5678580882452607,31.140032191301742,4.1148067364908,0.8320817935452083,0.14376694191016703,3.4650399440773603,0.08616280112809548,9.821981125977505
toward_HQ,4.0,0.0,10.0,7,1,blend,obs,0.6006666666666667,0.8797116299561887,0.9860139454959841,0.9960795782182,0.6903373195377589,0.9106082726057474,0.82581298436575,0.8245734396796349,0.9682939003382414,0.9360888915481493,0.7688572678262744,0.9474037459155169,0.8751864635196193,0.9229397290777791,0.8975521689136305,0.5710124408033218,27.715968405371733,4.409082684381558,0.8526192377603072,0.13904448448975493,3.9644638841028477,0.0423094838898344,9.780606391526602
toward_HQ,4.0,0.5,10.0,0,1,blend,obs,0.6053333333333333,0.8305947218516243,0.97073354663946,0.9068235763260533,0.7133100643170126,0.9218419586366273,0.8433927254285128,0.8408991395793164,0.9732512944131324,0.9404076579088233,0.7654107975105345,0.9449324384627606,0.8682165255204642,0.9036042140085341,0.9186910899473594,0.8369039310675903,8.139171293309653,3.8889334031844967,0.6984678700589356,0.20228663522923315,2.458875890683998,0.472014515828633,9.881886295051816
toward_HQ,4.0,0.5,10.0,1,1,blend,obs,0.599,0.815473479215182,0.9656735014847945,0.8886111476180818,0.7086969451584251,0.9210921041754973,0.844506288041792,0.8410005818861774,0.9737415836446568,0.9442270275623925,0.7637582730910597,0.9453196572576273,0.8667414860873569,0.9042877584252998,0.9102446794542779,0.839675623620295,10.030268876300067,4.372403758340374,0.7089679344580488,0.2014976362280203,2.2525278745729427,0.4699295601254367,9.905177623935081
toward_HQ,4.0,0.5,10.0,2,1,blend,obs,0.601,0.8051063387069683,0.9609880056309476,0.8694498823183725,0.7108968772851345,0.9217597764492446,0.8331694479757035,0.851343605078591,0.9766696211982112,0.9461029557018421,0.7664453375841331,0.9466901752158833,0.8600470874989752,0.8921957573358139,0.915391695092226,0.7235446508811006,22.450786352971214,3.972462588690404,0.7065445088039011,0.20142533659070697,2.3042561775699193,0.47606143713869215,9.87480342479456
toward_HQ,4.0,0.5,10.0,3,1,blend,obs,0.5993333333333334,0.8433078709999666,0.9738405870100477,0.9143374282669449,0.7386707190749287,0.9346706789398886,0.8678180880842293,0.8754520701966486,0.983191817079291,0.9693473059107836,0.7882617018782077,0.9546605214038101,0.8932370941626351,0.8885845700085773,0.9210481363062953,0.8882291864651287,6.802344979135409,3.8533566210382313,0.6992792416791443,0.2041255797994965,2.113057498002194,0.4754508758675108,9.932600313042277
toward_HQ,4.0,0.5,10.0,4,1,blend,obs,0.6013333333333334,0.8259624732904641,0.9703216304857216,0.9053395939002451,0.7132430269527754,0.9227665100069653,0.850761246335476,0.8567869710540431,0.9784032167429594,0.95692831953939,0.7708520619184316,0.9483925613672183,0.8761339411397594,0.891775989352955,0.9139180775037473,0.676472197405178,25.465514366379193,4.172315351489521,0.7016394263212926,0.20387588376895596,2.2158914659520637,0.48347899160202606,9.893940857913433
toward_HQ,4.0,0.5,10.0,5,1,blend,obs,0.6063333333333333,0.8263612454589764,0.970063041577126,0.9013564022332861,0.7268620173508902,0.9300249951883434,0.8567329485459545,0.8834216637090271,0.9852896984419492,0.9664502973395066,0.7801403135226989,0.9527086758617327,0.880023924813784,0.8739696005422697,0.9186963316335148,0.8654995949750565,8.014798857779024,3.8467140258541224,0.6899458114297339,0.2053476036214034,2.050013518834567,0.4971569545097321,9.884289110133759
toward_HQ,4.0,0.5,10.0,6,1,blend,obs,0.615,0.8222444239205222,0.9679236963055499,0.8940564253551867,0.7214317268074452,0.9273959381087734,0.8489314328534987,0.8778786317241433,0.9842446645873109,0.9693075482067033,0.7789627462027673,0.9518331830164977,0.8807127608298211,0.8779930166180963,0.9171286444808914,0.834314561412873,13.544516458766303,3.754766979763968,0.7093464259317919,0.19874298397700882,2.294181890863585,0.4800160510990458,9.940200336632111
toward_HQ,4.0,0.5,10.0,7,1,blend,obs,0.6006666666666667,0.8007912812618002,0.9592890099001211,0.8752597992190511,0.6903373195377589,0.9106082726057474,0.82581298436575,0.8245734396796349,0.9682939003382414,0.9360888915481493,0.7470427454368846,0.936929562806644,0.8520717621350907,0.9009649686396772,0.9090984824173317,0.7287767281219382,20.205930131473217,4.122935210460847,0.7185199527884988,0.1996719709065892,2.407947228595169,0.4684898415008519,9.876923684927087
toward_HQ,4.0,1.0,10.0,0,1,blend,obs,0.6053333333333333,0.747157473025956,0.9397288332869828,0.8256791470552316,0.7133100643170126,0.9218419586366273,0.8433927254285128,0.8408991395793164,0.9732512944131324,0.9404076579088233,0.7215164066947459,0.9277603110663716,0.8217778646980234,0.842976909926145,0.9460965507260716,0.9534381553929948,3.930019911640562,3.176044515482308,0.5939576605101797,0.2265437518469319,0.916871536195873,0.7146227899432073,9.987139939737308
toward_HQ,4.0,1.0,10.0,1,1,blend,obs,0.599,0.7413367273012114,0.9379902691046946,0.8124787515136871,0.7086969451584251,0.9210921041754973,0.844506288041792,0.8410005818861774,0.9737415836446568,0.9442270275623925,0.7190001678372967,0.9285775680280925,0.8200700895377275,0.8419746030761164,0.9396570585020478,0.9466498032427441,4.3228722722636945,3.4456151939073103,0.6038772943360389,0.2236737210534799,0.8887478994585029,0.7020243719229805,9.98129365805995
toward_HQ,4.0,1.0,10.0,2,1,blend,obs,0.601,0.737652724973872,0.9359018891473314,0.8015602919411625,0.7108968772851345,0.9217597764492446,0.8331694479757035,0.851343605078591,0.9766696211982112,0.9461029557018421,0.7191634229147672,0.9280739727866972,0.8102059621384903,0.829604409263933,0.9402764425849214,0.6170204690430705,33.23799438961523,3.4872891934037877,0.6119583484501603,0.2246142996558194,0.8946051345641977,0.7052014837531317,9.97155493266545
toward_HQ,4.0,1.0,10.0,3,1,blend,obs,0.5993333333333334,0.7694323236460623,0.9494250364003527,0.849068541210899,0.7386707190749287,0.9346706789398886,0.8678180880842293,0.8754520701966486,0.983191817079291,0.9693473059107836,0.7432514704392366,0.9385614010364621,0.849433149646371,0.8260657957617745,0.9520133134126006,0.937676961554232,7.600063429024425,3.0339190882560927,0.5942725694476576,0.22631852361671906,0.7367512706726163,0.7127851494433277,9.993609736085276
toward_HQ,4.0,1.0,10.0,4,1,blend,obs,0.6013333333333334,0.7512994647838734,0.9428057788385468,0.8288714530658191,0.7132430269527754,0.9227665100069653,0.850761246335476,0.8567869710540431,0.9784032167429594,0.95692831953939,0.7249910338502505,0.9305450334764259,0.830846338232855,0.8323266359801549,0.9437505849673784,0.9485981435090359,3.585698615038146,3.4352867493275108,0.6030050278459611,0.22371959738125494,0.8444487262253546,0.7055973600216673,9.989220528800749
toward_HQ,4.0,1.0,10.0,5,1,blend,obs,0.6063333333333333,0.751985112022784,0.9432233476471974,0.8288534578808932,0.7268620173508902,0.9300249951883434,0.8567329485459545,0.8834216637090271,0.9852896984419492,0.9664502973395066,0.7361878316257947,0.9366356605070912,0.8393417837695568,0.8168866165502315,0.9496296374173395,0.9548119771942476,4.135282656729959,2.9079406595977244,0.5915033196958067,0.22562139346882187,0.765307905337994,0.7276543663888945,9.989606841513389
toward_HQ,4.0,1.0,10.0,6,1,blend,obs,0.615,0.7501373972038177,0.9413802707745018,0.8204915851045004,0.7214317268074452,0.9273959381087734,0.8489314328534987,0.8778786317241433,0.9842446645873109,0.9693075482067033,0.7342638746229588,0.9346636231556159,0.8391767691938238,0.8245671010599179,0.9586391762981485,0.9638953770116178,4.2267588169580375,2.745722595586555,0.5786942596698694,0.22317021856160213,0.8670246506494302,0.7106823021541812,9.987599665965615
toward_HQ,4.0,1.0,10.0,7,1,blend,obs,0.6006666666666667,0.7263907514971982,0.9307421003244216,0.8022247402606579,0.6903373195377589,0.9106082726057474,0.82581298436575,0.8245734396796349,0.9682939003382414,0.9360888915481493,0.6977459674128901,0.9165553124529945,0.802622145327516,0.8349187007115006,0.946488185853486,0.9088696270929807,6.776743779216313,3.242732367672057,0.6034956522061371,0.22434695024667956,0.9640195594688585,0.7151434881326681,9.981342455759853
away_HQ,0.0,0.0,10.0,0,1,blend,obs,0.6006666666666667,0.8891383713360586,0.9882326770341978,0.9983145357940705,0.9745676435997241,0.9994918167968668,0.9984849984777698,0.9758214582375306,0.999541146269307,0.9986154394972655,0.9210267179370429,0.9940412593101737,0.9994699408108253,0.9125374854382184,0.9117112614592937,0.7744886907657477,17.557199119339693,3.9837240999029557,0.6584559170945286,0.21850978798606888,-0.016819722168906998,0.010857909559232796,9.795641216981993
away_HQ,0.0,0.0,10.0,1,1,blend,obs,0.607,0.8965995356045298,0.9898832594625756,0.9995381497924433,0.9904062772939096,0.999891302842697,0.9996017122489097,0.9903775161665879,0.9998903685116189,0.9995989908338627,0.9216365197182332,0.9941815483425942,0.9998701340074941,0.9224510297228472,0.9222830681694987,0.32239825012955425,54.44749364237142,3.8044899524994182,0.6460500643002499,0.22033785037472603,0.07120574714050762,-0.028137627325423853,9.814539588876414
away_HQ,0.0,0.0,10.0,2,1,blend,obs,0.604,0.8795287762592525,0.9862230787417999,0.9989547516597057,0.9853167405714123,0.99977303428716,0.9994712917865792,0.9852064612444665,0.9997696733690453,0.9994410171934182,0.9174241031162643,0.9934416654310612,0.9989380299861916,0.9270650206873468,0.9273224686921884,0.9146289120227913,4.70870390658583,3.596025652823745,0.6374574014612646,0.2201743639363436,0.0009670685942742658,-0.004532873196805874,9.836192930559635
away_HQ,0.0,0.0,10.0,3,1,blend,obs,0.597,0.8849824170553712,0.9872678047534496,0.9966907139112521,0.9740694035081978,0.9994223458195243,0.9980590558327623,0.9750002175514846,0.9994604888049508,0.9981710183525788,0.9186942344253499,0.9935821078460497,0.9966413666719208,0.9269340782435822,0.9276834538471824,0.8515332971444362,10.437640728090463,3.8421090280506514,0.6421947528285671,0.22285926507749615,-0.025158759140154446,0.023582589985957306,9.84277479489652
away_HQ,0.0,0.0,10.0,4,1,blend,obs,0.5966666666666667,0.8966043733732433,0.9897921102476789,0.9977081368957358,0.9799691663835572,0.9996550374853792,0.9989962403620662,0.9802564545578607,0.9996655864496098,0.999027114448255,0.9323334950433755,0.9956529143434478,0.9987644455459339,0.9252271506166665,0.9250764004313691,0.9255327171482857,4.398224277397955,3.6597875139519367,0.6392938270464934,0.22265333607693447,-0.1448687123695754,0.008046434446076388,9.802886723005642
away_HQ,0.0,0.0,10.0,5,1,blend,obs,0.5986666666666667,0.8986739988370045,0.9901229982243354,0.998293633027334,0.9825681429631145,0.999746873982769,0.99918791110797,0.9826282140346403,0.9997493890452662,0.9991931922523586,0.9271950574994602,0.9949361101833692,0.999642494298628,0.9304573796786975,0.930623739662453,0.9368837107808503,5.333932644342791,3.561473876865135,0.6228720245802781,0.2254777615797002,-0.050674783251926904,0.0033252568001060135,9.824206391258887
away_HQ,0.0,0.0,10.0,6,1,blend,obs,0.6106666666666667,0.887939110699195,0.9881273631109423,0.9996186731940649,0.9823300249842519,0.9996872495199879,0.9991488025506859,0.9829500788490968,0.99970654955868,0.9991712001947631,0.9248842721494441,0.994684700354307,0.9999738851618368,0.9320212150477896,0.9327396638948736,0.9327015661979696,5.611134825973627,3.514261579184161,0.6343488757701741,0.22004483150957496,-0.08166279064234766,0.0023443140194252306,9.86734072916851
away_HQ,0.0,0.0,10.0,7,1,blend,obs,0.5916666666666667,0.8970475985572354,0.9899719375357509,0.9994406534172106,0.9857107197228532,0.9998146183047919,0.9996851053695642,0.9855005026953333,0.9998092029619053,0.9996856305997343,0.9202997148743303,0.9939734496907467,0.9988812557630158,0.9113951740399009,0.9116997773241101,0.8002774859355232,13.305698957779816,4.467614165860047,0.6538826099453866,0.2210009473217203,-0.04260730658311225,0.0020775955623815773,9.835290476505143
away_HQ,0.0,0.5,10.0,0,1,blend,obs,0.6006666666666667,0.8452726193863218,0.978669219383243,0.9327287293058548,0.9745676435997241,0.9994918167968668,0.9984849984777698,0.9758214582375306,0.999541146269307,0.9986154394972655,0.8795173406927358,0.9874955465425415,0.9590881398604307,0.8784701658206817,0.8780441689847021,0.6643602924933675,17.27954660964144,4.9587936466637395,0.7287932718052099,0.20020616708574032,1.1564755511978388,-0.4130353736727326,9.798503413706042
away_HQ,0.0,0.5,10.0,1,1,blend,obs,0.607,0.8547288458603381,0.9806767778347675,0.9420323329465405,0.9904062772939096,0.999891302842697,0.9996017122489097,0.9903775161665879,0.9998903685116189,0.9995989908338627,0.8866405497392194,0.988652803342693,0.9646646482464919,0.8846130464038869,0.8845655353467964,0.11923442422255005,101.44027944138494,4.769988019620144,0.7217443369901335,0.2013607411521845,1.0976728018443445,-0.4270158458676409,9.841908604332062
away_HQ,0.0,0.5,10.0,2,1,blend,obs,0.604,0.8461596772133806,0.9785764831616693,0.9352078371592356,0.9853167405714123,0.99977303428716,0.9994712917865792,0.9852064612444665,0.9997696733690453,0.9994410171934182,0.8750328207995368,0.9863616731169865,0.9568166955472533,0.8865331732849585,0.8860643677147773,0.8115769539179332,7.766200631236424,4.512131177792653,0.7150538683375327,0.20473722812257278,1.0910860158334341,-0.42701317535130623,9.799608613330598
away_HQ,0.0,0.5,10.0,3,1,blend,obs,0.597,0.8330134896375848,0.9755063358907738,0.9180625156027318,0.9740694035081978,0.9994223458195243,0.9980590558327623,0.9750002175514846,0.9994604888049508,0.9981710183525788,0.8644421037691926,0.9843221155166699,0.945862001685504,0.8881689083346055,0.8893423512735191,0.751822272601169,11.843700379246032,4.4577400016975455,0.7150941731911095,0.20522966325733752,1.1559061133991777,-0.40764693838508936,9.833017825788257
away_HQ,0.0,0.5,10.0,4,1,blend,obs,0.5966666666666667,0.8553571863406548,0.9812387564420383,0.943221443522362,0.9799691663835572,0.9996550374853792,0.9989962403620662,0.9802564545578607,0.9996655864496098,0.999027114448255,0.8951713554131063,0.9907189270583777,0.9684004896160991,0.9030121624192032,0.9031200230646524,0.8996410671569698,3.745116889062932,3.9036804041555486,0.6887540976037676,0.21229599308849834,0.9108318769568726,-0.4056503993607214,9.840791560634038
away_HQ,0.0,0.5,10.0,5,1,blend,obs,0.5986666666666667,0.8510770166594043,0.9800023280230105,0.939369578219167,0.9825681429631145,0.999746873982769,0.99918791110797,0.9826282140346403,0.9997493890452662,0.9991931922523586,0.8847222165498846,0.9886460735993251,0.9623432094361773,0.8995359309941496,0.8998167382298442,0.877827871013792,7.467278984167756,4.135610244864156,0.6914204415127008,0.21187383353066863,0.9820137010589921,-0.38544653545410146,9.788283258726677
away_HQ,0.0,0.5,10.0,6,1,blend,obs,0.6106666666666667,0.8571156394718795,0.9811004333225466,0.9446467858788347,0.9823300249842519,0.9996872495199879,0.9991488025506859,0.9829500788490968,0.99970654955868,0.9991712001947631,0.8971553600598584,0.9906683815690207,0.9700820468419851,0.9079880197767102,0.9088051298375375,0.879227070331921,8.589448915288472,3.8040429794943975,0.6876813273912783,0.20905919317233204,0.9481178263116771,-0.41188948205264986,9.840342115285967
away_HQ,0.0,0.5,10.0,7,1,blend,obs,0.5916666666666667,0.8573493371911003,0.981457417208106,0.9448365618829617,0.9857107197228532,0.9998146183047919,0.9996851053695642,0.9855005026953333,0.9998092029619053,0.9996856305997343,0.8945670377095257,0.9903790016590291,0.96905697422742,0.8853881202840278,0.8852149635532471,0.8234350123826217,8.81848777984942,4.766769495553662,0.7083120436907157,0.2075085397866529,1.0681172090116426,-0.4125466372746382,9.796300062223963
away_HQ,0.0,1.0,10.0,0,1,blend,obs,0.6006666666666667,0.7902301916509801,0.9597508750161582,0.8538598298038729,0.9745676435997241,0.9994918167968668,0.9984849984777698,0.9758214582375306,0.999541146269307,0.9986154394972655,0.8441948546365478,0.9789738172453102,0.9260125851048185,0.844672387314114,0.8443088129015801,0.4497816247943118,35.01105876781656,6.3859561882703515,0.7970952327130493,0.17453772653263092,1.8274972089090908,-0.6444773181125902,9.859709136144948
away_HQ,0.0,1.0,10.0,1,1,blend,obs,0.607,0.8026997714312814,0.9635599098801533,0.8705843811194276,0.9904062772939096,0.999891302842697,0.9996017122489097,0.9903775161665879,0.9998903685116189,0.9995989908338627,0.8548216156247015,0.981416891338326,0.9355200715225527,0.8537019339832967,0.8536636830184632,0.30658693178859275,50.42021234432263,5.896117509679418,0.7893269037741288,0.17745296895197,1.7679739930685598,-0.6465195930044322,9.854317430079446
away_HQ,0.0,1.0,10.0,2,1,blend,obs,0.604,0.7983294436566148,0.962254269486502,0.864010726719062,0.9853167405714123,0.99977303428716,0.9994712917865792,0.9852064612444665,0.9997696733690453,0.9994410171934182,0.8451097342771287,0.9791633249443253,0.9268479238953178,0.8547051624615856,0.8542276069051473,0.7055643620935087,11.549175576081646,6.093888764270227,0.7819853706305142,0.18094749230984797,1.7462695125311505,-0.6500479018287926,9.87677137048528
away_HQ,0.0,1.0,10.0,3,1,blend,obs,0.597,0.7832453726726252,0.9575581806155845,0.8430239001670725,0.9740694035081978,0.9994223458195243,0.9980590558327623,0.9750002175514846,0.9994604888049508,0.9981710183525788,0.8259982936129426,0.973798983572934,0.9058137055016059,0.8497308583716741,0.8507266279499993,0.5581142648520309,21.501220973050746,6.374034807858251,0.7813409940983291,0.18194306194873033,1.7400751451251393,-0.6189118138155058,9.874438654968406
away_HQ,0.0,1.0,10.0,4,1,blend,obs,0.5966666666666667,0.8024491570833099,0.9641587669917286,0.8721879273180968,0.9799691663835572,0.9996550374853792,0.9989962403620662,0.9802564545578607,0.9996655864496098,0.999027114448255,0.8566797523799297,0.982453532593455,0.9377565583058934,0.8665781958705822,0.8667346503191127,0.797246570884146,6.358295353488497,5.157324581861924,0.7661071609954291,0.1874905641387712,1.554518036393809,-0.6373478844063868,9.827748066165016
away_HQ,0.0,1.0,10.0,5,1,blend,obs,0.5986666666666667,0.8021506963902096,0.9636341137823308,0.8703144546644718,0.9825681429631145,0.999746873982769,0.99918791110797,0.9826282140346403,0.9997493890452662,0.9991931922523586,0.8567740079490667,0.9824605900017129,0.9379594872035839,0.871173786063105,0.8713923105983029,0.7615642971752674,9.356622470795218,4.979388442132119,0.7611069541765015,0.18933301515928516,1.550459502956646,-0.6036027337512687,9.83751828961943
away_HQ,0.0,1.0,10.0,6,1,blend,obs,0.6106666666666667,0.8030517941025446,0.9632542978055981,0.8715285275625664,0.9823300249842519,0.9996872495199879,0.9991488025506859,0.9829500788490968,0.99970654955868,0.9991712001947631,0.8659042678588906,0.9841043724997985,0.9447984226252342,0.8767507621065892,0.8775084848484835,0.7500542724796487,15.225590577706484,4.785532072196973,0.7603742167404439,0.18697380417462706,1.496333076043447,-0.6250854569984704,9.830451887470913
away_HQ,0.0,1.0,10.0,7,1,blend,obs,0.5916666666666667,0.7970145412783393,0.961824752748528,0.8641079789903858,0.9857107197228532,0.9998146183047919,0.9996851053695642,0.9855005026953333,0.9998092029619053,0.9996856305997343,0.8541441164204668,0.9813802883612789,0.9345306554093351,0.8454196368452623,0.8451449208875981,0.679256540350155,13.169140008503561,6.615229834559132,0.7868362173038228,0.18033749220631312,1.7772891030358107,-0.6455600642855224,9.882781886277975
away_HQ,1.0,0.0,10.0,0,1,blend,obs,0.602,0.8864525433847421,0.9876797522474529,0.9981527595744557,0.8616424943736767,0.9828022915005776,0.9533261150112837,0.952936385433316,0.997916641396699,0.9951914390173495,0.926381049268648,0.9951248197017131,0.9859712009263553,0.9289391115335693,0.8921291059891808,0.2602532450061326,68.85610826855925,5.387478916268399,0.7248759949618895,0.19423467020438429,1.377213106965708,0.0165314154818829,9.784884425711784
away_HQ,1.0,0.0,10.0,1,1,blend,obs,0.596,0.8843885148378361,0.987286063051812,0.9984515394058442,0.8535237546379304,0.9813694213896573,0.9473165223626675,0.9669851185698557,0.9988904878474958,0.9975414661710895,0.926074505389921,0.9953968817048677,0.9880340807667776,0.9316636682726398,0.8892761113994196,0.35625985227597406,43.071110584045265,5.607120457665905,0.7315902311707682,0.1943859208276684,1.373352193096907,0.023930741781659777,9.806820222459825
away_HQ,1.0,0.0,10.0,2,1,blend,obs,0.6066666666666667,0.8813552653359772,0.9865822855590768,0.998562086754989,0.8645962469483989,0.9841366048922603,0.9513984658288837,0.9887882836835458,0.9998588592588381,0.9996033060175087,0.9242982425010904,0.9951348542907941,0.9884462409215107,0.9274281163675918,0.9018893127941714,0.6775839111164706,19.13518170557221,4.4983597044466865,0.7243236636245111,0.19580494566978474,1.2989029156111367,0.015130347247912557,9.774214784189391
away_HQ,1.0,0.0,10.0,3,1,blend,obs,0.5996666666666667,0.887416617686905,0.9878224833090914,0.9964080932962923,0.8862253821046956,0.9885764960951698,0.9671985557780435,0.9770803376940421,0.9995358507274683,0.9993012968858549,0.9488492946422543,0.9977611572071561,0.995121326623625,0.9303954405927464,0.907291778802277,0.8017396832912485,11.08462823429762,4.775940809310216,0.7087469724830937,0.19988951202953656,1.1524357850050304,0.05602940842355881,9.805001042593357
away_HQ,1.0,0.0,10.0,4,1,blend,obs,0.598,0.8916825663540612,0.9888146833297655,0.9985958862206968,0.8711932788785307,0.9855844280539828,0.9586981270360155,0.9924415102578563,0.9999415422400906,0.9999347188834149,0.928901286297678,0.9956556944973571,0.9906221960694748,0.9237855823550223,0.8949720068340614,0.7888856026589258,9.651471471091682,5.36768726528998,0.6970498677182649,0.20334309845372264,1.064003968835169,0.04839678467645012,9.776596200892726
away_HQ,1.0,0.0,10.0,5,1,blend,obs,0.5976666666666667,0.8950429378006228,0.9895229106460012,0.9992331261453848,0.8749877409873955,0.9865451042717538,0.9597141225080896,0.9920101463814899,0.9999377401149496,0.9999655912272405,0.9336680404751578,0.9961793939383449,0.9910745720181173,0.9273001765579743,0.9008129859000172,0.8004311416923156,11.850589194329563,4.697495084535402,0.700976271988415,0.20505007894399144,1.1371636144769506,0.05750840191206708,9.784590422679809
away_HQ,1.0,0.0,10.0,6,1,blend,obs,0.6103333333333333,0.8828555757756253,0.9870823771946136,0.9990195506102383,0.8721860789603568,0.9862811496318946,0.9567216373994394,0.9905319328404967,0.9998923335623562,0.9996168412124032,0.9413295840671845,0.9970764448970671,0.9937600665435945,0.9365364413735549,0.9089695847086465,0.6811700231658823,21.755294064107293,4.373757038108851,0.7046776385591927,0.2005189911750447,1.193585552765685,0.008809961462883478,9.82383111108992
away_HQ,1.0,0.0,10.0,7,1,blend,obs,0.6033333333333334,0.8928316932567245,0.9892595720691987,0.9991827814461637,0.8501112400309618,0.9801122755880108,0.9445647270677601,0.9594249034537108,0.9982293893805226,0.9960754133898932,0.9116110372102206,0.993407373613875,0.9791358965719865,0.9256370852950428,0.9024220803171153,0.7056424339607671,13.905377112971887,4.7568418462172835,0.7097641487534241,0.2000604741319321,1.278190027616776,0.042161432593063486,9.813976927045932
away_HQ,1.0,0.5,10.0,0,1,blend,obs,0.602,0.8299064948136481,0.9721486167810764,0.9292194526050102,0.8616424943736767,0.9828022915005776,0.9533261150112837,0.952936385433316,0.997916641396699,0.9951914390173495,0.9364418730758054,0.9958526463289613,0.9901262652205963,0.9156873492042913,0.8203030549212578,0.08454356144285209,134.216428865101,8.907004219138614,0.8742835161410597,0.13686890552557482,2.868000155884933,-0.38180930854866385,9.745559489140453
away_HQ,1.0,0.5,10.0,1,1,blend,obs,0.596,0.8340292804624476,0.9732795765358961,0.9392017200934628,0.8535237546379304,0.9813694213896573,0.9473165223626675,0.9669851185698557,0.9988904878474958,0.9975414661710895,0.9489804521614127,0.9974208361187848,0.9967546987526965,0.9203085229658735,0.8215684389077692,0.09804980295720934,101.17397770344799,9.048400405466358,0.8752125002768734,0.1372569270417478,2.83319066441846,-0.37726201202008053,9.763293661184052
away_HQ,1.0,0.5,10.0,2,1,blend,obs,0.6066666666666667,0.8347343881793358,0.9734748554720696,0.9374816066794115,0.8645962469483989,0.9841366048922603,0.9513984658288837,0.9887882836835458,0.9998588592588381,0.9996033060175087,0.9511117249522056,0.9977055895491369,0.996078989111401,0.9443274878742671,0.8315403457077633,0.41732479649667753,33.09833429128986,7.368574439240474,0.8691970106165021,0.1405372019513109,2.889440564372315,-0.3836301308795134,9.764375882788878
away_HQ,1.0,0.5,10.0,3,1,blend,obs,0.5996666666666667,0.8253919493511925,0.9708381604225246,0.9186197464726368,0.8862253821046956,0.9885764960951698,0.9671985557780435,0.9770803376940421,0.9995358507274683,0.9993012968858549,0.9342901666883522,0.9962127428812252,0.9884745608409016,0.9370943621704314,0.8262474366540868,0.5132559376837307,19.703323531494807,8.153836239907532,0.8678285512489823,0.1422117302178177,2.8373161695318347,-0.3590336014920865,9.766166054017233
away_HQ,1.0,0.5,10.0,4,1,blend,obs,0.598,0.8431701688738702,0.9761582219314816,0.946311230014656,0.8711932788785307,0.9855844280539828,0.9586981270360155,0.9924415102578563,0.9999415422400906,0.9999347188834149,0.932254852563728,0.9956506363003413,0.9914801776221926,0.9298203869465215,0.8171013844830939,0.49124407656276764,17.59456869476878,9.27724056137877,0.8498412804058489,0.15111182101704485,2.502640670114488,-0.3599487817277525,9.741307112801955
away_HQ,1.0,0.5,10.0,5,1,blend,obs,0.5976666666666667,0.8299342593867411,0.9721398869810918,0.9341417052460926,0.8749877409873955,0.9865451042717538,0.9597141225080896,0.9920101463814899,0.9999377401149496,0.9999655912272405,0.9379695479604323,0.9963924133771466,0.9919679965776432,0.9353920878190901,0.8264063951480894,0.5385588589739374,20.425466370664488,7.523026952141684,0.8575487569952375,0.14861397080273214,2.7127802379090866,-0.3601991867768245,9.73880945796647
away_HQ,1.0,0.5,10.0,6,1,blend,obs,0.6103333333333333,0.8336465238396251,0.9727271166129702,0.9342630238795957,0.8721860789603568,0.9862811496318946,0.9567216373994394,0.9905319328404967,0.9998923335623562,0.9996168412124032,0.9437784763573073,0.9969141396774738,0.993739688682302,0.9474996351187024,0.8308286421838953,0.4788389087559206,26.873197545306954,7.219276886894428,0.8635385077547175,0.14464889487393748,2.9137827365756768,-0.38902099173847754,9.81553116411326
away_HQ,1.0,0.5,10.0,7,1,blend,obs,0.6033333333333334,0.8401152077806875,0.9750398133633962,0.943986853016738,0.8501112400309618,0.9801122755880108,0.9445647270677601,0.9594249034537108,0.9982293893805226,0.9960754133898932,0.9523298288219386,0.9975666418309269,0.9954510742754666,0.9227643753132856,0.8254282231029033,0.36049494998292925,27.569442730967477,8.335450874075802,0.8680043177491992,0.14149150164303012,2.8922392868014533,-0.3798813169252878,9.770331064999418
away_HQ,1.0,1.0,10.0,0,1,blend,obs,0.602,0.7753710229193235,0.9502195564327148,0.8274501379431917,0.8616424943736767,0.9828022915005776,0.9533261150112837,0.952936385433316,0.997916641396699,0.9951914390173495,0.9472328254184702,0.9974125409181168,0.9934698577018278,0.929136036966019,0.8297237160349753,0.08133722768183535,136.49468600548133,8.203222481432753,0.9160417721683353,0.11075598280519561,3.5646153637171385,-0.6025752823229238,9.781544166985439
away_HQ,1.0,1.0,10.0,1,1,blend,obs,0.596,0.7815998756193422,0.9522387817671475,0.8385777718841786,0.8535237546379304,0.9813694213896573,0.9473165223626675,0.9669851185698557,0.9988904878474958,0.9975414661710895,0.952775253583388,0.997759241687233,0.9967518134604005,0.9226411346834034,0.8227985828463732,0.06348675674105492,111.10405210475858,9.293897161682445,0.9171664230181409,0.11060079718823677,3.500711878906277,-0.597709431343576,9.785740687415101
away_HQ,1.0,1.0,10.0,2,1,blend,obs,0.6066666666666667,0.7821250324320607,0.9526598445555633,0.8424142499278668,0.8645962469483989,0.9841366048922603,0.9513984658288837,0.9887882836835458,0.9998588592588381,0.9996033060175087,0.9473446131038622,0.9972105104986411,0.9943030243729446,0.9385321880060755,0.8247600148550887,0.36931262474487364,34.65653525257397,8.29122181162225,0.9121484447755634,0.11471953943860744,3.5794458830481872,-0.6005237573331602,9.813656227602678
away_HQ,1.0,1.0,10.0,3,1,blend,obs,0.5996666666666667,0.7755765712960463,0.9500454073481556,0.8193786974387226,0.8862253821046956,0.9885764960951698,0.9671985557780435,0.9770803376940421,0.9995358507274683,0.9993012968858549,0.9210642688530717,0.9942232267754971,0.9816434159532827,0.9246313032617186,0.81419626489921,0.3991473466486052,29.154425665739506,9.393416246365446,0.9120475386686747,0.11448141907914294,3.580104532353525,-0.5860986886379381,9.813219855874973
away_HQ,1.0,1.0,10.0,4,1,blend,obs,0.598,0.7874621684774118,0.9548918299146597,0.8503982818838475,0.8711932788785307,0.9855844280539828,0.9586981270360155,0.9924415102578563,0.9999415422400906,0.9999347188834149,0.9265077689534258,0.9947110024694851,0.9876314480080226,0.9238187446100338,0.8091117935224983,0.38910767257988893,21.9802135819063,10.27396312779631,0.902524954195947,0.12059880690481828,3.267217888996257,-0.5934301492020476,9.760496792020124
away_HQ,1.0,1.0,10.0,5,1,blend,obs,0.5976666666666667,0.779847594771425,0.9515523307814737,0.8339079401757742,0.8749877409873955,0.9865451042717538,0.9597141225080896,0.9920101463814899,0.9999377401149496,0.9999655912272405,0.9352313480927212,0.9959446670657041,0.9894650330606881,0.9326655913734035,0.8190570234247975,0.3925032388768748,32.47710507076102,8.603420731889866,0.9026726878115252,0.12222053930844079,3.4421330310280482,-0.580933910093192,9.778734537960938
away_HQ,1.0,1.0,10.0,6,1,blend,obs,0.6103333333333333,0.7807301032336063,0.9517695590656577,0.8388799449481563,0.8721860789603568,0.9862811496318946,0.9567216373994394,0.9905319328404967,0.9998923335623562,0.9996168412124032,0.9345038446134855,0.9954819612941774,0.989168526719732,0.9394064403413939,0.8222712794491684,0.3772269371966464,36.10575179313875,8.147837458360119,0.903845192504902,0.12054993891401103,3.5681902083611425,-0.5917477286925845,9.792366741989703
away_HQ,1.0,1.0,10.0,7,1,blend,obs,0.6033333333333334,0.7853665796036957,0.9538817571702002,0.8472585252674709,0.8501112400309618,0.9801122755880108,0.9445647270677601,0.9594249034537108,0.9982293893805226,0.9960754133898932,0.9680700354079853,0.9989713965737147,0.9990072005268683,0.9341889629212691,0.8349287032472066,0.23745169100333405,45.50441776519062,7.223524449480902,0.9137787269603974,0.11304089642753204,3.6459156262739936,-0.6023956001488396,9.821220194579325
away_HQ,2.0,0.0,10.0,0,1,blend,obs,0.6,0.8934420158542888,0.9890189151335664,0.9966139831474613,0.787255429824713,0.957724427490152,0.8998502183494667,0.9258383204673957,0.9940907077519977,0.9872593311940334,0.8784786699396856,0.9853065170995636,0.9518463696674864,0.9197001742627284,0.8826753546216863,0.40263477498757894,45.48554446369273,6.003437206394605,0.7737581018518519,0.17455670724093572,2.258386353556965,0.05967257417462921,9.793383049881383
away_HQ,2.0,0.0,10.0,1,1,blend,obs,0.5966666666666667,0.8869202364538114,0.9879575696319075,0.9987009368244852,0.774709313967503,0.9537361642278336,0.8920983371072839,0.9165347559214728,0.9926547389943703,0.9836681602324191,0.863043052014617,0.9828632358657788,0.9440273576244771,0.9206999656014314,0.8874817357629519,0.6368002968282157,13.748709897577989,5.463151218901595,0.7902458562260491,0.16780351804836693,2.3368886929505077,0.0488858302358794,9.821425465836382
away_HQ,2.0,0.0,10.0,2,1,blend,obs,0.6046666666666667,0.877821776487426,0.9858123939346919,0.9984156476053859,0.7850717389353932,0.9578865674355319,0.8937483684701895,0.9481574736701485,0.997078283363042,0.9930975395462095,0.878141492755907,0.9869074973759946,0.9550689915793995,0.9099552837905945,0.8862561101382573,0.3212427984091446,56.123434663326506,5.600154899366614,0.7818705831168856,0.1721549634545004,2.214205163988998,0.05386086178968535,9.767162977902284
away_HQ,2.0,0.0,10.0,3,1,blend,obs,0.5983333333333334,0.8737186079143759,0.9844191858807265,0.9894799382785968,0.8079316280937092,0.9655901910205178,0.9184700670199891,0.9534730804124556,0.997748250565146,0.9972544594026634,0.8991363833799415,0.9899703679024161,0.9685499611489105,0.917579531429356,0.8912508313782271,0.42772658831151583,30.857566185074955,5.005418439716426,0.7937990499196709,0.16732949584546317,2.2008848848904936,0.023844025408935054,9.816934021585464
away_HQ,2.0,0.0,10.0,4,1,blend,obs,0.5976666666666667,0.8956323960208719,0.9896290550120994,0.998823336933248,0.7827122833292421,0.9565694454015025,0.9029340586933561,0.9321270980146901,0.9950966505595682,0.9917775235825482,0.8862483896598048,0.9879844634319609,0.9621893298687962,0.925831322522548,0.8804979399318755,0.41568170492405615,35.41029406579819,6.307673112418003,0.784054809484181,0.1723981001656305,2.2505186145985414,0.04772345826449128,9.801014899561594
away_HQ,2.0,0.0,10.0,5,1,blend,obs,0.6033333333333334,0.8852855878121241,0.9874008646146534,0.9974553176643166,0.7966249350121454,0.9623905313025133,0.907344971502306,0.9610693840620159,0.9983398675258328,0.9959690326622014,0.8940137531576695,0.9893363430915543,0.9635299591731052,0.9186081047088988,0.8730572052043082,0.35126335372130313,48.41471515177036,6.128541704772525,0.7815991921630532,0.17380106671378742,2.1064420326126565,0.05217399738339358,9.768467403522363
away_HQ,2.0,0.0,10.0,6,1,blend,obs,0.6173333333333333,0.8823773687795065,0.9867746112451244,0.9979578471858335,0.7920989997538872,0.9604863812541056,0.9006596288161807,0.9484827776734923,0.9970901436344174,0.9931526605973667,0.8809690945537353,0.9863230911161927,0.9563470599469236,0.9156923032355775,0.8936620049439661,0.7406206555212175,11.787808638582828,4.548189978667956,0.7879093888516793,0.1679022511322063,2.2212815443234324,0.02780847867436745,9.810271601266427
away_HQ,2.0,0.0,10.0,7,1,blend,obs,0.6053333333333333,0.8931686025777563,0.989054900054878,0.9970742103710831,0.7740182950418174,0.9532281616190881,0.888634364768567,0.9322029658069678,0.9950127844368072,0.9870520121074039,0.8737122630693003,0.9848844001279856,0.9487618460262002,0.9200540567931399,0.8693179288858084,0.5757392954977796,21.91494853885476,6.72666847985303,0.778437630223836,0.1733492742544523,2.228953401371136,0.05642250060656889,9.85178756776774
away_HQ,2.0,0.5,10.0,0,1,blend,obs,0.6,0.8275671469720973,0.9710634323608262,0.9298147864884889,0.787255429824713,0.957724427490152,0.8998502183494667,0.9258383204673957,0.9940907077519977,0.9872593311940334,0.9300433499821337,0.9942445789225707,0.9803406214573812,0.9475492811957301,0.8282892858782105,0.07245029110170506,142.0743533639594,8.989260691068665,0.9301534722222223,0.10031769907957608,4.4773163282431305,-0.3585781713373146,9.715530069183853
away_HQ,2.0,0.5,10.0,1,1,blend,obs,0.5966666666666667,0.8271933950498123,0.9707987867253608,0.937254755607946,0.774709313967503,0.9537361642278336,0.8920983371072839,0.9165347559214728,0.9926547389943703,0.9836681602324191,0.9098486010978101,0.9918690473374805,0.9731879538489349,0.9564097823267445,0.8431296871755231,0.2764338218876936,30.974314350594568,7.229087340761462,0.9336885359434876,0.09865614708915917,4.414185834703879,-0.3597207955663047,9.762117075754613
away_HQ,2.0,0.5,10.0,2,1,blend,obs,0.6046666666666667,0.8258954044405626,0.970419182100633,0.9366459020928225,0.7850717389353932,0.9578865674355319,0.8937483684701895,0.9481574736701485,0.997078283363042,0.9930975395462095,0.9461152627038131,0.9972023629362258,0.9904677200367435,0.9629668334048055,0.8265219019278153,0.07007897019855777,148.08730069407332,9.405292104015574,0.9329791150337176,0.09926015550464987,4.6253370171583175,-0.35946853682141106,9.726708110158771
away_HQ,2.0,0.5,10.0,3,1,blend,obs,0.5983333333333334,0.8091149625054727,0.9647074134474627,0.9046892501843002,0.8079316280937092,0.9655901910205178,0.9184700670199891,0.9534730804124556,0.997748250565146,0.9972544594026634,0.9505398055801125,0.9973896714400285,0.9914194542768202,0.9599339088245082,0.8455118408251958,0.11011100520681022,83.74670273362453,7.218508231992834,0.9330489256695063,0.09906002450853896,4.4868008347066,-0.3666306657122182,9.7538377006913
away_HQ,2.0,0.5,10.0,4,1,blend,obs,0.5976666666666667,0.8358399127792602,0.9733885811346904,0.9403541486800352,0.7827122833292421,0.9565694454015025,0.9029340586933561,0.9321270980146901,0.9950966505595682,0.9917775235825482,0.9472085757077473,0.997269474185488,0.9909721444080405,0.9578058168680146,0.825979660899214,0.10228863357744764,90.17183233667254,9.865968799226206,0.9283906252382573,0.10273049867297154,4.366436864895843,-0.35423834107833335,9.726459810348112
away_HQ,2.0,0.5,10.0,5,1,blend,obs,0.6033333333333334,0.819419605881032,0.9681065347973283,0.9275093799796247,0.7966249350121454,0.9623905313025133,0.907344971502306,0.9610693840620159,0.9983398675258328,0.9959690326622014,0.9446375600369433,0.9966044139344838,0.9894170980358765,0.9512028603207846,0.8170129102076054,0.12596287710097057,92.48245763117771,9.623020468587645,0.9254649705185942,0.10609364071883173,4.368534196416782,-0.35491342356738625,9.7012570892978
away_HQ,2.0,0.5,10.0,6,1,blend,obs,0.6173333333333333,0.8207721204984418,0.9684745378998049,0.9285783946165804,0.7920989997538872,0.9604863812541056,0.9006596288161807,0.9484827776734923,0.9970901436344174,0.9931526605973667,0.9389160994724137,0.9963435882663111,0.9875195708883107,0.963584317594351,0.8420757487934516,0.29337543875981975,33.86060449204122,7.7847100148408295,0.9335930738781315,0.09725030349375884,4.459410686340312,-0.37181367929351766,9.747926923875761
away_HQ,2.0,0.5,10.0,7,1,blend,obs,0.6053333333333333,0.8347703593794032,0.9730638981509717,0.9417739804223427,0.7740182950418174,0.9532281616190881,0.888634364768567,0.9322029658069678,0.9950127844368072,0.9870520121074039,0.9251674026172658,0.9939197911136461,0.9791512609697743,0.9584057910590325,0.82246724953418,0.26388936043992717,48.505445639445554,8.422480044359318,0.9290284743719491,0.10310058089903577,4.571996919466698,-0.36280307397795175,9.746559016684767
away_HQ,2.0,1.0,10.0,0,1,blend,obs,0.6,0.7633221265453349,0.9445019057474503,0.8086360508673837,0.787255429824713,0.957724427490152,0.8998502183494667,0.9258383204673957,0.9940907077519977,0.9872593311940334,0.9208029127025337,0.9938422122890388,0.9797463591192667,0.9533674457392659,0.8560708509772708,0.0485034949977384,178.54187378547613,7.209863674577008,0.9601576388888889,0.07331262878050823,5.224474740004493,-0.5930532170041747,9.757121291723921
away_HQ,2.0,1.0,10.0,1,1,blend,obs,0.5966666666666667,0.7713368739698832,0.9472197703111057,0.8199084265752826,0.774709313967503,0.9537361642278336,0.8920983371072839,0.9165347559214728,0.9926547389943703,0.9836681602324191,0.9014782852126271,0.9911163683709783,0.9719916703688495,0.959631695802205,0.8651613020605375,0.21493662419645349,42.11355042385176,6.401350001657702,0.9619728519322223,0.07265834288880178,5.226147910190286,-0.5845358937442551,9.747478134256763
away_HQ,2.0,1.0,10.0,2,1,blend,obs,0.6046666666666667,0.7711167888465674,0.947532996842702,0.826664462982095,0.7850717389353932,0.9578865674355319,0.8937483684701895,0.9481574736701485,0.997078283363042,0.9930975395462095,0.9350520297691989,0.9963554588007255,0.9875979225882594,0.9637234683680412,0.8457798132220407,0.0781459128049917,138.41200087732176,8.046251415440969,0.9578830847204896,0.07730229741808983,5.345441844564034,-0.5803648445244228,9.789345746279515
away_HQ,2.0,1.0,10.0,3,1,blend,obs,0.5983333333333334,0.7661469114220435,0.945205874829408,0.8018623011014268,0.8079316280937092,0.9655901910205178,0.9184700670199891,0.9534730804124556,0.997748250565146,0.9972544594026634,0.9494270612894266,0.9976711216284375,0.9925183191957754,0.9616146483587626,0.8542573646116451,0.09418340414511091,94.33619399592759,7.251900588876674,0.9585064552294872,0.07601591072593768,5.4340451845408255,-0.5735345615242355,9.762153989438321
away_HQ,2.0,1.0,10.0,4,1,blend,obs,0.5976666666666667,0.7716258479221904,0.947651216633098,0.8253588847094291,0.7827122833292421,0.9565694454015025,0.9029340586933561,0.9321270980146901,0.9950966505595682,0.9917775235825482,0.933709477893146,0.9960992712431773,0.9875916878377407,0.9605208536567376,0.845711392582563,0.0956127496027238,95.26979841187257,8.414807819877899,0.9581632704926782,0.0763132210395164,5.268199873572839,-0.5867161214010104,9.736920127208306
away_HQ,2.0,1.0,10.0,5,1,blend,obs,0.6033333333333334,0.7695844758102349,0.946575064903519,0.8178226998129046,0.7966249350121454,0.9623905313025133,0.907344971502306,0.9610693840620159,0.9983398675258328,0.9959690326622014,0.9440499168326996,0.9972409562742153,0.9910508047143758,0.9555797476900362,0.8344711844873649,0.08136330191030947,122.86385267238023,8.760573602862468,0.9540881656530015,0.08145251369246448,5.119062423528201,-0.5690013596022659,9.724679903274032
away_HQ,2.0,1.0,10.0,6,1,blend,obs,0.6173333333333333,0.7716058866966637,0.9478956574095185,0.83061545146893,0.7920989997538872,0.9604863812541056,0.9006596288161807,0.9484827776734923,0.9970901436344174,0.9931526605973667,0.9304386382321579,0.9956503736886122,0.9853505310395344,0.9586383270612756,0.8562225544176187,0.34452263245341447,31.04709228992517,7.023823805307703,0.9571192928259118,0.07717054363965162,5.257560699555968,-0.5729883630015106,9.754956061400419
away_HQ,2.0,1.0,10.0,7,1,blend,obs,0.6053333333333333,0.7766329868866686,0.9498149555038432,0.8366857097918484,0.7740182950418174,0.9532281616190881,0.888634364768567,0.9322029658069678,0.9950127844368072,0.9870520121074039,0.9178943136291978,0.9936835911939768,0.9783908411788229,0.9572915712511718,0.8409110969232529,0.16822345283091614,74.25855909791402,7.7632343668936015,0.9572733268097393,0.07773083271359585,5.254863518588711,-0.5793300355163621,9.798529924628804
away_HQ,3.0,0.0,10.0,0,1,blend,obs,0.603,0.8922188269282564,0.9888265488460659,0.9979837959816686,0.7414519719977307,0.9367325700208131,0.8647008216080868,0.8868053627847106,0.9861937790887924,0.9679589706480353,0.8254512290922759,0.9693886754859143,0.91416212149373,0.9139920007395009,0.8910019994394671,0.365334552768809,48.04360580788822,5.206748408857838,0.8119761301710497,0.1555789666188678,3.1181404193355813,0.07185648557234829,9.739829918291601
away_HQ,3.0,0.0,10.0,1,1,blend,obs,0.5963333333333334,0.8769599436426996,0.9856773871338119,0.9980416536413351,0.7308199767075563,0.9329669225930087,0.8583997261535545,0.8732083280382181,0.9831335730526408,0.9607928366379914,0.8180488260977534,0.9678444774167756,0.9091620087808696,0.9251420074605674,0.8856017053188381,0.6230939203767596,14.382973283563743,5.234801874002913,0.8334721915144343,0.1472192823080599,3.2282480229362562,0.025369154841095004,9.816284545749628
away_HQ,3.0,0.0,10.0,2,1,blend,obs,0.6073333333333333,0.8803185122543016,0.9862902387499944,0.9954445680646528,0.7414656368792716,0.9367643117403853,0.860295564453576,0.8942617582240795,0.9877084632705275,0.9710600977539504,0.8254580449610407,0.9701985654935853,0.9109082954494508,0.9037004599459928,0.8902426195168869,0.29982197018644074,58.20824036269942,5.262778310656296,0.8171373646750991,0.15520502762759167,2.9545019249574067,0.06572886510340888,9.785541525108364
away_HQ,3.0,0.0,10.0,3,1,blend,obs,0.5943333333333334,0.8931169086555774,0.9889318208668073,0.9968811282439326,0.7454894206281577,0.9385925576425056,0.8762757868125832,0.8867437674870027,0.9863687892014142,0.9755539934371817,0.8357438866849914,0.9728986909808107,0.9303038119873868,0.9247688899082546,0.8898789932517552,0.07770030015983759,135.82612533580377,4.975165610000817,0.8263834323158877,0.152730339332857,3.1321321739043686,0.056145174290366036,9.798882518205605
away_HQ,3.0,0.0,10.0,4,1,blend,obs,0.5936666666666667,0.8964112674285317,0.9897982084584309,0.9990959747574839,0.7380527681961363,0.9360742157690665,0.8687595196669248,0.901311320130929,0.9896209385327742,0.9785098633185537,0.8258091296132386,0.9707099612292521,0.9217806659720889,0.9053421769946325,0.8953748354419977,0.2224479199581648,53.803610038944704,4.789800625794392,0.8101404442757593,0.1584781774525432,2.9444882515906463,0.06920600481113857,9.79324338033451
away_HQ,3.0,0.0,10.0,5,1,blend,obs,0.6016666666666667,0.8783386230684638,0.9857670308073401,0.9954473128077658,0.7455467558336333,0.9396464971143258,0.8689783870295196,0.8886794534725371,0.9867587714280831,0.9680614485076889,0.8313931209597734,0.971741384916117,0.9192351911080134,0.9259374735970405,0.8859772288857723,0.1115403972288989,109.49305192459305,5.030030773354213,0.8278612408581463,0.15266298054046792,3.117565422948196,0.06139168555722829,9.775662075282284
away_HQ,3.0,0.0,10.0,6,1,blend,obs,0.6143333333333333,0.8769892805878752,0.9854824926593717,0.9969543146487493,0.7456683482085398,0.9397903871428176,0.865653995044991,0.9012676064144141,0.989489710840638,0.9766988285813027,0.8228352261111422,0.9696241753740874,0.9163233809264827,0.900960416370359,0.907408774338375,0.7322529151255935,16.458928982773323,4.278238246429458,0.8037349385724958,0.15741788869456172,2.8122073269301335,0.08503612394315135,9.789153140995195
away_HQ,3.0,0.0,10.0,7,1,blend,obs,0.6016666666666667,0.8958647374017281,0.9897802275025472,0.9991099979749452,0.7215200190961615,0.9278863843018467,0.8496374967860413,0.8741148530830418,0.9832436798607096,0.9631039177055036,0.8074766712145011,0.9637731173669318,0.9033383284414686,0.9130892931475165,0.8924029490485821,0.5680679440640919,24.295656144510286,4.8113073782670925,0.8091099804123831,0.16044594213678984,3.0312978107738466,0.07661321042340619,9.796180169812741
away_HQ,3.0,0.5,10.0,0,1,blend,obs,0.603,0.8219939406916427,0.9691425999989933,0.9295179611499107,0.7414519719977307,0.9367325700208131,0.8647008216080868,0.8868053627847106,0.9861937790887924,0.9679589706480353,0.8625728916181434,0.9803144807641025,0.9414844444452526,0.9444011245694506,0.8514320898811976,0.029694078917915312,233.17449568519777,7.940823481512097,0.9564364482281196,0.07635055501429171,5.833320653806876,-0.3495035605806088,9.60436694951326
away_HQ,3.0,0.5,10.0,1,1,blend,obs,0.5963333333333334,0.8169241489304634,0.967124992947824,0.9282633709711756,0.7308199767075563,0.9329669225930087,0.8583997261535545,0.8732083280382181,0.9831335730526408,0.9607928366379914,0.8453748285908549,0.9764515864509745,0.9331761094828432,0.9527018510002531,0.8639871371302725,0.21750000065147584,48.016565477226564,6.4826968419710305,0.9608514552875886,0.07305512923025714,5.974010752721549,-0.3690611383584223,9.766638181194509
away_HQ,3.0,0.5,10.0,2,1,blend,obs,0.6073333333333333,0.8248337377180314,0.9702600512475182,0.9454098498486575,0.7414656368792716,0.9367643117403853,0.860295564453576,0.8942617582240795,0.9877084632705275,0.9710600977539504,0.863156213975549,0.9806901028809166,0.9445126421856596,0.9496199629170456,0.8562901636702751,0.17240533078759,65.56230818153628,7.180516708050801,0.9604135644518328,0.07544283198121858,6.443725361237701,-0.3521826363785757,9.744673030100152
away_HQ,3.0,0.5,10.0,3,1,blend,obs,0.5943333333333334,0.8207337880324738,0.9685851499515243,0.9230489547394546,0.7454894206281577,0.9385925576425056,0.8762757868125832,0.8867437674870027,0.9863687892014142,0.9755539934371817,0.8628773798439577,0.9810920099182047,0.9504462507123604,0.9487039438399105,0.8682348662717408,0.007673042344709831,438.92304375441825,6.265468952320741,0.9608421727895753,0.07257511649109678,5.899199554936538,-0.35083021232036554,9.693933717711877
away_HQ,3.0,0.5,10.0,4,1,blend,obs,0.5936666666666667,0.8307757003245537,0.9718910118916886,0.9404309343182463,0.7380527681961363,0.9360742157690665,0.8687595196669248,0.901311320130929,0.9896209385327742,0.9785098633185537,0.8760620044680549,0.9848068979448339,0.9576898386347806,0.9535591581832107,0.8484927856267239,0.018854636960397485,229.3958846400395,7.811810305049912,0.95815943426166,0.07676007811396314,6.106954735371065,-0.34267241962819806,9.690137801016089
away_HQ,3.0,0.5,10.0,5,1,blend,obs,0.6016666666666667,0.810522925205263,0.9651706488174915,0.9243292941734094,0.7455467558336333,0.9396464971143258,0.8689783870295196,0.8886794534725371,0.9867587714280831,0.9680614485076889,0.8610032789293796,0.9805047180454716,0.9415125166866016,0.9518065179367188,0.8582415312465843,0.014461626484900956,318.6975153517317,6.575350864082691,0.9609047392760695,0.07544191361063382,6.166563389041088,-0.3569940218449498,9.71985263106495
away_HQ,3.0,0.5,10.0,6,1,blend,obs,0.6143333333333333,0.8187098347136039,0.9680341761593778,0.9358741789781081,0.7456683482085398,0.9397903871428176,0.865653995044991,0.9012676064144141,0.989489710840638,0.9766988285813027,0.8671627760047388,0.9823956348162918,0.9497329529715278,0.9446052399891702,0.863433579460743,0.2814901676609498,45.15406428886906,6.772211674891765,0.9569644022020765,0.07801772194374672,5.961682058225143,-0.33586218128298756,9.6810674206515
away_HQ,3.0,0.5,10.0,7,1,blend,obs,0.6016666666666667,0.8288694059430007,0.9710404213647816,0.9388871961929508,0.7215200190961615,0.9278863843018467,0.8496374967860413,0.8741148530830418,0.9832436798607096,0.9631039177055036,0.8526618490053195,0.9782612742942262,0.9386937549480534,0.9543354022555901,0.8489091688970396,0.1385554620102337,61.01231034825303,7.847178044683053,0.9582514864567275,0.07720517764779565,6.154964767336871,-0.35436404525993737,9.686703161762109
away_HQ,3.0,1.0,10.0,0,1,blend,obs,0.603,0.7608788083588047,0.9431730572592963,0.8053434692845818,0.7414519719977307,0.9367325700208131,0.8647008216080868,0.8868053627847106,0.9861937790887924,0.9679589706480353,0.8480585746167528,0.9771418129822009,0.9364911729060515,0.9342568597263408,0.8808045012877628,0.02231698230209011,273.18364359471605,6.327006952032395,0.9772735817135983,0.052632861738151786,6.9933342772966895,-0.5782746995748766,9.723048361676913
away_HQ,3.0,1.0,10.0,1,1,blend,obs,0.5963333333333334,0.7682622706052171,0.9455872408326901,0.813083566799339,0.7308199767075563,0.9329669225930087,0.8583997261535545,0.8732083280382181,0.9831335730526408,0.9607928366379914,0.8286700613894087,0.9720119672982367,0.9253093118576955,0.9382158397055673,0.8910041058819802,0.24351737111441926,47.387151605023824,5.099872534331013,0.9789898725074188,0.05317323657200279,7.185529124112666,-0.573757465411429,9.728864494696154
away_HQ,3.0,1.0,10.0,2,1,blend,obs,0.6073333333333333,0.7707242428835596,0.947290120886855,0.8319247374821469,0.7414656368792716,0.9367643117403853,0.860295564453576,0.8942617582240795,0.9877084632705275,0.9710600977539504,0.8447872924453135,0.9763539990131601,0.9354299622728233,0.9277832521303292,0.8859977813148416,0.13570238569065904,79.73439614239707,5.853459146209432,0.9769269762700367,0.05473414441187663,6.95278925743311,-0.5761424731303927,9.76961533916138
away_HQ,3.0,1.0,10.0,3,1,blend,obs,0.5943333333333334,0.764655403202657,0.9440997626193954,0.8008214272323267,0.7454894206281577,0.9385925576425056,0.8762757868125832,0.8867437674870027,0.9863687892014142,0.9755539934371817,0.8466158529862997,0.9769925095178583,0.9440528436863276,0.9380682990497994,0.8922926380674537,0.006939775946106773,480.1971219130016,5.067527254875717,0.9770753270525842,0.05350803166722432,6.9617348850143035,-0.5714873642238142,9.743167208913292
away_HQ,3.0,1.0,10.0,4,1,blend,obs,0.5936666666666667,0.7647187463809817,0.944463689927734,0.8124972355945068,0.7380527681961363,0.9360742157690665,0.8687595196669248,0.901311320130929,0.9896209385327742,0.9785098633185537,0.8533087113127793,0.9795103953520947,0.9467902027372019,0.9350528954983889,0.8784057285520082,0.04124515323358463,149.33371500340849,6.060261951192113,0.9764672583035128,0.055819161128465584,7.1895436969550675,-0.5831119702898935,9.73033326397407
away_HQ,3.0,1.0,10.0,5,1,blend,obs,0.6016666666666667,0.761789850624621,0.9428361691798574,0.8006376143396092,0.7455467558336333,0.9396464971143258,0.8689783870295196,0.8886794534725371,0.9867587714280831,0.9680614485076889,0.8390073052064635,0.9750733092730014,0.9326478835313192,0.9324552290705811,0.8962961166493587,0.009919434829551743,379.3414543840613,4.6725618168955805,0.9758353712954484,0.05573101079924076,6.672777177030087,-0.5743319075255631,9.70057182554567
away_HQ,3.0,1.0,10.0,6,1,blend,obs,0.6143333333333333,0.763560090755907,0.9441430857054638,0.8148199193260306,0.7456683482085398,0.9397903871428176,0.865653995044991,0.9012676064144141,0.989489710840638,0.9766988285813027,0.8454303514426297,0.977134513871054,0.9382128844317347,0.9232356735179632,0.8934071015158275,0.3432747044858221,34.65636201267668,5.131100632680136,0.9761563645009663,0.055639136455313626,6.788317595164272,-0.572569513078639,9.745486548062948
away_HQ,3.0,1.0,10.0,7,1,blend,obs,0.6016666666666667,0.7693102159464216,0.9465045239883532,0.8239084576489959,0.7215200190961615,0.9278863843018467,0.8496374967860413,0.8741148530830418,0.9832436798607096,0.9631039177055036,0.8289480214279115,0.9718129864834828,0.9245421563997436,0.9338321363247485,0.8809190569031733,0.16234336747768705,61.38340738484437,5.948643142166287,0.9774077121895246,0.05464835654779683,6.968186239654555,-0.5743857378649274,9.758630259465791
away_HQ,4.0,0.0,10.0,0,1,blend,obs,0.6053333333333333,0.8914254874685525,0.9886928494306699,0.9981224712204894,0.7133100643170126,0.9218419586366273,0.8433927254285128,0.8408991395793164,0.9732512944131324,0.9404076579088233,0.784714862462967,0.9533955809159633,0.8871718542635203,0.9227800740471829,0.904749892885314,0.7027786038542094,14.995125954621995,4.369297757785721,0.8323863424961304,0.14470094250361232,3.8006805067359783,0.058785495062164426,9.765685071168763
away_HQ,4.0,0.0,10.0,1,1,blend,obs,0.599,0.8823840886890781,0.9869345085784588,0.9973284110080962,0.7086969451584251,0.9210921041754973,0.844506288041792,0.8410005818861774,0.9737415836446568,0.9442270275623925,0.7827930872633445,0.9539371436126639,0.8828206331365233,0.9201160494947087,0.8970706368994431,0.6378034302654715,24.17138176213103,4.838247175660665,0.8422481636753969,0.14109064035000413,3.63948380849962,0.05305150657132114,9.846052450632344
away_HQ,4.0,0.0,10.0,2,1,blend,obs,0.601,0.8688667513553964,0.9836468763853473,0.994444938784706,0.7108968772851345,0.9217597764492446,0.8331694479757035,0.851343605078591,0.9766696211982112,0.9461029557018421,0.7864414193249359,0.9560937066856033,0.882028771162506,0.9105349264623153,0.9064599503713122,0.012338841600096052,380.35987577628936,4.176194933717929,0.8312781398865995,0.1458455476421369,3.6626231084319967,0.08211763657020213,9.827334940432415
away_HQ,4.0,0.0,10.0,3,1,blend,obs,0.5993333333333334,0.8810143586277025,0.9862967388746466,0.9946671733081031,0.7386707190749287,0.9346706789398886,0.8678180880842293,0.8754520701966486,0.983191817079291,0.9693473059107836,0.8050131473375509,0.9614694014681701,0.9092695632811367,0.9061634844633017,0.9106103723109825,0.7047291874602298,21.749491780519204,4.070685614344408,0.8235349778548544,0.14962004979235266,3.2999960933353067,0.07614161224448882,9.831248062064363
away_HQ,4.0,0.0,10.0,4,1,blend,obs,0.6013333333333334,0.8942165533217213,0.9893791934277512,0.9992655642076254,0.7132430269527754,0.9227665100069653,0.850761246335476,0.8567869710540431,0.9784032167429594,0.95692831953939,0.7845669061304702,0.95441085552297,0.8929402481259865,0.9072462969478092,0.9092250859083197,0.12371044506221512,111.7133054369525,3.9549855258319457,0.8249961531045837,0.1487984937097386,3.4047303928623744,0.07719366548627694,9.771638115341613
away_HQ,4.0,0.0,10.0,5,1,blend,obs,0.6063333333333333,0.8923720092895988,0.9888774458695151,0.9977276112803117,0.7268620173508902,0.9300249951883434,0.8567329485459545,0.8834216637090271,0.9852896984419492,0.9664502973395066,0.8020826430794453,0.9614865524659073,0.9008155266936348,0.896769845453944,0.9026028069827537,0.7345057927731412,12.189781547547454,4.467395930996216,0.8175933869555482,0.15139329595915244,3.2909312089064304,0.10598292655626151,9.721234070021778
away_HQ,4.0,0.0,10.0,6,1,blend,obs,0.615,0.8790373090711071,0.9858343403321693,0.995559512693782,0.7214317268074452,0.9273959381087734,0.8489314328534987,0.8778786317241433,0.9842446645873109,0.9693075482067033,0.7972146928241028,0.9596743312062878,0.8996660458998353,0.8965871115106938,0.9080355558800648,0.5678580882452607,31.140032191301742,4.1148067364908,0.8320817935452083,0.14376694191016703,3.4650399440773603,0.08616280112809548,9.821981125977505
away_HQ,4.0,0.0,10.0,7,1,blend,obs,0.6006666666666667,0.8797116299561887,0.9860139454959841,0.9960795782182,0.6903373195377589,0.9106082726057474,0.82581298436575,0.8245734396796349,0.9682939003382414,0.9360888915481493,0.7688572678262744,0.9474037459155169,0.8751864635196193,0.9229397290777791,0.8975521689136305,0.5710124408033218,27.715968405371733,4.409082684381558,0.8526192377603072,0.13904448448975493,3.9644638841028477,0.0423094838898344,9.780606391526602
away_HQ,4.0,0.5,10.0,0,1,blend,obs,0.6053333333333333,0.8188051871632009,0.9680285998164662,0.9275974886504706,0.7133100643170126,0.9218419586366273,0.8433927254285128,0.8408991395793164,0.9732512944131324,0.9404076579088233,0.8083643819117428,0.9626008906686484,0.9034705242708233,0.9420318509162285,0.8790505094685502,0.16309731678263908,78.7346718223939,6.504705223870912,0.9725850919752352,0.057967442602810955,7.657343170005876,-0.3486167635350457,9.627930547438462
away_HQ,4.0,0.5,10.0,1,1,blend,obs,0.599,0.8197284875152084,0.968162306760167,0.9345520249083359,0.7086969451584251,0.9210921041754973,0.844506288041792,0.8410005818861774,0.9737415836446568,0.9442270275623925,0.8005376959380174,0.9608292520872802,0.9042308262534325,0.9427024416921455,0.8878438895549503,0.1607915333297154,87.62309644890615,5.326072058349614,0.9690273018992123,0.06359317550175583,7.045628130983279,-0.34750617218357,9.760476236574297
away_HQ,4.0,0.5,10.0,2,1,blend,obs,0.601,0.8262520666854711,0.9704461957838445,0.9408496426306814,0.7108968772851345,0.9217597764492446,0.8331694479757035,0.851343605078591,0.9766696211982112,0.9461029557018421,0.808402375461134,0.9634451256876501,0.9055914735037769,0.9405776435887566,0.8837803371735585,0.24116195957191752,67.49110805638117,5.493702559677012,0.9686816412449131,0.06479357637292087,7.278501628385059,-0.329784033184081,9.745320427918454
away_HQ,4.0,0.5,10.0,3,1,blend,obs,0.5993333333333334,0.8122660758673428,0.9657336647288993,0.9118635020558659,0.7386707190749287,0.9346706789398886,0.8678180880842293,0.8754520701966486,0.983191817079291,0.9693473059107836,0.8316425385261028,0.9711086497249675,0.9322123996193789,0.9339516601872934,0.8908557365912915,0.025917020853055608,256.93033645442006,5.46738247746678,0.9668000958728408,0.06450804815247628,6.86309810834504,-0.3359821049032567,9.714007083603821
away_HQ,4.0,0.5,10.0,4,1,blend,obs,0.6013333333333334,0.8274159017484672,0.9706866902743867,0.9393100034343206,0.7132430269527754,0.9227665100069653,0.850761246335476,0.8567869710540431,0.9784032167429594,0.95692831953939,0.8098532970133709,0.964141754288922,0.9186865965548978,0.9371523413650674,0.8894251332813681,0.006395946469300879,527.72053914666,4.979600853261758,0.9665806754221389,0.06626520932341956,7.097527116831299,-0.33776400533442347,9.6697584708091
away_HQ,4.0,0.5,10.0,5,1,blend,obs,0.6063333333333333,0.8243692659537812,0.9697605450236719,0.9352242175606335,0.7268620173508902,0.9300249951883434,0.8567329485459545,0.8834216637090271,0.9852896984419492,0.9664502973395066,0.8381424380585488,0.9736207672928529,0.928040444413533,0.9346022369258006,0.8650519482196348,0.16937656609144272,60.77487751008898,7.398292037929754,0.9679623635917605,0.06585443451632325,6.8566573786815335,-0.32762139781507194,9.588729208593682
away_HQ,4.0,0.5,10.0,6,1,blend,obs,0.615,0.821415292064048,0.9689487424560033,0.9384986537269094,0.7214317268074452,0.9273959381087734,0.8489314328534987,0.8778786317241433,0.9842446645873109,0.9693075482067033,0.8231610912445613,0.9692077003757936,0.9236939953827004,0.9234702661094446,0.8867178360638631,0.07865050350089782,132.18252208928638,5.402606212567856,0.9702729971022653,0.06229696296627235,7.144187551617379,-0.33050325873627034,9.70494072717345
away_HQ,4.0,0.5,10.0,7,1,blend,obs,0.6006666666666667,0.8206381631750082,0.9684878448125952,0.9376691714132029,0.6903373195377589,0.9106082726057474,0.82581298436575,0.8245734396796349,0.9682939003382414,0.9360888915481493,0.7913255613388707,0.9569870899472853,0.8975220200763084,0.9461449388888312,0.8805551501564899,0.06034208727197003,160.49672838101938,5.94120981818995,0.9724073048124973,0.060471714977451435,7.714659570214272,-0.34990526945736533,9.748857724204846
away_HQ,4.0,1.0,10.0,0,1,blend,obs,0.6053333333333333,0.760233715847315,0.9428312065003466,0.8052378869117552,0.7133100643170126,0.9218419586366273,0.8433927254285128,0.8408991395793164,0.9732512944131324,0.9404076579088233,0.7856635853058607,0.9547183971941221,0.8921215074514336,0.9176669808184761,0.9154902569764188,0.10736202361291644,109.40079288656142,4.538952100298657,0.9865204377009169,0.036919273121908604,8.834101052626279,-0.5719859431971505,9.695589096019987
away_HQ,4.0,1.0,10.0,1,1,blend,obs,0.599,0.7686139447905191,0.9455361061612017,0.8118117719506253,0.7086969451584251,0.9210921041754973,0.844506288041792,0.8410005818861774,0.9737415836446568,0.9442270275623925,0.782041569128143,0.9544142517216458,0.8948913400104772,0.9219817524599334,0.9167855278166959,0.19388367207162208,74.05049616493359,4.316182418942851,0.9853887355438153,0.04190353927014517,8.3559949774013,-0.5690988548987255,9.715271536851196
away_HQ,4.0,1.0,10.0,2,1,blend,obs,0.601,0.7618709055600152,0.9433573942566844,0.8113276378868811,0.7108968772851345,0.9217597764492446,0.8331694479757035,0.851343605078591,0.9766696211982112,0.9461029557018421,0.7857404378864524,0.9556435893670032,0.8909770133119232,0.9133567184459054,0.9154607805493582,0.19355420503354828,81.96248776201175,4.252536131701976,0.9856560424911419,0.04156106873114445,8.385473024905092,-0.5768778451045323,9.768960974360601
away_HQ,4.0,1.0,10.0,3,1,blend,obs,0.5993333333333334,0.7608178417923589,0.9424875119494034,0.7912344846446279,0.7386707190749287,0.9346706789398886,0.8678180880842293,0.8754520701966486,0.983191817079291,0.9693473059107836,0.8180903596577406,0.9670869010504302,0.92390694983554,0.9167481507670503,0.9119217468326347,0.015061645607628408,341.59954594182,4.776815377959034,0.9852211460691209,0.04166825247131719,8.308914942470663,-0.5691783841283896,9.733251184575055
away_HQ,4.0,1.0,10.0,4,1,blend,obs,0.6013333333333334,0.7656935690439204,0.9446876792305049,0.8134813850823118,0.7132430269527754,0.9227665100069653,0.850761246335476,0.8567869710540431,0.9784032167429594,0.95692831953939,0.7900953087881916,0.9573772842236802,0.9061146464703401,0.9140461979899007,0.9155422711281682,0.005751726974604479,557.1208374464827,4.086782013190694,0.9851660468375739,0.04228768143145993,8.573799374439226,-0.5786869968926062,9.705851388850336
away_HQ,4.0,1.0,10.0,5,1,blend,obs,0.6063333333333333,0.7610933328577427,0.942384756120008,0.7983337584143486,0.7268620173508902,0.9300249951883434,0.8567329485459545,0.8834216637090271,0.9852896984419492,0.9664502973395066,0.8101812020836566,0.9650628659514143,0.9137875578063107,0.9027899019194484,0.9065447612459107,0.1733496162327175,68.86352578920128,4.75549767571105,0.982742143681406,0.045449065690253365,7.497173123943447,-0.5712817650094124,9.683110423687381
away_HQ,4.0,1.0,10.0,6,1,blend,obs,0.615,0.7618671375455159,0.9432672265332689,0.8099585118662679,0.7214317268074452,0.9273959381087734,0.8489314328534987,0.8778786317241433,0.9842446645873109,0.9693075482067033,0.8019538073218146,0.9623701605251626,0.9104571571850599,0.9014427104112535,0.9134014655043461,0.12294974063779422,94.04074596307636,4.262886495913353,0.9850099133025962,0.04213377303557073,8.425530132039441,-0.5734686223249229,9.726387157653015
away_HQ,4.0,1.0,10.0,7,1,blend,obs,0.6006666666666667,0.7672726456226177,0.9454778430902466,0.8192279449751516,0.6903373195377589,0.9106082726057474,0.82581298436575,0.8245734396796349,0.9682939003382414,0.9360888915481493,0.7641866419060223,0.9464210730531066,0.8793156718324711,0.9187149875975994,0.9156258596669498,0.07339621699484938,143.53202530975648,4.245074279726661,0.9856343535933919,0.04048786309205907,8.389441439636768,-0.5700556372458019,9.743335570416628
geo_fixed,0.0,0.0,10.0,0,1,blend,obs,0.6006666666666667,0.8891383713360586,0.9882326770341978,0.9983145357940705,0.9745676435997241,0.9994918167968668,0.9984849984777698,0.9758214582375306,0.999541146269307,0.9986154394972655,0.9210267179370429,0.9940412593101737,0.9994699408108253,0.9125374854382184,0.9117112614592937,0.7744886907657477,17.557199119339693,3.9837240999029557,0.6584559170945286,0.21850978798606888,-0.016819722168906998,0.010857909559232796,9.795641216981993
geo_fixed,0.0,0.0,10.0,1,1,blend,obs,0.607,0.8965995356045298,0.9898832594625756,0.9995381497924433,0.9904062772939096,0.999891302842697,0.9996017122489097,0.9903775161665879,0.9998903685116189,0.9995989908338627,0.9216365197182332,0.9941815483425942,0.9998701340074941,0.9224510297228472,0.9222830681694987,0.32239825012955425,54.44749364237142,3.8044899524994182,0.6460500643002499,0.22033785037472603,0.07120574714050762,-0.028137627325423853,9.814539588876414
geo_fixed,0.0,0.0,10.0,2,1,blend,obs,0.604,0.8795287762592525,0.9862230787417999,0.9989547516597057,0.9853167405714123,0.99977303428716,0.9994712917865792,0.9852064612444665,0.9997696733690453,0.9994410171934182,0.9174241031162643,0.9934416654310612,0.9989380299861916,0.9270650206873468,0.9273224686921884,0.9146289120227913,4.70870390658583,3.596025652823745,0.6374574014612646,0.2201743639363436,0.0009670685942742658,-0.004532873196805874,9.836192930559635
geo_fixed,0.0,0.0,10.0,3,1,blend,obs,0.597,0.8849824170553712,0.9872678047534496,0.9966907139112521,0.9740694035081978,0.9994223458195243,0.9980590558327623,0.9750002175514846,0.9994604888049508,0.9981710183525788,0.9186942344253499,0.9935821078460497,0.9966413666719208,0.9269340782435822,0.9276834538471824,0.8515332971444362,10.437640728090463,3.8421090280506514,0.6421947528285671,0.22285926507749615,-0.025158759140154446,0.023582589985957306,9.84277479489652
geo_fixed,0.0,0.0,10.0,4,1,blend,obs,0.5966666666666667,0.8966043733732433,0.9897921102476789,0.9977081368957358,0.9799691663835572,0.9996550374853792,0.9989962403620662,0.9802564545578607,0.9996655864496098,0.999027114448255,0.9323334950433755,0.9956529143434478,0.9987644455459339,0.9252271506166665,0.9250764004313691,0.9255327171482857,4.398224277397955,3.6597875139519367,0.6392938270464934,0.22265333607693447,-0.1448687123695754,0.008046434446076388,9.802886723005642
geo_fixed,0.0,0.0,10.0,5,1,blend,obs,0.5986666666666667,0.8986739988370045,0.9901229982243354,0.998293633027334,0.9825681429631145,0.999746873982769,0.99918791110797,0.9826282140346403,0.9997493890452662,0.9991931922523586,0.9271950574994602,0.9949361101833692,0.999642494298628,0.9304573796786975,0.930623739662453,0.9368837107808503,5.333932644342791,3.561473876865135,0.6228720245802781,0.2254777615797002,-0.050674783251926904,0.0033252568001060135,9.824206391258887
geo_fixed,0.0,0.0,10.0,6,1,blend,obs,0.6106666666666667,0.887939110699195,0.9881273631109423,0.9996186731940649,0.9823300249842519,0.9996872495199879,0.9991488025506859,0.9829500788490968,0.99970654955868,0.9991712001947631,0.9248842721494441,0.994684700354307,0.9999738851618368,0.9320212150477896,0.9327396638948736,0.9327015661979696,5.611134825973627,3.514261579184161,0.6343488757701741,0.22004483150957496,-0.08166279064234766,0.0023443140194252306,9.86734072916851
geo_fixed,0.0,0.0,10.0,7,1,blend,obs,0.5916666666666667,0.8970475985572354,0.9899719375357509,0.9994406534172106,0.9857107197228532,0.9998146183047919,0.9996851053695642,0.9855005026953333,0.9998092029619053,0.9996856305997343,0.9202997148743303,0.9939734496907467,0.9988812557630158,0.9113951740399009,0.9116997773241101,0.8002774859355232,13.305698957779816,4.467614165860047,0.6538826099453866,0.2210009473217203,-0.04260730658311225,0.0020775955623815773,9.835290476505143
geo_fixed,0.0,0.5,10.0,0,1,blend,obs,0.6006666666666667,0.8897267098601009,0.9882579346845406,0.9950749026251982,0.9745676435997241,0.9994918167968668,0.9984849984777698,0.9758214582375306,0.999541146269307,0.9986154394972655,0.9230259209744744,0.9942855089270692,0.9969413505519448,0.9191956281544515,0.918547984442898,0.8640390894080223,11.96176844501136,3.9570339212802135,0.6431093998691862,0.22120787833079703,0.0058336878576675105,0.016471546542020328,9.835449958224892
geo_fixed,0.0,0.5,10.0,1,1,blend,obs,0.607,0.8925628784875471,0.9889573321388456,0.9986480591100091,0.9904062772939096,0.999891302842697,0.9996017122489097,0.9903775161665879,0.9998903685116189,0.9995989908338627,0.9236788184161928,0.9944510255407902,0.9994433360918612,0.9237223552896429,0.9235559778858012,0.44372730325907483,41.71688574944355,3.82135471094327,0.6399495751898383,0.22038286556678,0.03426175535563084,-0.018541252719779345,9.79509955190821
geo_fixed,0.0,0.5,10.0,2,1,blend,obs,0.604,0.878389484682423,0.9857939074171969,0.9961164865000595,0.9853167405714123,0.99977303428716,0.9994712917865792,0.9852064612444665,0.9997696733690453,0.9994410171934182,0.9125314687862089,0.9926401511787543,0.9976160088295323,0.9198058849544375,0.920004950976831,0.9058374894882478,4.701318748449982,4.002445661737461,0.646258389635873,0.21950088500847997,0.009983449581489221,-0.006494147431998491,9.827312571791806
geo_fixed,0.0,0.5,10.0,3,1,blend,obs,0.597,0.8839561729510539,0.9870419236560821,0.9960550801877385,0.9740694035081978,0.9994223458195243,0.9980590558327623,0.9750002175514846,0.9994604888049508,0.9981710183525788,0.9228945367681193,0.9942279844048303,0.9965580851232938,0.930588308394938,0.9311757509518052,0.8938635744983661,8.029525975719181,3.60028947880057,0.6306775121818079,0.22373230128640176,-0.051808341976557204,0.026368901015422188,9.87431443656126
geo_fixed,0.0,0.5,10.0,4,1,blend,obs,0.5966666666666667,0.8918801495086094,0.9887804944313683,0.9950174973368912,0.9799691663835572,0.9996550374853792,0.9989962403620662,0.9802564545578607,0.9996655864496098,0.999027114448255,0.9300754258524774,0.9954066869884333,0.996959326691756,0.9246478327928473,0.9245045871592241,0.9219311790222481,4.745918623754633,3.7492754422465673,0.6448104713975715,0.22261302666256552,-0.15491226237746283,0.002439856189171764,9.817446048965145
geo_fixed,0.0,0.5,10.0,5,1,blend,obs,0.5986666666666667,0.8860031617815646,0.9875809136513573,0.9982832655227216,0.9825681429631145,0.999746873982769,0.99918791110797,0.9826282140346403,0.9997493890452662,0.9991931922523586,0.9246968835436562,0.9945899333166716,0.999477879597344,0.9272798923782946,0.9274399307349432,0.9294147892557719,5.718947745315918,3.6598429056423014,0.6271554913465878,0.2232743338095342,-0.052641857646480904,0.018934877635503482,9.786348396454805
geo_fixed,0.0,0.5,10.0,6,1,blend,obs,0.6106666666666667,0.8747023725021399,0.9851931675896322,0.9990691346471412,0.9823300249842519,0.9996872495199879,0.9991488025506859,0.9829500788490968,0.99970654955868,0.9991712001947631,0.9270397586677156,0.9949722112677188,0.9995801504526884,0.9329255932432029,0.9335708321958964,0.9362948183015379,4.858748330995181,3.3299722720863687,0.6298280754621045,0.21888621440540154,-0.13472405460048856,0.023821680382125676,9.852103120375874
geo_fixed,0.0,0.5,10.0,7,1,blend,obs,0.5916666666666667,0.8910828559566663,0.9887656375099209,0.9980842159096571,0.9857107197228532,0.9998146183047919,0.9996851053695642,0.9855005026953333,0.9998092029619053,0.9996856305997343,0.9250716878913493,0.9946925624051487,0.9980449288402766,0.9171485671411408,0.917462129267515,0.8255183048192739,12.986488235476239,4.123707845215726,0.6452601322219028,0.22152345817495273,-0.0855324986538478,0.022056438690494135,9.855831054110348
geo_fixed,0.0,1.0,10.0,0,1,blend,obs,0.6006666666666667,0.8975541920955845,0.9898503163444135,0.9935434281353183,0.9745676435997241,0.9994918167968668,0.9984849984777698,0.9758214582375306,0.999541146269307,0.9986154394972655,0.9132902234708442,0.9927208828238966,0.9933985904411675,0.9119436728838934,0.9114347887270512,0.8287808391285048,13.893876586933057,4.373601524649992,0.6533199524179218,0.220765422005811,0.052571103849824476,0.010833590646279898,9.876926010485716
geo_fixed,0.0,1.0,10.0,1,1,blend,obs,0.607,0.8995169468970587,0.9903572042983736,0.9981766948338343,0.9904062772939096,0.999891302842697,0.9996017122489097,0.9903775161665879,0.9998903685116189,0.9995989908338627,0.9136277489169746,0.9929000921373927,0.9978878167253689,0.913360627326758,0.9131957103122459,0.3722103537204587,48.50162166310439,4.284205151009705,0.6574084554013374,0.21858353975103706,-0.010050490075238337,0.007762552245442697,9.857190058066378
geo_fixed,0.0,1.0,10.0,2,1,blend,obs,0.604,0.8920757238797681,0.9885828794494862,0.9932221595255427,0.9853167405714123,0.99977303428716,0.9994712917865792,0.9852064612444665,0.9997696733690453,0.9994410171934182,0.9127736216680139,0.9925729839888886,0.9956229278240173,0.9199015916086792,0.9200855715209865,0.9136932749204039,4.6343943859411665,4.077425962586254,0.642406868538215,0.22190856025775876,-0.04250181765210964,0.017087090359737704,9.86110497386646
geo_fixed,0.0,1.0,10.0,3,1,blend,obs,0.597,0.8934640151589804,0.988998595842575,0.9949071120854391,0.9740694035081978,0.9994223458195243,0.9980590558327623,0.9750002175514846,0.9994604888049508,0.9981710183525788,0.917460847903758,0.993407930967633,0.994521195682987,0.9256346182165163,0.9261320914047654,0.8740354110396608,7.761338317855542,3.76315755101257,0.6408291341830004,0.22310189351432522,-0.04469711233818919,0.033192612723769055,9.91206160713907
geo_fixed,0.0,1.0,10.0,4,1,blend,obs,0.5966666666666667,0.9022423232864603,0.9908007014179772,0.9931172435107113,0.9799691663835572,0.9996550374853792,0.9989962403620662,0.9802564545578607,0.9996655864496098,0.999027114448255,0.9275983256197516,0.9950853366576522,0.9952582162543899,0.9242569788489345,0.9241414934383784,0.9185523055733188,4.860529348447423,3.722546583569407,0.6418682764670576,0.22267818426559705,-0.10205017001729698,0.0101040661227456,9.837244921465386
geo_fixed,0.0,1.0,10.0,5,1,blend,obs,0.5986666666666667,0.8978985259639181,0.9899501229969594,0.9968388093492433,0.9825681429631145,0.999746873982769,0.99918791110797,0.9826282140346403,0.9997493890452662,0.9991931922523586,0.9182965608062041,0.9935869990418789,0.9975576548052714,0.920390800760241,0.9205877253767887,0.9082435018581759,7.610231096172076,4.128257237114596,0.6373941908560182,0.22305386365195845,-0.016873924843886178,0.008019027792711988,9.837176520076623
geo_fixed,0.0,1.0,10.0,6,1,blend,obs,0.6106666666666667,0.8966028946492901,0.989751704446096,0.9963086210413874,0.9823300249842519,0.9996872495199879,0.9991488025506859,0.9829500788490968,0.99970654955868,0.9991712001947631,0.9204954797819607,0.9940081666609788,0.9983790363556446,0.9241977865101347,0.9248196657785964,0.923182868397931,4.437119799413757,3.928824210568648,0.639580030806963,0.21944354623865275,-0.1242189502119552,0.01734418677601805,9.884190497164134
geo_fixed,0.0,1.0,10.0,7,1,blend,obs,0.5916666666666667,0.9064955493570132,0.9916014687985866,0.9964701638909361,0.9857107197228532,0.9998146183047919,0.9996851053695642,0.9855005026953333,0.9998092029619053,0.9996856305997343,0.918269631557822,0.9936375423489581,0.9971238000313264,0.9105163734833105,0.9108133162414678,0.7806000733538774,14.083792075397168,4.48395919735648,0.6583158378844496,0.22212175344339963,-0.06697817443293409,0.017972041483347433,9.889634525858867
geo_fixed,1.0,0.0,10.0,0,1,blend,obs,0.602,0.8864525433847421,0.9876797522474529,0.9981527595744557,0.8616424943736767,0.9828022915005776,0.9533261150112837,0.952936385433316,0.997916641396699,0.9951914390173495,0.926381049268648,0.9951248197017131,0.9859712009263553,0.9289391115335693,0.8921291059891808,0.2602532450061326,68.85610826855925,5.387478916268399,0.7248759949618895,0.19423467020438429,1.377213106965708,0.0165314154818829,9.784884425711784
geo_fixed,1.0,0.0,10.0,1,1,blend,obs,0.596,0.8843885148378361,0.987286063051812,0.9984515394058442,0.8535237546379304,0.9813694213896573,0.9473165223626675,0.9669851185698557,0.9988904878474958,0.9975414661710895,0.926074505389921,0.9953968817048677,0.9880340807667776,0.9316636682726398,0.8892761113994196,0.35625985227597406,43.071110584045265,5.607120457665905,0.7315902311707682,0.1943859208276684,1.373352193096907,0.023930741781659777,9.806820222459825
geo_fixed,1.0,0.0,10.0,2,1,blend,obs,0.6066666666666667,0.8813552653359772,0.9865822855590768,0.998562086754989,0.8645962469483989,0.9841366048922603,0.9513984658288837,0.9887882836835458,0.9998588592588381,0.9996033060175087,0.9242982425010904,0.9951348542907941,0.9884462409215107,0.9274281163675918,0.9018893127941714,0.6775839111164706,19.13518170557221,4.4983597044466865,0.7243236636245111,0.19580494566978474,1.2989029156111367,0.015130347247912557,9.774214784189391
geo_fixed,1.0,0.0,10.0,3,1,blend,obs,0.5996666666666667,0.887416617686905,0.9878224833090914,0.9964080932962923,0.8862253821046956,0.9885764960951698,0.9671985557780435,0.9770803376940421,0.9995358507274683,0.9993012968858549,0.9488492946422543,0.9977611572071561,0.995121326623625,0.9303954405927464,0.907291778802277,0.8017396832912485,11.08462823429762,4.775940809310216,0.7087469724830937,0.19988951202953656,1.1524357850050304,0.05602940842355881,9.805001042593357
geo_fixed,1.0,0.0,10.0,4,1,blend,obs,0.598,0.8916825663540612,0.9888146833297655,0.9985958862206968,0.8711932788785307,0.9855844280539828,0.9586981270360155,0.9924415102578563,0.9999415422400906,0.9999347188834149,0.928901286297678,0.9956556944973571,0.9906221960694748,0.9237855823550223,0.8949720068340614,0.7888856026589258,9.651471471091682,5.36768726528998,0.6970498677182649,0.20334309845372264,1.064003968835169,0.04839678467645012,9.776596200892726
geo_fixed,1.0,0.0,10.0,5,1,blend,obs,0.5976666666666667,0.8950429378006228,0.9895229106460012,0.9992331261453848,0.8749877409873955,0.9865451042717538,0.9597141225080896,0.9920101463814899,0.9999377401149496,0.9999655912272405,0.9336680404751578,0.9961793939383449,0.9910745720181173,0.9273001765579743,0.9008129859000172,0.8004311416923156,11.850589194329563,4.697495084535402,0.700976271988415,0.20505007894399144,1.1371636144769506,0.05750840191206708,9.784590422679809
geo_fixed,1.0,0.0,10.0,6,1,blend,obs,0.6103333333333333,0.8828555757756253,0.9870823771946136,0.9990195506102383,0.8721860789603568,0.9862811496318946,0.9567216373994394,0.9905319328404967,0.9998923335623562,0.9996168412124032,0.9413295840671845,0.9970764448970671,0.9937600665435945,0.9365364413735549,0.9089695847086465,0.6811700231658823,21.755294064107293,4.373757038108851,0.7046776385591927,0.2005189911750447,1.193585552765685,0.008809961462883478,9.82383111108992
geo_fixed,1.0,0.0,10.0,7,1,blend,obs,0.6033333333333334,0.8928316932567245,0.9892595720691987,0.9991827814461637,0.8501112400309618,0.9801122755880108,0.9445647270677601,0.9594249034537108,0.9982293893805226,0.9960754133898932,0.9116110372102206,0.993407373613875,0.9791358965719865,0.9256370852950428,0.9024220803171153,0.7056424339607671,13.905377112971887,4.7568418462172835,0.7097641487534241,0.2000604741319321,1.278190027616776,0.042161432593063486,9.813976927045932
geo_fixed,1.0,0.5,10.0,0,1,blend,obs,0.602,0.8831738273364775,0.9868899414060965,0.9971381794504367,0.8616424943736767,0.9828022915005776,0.9533261150112837,0.952936385433316,0.997916641396699,0.9951914390173495,0.9202727205575161,0.9939419982375746,0.9819015115404534,0.9257912217755473,0.8863921083234472,0.3722324977180461,51.26686966677047,5.804689193019997,0.7244043677227036,0.195182941049414,1.33951021355896,0.03317340388750952,9.795343726612195
geo_fixed,1.0,0.5,10.0,1,1,blend,obs,0.596,0.876906845641068,0.9854921423286221,0.9973001425127317,0.8535237546379304,0.9813694213896573,0.9473165223626675,0.9669851185698557,0.9988904878474958,0.9975414661710895,0.9205352529707451,0.9946590292062172,0.9844301112693197,0.9297363381434387,0.8936794668083055,0.49506178521296196,29.613929911630283,5.2520629142771,0.7261974309847092,0.19500693821957008,1.2934930751020968,0.0285104201981971,9.820385867072414
geo_fixed,1.0,0.5,10.0,2,1,blend,obs,0.6066666666666667,0.8769758717441553,0.9853461557388776,0.9956299346644953,0.8645962469483989,0.9841366048922603,0.9513984658288837,0.9887882836835458,0.9998588592588381,0.9996033060175087,0.9226411281425854,0.9948931312918731,0.9867124573531055,0.9256938077133466,0.9027607101973811,0.7446100611137576,15.017214734362263,4.403118017062023,0.7189215868876886,0.1971600547111107,1.2716018041751367,0.025388519332129402,9.810831422555145
geo_fixed,1.0,0.5,10.0,3,1,blend,obs,0.5996666666666667,0.8866952525237412,0.9876352340881319,0.9970311608190535,0.8862253821046956,0.9885764960951698,0.9671985557780435,0.9770803376940421,0.9995358507274683,0.9993012968858549,0.9479292398179698,0.9976353164841871,0.9936457261467774,0.9315178705812859,0.9089904364066905,0.8243244557307882,8.705969574980344,4.481463623449608,0.7010169402096363,0.20256114556236665,1.1354040072763862,0.07261155278129895,9.843584227920411
geo_fixed,1.0,0.5,10.0,4,1,blend,obs,0.598,0.8805900464173069,0.9862825364109067,0.9957595297059681,0.8711932788785307,0.9855844280539828,0.9586981270360155,0.9924415102578563,0.9999415422400906,0.9999347188834149,0.9288367887216046,0.9954401908303493,0.9895910794988592,0.9240043972789993,0.8877897512820444,0.7597768306551121,11.968722153364292,5.637614623988628,0.7101414610337388,0.20050152556390055,1.1183022079213838,0.0315222614950474,9.82173211616215
geo_fixed,1.0,0.5,10.0,5,1,blend,obs,0.5976666666666667,0.8894143888720655,0.9882650959201058,0.9981205395221643,0.8749877409873955,0.9865451042717538,0.9597141225080896,0.9920101463814899,0.9999377401149496,0.9999655912272405,0.9320086912064959,0.9959398767321914,0.9895202961451839,0.9257760835872966,0.9009055649242397,0.8298999193949693,9.506017063233436,4.727066375924781,0.6967203305129818,0.20489626670242736,1.110177268023597,0.054983901414211535,9.777317022160707
geo_fixed,1.0,0.5,10.0,6,1,blend,obs,0.6103333333333333,0.8817849474120381,0.9867303828737424,0.9984481099755926,0.8721860789603568,0.9862811496318946,0.9567216373994394,0.9905319328404967,0.9998923335623562,0.9996168412124032,0.9364121443510879,0.9966578032085651,0.9914330322926452,0.9306050305664824,0.9122699039162186,0.7682061169490336,16.534352337091317,3.9683600436972193,0.6983051140443619,0.20280477074537434,1.1351976053490298,0.020483189808283214,9.806333645908827
geo_fixed,1.0,0.5,10.0,7,1,blend,obs,0.6033333333333334,0.8804079505080716,0.986532040343563,0.9983938399986555,0.8501112400309618,0.9801122755880108,0.9445647270677601,0.9594249034537108,0.9982293893805226,0.9960754133898932,0.9060635480021314,0.9925534812327248,0.9761932844027608,0.9205299848804767,0.903781440882197,0.7567457789406412,12.151464165998698,4.851555239244227,0.6977245925994707,0.20145027209827984,1.206388801666395,0.06009189764239077,9.826244463964985
geo_fixed,1.0,1.0,10.0,0,1,blend,obs,0.602,0.8982215882155785,0.9898758942495772,0.9941589720982593,0.8616424943736767,0.9828022915005776,0.9533261150112837,0.952936385433316,0.997916641396699,0.9951914390173495,0.9185076751932136,0.9935889336965205,0.9811952591394543,0.9241079168349974,0.8804492297419984,0.33518322383382515,55.65665682718862,6.2835464645726855,0.7206526820147248,0.19586718615810772,1.3756014129951846,0.051472652041672826,9.885058103750383
geo_fixed,1.0,1.0,10.0,1,1,blend,obs,0.596,0.8935715995111404,0.9891497651443281,0.9977312061599446,0.8535237546379304,0.9813694213896573,0.9473165223626675,0.9669851185698557,0.9988904878474958,0.9975414661710895,0.9210534586308881,0.9946787288359837,0.9846613832757074,0.929600384727913,0.8907101999824191,0.4858870885910384,29.47456664423136,5.392731879989776,0.7252588304132427,0.19620124108701187,1.3099209866348138,0.044214018196109726,9.871692092300783
geo_fixed,1.0,1.0,10.0,2,1,blend,obs,0.6066666666666667,0.8867575159009143,0.9874568108012628,0.993722484092432,0.8645962469483989,0.9841366048922603,0.9513984658288837,0.9887882836835458,0.9998588592588381,0.9996033060175087,0.920212065734657,0.9944664132233414,0.9853748263751027,0.9232552117812242,0.9005416184124685,0.7416309887800415,15.081218683441847,4.386342908293981,0.7198251536598994,0.19816362011306926,1.265874675234984,0.047719516392918625,9.845558662868438
geo_fixed,1.0,1.0,10.0,3,1,blend,obs,0.5996666666666667,0.8981971298784666,0.9898281697625524,0.9948811836035824,0.8862253821046956,0.9885764960951698,0.9671985557780435,0.9770803376940421,0.9995358507274683,0.9993012968858549,0.9475216679973871,0.997540825005579,0.9934990695372566,0.933114285815274,0.9025683262383086,0.7938251757278895,9.461891783978547,4.811939048511983,0.7053344928883147,0.20103374723368003,1.1945839234470967,0.06321039799111816,9.952370881817549
geo_fixed,1.0,1.0,10.0,4,1,blend,obs,0.598,0.8956272765437652,0.9895179184493216,0.9952112827499753,0.8711932788785307,0.9855844280539828,0.9586981270360155,0.9924415102578563,0.9999415422400906,0.9999347188834149,0.9292496025676243,0.9955426066271247,0.9902206083508519,0.9243593889966198,0.8867629545933035,0.7076854541743316,13.547679278232721,5.616606304626762,0.712343152317195,0.2006666557664898,1.1830897601249137,0.041351040988694965,9.868131521778311
geo_fixed,1.0,1.0,10.0,5,1,blend,obs,0.5976666666666667,0.9024284856113269,0.9908337452407019,0.9980319496243966,0.8749877409873955,0.9865451042717538,0.9597141225080896,0.9920101463814899,0.9999377401149496,0.9999655912272405,0.9359090242936713,0.9962482712767139,0.9907682753310006,0.9296429933396881,0.892355368824063,0.796504968866227,10.603712329388907,5.0593003908045295,0.7100865420204043,0.20306801004455147,1.2070854023816069,0.04393236419430516,9.841948077233011
geo_fixed,1.0,1.0,10.0,6,1,blend,obs,0.6103333333333333,0.897536342625793,0.9899643361682937,0.9965706054983263,0.8721860789603568,0.9862811496318946,0.9567216373994394,0.9905319328404967,0.9998923335623562,0.9996168412124032,0.9306670478836669,0.9959840649347261,0.9894367411070814,0.9246562826679093,0.9088234034642859,0.7736844750223333,15.311632958597398,4.071373044133934,0.6971184415907203,0.20368457201874654,1.1117623093848086,0.06617365761798187,9.88727606405152
geo_fixed,1.0,1.0,10.0,7,1,blend,obs,0.6033333333333334,0.9022455066319042,0.990872266163218,0.9948183482367605,0.8501112400309618,0.9801122755880108,0.9445647270677601,0.9594249034537108,0.9982293893805226,0.9960754133898932,0.9075141543297435,0.9926231725223156,0.9786019510707981,0.9167180150511297,0.8899748044706993,0.6694208170451521,15.847778364273271,5.652782521782076,0.7114582849714471,0.20000870170470444,1.3148259462797942,0.06951206328197126,9.892485045604106
geo_fixed,2.0,0.0,10.0,0,1,blend,obs,0.6,0.8934420158542888,0.9890189151335664,0.9966139831474613,0.787255429824713,0.957724427490152,0.8998502183494667,0.9258383204673957,0.9940907077519977,0.9872593311940334,0.8784786699396856,0.9853065170995636,0.9518463696674864,0.9197001742627284,0.8826753546216863,0.40263477498757894,45.48554446369273,6.003437206394605,0.7737581018518519,0.17455670724093572,2.258386353556965,0.05967257417462921,9.793383049881383
geo_fixed,2.0,0.0,10.0,1,1,blend,obs,0.5966666666666667,0.8869202364538114,0.9879575696319075,0.9987009368244852,0.774709313967503,0.9537361642278336,0.8920983371072839,0.9165347559214728,0.9926547389943703,0.9836681602324191,0.863043052014617,0.9828632358657788,0.9440273576244771,0.9206999656014314,0.8874817357629519,0.6368002968282157,13.748709897577989,5.463151218901595,0.7902458562260491,0.16780351804836693,2.3368886929505077,0.0488858302358794,9.821425465836382
geo_fixed,2.0,0.0,10.0,2,1,blend,obs,0.6046666666666667,0.877821776487426,0.9858123939346919,0.9984156476053859,0.7850717389353932,0.9578865674355319,0.8937483684701895,0.9481574736701485,0.997078283363042,0.9930975395462095,0.878141492755907,0.9869074973759946,0.9550689915793995,0.9099552837905945,0.8862561101382573,0.3212427984091446,56.123434663326506,5.600154899366614,0.7818705831168856,0.1721549634545004,2.214205163988998,0.05386086178968535,9.767162977902284
geo_fixed,2.0,0.0,10.0,3,1,blend,obs,0.5983333333333334,0.8737186079143759,0.9844191858807265,0.9894799382785968,0.8079316280937092,0.9655901910205178,0.9184700670199891,0.9534730804124556,0.997748250565146,0.9972544594026634,0.8991363833799415,0.9899703679024161,0.9685499611489105,0.917579531429356,0.8912508313782271,0.42772658831151583,30.857566185074955,5.005418439716426,0.7937990499196709,0.16732949584546317,2.2008848848904936,0.023844025408935054,9.816934021585464
geo_fixed,2.0,0.0,10.0,4,1,blend,obs,0.5976666666666667,0.8956323960208719,0.9896290550120994,0.998823336933248,0.7827122833292421,0.9565694454015025,0.9029340586933561,0.9321270980146901,0.9950966505595682,0.9917775235825482,0.8862483896598048,0.9879844634319609,0.9621893298687962,0.925831322522548,0.8804979399318755,0.41568170492405615,35.41029406579819,6.307673112418003,0.784054809484181,0.1723981001656305,2.2505186145985414,0.04772345826449128,9.801014899561594
geo_fixed,2.0,0.0,10.0,5,1,blend,obs,0.6033333333333334,0.8852855878121241,0.9874008646146534,0.9974553176643166,0.7966249350121454,0.9623905313025133,0.907344971502306,0.9610693840620159,0.9983398675258328,0.9959690326622014,0.8940137531576695,0.9893363430915543,0.9635299591731052,0.9186081047088988,0.8730572052043082,0.35126335372130313,48.41471515177036,6.128541704772525,0.7815991921630532,0.17380106671378742,2.1064420326126565,0.05217399738339358,9.768467403522363
geo_fixed,2.0,0.0,10.0,6,1,blend,obs,0.6173333333333333,0.8823773687795065,0.9867746112451244,0.9979578471858335,0.7920989997538872,0.9604863812541056,0.9006596288161807,0.9484827776734923,0.9970901436344174,0.9931526605973667,0.8809690945537353,0.9863230911161927,0.9563470599469236,0.9156923032355775,0.8936620049439661,0.7406206555212175,11.787808638582828,4.548189978667956,0.7879093888516793,0.1679022511322063,2.2212815443234324,0.02780847867436745,9.810271601266427
geo_fixed,2.0,0.0,10.0,7,1,blend,obs,0.6053333333333333,0.8931686025777563,0.989054900054878,0.9970742103710831,0.7740182950418174,0.9532281616190881,0.888634364768567,0.9322029658069678,0.9950127844368072,0.9870520121074039,0.8737122630693003,0.9848844001279856,0.9487618460262002,0.9200540567931399,0.8693179288858084,0.5757392954977796,21.91494853885476,6.72666847985303,0.778437630223836,0.1733492742544523,2.228953401371136,0.05642250060656889,9.85178756776774
geo_fixed,2.0,0.5,10.0,0,1,blend,obs,0.6,0.8930220344138464,0.9888435586505592,0.9951015486244321,0.787255429824713,0.957724427490152,0.8998502183494667,0.9258383204673957,0.9940907077519977,0.9872593311940334,0.8775151988200636,0.9845921017992113,0.9506362771618538,0.9233999325541699,0.8811808768892557,0.4815232321267455,36.63353976524109,5.6122077921260605,0.7774039351851852,0.1761595491319017,2.285591537510255,0.06291182064077376,9.789933962152148
geo_fixed,2.0,0.5,10.0,1,1,blend,obs,0.5966666666666667,0.8761535585237338,0.9854268597693123,0.996598029439742,0.774709313967503,0.9537361642278336,0.8920983371072839,0.9165347559214728,0.9926547389943703,0.9836681602324191,0.8655125434392786,0.9827989877286617,0.9446706342289191,0.9249931893695101,0.8809176715365606,0.6674664529835825,13.101906231019724,5.557973250160401,0.7918758945473013,0.16912311456766765,2.281968227068498,0.05247388734830357,9.850158165550214
geo_fixed,2.0,0.5,10.0,2,1,blend,obs,0.6046666666666667,0.8713821103275071,0.9839980225168357,0.9942769788115914,0.7850717389353932,0.9578865674355319,0.8937483684701895,0.9481574736701485,0.997078283363042,0.9930975395462095,0.8806517969918982,0.987068890880762,0.9555456877802593,0.9119125291373307,0.878682062575316,0.40935126270662114,46.46724760604699,5.886522990439224,0.7867146291445029,0.17254167973067305,2.222765800237101,0.06762934326401292,9.806878945901449
geo_fixed,2.0,0.5,10.0,3,1,blend,obs,0.5983333333333334,0.8820314423622533,0.9864986382259278,0.9926145645164808,0.8079316280937092,0.9655901910205178,0.9184700670199891,0.9534730804124556,0.997748250565146,0.9972544594026634,0.9045417992474281,0.9910362774811152,0.9726371798021501,0.9249876806615789,0.8886365723581053,0.3882999656177117,35.33668366233559,5.255524273259546,0.7875121071672119,0.17100351826805021,2.2611679528352497,0.03996798659721388,9.803902037545988
geo_fixed,2.0,0.5,10.0,4,1,blend,obs,0.5976666666666667,0.8891510805527367,0.988196516925456,0.9979683611640925,0.7827122833292421,0.9565694454015025,0.9029340586933561,0.9321270980146901,0.9950966505595682,0.9917775235825482,0.8868002004166938,0.9875046158470454,0.9609425817790108,0.926454072219078,0.8726113118847993,0.5143640707911119,26.954031690485163,6.218966008313126,0.7937073244889103,0.1710025596785855,2.258287049131699,0.037831550048786314,9.792194540330527
geo_fixed,2.0,0.5,10.0,5,1,blend,obs,0.6033333333333334,0.8768806284208315,0.9855218841582469,0.9980284937797504,0.7966249350121454,0.9623905313025133,0.907344971502306,0.9610693840620159,0.9983398675258328,0.9959690326622014,0.8929101473915487,0.9890945348566128,0.9624847079617744,0.9164092535935126,0.8704886367958938,0.41985551086006184,39.95282916513191,6.578264709800524,0.7749354658990668,0.17714902029318474,2.0308518584855157,0.07191674388685439,9.83398696721313
geo_fixed,2.0,0.5,10.0,6,1,blend,obs,0.6173333333333333,0.8784974136650564,0.9859731088767403,0.9986980857135457,0.7920989997538872,0.9604863812541056,0.9006596288161807,0.9484827776734923,0.9970901436344174,0.9931526605973667,0.882669799262696,0.9869488817220681,0.9583057173037903,0.9172526815495905,0.8951935798901919,0.7413259313547955,10.553614723273872,4.757034146976397,0.7816413275788111,0.17060579247020038,2.2135547449738935,0.03665408440152522,9.801336054416065
geo_fixed,2.0,0.5,10.0,7,1,blend,obs,0.6053333333333333,0.8834275240461291,0.9868728473335573,0.9935643169617204,0.7740182950418174,0.9532281616190881,0.888634364768567,0.9322029658069678,0.9950127844368072,0.9870520121074039,0.8727202423128065,0.9842638478318099,0.9469848958448657,0.9202498967492072,0.8675115875149217,0.5873632229429935,19.002117503814247,6.532243511702413,0.779405472377664,0.17466009632149046,2.2197865455136228,0.07312889231351057,9.827965638848111
geo_fixed,2.0,1.0,10.0,0,1,blend,obs,0.6,0.9016923329604526,0.9905077514354483,0.9948428722274291,0.787255429824713,0.957724427490152,0.8998502183494667,0.9258383204673957,0.9940907077519977,0.9872593311940334,0.8791899599126087,0.985125431953114,0.9515479617597835,0.9231785347139009,0.8792373149806005,0.4089820023659373,43.77908173297645,5.85579898969991,0.7825451388888889,0.1723247724313796,2.3499726035748423,0.05284351731957518,9.882209529695425
geo_fixed,2.0,1.0,10.0,1,1,blend,obs,0.5966666666666667,0.8866893483762281,0.9875744793005329,0.995995737718671,0.774709313967503,0.9537361642278336,0.8920983371072839,0.9165347559214728,0.9926547389943703,0.9836681602324191,0.8703020193560391,0.9836732678175925,0.9474039900642361,0.9293261568782702,0.8738430152984895,0.6420978695446976,13.973256874633401,5.865061104885306,0.8008137494805856,0.1672468962960742,2.356814664090505,0.04953190652503586,9.892642905698148
geo_fixed,2.0,1.0,10.0,2,1,blend,obs,0.6046666666666667,0.8847308790199392,0.9870276226344388,0.9938780951244401,0.7850717389353932,0.9578865674355319,0.8937483684701895,0.9481574736701485,0.997078283363042,0.9930975395462095,0.8828626878228745,0.9874598965301054,0.9569470799885895,0.9140422189599611,0.8769969887829481,0.4296200536285127,44.476745552908085,5.967780968638788,0.7880762980825545,0.17281148333331683,2.239148333241132,0.06847157485464117,9.846601830493906
geo_fixed,2.0,1.0,10.0,3,1,blend,obs,0.5983333333333334,0.8966606166176079,0.9894257630977513,0.9936926226710397,0.8079316280937092,0.9655901910205178,0.9184700670199891,0.9534730804124556,0.997748250565146,0.9972544594026634,0.9004746805967726,0.9901138993725984,0.9691953001997113,0.9197734415298454,0.8883389205178378,0.4645804596657844,26.936182414435557,5.159307857064349,0.78480033287486,0.17329515594877287,2.1701399075223686,0.0710063837224326,9.94163385297043
geo_fixed,2.0,1.0,10.0,4,1,blend,obs,0.5976666666666667,0.8997487437534595,0.9902590612444524,0.9964293425515052,0.7827122833292421,0.9565694454015025,0.9029340586933561,0.9321270980146901,0.9950966505595682,0.9917775235825482,0.8864078022898848,0.9877493031206718,0.9613232060972378,0.925091091976593,0.8753565657930512,0.4636328246668644,31.514347483333083,6.4301151736656665,0.7881767492194399,0.17161643700753476,2.2492771216401333,0.055800554470525496,9.874380620100032
geo_fixed,2.0,1.0,10.0,5,1,blend,obs,0.6033333333333334,0.9043881773779125,0.991213601673967,0.998624456632661,0.7966249350121454,0.9623905313025133,0.907344971502306,0.9610693840620159,0.9983398675258328,0.9959690326622014,0.8994006628174693,0.9899198603214929,0.9653974935432778,0.9229970592905363,0.8623773633342928,0.4332598420443421,37.34354469756475,6.803141719922363,0.7850775337759414,0.17513037708595763,2.138084317302867,0.06425200522252818,9.849438814412421
geo_fixed,2.0,1.0,10.0,6,1,blend,obs,0.6173333333333333,0.9010883382537916,0.9905190214327008,0.9969027639825768,0.7920989997538872,0.9604863812541056,0.9006596288161807,0.9484827776734923,0.9970901436344174,0.9931526605973667,0.8816831316228564,0.9863091657880354,0.9565180413677015,0.9173596917812697,0.8910594534073283,0.7550652262127914,9.983689199992243,4.678261704007219,0.779104988674077,0.17341277308726472,2.188714443737709,0.0769616774093069,9.883264404897234
geo_fixed,2.0,1.0,10.0,7,1,blend,obs,0.6053333333333333,0.9020955683731038,0.9907994128824461,0.9939857241936944,0.7740182950418174,0.9532281616190881,0.888634364768567,0.9322029658069678,0.9950127844368072,0.9870520121074039,0.8718922109131221,0.9842258710481084,0.9469206559696894,0.919445302507392,0.870096606551035,0.6069308920946761,18.826305099079107,6.5113642244358605,0.7691977839623765,0.17713930705449532,2.177176126779023,0.09109541230852199,9.889948080521327
geo_fixed,3.0,0.0,10.0,0,1,blend,obs,0.603,0.8922188269282564,0.9888265488460659,0.9979837959816686,0.7414519719977307,0.9367325700208131,0.8647008216080868,0.8868053627847106,0.9861937790887924,0.9679589706480353,0.8254512290922759,0.9693886754859143,0.91416212149373,0.9139920007395009,0.8910019994394671,0.365334552768809,48.04360580788822,5.206748408857838,0.8119761301710497,0.1555789666188678,3.1181404193355813,0.07185648557234829,9.739829918291601
geo_fixed,3.0,0.0,10.0,1,1,blend,obs,0.5963333333333334,0.8769599436426996,0.9856773871338119,0.9980416536413351,0.7308199767075563,0.9329669225930087,0.8583997261535545,0.8732083280382181,0.9831335730526408,0.9607928366379914,0.8180488260977534,0.9678444774167756,0.9091620087808696,0.9251420074605674,0.8856017053188381,0.6230939203767596,14.382973283563743,5.234801874002913,0.8334721915144343,0.1472192823080599,3.2282480229362562,0.025369154841095004,9.816284545749628
geo_fixed,3.0,0.0,10.0,2,1,blend,obs,0.6073333333333333,0.8803185122543016,0.9862902387499944,0.9954445680646528,0.7414656368792716,0.9367643117403853,0.860295564453576,0.8942617582240795,0.9877084632705275,0.9710600977539504,0.8254580449610407,0.9701985654935853,0.9109082954494508,0.9037004599459928,0.8902426195168869,0.29982197018644074,58.20824036269942,5.262778310656296,0.8171373646750991,0.15520502762759167,2.9545019249574067,0.06572886510340888,9.785541525108364
geo_fixed,3.0,0.0,10.0,3,1,blend,obs,0.5943333333333334,0.8931169086555774,0.9889318208668073,0.9968811282439326,0.7454894206281577,0.9385925576425056,0.8762757868125832,0.8867437674870027,0.9863687892014142,0.9755539934371817,0.8357438866849914,0.9728986909808107,0.9303038119873868,0.9247688899082546,0.8898789932517552,0.07770030015983759,135.82612533580377,4.975165610000817,0.8263834323158877,0.152730339332857,3.1321321739043686,0.056145174290366036,9.798882518205605
geo_fixed,3.0,0.0,10.0,4,1,blend,obs,0.5936666666666667,0.8964112674285317,0.9897982084584309,0.9990959747574839,0.7380527681961363,0.9360742157690665,0.8687595196669248,0.901311320130929,0.9896209385327742,0.9785098633185537,0.8258091296132386,0.9707099612292521,0.9217806659720889,0.9053421769946325,0.8953748354419977,0.2224479199581648,53.803610038944704,4.789800625794392,0.8101404442757593,0.1584781774525432,2.9444882515906463,0.06920600481113857,9.79324338033451
geo_fixed,3.0,0.0,10.0,5,1,blend,obs,0.6016666666666667,0.8783386230684638,0.9857670308073401,0.9954473128077658,0.7455467558336333,0.9396464971143258,0.8689783870295196,0.8886794534725371,0.9867587714280831,0.9680614485076889,0.8313931209597734,0.971741384916117,0.9192351911080134,0.9259374735970405,0.8859772288857723,0.1115403972288989,109.49305192459305,5.030030773354213,0.8278612408581463,0.15266298054046792,3.117565422948196,0.06139168555722829,9.775662075282284
geo_fixed,3.0,0.0,10.0,6,1,blend,obs,0.6143333333333333,0.8769892805878752,0.9854824926593717,0.9969543146487493,0.7456683482085398,0.9397903871428176,0.865653995044991,0.9012676064144141,0.989489710840638,0.9766988285813027,0.8228352261111422,0.9696241753740874,0.9163233809264827,0.900960416370359,0.907408774338375,0.7322529151255935,16.458928982773323,4.278238246429458,0.8037349385724958,0.15741788869456172,2.8122073269301335,0.08503612394315135,9.789153140995195
geo_fixed,3.0,0.0,10.0,7,1,blend,obs,0.6016666666666667,0.8958647374017281,0.9897802275025472,0.9991099979749452,0.7215200190961615,0.9278863843018467,0.8496374967860413,0.8741148530830418,0.9832436798607096,0.9631039177055036,0.8074766712145011,0.9637731173669318,0.9033383284414686,0.9130892931475165,0.8924029490485821,0.5680679440640919,24.295656144510286,4.8113073782670925,0.8091099804123831,0.16044594213678984,3.0312978107738466,0.07661321042340619,9.796180169812741
geo_fixed,3.0,0.5,10.0,0,1,blend,obs,0.603,0.8959636181710487,0.989326667198898,0.9947077573206734,0.7414519719977307,0.9367325700208131,0.8647008216080868,0.8868053627847106,0.9861937790887924,0.9679589706480353,0.8228203544430203,0.9675026564970467,0.9107096124106745,0.9162042581489902,0.8831421285986119,0.5173768985010279,29.217208508639473,5.165293988107497,0.8104275246586361,0.1601733258509754,2.9681743060097356,0.09402234009459959,9.78033455265851
geo_fixed,3.0,0.5,10.0,1,1,blend,obs,0.5963333333333334,0.8668658148484829,0.9831643643804842,0.9964288699827539,0.7308199767075563,0.9329669225930087,0.8583997261535545,0.8732083280382181,0.9831335730526408,0.9607928366379914,0.8216691788642294,0.9682646580269958,0.9122057320397179,0.9317541297018752,0.8771899974422522,0.6417717587411137,12.726469537537577,5.4796548295315395,0.8384000029541021,0.14945010843587536,3.19762454565629,0.03024107469170076,9.793891225097402
geo_fixed,3.0,0.5,10.0,2,1,blend,obs,0.6073333333333333,0.8667621676583388,0.9826692710679336,0.9897188906395915,0.7414656368792716,0.9367643117403853,0.860295564453576,0.8942617582240795,0.9877084632705275,0.9710600977539504,0.8226596047839986,0.9687974102731691,0.9072398000753724,0.8999324395334051,0.8893190788017065,0.5531910095246696,26.70886573279577,4.969444163291146,0.8173025314073046,0.15689198867292237,2.8927138868527744,0.07707553663821845,9.822542270813432
geo_fixed,3.0,0.5,10.0,3,1,blend,obs,0.5943333333333334,0.885899457430116,0.9871790903379043,0.9940269169990474,0.7454894206281577,0.9385925576425056,0.8762757868125832,0.8867437674870027,0.9863687892014142,0.9755539934371817,0.8296764563737193,0.9706107982596054,0.9259784893630176,0.9210686411784644,0.8919547344379333,0.19847655725211963,76.11218920608363,4.550103664570405,0.8225812026391865,0.15514293600574208,2.9345492240035904,0.0640294468060124,9.793740640077383
geo_fixed,3.0,0.5,10.0,4,1,blend,obs,0.5936666666666667,0.8883534392797976,0.9879754359940509,0.9963115754803167,0.7380527681961363,0.9360742157690665,0.8687595196669248,0.901311320130929,0.9896209385327742,0.9785098633185537,0.8280883393916898,0.970834577885294,0.921753371254497,0.9080023200900231,0.8862851554036308,0.3008838181862218,43.83185322011889,5.054685186804447,0.8152223428505891,0.15823475693324585,2.8978534573838206,0.07607433224708222,9.808271750828464
geo_fixed,3.0,0.5,10.0,5,1,blend,obs,0.6016666666666667,0.886122137457381,0.987549974974831,0.9966674870976621,0.7455467558336333,0.9396464971143258,0.8689783870295196,0.8886794534725371,0.9867587714280831,0.9680614485076889,0.8299912882611553,0.9707539233408774,0.9184413280165253,0.9274289478146337,0.8835771635082248,0.19947073476460705,73.70118110250836,4.810563646818865,0.8199290673280867,0.1578581192501576,3.006176498414914,0.08502384262012626,9.777005145153197
geo_fixed,3.0,0.5,10.0,6,1,blend,obs,0.6143333333333333,0.8811164110699748,0.9864399597746918,0.996809937704464,0.7456683482085398,0.9397903871428176,0.865653995044991,0.9012676064144141,0.989489710840638,0.9766988285813027,0.8274282823683796,0.9703493657504331,0.9188064985385804,0.9080134384281549,0.8959549243940494,0.6750572907289064,20.226516085856776,4.489481364287525,0.8116503802610358,0.15839845255187715,2.890941346762487,0.09218804926775544,9.768408426780827
geo_fixed,3.0,0.5,10.0,7,1,blend,obs,0.6016666666666667,0.8913309006510198,0.988838365358863,0.9975622685159202,0.7215200190961615,0.9278863843018467,0.8496374967860413,0.8741148530830418,0.9832436798607096,0.9631039177055036,0.8102527213324595,0.9644590400385609,0.9052439151250269,0.9168625948178283,0.887293823169305,0.5317512929408688,26.44442196840917,4.959445882004054,0.8091377971464668,0.1611608234022532,3.075771829617629,0.09223317898454786,9.8148841152997
geo_fixed,3.0,1.0,10.0,0,1,blend,obs,0.603,0.9021596276091031,0.9904410384554304,0.994197673811642,0.7414519719977307,0.9367325700208131,0.8647008216080868,0.8868053627847106,0.9861937790887924,0.9679589706480353,0.8266379613819776,0.9689060743113903,0.9147960420803296,0.9199649925159834,0.88173261742964,0.46262752484318065,35.21811690691737,5.279858753568565,0.820562501421431,0.1550246201424148,3.0998094495657074,0.06976607354184453,9.880765809201574
geo_fixed,3.0,1.0,10.0,1,1,blend,obs,0.5963333333333334,0.8855904836741555,0.9873896756823489,0.9953264699831222,0.7308199767075563,0.9329669225930087,0.8583997261535545,0.8732083280382181,0.9831335730526408,0.9607928366379914,0.8210285596855534,0.967888798264856,0.9098338725571482,0.9303362584131182,0.8741650912467115,0.6314007364901322,13.106438022920424,5.713791384426796,0.8344292744125377,0.15142525533256676,3.128426610643627,0.06351010311866148,9.89694617865145
geo_fixed,3.0,1.0,10.0,2,1,blend,obs,0.6073333333333333,0.8903976924030281,0.9881507464047,0.9908808723556132,0.7414656368792716,0.9367643117403853,0.860295564453576,0.8942617582240795,0.9877084632705275,0.9710600977539504,0.8299470629696233,0.9709126429274464,0.9148078900427271,0.9105975947575583,0.8839132486186217,0.6602896958140904,16.81069787566545,5.241564016476704,0.8200355865585496,0.157149771333176,2.9938102946926564,0.0839307358147754,9.86146420367212
geo_fixed,3.0,1.0,10.0,3,1,blend,obs,0.5943333333333334,0.8973295430377435,0.9895519167643024,0.994726584692061,0.7454894206281577,0.9385925576425056,0.8762757868125832,0.8867437674870027,0.9863687892014142,0.9755539934371817,0.8316537323538962,0.9711381027233476,0.9289616440428148,0.9253819755818894,0.8899384452487027,0.23109854627019655,68.5682739378759,4.6387528183943765,0.8201995381377392,0.1579531869287341,2.92494362348459,0.07639541195738515,9.943597426277208
geo_fixed,3.0,1.0,10.0,4,1,blend,obs,0.5936666666666667,0.8989160498607593,0.990119514447951,0.9972906841968681,0.7380527681961363,0.9360742157690665,0.8687595196669248,0.901311320130929,0.9896209385327742,0.9785098633185537,0.8286431518735174,0.9709241370586997,0.9245380702738866,0.9110749402753174,0.8883494741732798,0.2924902043698904,43.7241072363328,4.764708959033036,0.8193422596277634,0.15675004116823787,2.9591997600104034,0.062022008118622664,9.88620925189872
geo_fixed,3.0,1.0,10.0,5,1,blend,obs,0.6016666666666667,0.9029797220853671,0.9909599720016962,0.9986165898573747,0.7455467558336333,0.9396464971143258,0.8689783870295196,0.8886794534725371,0.9867587714280831,0.9680614485076889,0.8311432438116781,0.9709730692951235,0.9205092422044896,0.9302658110979946,0.8822643456721468,0.2291642593084444,65.57388744913489,4.7205313333485,0.8249251845756209,0.15649985422086846,3.0497804038655496,0.07205438608591279,9.860727488309955
geo_fixed,3.0,1.0,10.0,6,1,blend,obs,0.6143333333333333,0.898958550073544,0.9900573031639761,0.9961634210544695,0.7456683482085398,0.9397903871428176,0.865653995044991,0.9012676064144141,0.989489710840638,0.9766988285813027,0.8321991375881196,0.9715362020625495,0.92408658861307,0.9157115684646988,0.8898004110811875,0.7110894037113289,16.922635454507702,4.628193487710125,0.8177886755041734,0.15739113068450486,2.9308420060496743,0.08948666359916972,9.862282444649578
geo_fixed,3.0,1.0,10.0,7,1,blend,obs,0.6016666666666667,0.9029237531248367,0.990910433713298,0.9928568322945317,0.7215200190961615,0.9278863843018467,0.8496374967860413,0.8741148530830418,0.9832436798607096,0.9631039177055036,0.8089457596706106,0.9636799514560422,0.9057572289399735,0.9182233378779702,0.887964784632783,0.5883212729047896,21.604630547747295,4.713397760214642,0.8102562616627453,0.1601498658965323,2.997478551647738,0.1012783004394545,9.886604058748585
geo_fixed,4.0,0.0,10.0,0,1,blend,obs,0.6053333333333333,0.8914254874685525,0.9886928494306699,0.9981224712204894,0.7133100643170126,0.9218419586366273,0.8433927254285128,0.8408991395793164,0.9732512944131324,0.9404076579088233,0.784714862462967,0.9533955809159633,0.8871718542635203,0.9227800740471829,0.904749892885314,0.7027786038542094,14.995125954621995,4.369297757785721,0.8323863424961304,0.14470094250361232,3.8006805067359783,0.058785495062164426,9.765685071168763
geo_fixed,4.0,0.0,10.0,1,1,blend,obs,0.599,0.8823840886890781,0.9869345085784588,0.9973284110080962,0.7086969451584251,0.9210921041754973,0.844506288041792,0.8410005818861774,0.9737415836446568,0.9442270275623925,0.7827930872633445,0.9539371436126639,0.8828206331365233,0.9201160494947087,0.8970706368994431,0.6378034302654715,24.17138176213103,4.838247175660665,0.8422481636753969,0.14109064035000413,3.63948380849962,0.05305150657132114,9.846052450632344
geo_fixed,4.0,0.0,10.0,2,1,blend,obs,0.601,0.8688667513553964,0.9836468763853473,0.994444938784706,0.7108968772851345,0.9217597764492446,0.8331694479757035,0.851343605078591,0.9766696211982112,0.9461029557018421,0.7864414193249359,0.9560937066856033,0.882028771162506,0.9105349264623153,0.9064599503713122,0.012338841600096052,380.35987577628936,4.176194933717929,0.8312781398865995,0.1458455476421369,3.6626231084319967,0.08211763657020213,9.827334940432415
geo_fixed,4.0,0.0,10.0,3,1,blend,obs,0.5993333333333334,0.8810143586277025,0.9862967388746466,0.9946671733081031,0.7386707190749287,0.9346706789398886,0.8678180880842293,0.8754520701966486,0.983191817079291,0.9693473059107836,0.8050131473375509,0.9614694014681701,0.9092695632811367,0.9061634844633017,0.9106103723109825,0.7047291874602298,21.749491780519204,4.070685614344408,0.8235349778548544,0.14962004979235266,3.2999960933353067,0.07614161224448882,9.831248062064363
geo_fixed,4.0,0.0,10.0,4,1,blend,obs,0.6013333333333334,0.8942165533217213,0.9893791934277512,0.9992655642076254,0.7132430269527754,0.9227665100069653,0.850761246335476,0.8567869710540431,0.9784032167429594,0.95692831953939,0.7845669061304702,0.95441085552297,0.8929402481259865,0.9072462969478092,0.9092250859083197,0.12371044506221512,111.7133054369525,3.9549855258319457,0.8249961531045837,0.1487984937097386,3.4047303928623744,0.07719366548627694,9.771638115341613
geo_fixed,4.0,0.0,10.0,5,1,blend,obs,0.6063333333333333,0.8923720092895988,0.9888774458695151,0.9977276112803117,0.7268620173508902,0.9300249951883434,0.8567329485459545,0.8834216637090271,0.9852896984419492,0.9664502973395066,0.8020826430794453,0.9614865524659073,0.9008155266936348,0.896769845453944,0.9026028069827537,0.7345057927731412,12.189781547547454,4.467395930996216,0.8175933869555482,0.15139329595915244,3.2909312089064304,0.10598292655626151,9.721234070021778
geo_fixed,4.0,0.0,10.0,6,1,blend,obs,0.615,0.8790373090711071,0.9858343403321693,0.995559512693782,0.7214317268074452,0.9273959381087734,0.8489314328534987,0.8778786317241433,0.9842446645873109,0.9693075482067033,0.7972146928241028,0.9596743312062878,0.8996660458998353,0.8965871115106938,0.9080355558800648,0.5678580882452607,31.140032191301742,4.1148067364908,0.8320817935452083,0.14376694191016703,3.4650399440773603,0.08616280112809548,9.821981125977505
geo_fixed,4.0,0.0,10.0,7,1,blend,obs,0.6006666666666667,0.8797116299561887,0.9860139454959841,0.9960795782182,0.6903373195377589,0.9106082726057474,0.82581298436575,0.8245734396796349,0.9682939003382414,0.9360888915481493,0.7688572678262744,0.9474037459155169,0.8751864635196193,0.9229397290777791,0.8975521689136305,0.5710124408033218,27.715968405371733,4.409082684381558,0.8526192377603072,0.13904448448975493,3.9644638841028477,0.0423094838898344,9.780606391526602
geo_fixed,4.0,0.5,10.0,0,1,blend,obs,0.6053333333333333,0.8919968330443674,0.9888033779197016,0.9982443522996339,0.7133100643170126,0.9218419586366273,0.8433927254285128,0.8408991395793164,0.9732512944131324,0.9404076579088233,0.7848955520499037,0.9529130141129653,0.886503421935945,0.9268296171776809,0.8978367916134066,0.6621439843225259,14.492694573300941,4.420387939663003,0.8364500238123587,0.14607376715300274,3.791047946509524,0.07469205947856677,9.785086582255154
geo_fixed,4.0,0.5,10.0,1,1,blend,obs,0.599,0.8757916149170273,0.9852510280595428,0.9956467410528991,0.7086969451584251,0.9210921041754973,0.844506288041792,0.8410005818861774,0.9737415836446568,0.9442270275623925,0.7861834391381535,0.9545954426949677,0.8861953761366964,0.9267431249951491,0.8889345229713953,0.6123843830992636,25.10375752191904,5.077237330076424,0.8486925886915062,0.13992990580581666,3.699107767106208,0.04964698266979352,9.81090469837429
geo_fixed,4.0,0.5,10.0,2,1,blend,obs,0.601,0.8621950664924247,0.9817291706827059,0.9921057939251607,0.7108968772851345,0.9217597764492446,0.8331694479757035,0.851343605078591,0.9766696211982112,0.9461029557018421,0.7885753089536236,0.9559382306385447,0.880770537636979,0.9144494667384808,0.8957086781209609,0.17694048897194653,89.49854564943271,4.465444300386774,0.8376362425753793,0.14663259191572248,3.6333778121337703,0.08518824635274293,9.828779747407697
geo_fixed,4.0,0.5,10.0,3,1,blend,obs,0.5993333333333334,0.8855277127600495,0.9873629948260777,0.9951506653311167,0.7386707190749287,0.9346706789398886,0.8678180880842293,0.8754520701966486,0.983191817079291,0.9693473059107836,0.8103272582820701,0.9630057331422365,0.9154306768147366,0.9162753870265743,0.9010754624280537,0.6922851902500585,21.966932572862174,4.338682293471254,0.8291684326641361,0.15142858155280484,3.3964253232041006,0.07244234748813491,9.840837411818198
geo_fixed,4.0,0.5,10.0,4,1,blend,obs,0.6013333333333334,0.8923955527760279,0.9889333597496968,0.9984830597913962,0.7132430269527754,0.9227665100069653,0.850761246335476,0.8567869710540431,0.9784032167429594,0.95692831953939,0.7920717940471123,0.9566761692133572,0.8983575906819079,0.9180344505830863,0.8938571720120567,0.10910911093422032,119.4947397836546,4.489705066202466,0.8376992506433121,0.14793800535130947,3.5497157724276005,0.07323586382037903,9.795651777326631
geo_fixed,4.0,0.5,10.0,5,1,blend,obs,0.6063333333333333,0.8880782496470546,0.988123653258773,0.9978460572336233,0.7268620173508902,0.9300249951883434,0.8567329485459545,0.8834216637090271,0.9852896984419492,0.9664502973395066,0.8066580012084834,0.9628383912270972,0.903802663149914,0.9026439696956803,0.8943751213226665,0.6609248636289365,15.566352211926404,4.7014384765147295,0.8250825443537706,0.15120129594669313,3.466149800836441,0.11469011610070559,9.749910490704425
geo_fixed,4.0,0.5,10.0,6,1,blend,obs,0.615,0.8831257477654941,0.986853595406847,0.9968995358074086,0.7214317268074452,0.9273959381087734,0.8489314328534987,0.8778786317241433,0.9842446645873109,0.9693075482067033,0.8043175718532289,0.961640225023724,0.9064242335913456,0.9074283005351644,0.8951266456089926,0.531468189825742,33.26744550668697,4.488590441451012,0.8390051502246625,0.1459618556894628,3.5840682049307198,0.09204042939985875,9.824001641052906
geo_fixed,4.0,0.5,10.0,7,1,blend,obs,0.6006666666666667,0.8771495437283895,0.9855833125740447,0.9964853286086335,0.6903373195377589,0.9106082726057474,0.82581298436575,0.8245734396796349,0.9682939003382414,0.9360888915481493,0.769604448818554,0.947375939163444,0.875414071370995,0.9253569664459553,0.8934057861367667,0.5777542889680816,23.11806409443112,4.637339085736194,0.8424862747568553,0.14574284390340309,3.794158403147061,0.07305838075099233,9.837423599526982
geo_fixed,4.0,1.0,10.0,0,1,blend,obs,0.6053333333333333,0.9028497312722367,0.9905253618635056,0.9939542822938698,0.7133100643170126,0.9218419586366273,0.8433927254285128,0.8408991395793164,0.9732512944131324,0.9404076579088233,0.7847850747979035,0.9526261689819273,0.8865454142520166,0.9275327335287145,0.8952276655894251,0.6515270446606378,15.2135954165961,4.469744562321538,0.843188177163948,0.14222681072740698,3.804410395492565,0.07323484901950725,9.897402510928709
geo_fixed,4.0,1.0,10.0,1,1,blend,obs,0.599,0.8886618838734499,0.9880774096618676,0.9957928187315641,0.7086969451584251,0.9210921041754973,0.844506288041792,0.8410005818861774,0.9737415836446568,0.9442270275623925,0.787992444850155,0.9549668356825625,0.8887947204015938,0.9311746282820654,0.8847888596735771,0.6109112281777068,24.97638187803312,5.131630457484119,0.852381890756322,0.14084056664295758,3.7163924457140447,0.06174339587780165,9.908411099408001
geo_fixed,4.0,1.0,10.0,2,1,blend,obs,0.601,0.8848396716543598,0.9869676811526683,0.9925136194784849,0.7108968772851345,0.9217597764492446,0.8331694479757035,0.851343605078591,0.9766696211982112,0.9461029557018421,0.7927835595190516,0.9572545354960992,0.887449055597466,0.9226285650437234,0.8924707409075011,0.6551584690066046,20.193870404124834,4.419320681123498,0.8425982686425807,0.1455875005729142,3.713160726846994,0.08262848002864542,9.88172528330259
geo_fixed,4.0,1.0,10.0,3,1,blend,obs,0.5993333333333334,0.9003523814955621,0.990151648778311,0.993995044466631,0.7386707190749287,0.9346706789398886,0.8678180880842293,0.8754520701966486,0.983191817079291,0.9693473059107836,0.8116712422308953,0.9634126666841556,0.9167315762891965,0.9185467003980569,0.8989870621205297,0.6818982565593859,22.576860957710203,4.348502703418861,0.8362677424907321,0.1483433469263467,3.4748444445177156,0.0808286853199961,9.927420725438063
geo_fixed,4.0,1.0,10.0,4,1,blend,obs,0.6013333333333334,0.900611068838683,0.9903464640121871,0.9962437745027447,0.7132430269527754,0.9227665100069653,0.850761246335476,0.8567869710540431,0.9784032167429594,0.95692831953939,0.7916319801789377,0.9563563705384605,0.9003993040858641,0.920426661184851,0.8944931933447362,0.14484362413525598,101.18324758840247,4.29632388475022,0.8416031542688488,0.14495118773906443,3.534147167357987,0.07004329056396838,9.890199869430244
geo_fixed,4.0,1.0,10.0,5,1,blend,obs,0.6063333333333333,0.9048948396359611,0.9913194392319244,0.9985493427323617,0.7268620173508902,0.9300249951883434,0.8567329485459545,0.8834216637090271,0.9852896984419492,0.9664502973395066,0.8131021258401967,0.9643357833283526,0.909807037519399,0.9153457640833849,0.8807010117120032,0.6854327032960624,13.588965816135767,5.262392981446684,0.8423185222873247,0.14647413679742122,3.519450425169189,0.07442145920793133,9.859126518860206
geo_fixed,4.0,1.0,10.0,6,1,blend,obs,0.615,0.8985114041493488,0.9899822654961974,0.9966127504041961,0.7214317268074452,0.9273959381087734,0.8489314328534987,0.8778786317241433,0.9842446645873109,0.9693075482067033,0.802687784110282,0.9608574203497315,0.9065795045542976,0.9071401204148521,0.8957867675825972,0.6136279831621246,26.34581624066107,4.22713165515315,0.8396574338037753,0.14542971625466847,3.5209947200617884,0.09003582153905715,9.854193375030777
geo_fixed,4.0,1.0,10.0,7,1,blend,obs,0.6006666666666667,0.903267955040335,0.9909837221173933,0.9927041275146737,0.6903373195377589,0.9106082726057474,0.82581298436575,0.8245734396796349,0.9682939003382414,0.9360888915481493,0.7670436788127212,0.9461484599671826,0.8780807017387668,0.927391348992511,0.897726665315751,0.6905527819211722,16.625801758139158,4.180700220266715,0.8303433951146842,0.14967252596629557,3.609461931332081,0.108827585509523,9.886888021873563
mixture_HQ,0.0,0.0,10.0,0,1,mixture,obs,0.6006666666666667,0.8896698195918868,0.9883353980741326,0.9981188442537691,0.9728823252314684,0.9994180918355996,0.9983071326718727,0.97420087639397,0.9994741914564158,0.9984503101015287,0.9216523570071615,0.994132022370366,0.9993366165246377,0.9122836289350622,0.9113999303334449,0.7744886907657477,17.557199119339693,3.9837240999029557,0.6584559170945286,0.21850978798606888,-0.016819722168906998,0.010857909559232796,9.795641216978364
mixture_HQ,0.0,0.0,10.0,1,1,mixture,obs,0.607,0.897738524093994,0.9899633906384322,0.9977452109710142,0.9891230099302589,0.9998875528308047,0.9996170359743951,0.9889200718830604,0.9998810831489346,0.9995943344059954,0.9230407403317816,0.9943000478596804,0.9987803092816339,0.9223088956914741,0.9223432884674452,0.32239825012955425,54.44749364237142,3.8044899524994182,0.6460500643002499,0.22033785037472603,0.07120574714050762,-0.028137627325423853,9.814539588873531
mixture_HQ,0.0,0.0,10.0,2,1,mixture,obs,0.604,0.8805617856329953,0.9864087375145738,0.9986585643485582,0.9847202391868802,0.9997578713966392,0.9993735270080544,0.9845980859854843,0.9997540051018006,0.9993395863701757,0.9182039677801582,0.9935359186133991,0.9986635876825922,0.9273231206310584,0.9276376593990725,0.9146289120227913,4.70870390658583,3.596025652823745,0.6374574014612646,0.2201743639363436,0.0009670685942742658,-0.004532873196805874,9.836192930557528
mixture_HQ,0.0,0.0,10.0,3,1,mixture,obs,0.597,0.8845592605938414,0.9872255466263852,0.9979630146288785,0.9887466217165153,0.9998752398818039,0.9996122753230378,0.9879071291406991,0.9998555383066213,0.9995386813819522,0.920346714738363,0.9938987772019431,0.9984487483334713,0.9252767802209751,0.9253471307212877,0.8515332971444362,10.437640728090463,3.8421090280506514,0.6421947528285671,0.22285926507749615,-0.025158759140154446,0.023582589985957306,9.842774794893886
mixture_HQ,0.0,0.0,10.0,4,1,mixture,obs,0.5966666666666667,0.895465965562143,0.9895891083357923,0.9982774127159061,0.9809392140756624,0.9996727504611786,0.9989809319974131,0.981205146506953,0.999682359024386,0.999011352682274,0.931189029153312,0.9954958468553725,0.9989770638264306,0.9252382238234298,0.925138216166035,0.9255327171482857,4.398224277397955,3.6597875139519367,0.6392938270464934,0.22265333607693447,-0.1448687123695754,0.008046434446076388,9.802886723002775
mixture_HQ,0.0,0.0,10.0,5,1,mixture,obs,0.5986666666666667,0.8968680281368768,0.989749141762714,0.9979906580901481,0.9829642627547065,0.9997492948660919,0.999273657476509,0.9832035453666608,0.9997562401531455,0.9992909512787966,0.925109477419021,0.9946326586603582,0.9993902898380991,0.9307004370770829,0.9309421971619765,0.9368837107808503,5.333932644342791,3.561473876865135,0.6228720245802781,0.2254777615797002,-0.050674783251926904,0.0033252568001060135,9.824206391255654
mixture_HQ,0.0,0.0,10.0,6,1,mixture,obs,0.6106666666666667,0.8887910489718817,0.9883166558483202,0.9996575226420898,0.9829370641291231,0.9997104334431279,0.9991613295382576,0.9835140082465039,0.9997264006630902,0.9991821826862731,0.9258340208712379,0.994822899400275,0.9999636973909778,0.9318062083013666,0.9324543813669319,0.9327015661979696,5.611134825973627,3.514261579184161,0.6343488757701741,0.22004483150957496,-0.08166279064234766,0.0023443140194252306,9.867340729167344
mixture_HQ,0.0,0.0,10.0,7,1,mixture,obs,0.5916666666666667,0.8960796071440907,0.9898228607247758,0.9992246405222506,0.9871121156529241,0.9998518800612207,0.9996827716631818,0.9867757904916238,0.9998425245042902,0.999669018567057,0.9188045658576087,0.9937688935098382,0.9986570623508466,0.9123219498678495,0.9126871082746524,0.8002774859355232,13.305698957779816,4.467614165860047,0.6538826099453866,0.2210009473217203,-0.04260730658311225,0.0020775955623815773,9.83529047650286
mixture_HQ,0.0,0.5,10.0,0,1,mixture,obs,0.6006666666666667,0.8500352530095301,0.9796629968712902,0.9639863644913466,0.9728823252314684,0.9994180918355996,0.9983071326718727,0.97420087639397,0.9994741914564158,0.9984503101015287,0.8937198899890186,0.9897555809650626,0.9830322940665261,0.8851869992675204,0.8844972314619404,0.8188112452704435,8.770189636330912,5.275412372176439,0.703167876909166,0.20761650073281177,-0.6309899722222753,0.34009614105431146,9.85995039477825
mixture_HQ,0.0,0.5,10.0,1,1,mixture,obs,0.607,0.856191229270741,0.981307095508691,0.9714233787799144,0.9891230099302589,0.9998875528308047,0.9996170359743951,0.9889200718830604,0.9998810831489346,0.9995943344059954,0.8894367179076466,0.9888972021314312,0.9840264557499335,0.8831210558026754,0.8831920998448692,0.6378359133943174,21.99302701844058,5.445409041277763,0.704485507175498,0.20588083448641328,-0.6665677511846941,0.3257617039293409,9.841417989597007
mixture_HQ,0.0,0.5,10.0,2,1,mixture,obs,0.604,0.8311802708022586,0.9744352607735554,0.9611073350210397,0.9847202391868802,0.9997578713966392,0.9993735270080544,0.9845980859854843,0.9997540051018006,0.9993395863701757,0.900050798112822,0.991015412150492,0.9891112610886841,0.9027191624923128,0.903183282078836,0.7711432477316074,11.490364509597963,4.303706643939155,0.7002507599913781,0.20390198666902434,-0.6229866216930326,0.31835422029848154,9.879661968817988
mixture_HQ,0.0,0.5,10.0,3,1,mixture,obs,0.597,0.8409255287583047,0.9771678656368411,0.9600510736499613,0.9887466217165153,0.9998752398818039,0.9996122753230378,0.9879071291406991,0.9998555383066213,0.9995386813819522,0.8939171683111261,0.9896721809059956,0.983356102500076,0.8923782618500931,0.892600339865093,0.8146843166780839,9.371010350907852,4.78036431312475,0.7044089115737682,0.20615922035226117,-0.7044409120469531,0.36479850170763206,9.882132942048097
mixture_HQ,0.0,0.5,10.0,4,1,mixture,obs,0.5966666666666667,0.8453707463454372,0.9781452669197637,0.9565065439936261,0.9809392140756624,0.9996727504611786,0.9989809319974131,0.981205146506953,0.999682359024386,0.999011352682274,0.8864727545998019,0.9882143893414898,0.9734911910189017,0.8761760514952455,0.8760392227906282,0.714502788809008,10.684315986751502,5.928115195629963,0.7166588946858119,0.20280322951989174,-0.7351445272464465,0.33342630320076094,9.85515706824202
mixture_HQ,0.0,0.5,10.0,5,1,mixture,obs,0.5986666666666667,0.8498431898327841,0.9796464303271941,0.964158029735234,0.9829642627547065,0.9997492948660919,0.999273657476509,0.9832035453666608,0.9997562401531455,0.9992909512787966,0.8799780804964789,0.9868984902986654,0.9750958252374203,0.8757772472913361,0.8758460323691402,0.7684626124209628,8.900280158129629,5.853501404247424,0.7079642191211182,0.2061866172439874,-0.7190737911574361,0.3425681441170086,9.88818860867348
mixture_HQ,0.0,0.5,10.0,6,1,mixture,obs,0.6106666666666667,0.8442201222419653,0.9779689589424062,0.9660111736928157,0.9829370641291231,0.9997104334431279,0.9991613295382576,0.9835140082465039,0.9997264006630902,0.9991821826862731,0.8919903582748532,0.9892892653573405,0.9813263716760847,0.8913541623120163,0.8915761128644901,0.8085107382681855,8.961299245559566,4.895972079184246,0.7086101535861697,0.20384190755683357,-0.6631823674154993,0.3000158461277565,9.92035926317892
mixture_HQ,0.0,0.5,10.0,7,1,mixture,obs,0.5916666666666667,0.8475202839484826,0.978870788842893,0.957647953476178,0.9871121156529241,0.9998518800612207,0.9996827716631818,0.9867757904916238,0.9998425245042902,0.999669018567057,0.8797740381234741,0.9871417114969973,0.9737556192514982,0.8779847401422838,0.8783869348443085,0.34303005644815177,54.21723379511298,5.756004913493045,0.7087728657660247,0.20615022128382648,-0.5865178900334798,0.2911344149505305,9.890285478481166
mixture_HQ,0.0,1.0,10.0,0,1,mixture,obs,0.6006666666666667,0.784873920360152,0.9602527720971711,0.8561268588476686,0.9728823252314684,0.9994180918355996,0.9983071326718727,0.97420087639397,0.9994741914564158,0.9984503101015287,0.8388450656746509,0.9786577320567991,0.9252081738658744,0.8365399795317353,0.83634277573909,0.7195386579428668,7.645349444803513,6.836021037311804,0.804009271834856,0.17406197598912385,-2.129017145195925,0.6551222687522709,9.915105983662096
mixture_HQ,0.0,1.0,10.0,1,1,mixture,obs,0.607,0.7962773472781405,0.9640825663885066,0.8772112153776054,0.9891230099302589,0.9998875528308047,0.9996170359743951,0.9889200718830604,0.9998810831489346,0.9995943344059954,0.8459981276455488,0.9799832365548634,0.932861891624526,0.8383833950863635,0.83840558395245,0.6611847316684467,12.454986045459089,6.347661573486931,0.8077932554836865,0.17198848043177242,-2.2759398978317593,0.6371537291675469,9.894705982493187
mixture_HQ,0.0,1.0,10.0,2,1,mixture,obs,0.604,0.7763785783865381,0.9569422531072366,0.8485382780264962,0.9847202391868802,0.9997578713966392,0.9993735270080544,0.9845980859854843,0.9997540051018006,0.9993395863701757,0.847440526007657,0.9805207525120581,0.9357990672507558,0.8432512697312942,0.8437315371775277,0.5661155299337355,15.938609849095121,5.951189479053966,0.8134453437985447,0.1685437134574368,-2.035082656759836,0.6462401283433913,9.91478572333175
mixture_HQ,0.0,1.0,10.0,3,1,mixture,obs,0.597,0.7904749314995888,0.961862903005328,0.8665791978411931,0.9887466217165153,0.9998752398818039,0.9996122753230378,0.9879071291406991,0.9998555383066213,0.9995386813819522,0.843422800030741,0.9795434008690748,0.9302156279178573,0.8380496132279898,0.8382617832036479,0.6439494807959982,15.240464570954117,6.34172859778911,0.8060489008778845,0.17385178676078597,-1.899940748028439,0.6556030534382139,9.937916225237682
mixture_HQ,0.0,1.0,10.0,4,1,mixture,obs,0.5966666666666667,0.7819669742196216,0.9587129839710438,0.8501299414269522,0.9809392140756624,0.9996727504611786,0.9989809319974131,0.981205146506953,0.999682359024386,0.999011352682274,0.825840642532437,0.974274307432651,0.909670541418765,0.8149311913078754,0.8148001564266909,0.503917831256437,19.08355794009409,7.998661061060287,0.8227328131492683,0.16630886769581862,-2.135440985674554,0.6385941981595727,9.913419676723704
mixture_HQ,0.0,1.0,10.0,5,1,mixture,obs,0.5986666666666667,0.7912910577124487,0.9624143739354798,0.8667604603672664,0.9829642627547065,0.9997492948660919,0.999273657476509,0.9832035453666608,0.9997562401531455,0.9992909512787966,0.8302496063302683,0.9753700843282073,0.9155487579768925,0.8210566540875561,0.8210074533827648,0.6609504445086719,8.780826069227645,7.403815261938792,0.8133465193971099,0.1702550350588839,-2.194700582247762,0.6434148182625545,9.921399340493329
mixture_HQ,0.0,1.0,10.0,6,1,mixture,obs,0.6106666666666667,0.7821349917922712,0.9588426171198543,0.8533122379770751,0.9829370641291231,0.9997104334431279,0.9991613295382576,0.9835140082465039,0.9997264006630902,0.9991821826862731,0.8366479084941353,0.9774062931899048,0.9228895226067289,0.8312532209809839,0.8311536276654771,0.7020401637026941,10.73261824823894,6.308650723135434,0.818327011799366,0.1677419250997832,-2.3191667331296046,0.6395406240549981,9.925377332786637
mixture_HQ,0.0,1.0,10.0,7,1,mixture,obs,0.5916666666666667,0.7705674656861892,0.9548599360766098,0.8271708811495051,0.9871121156529241,0.9998518800612207,0.9996827716631818,0.9867757904916238,0.9998425245042902,0.999669018567057,0.8185154420498028,0.972961365684391,0.9042948064979283,0.8210475198008126,0.8213245368693202,0.25420406719955074,60.8351812536273,7.515695082619858,0.8131387180224202,0.17088524954316714,-1.9894911993474433,0.6392647274480605,9.934885109200197
mixture_HQ,1.0,0.0,10.0,0,1,mixture,obs,0.602,0.8871069723000037,0.9878113386490199,0.998109040344214,0.8609875148180935,0.9826292022197366,0.9531505181532296,0.9511248844004921,0.9977714278201765,0.9948876021669582,0.9258776203356015,0.9950477098242585,0.9854976916833367,0.9288434671298568,0.8920652553552069,0.2602532450061326,68.85610826855925,5.387478916268399,0.7248759949618895,0.19423467020438429,1.377213106965708,0.0165314154818829,9.784884425708103
mixture_HQ,1.0,0.0,10.0,1,1,mixture,obs,0.596,0.8853413440721988,0.9874948696143906,0.9986537871590576,0.8550036863927082,0.9817590338843132,0.9483408062547163,0.9683410024013215,0.998979280809313,0.997824965595026,0.9278206420813799,0.9956115402068766,0.9887990716090951,0.9319966021013164,0.8895301123679226,0.35625985227597406,43.071110584045265,5.607120457665905,0.7315902311707682,0.1943859208276684,1.373352193096907,0.023930741781659777,9.806820222456903
mixture_HQ,1.0,0.0,10.0,2,1,mixture,obs,0.6066666666666667,0.8824543299735658,0.986783370646798,0.9982085261217437,0.8672693724652203,0.9847215708296881,0.9531925648044186,0.9892360136984494,0.9998719944027984,0.9996787469835148,0.9263679964476896,0.9953706043015536,0.9891312164612864,0.9275120334201948,0.9023246252700868,0.6775839111164706,19.13518170557221,4.4983597044466865,0.7243236636245111,0.19580494566978474,1.2989029156111367,0.015130347247912557,9.774214784187132
mixture_HQ,1.0,0.0,10.0,3,1,mixture,obs,0.5996666666666667,0.8873001155964199,0.9878481169259578,0.9981572275038257,0.8698536938764874,0.98500070588875,0.9590156677765133,0.97789777505029,0.999554988148169,0.9995947169505135,0.9391202834231365,0.9969329969607597,0.9914963677963201,0.9301409450790323,0.9030012727159723,0.8017396832912485,11.08462823429762,4.775940809310216,0.7087469724830937,0.19988951202953656,1.1524357850050304,0.05602940842355881,9.805001042590858
mixture_HQ,1.0,0.0,10.0,4,1,mixture,obs,0.598,0.890435205661749,0.9885950266308405,0.9990238641094573,0.8709697537990169,0.9855757195366908,0.958379154485852,0.9938068095616386,0.9999626201026206,0.9999533123347046,0.9287970254649884,0.9956473069612326,0.9910606217717618,0.9236163102618018,0.8945821652808733,0.7888856026589258,9.651471471091682,5.36768726528998,0.6970498677182649,0.20334309845372264,1.064003968835169,0.04839678467645012,9.776596200889824
mixture_HQ,1.0,0.0,10.0,5,1,mixture,obs,0.5976666666666667,0.8964345783272106,0.9897096795667557,0.9983264450860714,0.8758499062290206,0.9865070270795078,0.960481485885878,0.9875449804790426,0.9998411132119911,0.9998411092493495,0.9339437642157854,0.9961423238383621,0.99015848450971,0.9274788997311592,0.9010589173143312,0.8004311416923156,11.850589194329563,4.697495084535402,0.700976271988415,0.20505007894399144,1.1371636144769506,0.05750840191206708,9.784590422676569
mixture_HQ,1.0,0.0,10.0,6,1,mixture,obs,0.6103333333333333,0.8862098625851648,0.9877571543686214,0.9990606617476911,0.8783585198390522,0.9874072115604051,0.9607788313062154,0.990144182292201,0.9999195510848663,0.999742502708519,0.9461726941682448,0.9975644669347092,0.9948861634421997,0.9371251409763338,0.9093662650522945,0.6811700231658823,21.755294064107293,4.373757038108851,0.7046776385591927,0.2005189911750447,1.193585552765685,0.008809961462883478,9.823831111088781
mixture_HQ,1.0,0.0,10.0,7,1,mixture,obs,0.6033333333333334,0.8918739028893534,0.9890994956226162,0.9991417073060291,0.850148864252803,0.9801611893795967,0.9442843659878779,0.9598139278210734,0.9982666139924168,0.9960990349159321,0.910835406366606,0.993318027212962,0.9789479744363467,0.9251530289399779,0.9032291126090513,0.7056424339607671,13.905377112971887,4.7568418462172835,0.7097641487534241,0.2000604741319321,1.278190027616776,0.042161432593063486,9.81397692704371
mixture_HQ,1.0,0.5,10.0,0,1,mixture,obs,0.602,0.870494348897897,0.9853055794158154,0.9698736587405662,0.8609875148180935,0.9826292022197366,0.9531505181532296,0.9511248844004921,0.9977714278201765,0.9948876021669582,0.8652852600099528,0.9852775379859098,0.9487394312002497,0.8760196903939208,0.9213012955365486,0.8632560111053675,13.003607033582897,4.004498453211425,0.6404234164547359,0.21748003674539246,0.5431945477360498,0.3611319983977775,9.863992098130433
mixture_HQ,1.0,0.5,10.0,1,1,mixture,obs,0.596,0.8574147164243365,0.9824494411509636,0.96132528288662,0.8550036863927082,0.9817590338843132,0.9483408062547163,0.9683410024013215,0.998979280809313,0.997824965595026,0.8615328508254413,0.9844315351117746,0.9461311321030234,0.8760365415096805,0.9225663588704536,0.8677928481628316,10.031747126048698,3.9298852071948556,0.650230543188547,0.21703429353643697,0.5309163749913043,0.3458495039232252,9.881990506162042
mixture_HQ,1.0,0.5,10.0,2,1,mixture,obs,0.6066666666666667,0.856135665201561,0.9818791997853208,0.9640037018834646,0.8672693724652203,0.9847215708296881,0.9531925648044186,0.9892360136984494,0.9998719944027984,0.9996787469835148,0.8664681571489167,0.9854987036519224,0.9513108817745184,0.8682095567178371,0.9281466047833995,0.12846240471357687,111.2994996804464,3.572542895745529,0.6541863009871485,0.21462030354179223,0.5524393947338115,0.34945436334456786,9.880201420370394
mixture_HQ,1.0,0.5,10.0,3,1,mixture,obs,0.5996666666666667,0.8661341109798835,0.9845785976245869,0.9640215837296815,0.8698536938764874,0.98500070588875,0.9590156677765133,0.97789777505029,0.999554988148169,0.9995947169505135,0.873881319424532,0.9872009494410653,0.9553151408386271,0.8704943819937364,0.9325053677783746,0.9195787796066857,5.013906060371255,3.4414927654601346,0.636324695142412,0.21979971396904882,0.40673649569431064,0.39514655958013034,9.863807076296375
mixture_HQ,1.0,0.5,10.0,4,1,mixture,obs,0.598,0.8545207093195675,0.981738249942805,0.9563956134884195,0.8709697537990169,0.9855757195366908,0.958379154485852,0.9938068095616386,0.9999626201026206,0.9999533123347046,0.8595465646288593,0.9840102868246055,0.945630571151265,0.8544130453523742,0.915156838277265,0.8884056377678243,6.274600366272599,4.170357077753076,0.6584737035742876,0.2163160991784301,0.32084714719302265,0.37982709740183057,9.868099983707527
mixture_HQ,1.0,0.5,10.0,5,1,mixture,obs,0.5976666666666667,0.8636897629807612,0.9838857664528007,0.9637484866104102,0.8758499062290206,0.9865070270795078,0.960481485885878,0.9875449804790426,0.9998411132119911,0.9998411092493495,0.8673913264855889,0.9857211364834695,0.9517549421635227,0.8613595381562981,0.9231595144279469,0.9226993233168801,4.183202316170629,3.862589845904826,0.6455584661144255,0.21999220234463784,0.37287244567372635,0.38066725749130437,9.872980515835117
mixture_HQ,1.0,0.5,10.0,6,1,mixture,obs,0.6103333333333333,0.8642947832800252,0.9838332650480949,0.9673018206335859,0.8783585198390522,0.9874072115604051,0.9607788313062154,0.990144182292201,0.9999195510848663,0.999742502708519,0.8787940238188067,0.988092721113811,0.959738733473856,0.8695555114247049,0.9409889090461354,0.9292123716546645,6.7301957377655395,3.2018057350096853,0.6189202308498397,0.21889068665174863,0.4238802513356387,0.3531763911498318,9.902095715616735
mixture_HQ,1.0,0.5,10.0,7,1,mixture,obs,0.6033333333333334,0.8628810795371371,0.9839889182054307,0.9593296040586733,0.850148864252803,0.9801611893795967,0.9442843659878779,0.9598139278210734,0.9982666139924168,0.9960990349159321,0.8530000883279009,0.9823956195489771,0.9385024313386476,0.8718142431947241,0.919718157503022,0.8545770936298147,10.148338049338914,4.116163420793518,0.6444261572032128,0.21674931295788538,0.5643262824704841,0.3494992867915437,9.895173899228615
mixture_HQ,1.0,1.0,10.0,0,1,mixture,obs,0.602,0.7816687082786051,0.9609923056186964,0.8602715062317222,0.8609875148180935,0.9826292022197366,0.9531505181532296,0.9511248844004921,0.9977714278201765,0.9948876021669582,0.7961894198627011,0.9660519585289791,0.8841403932389017,0.810025134201223,0.9048108182628019,0.9121582386568734,3.975089315751122,3.9821995963297643,0.6691442168390865,0.2168071365107618,-0.7540038074048281,0.7009996699757477,9.951811280220117
mixture_HQ,1.0,1.0,10.0,1,1,mixture,obs,0.596,0.7789821261553577,0.9597806843837441,0.8550336150763549,0.8550036863927082,0.9817590338843132,0.9483408062547163,0.9683410024013215,0.998979280809313,0.997824965595026,0.793713559274183,0.9652840546330053,0.88055762924947,0.8122818797528835,0.9091514436610905,0.8975122254710184,5.698594491534143,4.152588324132452,0.6644747528444119,0.21852336236698436,-0.6773639864584138,0.66871224862031,9.927976016977677
mixture_HQ,1.0,1.0,10.0,2,1,mixture,obs,0.6066666666666667,0.7783360174664675,0.9593492381822649,0.8526566764240272,0.8672693724652203,0.9847215708296881,0.9531925648044186,0.9892360136984494,0.9998719944027984,0.9996787469835148,0.7953668325519795,0.9659428902589325,0.8798405622196149,0.7971821679312479,0.9042376520699266,0.6663625178274446,27.354567079932778,4.120163814938536,0.6769724343453156,0.21419065021466674,-0.727060594000441,0.6822139039130227,9.957343414303983
mixture_HQ,1.0,1.0,10.0,3,1,mixture,obs,0.5996666666666667,0.7929493332396462,0.9648332207396895,0.8737926444926912,0.8698536938764874,0.98500070588875,0.9590156677765133,0.97789777505029,0.999554988148169,0.9995947169505135,0.8026618952540457,0.9683541457191316,0.892275069677725,0.8013426765739349,0.9042900334336,0.8354628612475621,9.074843847947296,4.105097040531594,0.6757348309427154,0.21605321488783844,-0.6776808682574845,0.691869384862689,9.956750219784329
mixture_HQ,1.0,1.0,10.0,4,1,mixture,obs,0.598,0.7838146478825021,0.9617462727801447,0.861723453052528,0.8709697537990169,0.9855757195366908,0.958379154485852,0.9938068095616386,0.9999626201026206,0.9999533123347046,0.7985413436777834,0.9670816190539118,0.8859253510608487,0.7937259841937916,0.9016238374439813,0.86581123619732,6.88648522651948,3.9891753916299644,0.6872415144640972,0.2140132525606052,-0.8571854981955523,0.6749035658116507,9.943582734023133
mixture_HQ,1.0,1.0,10.0,5,1,mixture,obs,0.5976666666666667,0.7905145456382855,0.9641462668082473,0.87116560664927,0.8758499062290206,0.9865070270795078,0.960481485885878,0.9875449804790426,0.9998411132119911,0.9998411092493495,0.8029175622232825,0.9685063385991394,0.8906907960513641,0.7977005540832199,0.9034636876432656,0.9078782104033026,5.540803882010719,3.9128029977283245,0.6734426109823205,0.2175155289158728,-0.8548077912784418,0.6898203301050572,9.94288512515727
mixture_HQ,1.0,1.0,10.0,6,1,mixture,obs,0.6103333333333333,0.7861917861035115,0.9626181955024338,0.8643620315394204,0.8783585198390522,0.9874072115604051,0.9607788313062154,0.990144182292201,0.9999195510848663,0.999742502708519,0.8062123211351098,0.969559377150557,0.8941522403658805,0.7971254301104174,0.911664980868339,0.9156497198659469,4.762569285196416,3.495326150361487,0.6719016519508382,0.2148444468960237,-0.8711407249863132,0.6901327058222684,9.949493345239526
mixture_HQ,1.0,1.0,10.0,7,1,mixture,obs,0.6033333333333334,0.7685827472871835,0.9563311641256129,0.8436251783028129,0.850148864252803,0.9801611893795967,0.9442843659878779,0.9598139278210734,0.9982666139924168,0.9960990349159321,0.7745274537253013,0.9583945958042631,0.8572226777656615,0.7963090075171537,0.8930398182282038,0.7296066250298813,13.866851384639602,4.645605175635105,0.6883882724360463,0.21270628931771413,-0.7315426808469625,0.698003734439585,9.954291599636203
mixture_HQ,2.0,0.0,10.0,0,1,mixture,obs,0.6,0.8935608495830274,0.9890286856247759,0.9961648094180715,0.7865497319265013,0.9574528158270553,0.8998500094232657,0.9243911113731,0.9938942272975274,0.9869437211283303,0.8779737523039703,0.9851860646003728,0.951580634470252,0.9197789988471954,0.8825147132240125,0.40263477498757894,45.48554446369273,6.003437206394605,0.7737581018518519,0.17455670724093572,2.258386353556965,0.05967257417462921,9.793383049877718
mixture_HQ,2.0,0.0,10.0,1,1,mixture,obs,0.5966666666666667,0.8878708573174516,0.9881498447655378,0.9988635196208301,0.776096648231947,0.9542840051644224,0.8933018799124078,0.9180153440017748,0.9928989261928468,0.984350956636869,0.864834398026167,0.9833061496882725,0.9454507623066628,0.920918673529808,0.8875088071736813,0.6368002968282157,13.748709897577989,5.463151218901595,0.7902458562260491,0.16780351804836693,2.3368886929505077,0.0488858302358794,9.821425465833475
mixture_HQ,2.0,0.0,10.0,2,1,mixture,obs,0.6046666666666667,0.8789937306253472,0.9860286313994824,0.9981916449440542,0.7876837330562589,0.9588284548268932,0.8957651465906852,0.9495952083293921,0.9972204047451169,0.993587443496456,0.8805464758344099,0.9873582318751394,0.9566086422992456,0.9100816277412447,0.8865091297984153,0.3212427984091446,56.123434663326506,5.600154899366614,0.7818705831168856,0.1721549634545004,2.214205163988998,0.05386086178968535,9.767162977899911
mixture_HQ,2.0,0.0,10.0,3,1,mixture,obs,0.5983333333333334,0.8735515723258542,0.9843642428952519,0.9921066747254091,0.7911384884269086,0.9592589405086553,0.9085534673075062,0.9429037448279801,0.9966536150576876,0.9949357112735722,0.8848917686245876,0.9871770283424613,0.9609189672918036,0.9175404568833273,0.88841741201348,0.42772658831151583,30.857566185074955,5.005418439716426,0.7937990499196709,0.16732949584546317,2.2008848848904936,0.023844025408935054,9.816934021582783
mixture_HQ,2.0,0.0,10.0,4,1,mixture,obs,0.5976666666666667,0.8892697775472495,0.9883176627033774,0.9983523262888087,0.7859611983942415,0.9582020086593463,0.9031123130547807,0.9368619968972769,0.995762480213959,0.9925349181278285,0.8878030554888747,0.9884634381419737,0.9626380171520432,0.9244909951487668,0.8810977822751316,0.41568170492405615,35.41029406579819,6.307673112418003,0.784054809484181,0.1723981001656305,2.2505186145985414,0.04772345826449128,9.801014899558792
mixture_HQ,2.0,0.0,10.0,5,1,mixture,obs,0.6033333333333334,0.8839842006257204,0.9870805638327198,0.9974391498748327,0.797238966420543,0.962723116401867,0.9071143013643101,0.9609480246195174,0.9983325059148582,0.995758670954193,0.8934772874220887,0.9892106070048486,0.963006291990576,0.9188981033530955,0.8735965396453961,0.35126335372130313,48.41471515177036,6.128541704772525,0.7815991921630532,0.17380106671378742,2.1064420326126565,0.05217399738339358,9.768467403519075
mixture_HQ,2.0,0.0,10.0,6,1,mixture,obs,0.6173333333333333,0.8842327492752112,0.9871717731554769,0.9979705372359781,0.7922618505813052,0.96038513723643,0.9010359096888613,0.9460744502270535,0.9968057346983792,0.9926267880003002,0.8804027042949717,0.9860573522898712,0.9558083639517244,0.9163042773937511,0.8936051813933646,0.7406206555212175,11.787808638582828,4.548189978667956,0.7879093888516793,0.1679022511322063,2.2212815443234324,0.02780847867436745,9.810271601265232
mixture_HQ,2.0,0.0,10.0,7,1,mixture,obs,0.6053333333333333,0.8924911725790945,0.988966721384888,0.9973388236453459,0.7739810500366123,0.953284696337148,0.8880129880853375,0.9325072172049452,0.9950679350235182,0.9871247770527837,0.8729171403171222,0.9847825701728111,0.9483458222538027,0.919514161123563,0.8703794830333214,0.5757392954977796,21.91494853885476,6.72666847985303,0.778437630223836,0.1733492742544523,2.228953401371136,0.05642250060656889,9.851787567765433
mixture_HQ,2.0,0.5,10.0,0,1,mixture,obs,0.6,0.86604195422149,0.9848334267831376,0.9562455067698887,0.7865497319265013,0.9574528158270553,0.8998500094232657,0.9243911113731,0.9938942272975274,0.9869437211283303,0.819753118976934,0.971358879589492,0.9085034724777751,0.8613148214353423,0.9289989873284149,0.8770371653937932,10.61240954039644,3.7092228028184757,0.6529092592592591,0.21158957261358807,1.2499195894441917,0.40022709622354935,9.884056501783807
mixture_HQ,2.0,0.5,10.0,1,1,mixture,obs,0.5966666666666667,0.8560723654884291,0.9822987159242629,0.9507710394432389,0.776096648231947,0.9542840051644224,0.8933018799124078,0.9180153440017748,0.9928989261928468,0.984350956636869,0.8130534465530473,0.9699013046846099,0.9029422484731271,0.8681903922231171,0.9229834874887399,0.8895672404280096,5.87480791773541,3.8379261091008785,0.673177432014405,0.20686594206107273,1.2930532303113462,0.3847325942396908,9.893262472723741
mixture_HQ,2.0,0.5,10.0,2,1,mixture,obs,0.6046666666666667,0.863543446024809,0.9838088004775624,0.9645574205379885,0.7876837330562589,0.9588284548268932,0.8957651465906852,0.9495952083293921,0.9972204047451169,0.993587443496456,0.8266378617723893,0.974249263856188,0.9138476396774351,0.8556182424460783,0.9258309281665975,0.210529707681629,81.27374883326301,3.6879634802325154,0.6751112296900071,0.20636349269570076,1.3042890512823075,0.3542326818039466,9.811209812144279
mixture_HQ,2.0,0.5,10.0,3,1,mixture,obs,0.5983333333333334,0.8739503814366115,0.986028563480097,0.9700026247675458,0.7911384884269086,0.9592589405086553,0.9085534673075062,0.9429037448279801,0.9966536150576876,0.9949357112735722,0.8313250854321577,0.974770096284088,0.9220303825128066,0.8614608621730708,0.9272382748790372,0.8329860948311669,8.519943849710819,3.703172738660944,0.6687985298027024,0.20689963751509807,1.1862940446989536,0.359089449356389,9.914971434006942
mixture_HQ,2.0,0.5,10.0,4,1,mixture,obs,0.5976666666666667,0.8593428616202448,0.9832473246835778,0.9540016256011988,0.7859611983942415,0.9582020086593463,0.9031123130547807,0.9368619968972769,0.995762480213959,0.9925349181278285,0.8226467353706823,0.9730681335718238,0.9135933152039044,0.8587186950663428,0.9250041657117374,0.8748232653479522,8.71717370974699,4.061920704028473,0.6633645249337963,0.2092327005644034,1.1956641970360553,0.39699834208299206,9.888168350350647
mixture_HQ,2.0,0.5,10.0,5,1,mixture,obs,0.6033333333333334,0.8684903515040558,0.9850776331047786,0.9663967617521141,0.797238966420543,0.962723116401867,0.9071143013643101,0.9609480246195174,0.9983325059148582,0.995758670954193,0.8363243327910989,0.9771480118835645,0.9228817952619657,0.8601247217083047,0.922320496660756,0.8415460403007443,12.029055739966422,4.285896246331744,0.654863967686522,0.2097728254495001,1.1207937462704616,0.3821715538676084,9.874125431028785
mixture_HQ,2.0,0.5,10.0,6,1,mixture,obs,0.6173333333333333,0.8646875667241117,0.9841313183564219,0.9653416765597311,0.7922618505813052,0.96038513723643,0.9010359096888613,0.9460744502270535,0.9968057346983792,0.9926267880003002,0.8262250649605155,0.9735447617589017,0.9153952541297745,0.8567595151508094,0.9393312358897922,0.9296879252280639,4.88665483526457,3.1745565860130966,0.6500651899067587,0.2061065970647063,1.196689846948147,0.37970224134704555,9.902738067667713
mixture_HQ,2.0,0.5,10.0,7,1,mixture,obs,0.6053333333333333,0.8597324397796376,0.9832595920414049,0.9546553827764499,0.7739810500366123,0.953284696337148,0.8880129880853375,0.9325072172049452,0.9950679350235182,0.9871247770527837,0.8163021551663625,0.9707323720974471,0.9020672048123431,0.8610945528655662,0.9112824366773197,0.8136627121273403,8.292246303478505,4.634773517264785,0.6777857669067747,0.20541577464493466,1.3538180848293968,0.35645819193710976,9.907792789320782
mixture_HQ,2.0,1.0,10.0,0,1,mixture,obs,0.6,0.7655763462544142,0.9523029748975266,0.8452348881813296,0.7865497319265013,0.9574528158270553,0.8998500094232657,0.9243911113731,0.9938942272975274,0.9869437211283303,0.7624338846449542,0.9510194449501562,0.8529866156213557,0.8027181981135828,0.9300659293105629,0.9488403051590187,3.2393965120048835,3.4193552366669864,0.6172099537037037,0.22757912787356663,-0.0026538743030765943,0.7135840865111014,9.976264575666551
mixture_HQ,2.0,1.0,10.0,1,1,mixture,obs,0.5966666666666667,0.7625763792414272,0.9503263946892404,0.8360011157623309,0.776096648231947,0.9542840051644224,0.8933018799124078,0.9180153440017748,0.9928989261928468,0.984350956636869,0.7640207112529073,0.9518093552583341,0.8569098331089552,0.8206063202720634,0.9373049414372918,0.94360103315854,3.7012692780566803,3.441823791170109,0.6120051710605291,0.22628442342458338,0.07182992816736147,0.6818140277776371,9.95496671247328
mixture_HQ,2.0,1.0,10.0,2,1,mixture,obs,0.6046666666666667,0.7610057620005464,0.9498344655000672,0.8301162157294139,0.7876837330562589,0.9588284548268932,0.8957651465906852,0.9495952083293921,0.9972204047451169,0.993587443496456,0.7665956286437414,0.9531023934342785,0.8543411362785776,0.7950644452093603,0.9350809773948464,0.8095969039328583,18.883159286374664,3.4170505048682713,0.6257334745124579,0.22427978649993216,-0.0055320601044992705,0.6995905787220246,9.968645632519108
mixture_HQ,2.0,1.0,10.0,3,1,mixture,obs,0.5983333333333334,0.7743943002605411,0.9549743035080382,0.8530228847878805,0.7911384884269086,0.9592589405086553,0.9085534673075062,0.9429037448279801,0.9966536150576876,0.9949357112735722,0.7699054354442303,0.9539750323101703,0.8679555167252816,0.8000853582037966,0.9327989893911537,0.8936119312437326,9.377020355421697,3.4324019902688465,0.6270671182052496,0.22516394537363416,-0.04981356726054215,0.7093076419063529,9.979522094387963
mixture_HQ,2.0,1.0,10.0,4,1,mixture,obs,0.5976666666666667,0.7675381969160542,0.9532815840789254,0.8434129304883106,0.7859611983942415,0.9582020086593463,0.9031123130547807,0.9368619968972769,0.995762480213959,0.9925349181278285,0.7672288246464537,0.9534590845879019,0.8622958000685438,0.8043369861411062,0.9337833776315652,0.9338435044108617,4.321702219082525,3.5408956075827733,0.6283327734524993,0.2246257781045431,0.010568263330044564,0.6945950365005432,9.967239758874117
mixture_HQ,2.0,1.0,10.0,5,1,mixture,obs,0.6033333333333334,0.7723692510101324,0.9549076922215729,0.851363619833166,0.797238966420543,0.962723116401867,0.9071143013643101,0.9609480246195174,0.9983325059148582,0.995758670954193,0.7755628290182945,0.9569277594783187,0.8682161391986807,0.7987318365141589,0.9395473357072471,0.9512736642538695,4.396227808399074,3.2609657137441665,0.6107115000696411,0.2272475735171917,-0.12589877205139002,0.7114474446220752,9.971595230899558
mixture_HQ,2.0,1.0,10.0,6,1,mixture,obs,0.6173333333333333,0.7697344315022849,0.9534764173619263,0.8428846817601828,0.7922618505813052,0.96038513723643,0.9010359096888613,0.9460744502270535,0.9968057346983792,0.9926267880003002,0.7764014332873053,0.9563616323797702,0.8693519696378356,0.8056125059412284,0.9487857061171306,0.9522695479885486,5.63926523821267,2.897257667153361,0.593747648271762,0.22357311729052148,0.030606451161447147,0.7076978621304865,9.978257275317157
mixture_HQ,2.0,1.0,10.0,7,1,mixture,obs,0.6053333333333333,0.7510456461676848,0.946220339549413,0.8257972719538457,0.7739810500366123,0.953284696337148,0.8880129880853375,0.9325072172049452,0.9950679350235182,0.9871247770527837,0.7493723642880858,0.9458332823914875,0.8365745390851681,0.7934145710557419,0.9262133825512047,0.8779813858467941,8.135030590917959,4.001152135441704,0.6286274314650554,0.22373372281829168,-0.04510718234017214,0.7082022319499651,9.969446928494364
mixture_HQ,3.0,0.0,10.0,0,1,mixture,obs,0.603,0.894857483880253,0.9893344479523675,0.9967469259427023,0.7353900795336671,0.9332146795113997,0.8629699007642286,0.878037552513226,0.9839597605630207,0.964143745493059,0.8188074633947806,0.9667745309322711,0.909715057834429,0.9154422813161723,0.8897453194705501,0.365334552768809,48.04360580788822,5.206748408857838,0.8119761301710497,0.1555789666188678,3.1181404193355813,0.07185648557234829,9.73982991828793
mixture_HQ,3.0,0.0,10.0,1,1,mixture,obs,0.5963333333333334,0.8778198021902195,0.9856705725683418,0.9959341258118102,0.7362661716916448,0.9347108484552451,0.8636981253465815,0.8760072705378875,0.983613038950766,0.9631220501472905,0.8228632261586294,0.9688310305388467,0.9132212848958053,0.925371022342686,0.885412809527586,0.6230939203767596,14.382973283563743,5.234801874002913,0.8334721915144343,0.1472192823080599,3.2282480229362562,0.025369154841095004,9.816284545746843
mixture_HQ,3.0,0.0,10.0,2,1,mixture,obs,0.6073333333333333,0.8805598141165576,0.9862727351394377,0.9951140021030258,0.742993362469397,0.9373863493134106,0.8610623819324492,0.8950666720409314,0.987846143737864,0.9712409877161843,0.8267955511158736,0.970492588190129,0.9115900308514062,0.9038270399407381,0.8899789356506249,0.29982197018644074,58.20824036269942,5.262778310656296,0.8171373646750991,0.15520502762759167,2.9545019249574067,0.06572886510340888,9.785541525106039
mixture_HQ,3.0,0.0,10.0,3,1,mixture,obs,0.5943333333333334,0.891746227261879,0.9885959472422365,0.9942144259028368,0.7614614746585228,0.9458889085126351,0.8835294978224252,0.9009591501229941,0.9893646364840248,0.9803785610071237,0.8495598400574086,0.9769644928864938,0.9379387665924569,0.9244798274447802,0.8917699846751845,0.07770030015983759,135.82612533580377,4.975165610000817,0.8263834323158877,0.152730339332857,3.1321321739043686,0.056145174290366036,9.79888251820301
mixture_HQ,3.0,0.0,10.0,4,1,mixture,obs,0.5936666666666667,0.8896294985291473,0.9884134000262086,0.9988396522785601,0.7409245544880454,0.9379128420974314,0.8679661268475015,0.9059098697365853,0.9905999462835376,0.9796119950858395,0.8278716123648385,0.9716694172141017,0.9215602076153722,0.903967370131558,0.8957610248470352,0.2224479199581648,53.803610038944704,4.789800625794392,0.8101404442757593,0.1584781774525432,2.9444882515906463,0.06920600481113857,9.793243380331669
mixture_HQ,3.0,0.0,10.0,5,1,mixture,obs,0.6016666666666667,0.8805101696006579,0.9861001396713732,0.9949463745464461,0.7478603583062775,0.9401536596060772,0.871871534263367,0.8855735665981426,0.9858922392417782,0.9673196037652123,0.8316637961675547,0.971481014949361,0.9202208353243859,0.9269944192871972,0.8880141006260883,0.1115403972288989,109.49305192459305,5.030030773354213,0.8278612408581463,0.15266298054046792,3.117565422948196,0.06139168555722829,9.775662075279085
mixture_HQ,3.0,0.0,10.0,6,1,mixture,obs,0.6143333333333333,0.8770672157131009,0.9856740406903671,0.9982703925831152,0.7425195072610227,0.9387884165209609,0.8629364391266807,0.8993381918272199,0.9891492372090013,0.9757711074282968,0.8192156849024033,0.9687754949104972,0.9138493637141315,0.9008909766567185,0.9082659306892057,0.7322529151255935,16.458928982773323,4.278238246429458,0.8037349385724958,0.15741788869456172,2.8122073269301335,0.08503612394315135,9.789153140994015
mixture_HQ,3.0,0.0,10.0,7,1,mixture,obs,0.6016666666666667,0.8944914972520979,0.9895557893426197,0.9988286498550184,0.7261353412577702,0.930754070071145,0.8525731072360201,0.8780528336531359,0.9842951637847919,0.9645723676334056,0.8115996281175861,0.9656156723268733,0.9060062329064466,0.9137492249724973,0.8922892830196706,0.5680679440640919,24.295656144510286,4.8113073782670925,0.8091099804123831,0.16044594213678984,3.0312978107738466,0.07661321042340619,9.796180169810313
mixture_HQ,3.0,0.5,10.0,0,1,mixture,obs,0.603,0.8662395899275726,0.9844773603881417,0.9551836257331788,0.7353900795336671,0.9332146795113997,0.8629699007642286,0.878037552513226,0.9839597605630207,0.964143745493059,0.7793440444396829,0.9534419902304092,0.8747649399398555,0.8688073591123244,0.9267154443832838,0.8585559143359419,9.220406652978392,3.606814028253103,0.6852125694876676,0.20055219165362378,1.8437758803372528,0.3822325187240896,9.842846947171155
mixture_HQ,3.0,0.5,10.0,1,1,mixture,obs,0.5963333333333334,0.8665500639136985,0.9844590170916646,0.9592798672681787,0.7362661716916448,0.9347108484552451,0.8636981253465815,0.8760072705378875,0.983613038950766,0.9631220501472905,0.7842670980668047,0.9570157991718828,0.8787327205128407,0.8780219288411267,0.9206112380946883,0.880961353539927,5.328939346797113,4.000748191129444,0.6985059629010943,0.19792110853081582,1.8994861665604885,0.3790542091299691,9.90475368806451
mixture_HQ,3.0,0.5,10.0,2,1,mixture,obs,0.6073333333333333,0.8584692562320987,0.9823647864881233,0.9538869513029757,0.742993362469397,0.9373863493134106,0.8610623819324492,0.8950666720409314,0.987846143737864,0.9712409877161843,0.7887992763515019,0.9582437486811826,0.8789270115444977,0.857192374959402,0.9247846142230507,0.21619074381839665,81.1967048861721,3.665223894425604,0.7006906252387812,0.19732605877739146,1.8110148742886847,0.3690012366301006,9.858855313468366
mixture_HQ,3.0,0.5,10.0,3,1,mixture,obs,0.5943333333333334,0.8776715543072483,0.9866388361874845,0.9643535478818089,0.7614614746585228,0.9458889085126351,0.8835294978224252,0.9009591501229941,0.9893646364840248,0.9803785610071237,0.8034150743014414,0.9634106979138792,0.9000198710589712,0.8709084241853502,0.9359385810364432,0.802072754228009,16.029359953039513,3.4591847444317563,0.6778499210336276,0.20397205034968935,1.6992665591522473,0.4037331772371073,9.915634385416274
mixture_HQ,3.0,0.5,10.0,4,1,mixture,obs,0.5936666666666667,0.8606610829645508,0.9837385624102452,0.9518652392353862,0.7409245544880454,0.9379128420974314,0.8679661268475015,0.9059098697365853,0.9905999462835376,0.9796119950858395,0.7833194031447217,0.9578367621610593,0.8799792778238934,0.8518425144885287,0.9264973595290138,0.8305612118759578,11.499011889251282,3.8961986563983917,0.680752625816487,0.20322570033333887,1.6891764801261973,0.41101691606160745,9.883109293284754
mixture_HQ,3.0,0.5,10.0,5,1,mixture,obs,0.6016666666666667,0.8707654330550059,0.9855497179291749,0.9621552422980769,0.7478603583062775,0.9401536596060772,0.871871534263367,0.8855735665981426,0.9858922392417782,0.9673196037652123,0.7925935144337678,0.9600508977937129,0.888994881685869,0.8786652812476125,0.9312538095747369,0.7100657072147291,20.301835232500782,3.415175730245805,0.6929894875925776,0.19837691451768202,1.902872403132222,0.3788735767521122,9.877629933083345
mixture_HQ,3.0,0.5,10.0,6,1,mixture,obs,0.6143333333333333,0.8532124607718705,0.9814105472718447,0.9500548755668047,0.7425195072610227,0.9387884165209609,0.8629364391266807,0.8993381918272199,0.9891492372090013,0.9757711074282968,0.7816858590743048,0.9564529322026115,0.8788959171259245,0.8570307906040685,0.9394387937538243,0.9098756202608106,8.469022882620996,3.1371333394722867,0.6760094843672548,0.19707347595641675,1.6821941060138077,0.3975462466128327,9.892828339192503
mixture_HQ,3.0,0.5,10.0,7,1,mixture,obs,0.6016666666666667,0.8584108235411769,0.9831471387572338,0.9515273695392072,0.7261353412577702,0.930754070071145,0.8525731072360201,0.8780528336531359,0.9842951637847919,0.9645723676334056,0.7706996270209454,0.9519541741122864,0.866303532023273,0.8639992981038864,0.9244649251547963,0.7913728169184875,14.41647445783188,3.675806508211532,0.6997392181179661,0.19910583189442077,1.9461145628631222,0.378402123753742,9.901970640776998
mixture_HQ,3.0,1.0,10.0,0,1,mixture,obs,0.603,0.7510151242115722,0.9423931874858859,0.8293153139657065,0.7353900795336671,0.9332146795113997,0.8629699007642286,0.878037552513226,0.9839597605630207,0.964143745493059,0.7368110707146015,0.936151764432654,0.834289228829253,0.8204413940615116,0.9413636838240886,0.9572624157141824,3.307026163818709,3.1396562575857843,0.5933899863496215,0.22835157945541923,0.5034245632731342,0.712525892641518,9.985355632811956
mixture_HQ,3.0,1.0,10.0,1,1,mixture,obs,0.5963333333333334,0.7535214938952292,0.9436366482859083,0.8244820784525122,0.7362661716916448,0.9347108484552451,0.8636981253465815,0.8760072705378875,0.983613038950766,0.9631220501472905,0.7421670533867393,0.9397713242575556,0.8378212064018382,0.8328477803111949,0.9381866345534094,0.9482114837037932,3.8740508644937246,3.549855606827695,0.6009859777085307,0.2255624970438554,0.5506446526371778,0.6976138699976124,9.967522794672849
mixture_HQ,3.0,1.0,10.0,2,1,mixture,obs,0.6073333333333333,0.7528466944533205,0.9428893242134946,0.8214628673833281,0.742993362469397,0.9373863493134106,0.8610623819324492,0.8950666720409314,0.987846143737864,0.9712409877161843,0.7450276128170136,0.9406118783178865,0.8360638820662042,0.8091797271541629,0.9420339246664414,0.8111891825463434,19.479816445137658,3.3733862206742375,0.6107199499048602,0.22483963369071053,0.49115910016745024,0.7028724977439897,9.970419640555782
mixture_HQ,3.0,1.0,10.0,3,1,mixture,obs,0.5943333333333334,0.7744260009129351,0.9528135144539596,0.8525246379723924,0.7614614746585228,0.9458889085126351,0.8835294978224252,0.9009591501229941,0.9893646364840248,0.9803785610071237,0.7591952914683586,0.9474518815042298,0.8597479779039352,0.8218723594233264,0.9465994432933377,0.923835203337564,8.250626490888001,3.1734476109161993,0.6044847000637353,0.2274344682770729,0.4402053458770558,0.7122944431840764,9.988415244427216
mixture_HQ,3.0,1.0,10.0,4,1,mixture,obs,0.5936666666666667,0.7534588827248742,0.945810017553249,0.8271259107738986,0.7409245544880454,0.9379128420974314,0.8679661268475015,0.9059098697365853,0.9905999462835376,0.9796119950858395,0.741698809931835,0.9409289062186884,0.8388485553571298,0.8082132309949701,0.9375273822516845,0.9434460147393041,3.6396946042676834,3.5994242783380845,0.609325534916692,0.2260296303585397,0.48304266033851745,0.7073072932514767,9.98172753670085
mixture_HQ,3.0,1.0,10.0,5,1,mixture,obs,0.6016666666666667,0.7576120856106139,0.9465881527650956,0.8346352001384891,0.7478603583062775,0.9401536596060772,0.871871534263367,0.8855735665981426,0.9858922392417782,0.9673196037652123,0.7504384830472415,0.9439417679175213,0.8481271928782496,0.8306903492104316,0.9433917059047604,0.948114462433554,4.286050490121535,3.1218655991195186,0.5953256296433663,0.22735447173462112,0.5063840142398494,0.7257535143308668,9.987108062158278
mixture_HQ,3.0,1.0,10.0,6,1,mixture,obs,0.6143333333333333,0.7522284320443275,0.9441949398631331,0.8235224393676623,0.7425195072610227,0.9387884165209609,0.8629364391266807,0.8993381918272199,0.9891492372090013,0.9757711074282968,0.746816894535034,0.9421909019801167,0.8461248217149255,0.8198386780439314,0.9568194028623901,0.9623902015838831,4.76243534685766,2.7843581695331903,0.5726840937537957,0.22467161519224418,0.5436274397498435,0.7092521292116147,9.984567462036797
mixture_HQ,3.0,1.0,10.0,7,1,mixture,obs,0.6016666666666667,0.7385297932105527,0.9387376817098622,0.812739623681434,0.7261353412577702,0.930754070071145,0.8525731072360201,0.8780528336531359,0.9842951637847919,0.9645723676334056,0.724797760414797,0.9327545008334147,0.8201874712405682,0.8137385937428483,0.9375731132014498,0.891381872490011,7.314965111456604,3.489175289767681,0.6077970305636365,0.22505767504317692,0.529787886574057,0.7120793293379742,9.972420853856011
mixture_HQ,4.0,0.0,10.0,0,1,mixture,obs,0.6053333333333333,0.8920913238497973,0.9888181550194453,0.998023453266704,0.7130637277993619,0.9217251485642862,0.8437340742480512,0.8401381344681316,0.9730262101379628,0.9402968234731912,0.784395336028469,0.9532645177917903,0.8872996615146918,0.9227926556614777,0.9049080818964096,0.7027786038542094,14.995125954621995,4.369297757785721,0.8323863424961304,0.14470094250361232,3.8006805067359783,0.058785495062164426,9.7656850711651
mixture_HQ,4.0,0.0,10.0,1,1,mixture,obs,0.599,0.8843573370295792,0.9871324948083181,0.9963996256425279,0.7133358163786965,0.9225703712724178,0.8496244023474685,0.8430217141308984,0.9741040635101126,0.9465380426346882,0.7865506224724756,0.9548264363182678,0.8871003756276231,0.9207776148784872,0.8978845063669955,0.6378034302654715,24.17138176213103,4.838247175660665,0.8422481636753969,0.14109064035000413,3.63948380849962,0.05305150657132114,9.846052450629541
mixture_HQ,4.0,0.0,10.0,2,1,mixture,obs,0.601,0.8743682438401608,0.9848300908252187,0.9914523978303181,0.7127575521965224,0.921710855294357,0.839348999652823,0.8443937300561457,0.9741236205302205,0.9437377898170762,0.7859925131073098,0.9549860146922191,0.8839385376968877,0.9129938081540198,0.9073628517409307,0.012338841600096052,380.35987577628936,4.176194933717929,0.8312781398865995,0.1458455476421369,3.6626231084319967,0.08211763657020213,9.827334940430097
mixture_HQ,4.0,0.0,10.0,3,1,mixture,obs,0.5993333333333334,0.8812686766246448,0.9863248351673897,0.9942305511439027,0.7389708723621544,0.9346831780304207,0.8677146431036887,0.875630243923487,0.9831963788463934,0.9691414991093888,0.8053037605273545,0.9614913681168455,0.9091544419566604,0.9061250140131974,0.9104196362119816,0.7047291874602298,21.749491780519204,4.070685614344408,0.8235349778548544,0.14962004979235266,3.2999960933353067,0.07614161224448882,9.831248062061757
mixture_HQ,4.0,0.0,10.0,4,1,mixture,obs,0.6013333333333334,0.8931473302919284,0.9891915427315334,0.9996015159212231,0.7126307956505661,0.9225115942644567,0.8499666333469835,0.8567182066869565,0.9784195781740748,0.956679231570422,0.7839148618293498,0.9542122425534899,0.8922029280362365,0.9070117539409482,0.9094508246274207,0.12371044506221512,111.7133054369525,3.9549855258319457,0.8249961531045837,0.1487984937097386,3.4047303928623744,0.07719366548627694,9.771638115338666
mixture_HQ,4.0,0.0,10.0,5,1,mixture,obs,0.6063333333333333,0.8937188439815568,0.9890482605750673,0.9961037119510325,0.7293868164080852,0.9307940367751437,0.8600471883958106,0.8796369551533783,0.9842382304129352,0.9656277514715237,0.8025722031849425,0.9613205495135391,0.9023674594946269,0.8979776626274832,0.9042972771664055,0.7345057927731412,12.189781547547454,4.467395930996216,0.8175933869555482,0.15139329595915244,3.2909312089064304,0.10598292655626151,9.721234070018637
mixture_HQ,4.0,0.0,10.0,6,1,mixture,obs,0.615,0.8791236721237042,0.9860782806404988,0.9967580913930539,0.718631292568753,0.9264737442054061,0.8465017701844243,0.876501323802979,0.9839577769241467,0.9685290157243218,0.7944646687622327,0.959011246309206,0.897539191720784,0.8963618285440531,0.9083777079365976,0.5678580882452607,31.140032191301742,4.1148067364908,0.8320817935452083,0.14376694191016703,3.4650399440773603,0.08616280112809548,9.821981125976357
mixture_HQ,4.0,0.0,10.0,7,1,mixture,obs,0.6006666666666667,0.8793577726199501,0.9859828039392529,0.9965196726507488,0.6911901948376202,0.9110851818556186,0.8262694562692939,0.8252756181594562,0.9685272366458847,0.9362891046956182,0.7694578341574545,0.9476918459705218,0.875271955801425,0.9228044706992791,0.8976106860988675,0.5710124408033218,27.715968405371733,4.409082684381558,0.8526192377603072,0.13904448448975493,3.9644638841028477,0.0423094838898344,9.78060639152426
mixture_HQ,4.0,0.5,10.0,0,1,mixture,obs,0.6053333333333333,0.8798939720692734,0.9877020450374951,0.9699816573080737,0.7130637277993619,0.9217251485642862,0.8437340742480512,0.8401381344681316,0.9730262101379628,0.9402968234731912,0.7554918302000627,0.9429013185526032,0.8595455324626187,0.8829561758232412,0.9382337530962821,0.912002044291199,5.938391710510169,3.371658395799076,0.6913632296255505,0.19539348438848933,2.2913738976872677,0.3788667439439125,9.87625616701895
mixture_HQ,4.0,0.5,10.0,1,1,mixture,obs,0.599,0.8650756290218259,0.9841780620611237,0.9551756776991187,0.7133358163786965,0.9225703712724178,0.8496244023474685,0.8430217141308984,0.9741040635101126,0.9465380426346882,0.7583969695387818,0.9461479312736202,0.8590144416565161,0.878127199636428,0.9238831222748559,0.8811912465638718,8.207037408740726,3.808447007604581,0.7105478744244933,0.1914482417611502,2.3303922603396185,0.3946906819528952,9.937355266125525
mixture_HQ,4.0,0.5,10.0,2,1,mixture,obs,0.601,0.8594463339329342,0.9826002775226925,0.9514913542348252,0.7127575521965224,0.921710855294357,0.839348999652823,0.8443937300561457,0.9741236205302205,0.9437377898170762,0.7585127689559603,0.9448698478579872,0.8562018325742939,0.8757740339302388,0.9304687748359217,0.02318814443737186,276.3030118209095,3.4169816868242466,0.7139275439476859,0.19130198806676776,2.3597379050237897,0.37151614684287654,9.900022311211455
mixture_HQ,4.0,0.5,10.0,3,1,mixture,obs,0.5993333333333334,0.8838005981083124,0.9882720482661719,0.9689274767239417,0.7389708723621544,0.9346831780304207,0.8677146431036887,0.875630243923487,0.9831963788463934,0.9691414991093888,0.7758457116861676,0.9516398315436656,0.8780759332617964,0.8622573816390284,0.9393541217670002,0.9100683460254606,6.4557093360542455,3.4388656643758866,0.6866179652377665,0.19858581683898144,1.979277101220728,0.41718611182793225,9.926340871611448
mixture_HQ,4.0,0.5,10.0,4,1,mixture,obs,0.6013333333333334,0.8660374115881363,0.9848876691110475,0.9564109968025758,0.7126307956505661,0.9225115942644567,0.8499666333469835,0.8567182066869565,0.9784195781740748,0.956679231570422,0.75612649369852,0.944474572475446,0.8612242154090011,0.8669763784419227,0.9307334100509005,0.7517145357632308,21.708087878970883,3.680581709578196,0.7015773198169805,0.1941416025487264,2.1066467998573777,0.4016033451238943,9.898881490479639
mixture_HQ,4.0,0.5,10.0,5,1,mixture,obs,0.6063333333333333,0.8705200848459467,0.9856971218264553,0.9595322723364846,0.7293868164080852,0.9307940367751437,0.8600471883958106,0.8796369551533783,0.9842382304129352,0.9656277514715237,0.7718090918075196,0.951464226915162,0.872808368629211,0.8549886504955531,0.9323676506377444,0.893559253537483,7.720656509569139,3.5351406557835885,0.6947532374191139,0.19599591811371112,2.065193064485979,0.4099755553022855,9.843689067584425
mixture_HQ,4.0,0.5,10.0,6,1,mixture,obs,0.615,0.8520284486392677,0.9811368583787482,0.9410247562984367,0.718631292568753,0.9264737442054061,0.8465017701844243,0.876501323802979,0.9839577769241467,0.9685290157243218,0.7628511599498848,0.9479652090558722,0.8650462551658861,0.8569867463266366,0.9371484425813597,0.8730750558230876,12.353584525533163,3.2007606922904435,0.6979553960041764,0.19239864666198106,2.1571579088982684,0.41907799759368114,9.901369506633175
mixture_HQ,4.0,0.5,10.0,7,1,mixture,obs,0.6006666666666667,0.8628631373916367,0.9840391261524443,0.9527787118460616,0.6911901948376202,0.9110851818556186,0.8262694562692939,0.8252756181594562,0.9685272366458847,0.9362891046956182,0.7392004833899755,0.9358349830821494,0.8438038655198442,0.8825426283989387,0.9291052215947319,0.8421148391479676,9.718585393891688,3.489362316915661,0.7180891571042376,0.1909915880228346,2.487380020509823,0.36894215164447924,9.864553196170371
mixture_HQ,4.0,1.0,10.0,0,1,mixture,obs,0.6053333333333333,0.7470100125476598,0.9396459455774104,0.825818196406421,0.7130637277993619,0.9217251485642862,0.8437340742480512,0.8401381344681316,0.9730262101379628,0.9402968234731912,0.7212550175475894,0.927643509002668,0.8220299481015185,0.843201808112991,0.9459955745122265,0.9534381553929948,3.930019911640562,3.176044515482308,0.5939576605101797,0.2265437518469319,0.916871536195873,0.7146227899432073,9.987139939533716
mixture_HQ,4.0,1.0,10.0,1,1,mixture,obs,0.599,0.7477562723033562,0.9400113236277017,0.820023212635791,0.7133358163786965,0.9225703712724178,0.8496244023474685,0.8430217141308984,0.9741040635101126,0.9465380426346882,0.7245807658081642,0.9304045996414876,0.8265063143328764,0.8434722565303138,0.9396400975037217,0.9466498032427441,4.3228722722636945,3.4456151939073103,0.6038772943360389,0.2236737210534799,0.8887478994585029,0.7020243719229805,9.98129365786317
mixture_HQ,4.0,1.0,10.0,2,1,mixture,obs,0.601,0.7427733405296493,0.9372389317165891,0.8102558165091602,0.7127575521965224,0.921710855294357,0.839348999652823,0.8443937300561457,0.9741236205302205,0.9437377898170762,0.723297471333705,0.9290669992028538,0.8185412871789132,0.834531576901137,0.9412765182653965,0.6170204690430705,33.23799438961523,3.4872891934037877,0.6119583484501603,0.2246142996558194,0.8946051345641977,0.7052014837531317,9.971554932465201
mixture_HQ,4.0,1.0,10.0,3,1,mixture,obs,0.5993333333333334,0.7700324415660642,0.9494775603621546,0.8491121771481795,0.7389708723621544,0.9346831780304207,0.8677146431036887,0.875630243923487,0.9831963788463934,0.9691414991093888,0.7438624810801968,0.9386737329415437,0.8495747046778864,0.8258385554077293,0.9520278216140751,0.937676961554232,7.600063429024425,3.0339190882560927,0.5942725694476576,0.22631852361671906,0.7367512706726163,0.7127851494433277,9.993609735886578
mixture_HQ,4.0,1.0,10.0,4,1,mixture,obs,0.6013333333333334,0.749975585742344,0.9423266784167804,0.8272394965587456,0.7126307956505661,0.9225115942644567,0.8499666333469835,0.8567182066869565,0.9784195781740748,0.956679231570422,0.7242204937748427,0.9302200275040294,0.8297359964483524,0.8320794288003187,0.9436841400243972,0.9485981435090359,3.585698615038146,3.4352867493275108,0.6030050278459611,0.22371959738125494,0.8444487262253546,0.7055973600216673,9.989220528597144
mixture_HQ,4.0,1.0,10.0,5,1,mixture,obs,0.6063333333333333,0.7544197577907835,0.9439206975752232,0.8321520729290898,0.7293868164080852,0.9307940367751437,0.8600471883958106,0.8796369551533783,0.9842382304129352,0.9656277514715237,0.7386533749143294,0.9373715416533387,0.8427009093495097,0.8186447266206852,0.9496676370241771,0.9548119771942476,4.135282656729959,2.9079406595977244,0.5915033196958067,0.22562139346882187,0.765307905337994,0.7276543663888945,9.989606841309701
mixture_HQ,4.0,1.0,10.0,6,1,mixture,obs,0.615,0.7464054595050331,0.9403806972316628,0.8175336918740786,0.718631292568753,0.9264737442054061,0.8465017701844243,0.876501323802979,0.9839577769241467,0.9685290157243218,0.731059014332555,0.9336421935693332,0.8360021806615385,0.8240515033544571,0.9580885794826981,0.9638953770116178,4.2267588169580375,2.745722595586555,0.5786942596698694,0.22317021856160213,0.8670246506494302,0.7106823021541812,9.987599665769158
mixture_HQ,4.0,1.0,10.0,7,1,mixture,obs,0.6006666666666667,0.7263212376757886,0.9308207855257271,0.8015288286380254,0.6911901948376202,0.9110851818556186,0.8262694562692939,0.8252756181594562,0.9685272366458847,0.9362891046956182,0.6985385637349827,0.9170658829890501,0.8025189631691267,0.8347585032057805,0.9452875167423429,0.9088696270929807,6.776743779216313,3.242732367672057,0.6034956522061371,0.22434695024667956,0.9640195594688585,0.7151434881326681,9.98134245556102
