beta,rho,D,seed,fixed_magnitude,error_mode,propensity_on,retain_obs,D_ALL,I_ALL,rho_sp_ALL,D_FILTER,I_FILTER,rho_sp_FILTER,D_IPW_oracle,I_IPW_oracle,rho_sp_IPW_oracle,D_IPW_est,I_IPW_est,rho_sp_IPW_est,D_IPW_calib,I_IPW_calib,rho_sp_IPW_calib,D_ALL_calib,I_ALL_calib,rho_sp_ALL_calib,D_SMITH_env,I_SMITH_env,rho_sp_SMITH_env,D_SMITH_geo,I_SMITH_geo,rho_sp_SMITH_geo,D_IPWest_vs_IPWoracle,D_IPWest_vs_FILTER,diag_ess_frac,diag_w_max_over_mean,diag_w_p99,diag_propensity_auc,diag_prop_brier,diag_prop_coef_E1,diag_prop_coef_E1_calib,diag_prop_coef_E1_true,diag_true_sep_E1,diag_obs_sep_E1,diag_pooled_var_E1_true,diag_pooled_var_E1_obs,diag_rho_D,diag_grain,diag_corr_len,pred_mu_delta,pred_pooled_var_obs,pred_reliability,rho_sp_IPW_k0.25,rho_sp_IPW_k0.5,rho_sp_IPW_k1,rho_sp_IPW_k2,rho_sp_IPW_k4,env_width_D,env_best_rec,env_best_kappa,diag_ess_frac_calib,diag_w_max_over_mean_calib,diag_w_p99_calib,diag_lowq_dE1_shift,diag_realised_disp,part,regime,rel_real,corr_len,grain
3.0,0.0,3.0,0,1,blend,obs,0.5876666666666667,0.9608627830982109,0.9986030038467386,0.9985790375907196,0.7092844462528446,0.9239632810282835,0.8461501502695944,0.8486016584265245,0.9776966451473983,0.9476308437471003,0.8358112125900465,0.9734750107748027,0.9272820122260105,0.8376524564813745,0.9740886622646641,0.9311541809917419,0.9727898307009081,0.9993006348044579,0.9987449199025554,0.8706351749285017,0.984711022280613,0.979211542870749,0.9452408343259621,0.9971551008113927,0.9967978623036161,0.9699992411978716,0.8409212841782506,0.1481031030430799,74.63474052270774,7.140767664389785,0.8781496594646719,0.1332378852174632,3.882191476095452,3.934896998902875,5.618086316445572,0.770757112490855,0.7252404301186919,0.15815232238830423,0.19568161105887055,0.9351673118248132,1,6.0,0.030017920154162114,0.20280362833427512,0.7798298466713156,0.8669592293454502,0.8874626998946098,0.9272773976334512,0.8896853513631788,0.627318158347806,0.3602367019104541,0.9272773976334512,1.0,0.1900574989054735,54.55627375455565,7.066713575471736,0.04551668237216303,2.9771392898801707,A,iso,0.8082124913654984,6.0,1
3.0,0.0,3.0,1,1,blend,obs,0.6016666666666667,0.9565978321973773,0.9982600859507822,0.9985394094351894,0.7214915883079613,0.9291331102642072,0.8606058938204951,0.8887799193122807,0.9879118367876888,0.9757823598165529,0.87257142505333,0.9842623470802995,0.9633066930056007,0.8718731452908282,0.9840788187304631,0.9648440214717392,0.9708494500159179,0.9991993441414941,0.9992440509579568,0.8844492238973019,0.9879010483268384,0.9866881846982968,0.9481915513041397,0.9975950633834514,0.999818576416931,0.9758217120796021,0.8324015871369448,0.2211106770820557,44.6995106781168,8.779642055661263,0.8903805097416522,0.1234387905260035,3.934169506913488,3.9986621733855325,5.736560608293119,0.79289332067528,0.7752600380987806,0.15971021614245023,0.1980966319304606,0.9344598265139924,1,6.0,0.033181413336660553,0.20310156875268215,0.7863563886940244,0.8850037357449588,0.9097764162510797,0.9633056775119677,0.9073917000315921,0.7287760432553688,0.36217390313361064,0.9633056775119677,1.0,0.22877645268205926,45.46882315308704,8.495928144594684,0.017633282576499244,2.9869345128993645,A,iso,0.8062237837466846,6.0,1
3.0,0.0,3.0,2,1,blend,obs,0.6136666666666667,0.969708347022287,0.9991437988272655,0.9990615929312693,0.7272550464096179,0.9319120097817863,0.8595689203889945,0.8827137699263641,0.9863076550799752,0.97313716503169,0.8457642302823816,0.9767512407555476,0.9461648563431394,0.8491584961594297,0.9777160869336547,0.9501513636810704,0.9791876614997207,0.9995789599520596,0.9990435074882218,0.8750582051392954,0.9853848067697423,0.9807187550198079,0.952389022083252,0.9978567159986648,0.9982338248180619,0.9493616235506408,0.8601072696605341,0.21023792136672964,77.5732583686231,6.430620249192499,0.8732775965345014,0.13259280866598064,3.694032899872494,3.7670120371174423,5.505213631507858,0.7589941421098085,0.7294837887278462,0.1587145551441816,0.1999621466723086,0.9338604994037745,1,6.0,0.03143310129115041,0.20174523345633355,0.7867078315807363,0.8810048669539525,0.9024421428181242,0.9461588228477039,0.9666184219816584,0.7657266670543315,0.39290280310637005,0.9666184219816584,2.0,0.2120541960394126,76.88946349292948,6.713068812854608,0.02951035338196226,2.9798161199084605,A,iso,0.7937230010051742,6.0,1
3.0,0.0,3.0,3,1,blend,obs,0.6063333333333333,0.9660186246899422,0.9989277791731521,0.999311863750123,0.7415723774276983,0.9409194742042902,0.8769786956111583,0.9103914337652426,0.9925332695528796,0.9900971763376288,0.8720468646404879,0.9844440598622249,0.9661552020235998,0.8750294119460709,0.9851040703251918,0.9693437345015525,0.978448867120494,0.9995512011407768,0.9994748618210886,0.8789482823440772,0.9870367847296027,0.9843678133635412,0.9499809308488902,0.9977713645333433,0.9999252580455593,0.9404993365702968,0.8547023972457096,0.27959962229271235,52.193395194683866,6.308140430616299,0.8708397901723225,0.13649585686868412,3.5405229024238336,3.5948910338949207,5.545572957707047,0.7602273233713728,0.7307911215817074,0.16937870223808993,0.21238497902275438,0.9349605512761415,1,6.0,0.031182121600696205,0.2124198810718113,0.797376881031344,0.9009473880357892,0.9238660554878098,0.9661544218626948,0.9707959556808696,0.72708407966145,0.3902895786728734,0.9707959556808696,2.0,0.2938871090578122,49.94167027287336,6.563304923289218,0.02943620178966546,2.9693204793163206,A,iso,0.7975079170732838,6.0,1
3.0,0.0,3.0,4,1,blend,obs,0.5963333333333334,0.961446449983893,0.9986350276448032,0.9997187767394066,0.7163901992279945,0.9274328894602093,0.8424299675961856,0.8798925264889932,0.9858681479514558,0.9690791060982004,0.850574542338276,0.978276678074956,0.9451492476298702,0.8530554460616113,0.9789660789082804,0.9488273755596865,0.9736296399457135,0.9993416198879994,0.9995248609888456,0.8775187791980698,0.9859631161191814,0.9791696428040709,0.9458566929524072,0.9971877484287379,0.9975486594372538,0.9627419573522044,0.8448270171467503,0.3657748374364317,27.662017198145012,6.96528348538793,0.8797255823850589,0.1324071857535476,3.83635309092321,3.8886042892205173,5.799112934401478,0.7773397504688296,0.7429338484029895,0.16228142892760128,0.20365533574839978,0.9352457784116844,1,6.0,0.030469125008662147,0.20591725788915213,0.7880904718290267,0.8682699168093031,0.8932574404861563,0.9451481839308616,0.9561884814862266,0.7516393048006276,0.3891494343695131,0.9561884814862266,2.0,0.37113721304518826,27.966402326104237,7.068913218634092,0.03440590206584023,2.983207149862904,A,iso,0.7968434921247891,6.0,1
3.0,0.0,3.0,5,1,blend,obs,0.6013333333333334,0.9560186251712874,0.9982097030289955,0.9987397115912281,0.7406735481313846,0.9387779060983671,0.865254318033368,0.8985159777478956,0.9897200938759256,0.9768129874612339,0.8644748010163046,0.9817944978844813,0.9529708440320525,0.8685266195424449,0.9828786352348261,0.9575515664439989,0.9694020830718103,0.9990949682966251,0.9991431274327077,0.8919179974766673,0.9888429443793352,0.9837779653256367,0.9448252790639327,0.9970475188647824,0.998030127622698,0.9578023673827464,0.8532061002814756,0.28549568181987184,40.958138292381435,6.717713785751201,0.8674274095469748,0.13799731448720076,3.5881942269984384,3.648243358252605,5.465596317894078,0.7749764938524328,0.7187593218853214,0.16687966219591766,0.2087382042447428,0.9349785976607222,1,6.0,0.031921953825445035,0.20994449786100666,0.7948751403163706,0.8867485105889298,0.9085805099983014,0.9529625293307209,0.9540761161654202,0.7367275563080445,0.3920407930809351,0.9540761161654202,2.0,0.2906781149395674,38.89227046289631,7.078081926672763,0.05621717196711145,2.980302874303447,A,iso,0.7994687067454765,6.0,1
3.0,1.0,3.0,0,1,blend,obs,0.5876666666666667,0.8330997251431727,0.9732296419168572,0.9293796025133203,0.7092844462528446,0.9239632810282835,0.8461501502695944,0.8486016584265245,0.9776966451473983,0.9476308437471003,0.7858260386030712,0.9556216917174883,0.893887604779215,0.7874014450248162,0.956233478837099,0.899994392277709,0.8328575088515398,0.9731113969659876,0.9334202180430626,0.7648241522441006,0.9473968919033343,0.9228546981595207,0.8494169571955285,0.9793021254530593,0.9337739099457629,0.9303982919568872,0.8852977883598253,0.7159601692513263,20.992700408565916,4.302138464831138,0.7159105863773947,0.20652628919121957,2.1035301466713485,2.1531270128949243,5.618086316445572,0.770757112490855,0.3319893076079732,0.15815232238830423,0.17695581797010293,0.9351673118248132,1,6.0,0.030017920154162114,0.20280362833427512,0.7798298466713156,0.856934153449864,0.8703879383689124,0.8938872014043041,0.9181525789573615,0.6681876448062422,0.44204169756977896,0.9181525789573615,2.0,0.7893969042794875,14.764373697408292,4.191157697516301,0.43876780488288175,2.9919430836918512,A,toward_HQ,0.8937390372495377,6.0,1
3.0,1.0,3.0,1,1,blend,obs,0.6016666666666667,0.845270777363041,0.9766510233484085,0.9379927686767945,0.7214915883079613,0.9291331102642072,0.8606058938204951,0.8887799193122807,0.9879118367876888,0.9757823598165529,0.8081053517940401,0.9642778712865605,0.9176482556280968,0.8090023088013745,0.9645474878123609,0.9220709273636947,0.8453228087648411,0.9766817929133649,0.942146133582052,0.782491984069474,0.954621419777843,0.9358698181961934,0.8658893432681278,0.98307372905463,0.9438534547337679,0.9116496447756107,0.8843592066403597,0.814915364937886,9.582746417747858,4.85924328386317,0.7212401627278944,0.20187109992487792,2.115800286177966,2.165336168785204,5.736560608293119,0.79289332067528,0.3458307710393055,0.15971021614245023,0.18003123229052836,0.9344598265139924,1,6.0,0.033181413336660553,0.20310156875268215,0.7863563886940244,0.8727038480385076,0.8874326848713324,0.9176439179997256,0.9551568657722482,0.642426829586871,0.38161724864305224,0.9551568657722482,2.0,0.8257335724391761,8.365227515159324,4.7508763174859725,0.4470625496359743,2.9872847835574436,A,toward_HQ,0.8871250510839989,6.0,1
3.0,1.0,3.0,2,1,blend,obs,0.6136666666666667,0.8314668449807663,0.9720390806355753,0.9273605710311192,0.7272550464096179,0.9319120097817863,0.8595689203889945,0.8827137699263641,0.9863076550799752,0.97313716503169,0.7930805538760185,0.9581586732940226,0.9059743111064995,0.7952297095754866,0.958984718457841,0.9115351866371214,0.8315566584786868,0.9721263400798942,0.9316203061812807,0.7774009074756637,0.9521808325400025,0.9271385436529366,0.854465206597773,0.9794376973200191,0.9368957436960059,0.8976862503337057,0.8998561046788509,0.9002605754409672,5.250899346198893,3.662873207748001,0.704500920692931,0.20535969837811832,1.927179092678672,1.9886133527768877,5.505213631507858,0.7589941421098085,0.32389108170260683,0.1587145551441816,0.17567647758279806,0.9338604994037745,1,6.0,0.03143310129115041,0.20174523345633355,0.7867078315807363,0.8705264972649501,0.8832611519581964,0.9059737135761338,0.9409727192125859,0.8203933823999209,0.528143397490916,0.9409727192125859,2.0,0.8997676193776728,5.061183287940913,3.671674344111557,0.4351030604072017,2.991421666982234,A,toward_HQ,0.9034479591576389,6.0,1
3.0,1.0,3.0,3,1,blend,obs,0.6063333333333333,0.843594528539273,0.9766669379450633,0.9394080703261403,0.7415723774276983,0.9409194742042902,0.8769786956111583,0.9103914337652426,0.9925332695528796,0.9900971763376288,0.812076924716515,0.9662967729940506,0.9235442124675948,0.8142110949189536,0.9669235979944377,0.9290557941727535,0.8444942702785294,0.9768771582253697,0.9437631630444727,0.7856694705734752,0.9566905513207962,0.9389710167139564,0.867936387764231,0.9842101706459749,0.9505229442857139,0.8789555189593014,0.9023779399563663,0.9048437365503573,4.104089668704782,3.4541938323088686,0.7012734616585957,0.2085000525400535,1.7544186497498016,1.8098314889031735,5.545572957707047,0.7602273233713728,0.31582533156249853,0.16937870223808993,0.18984270721287572,0.9349605512761415,1,6.0,0.031182121600696205,0.2124198810718113,0.797376881031344,0.88852591092147,0.9014688079756261,0.9235470574337723,0.9558061067004583,0.845331865381032,0.5669678897616153,0.9558061067004583,2.0,0.9059367859323597,3.8836395759506916,3.4003158712852777,0.4444019918088744,2.9874405468868925,A,toward_HQ,0.8922054722289703,6.0,1
3.0,1.0,3.0,4,1,blend,obs,0.5963333333333334,0.8342775367522309,0.9732198222892763,0.9269344024182272,0.7163901992279945,0.9274328894602093,0.8424299675961856,0.8798925264889932,0.9858681479514558,0.9690791060982004,0.7937268026546427,0.9587579910227325,0.9027988272642881,0.7959556498284129,0.959613498490958,0.908489341436942,0.834903481291287,0.9734705104913324,0.9313925348710805,0.7774519248734844,0.9524969376817274,0.9245998208931538,0.8543754587376087,0.979888260299865,0.9333616753243242,0.9068666409085626,0.8911152678272537,0.8689423162345307,5.249596104128384,3.9914829148235738,0.7195929432041576,0.20434142597341778,2.0740540454453242,2.125917496171199,5.799112934401478,0.7773397504688296,0.34781111641612045,0.16228142892760128,0.18014110370890662,0.9352457784116844,1,6.0,0.030469125008662147,0.20591725788915213,0.7880904718290267,0.856876751193526,0.8729860345955158,0.9028028248929829,0.950916940063922,0.8259707599826367,0.5036143154415449,0.950916940063922,2.0,0.8701653604119097,4.783219102536667,3.9643269652050166,0.4295286340527092,2.9932946151181423,A,toward_HQ,0.9008573034493831,6.0,1
3.0,1.0,3.0,5,1,blend,obs,0.6013333333333334,0.8463166556447774,0.9765564304076554,0.9361277636061233,0.7406735481313846,0.9387779060983671,0.865254318033368,0.8985159777478956,0.9897200938759256,0.9768129874612339,0.8118720143851048,0.9652440257498252,0.91525677959529,0.8135036314289082,0.9658579371831528,0.9205517354921177,0.847088556778558,0.9768725125098424,0.9403192307117089,0.7892786147553301,0.9569582239110399,0.9328427506235107,0.8729137547566835,0.9844631287903861,0.9494180141254128,0.9045190608479533,0.8968342566167715,0.8756372832770377,5.999523880510725,3.985570484429891,0.7056378801474241,0.20733829542199989,1.942009976468209,1.9982867797688906,5.465596317894078,0.7749764938524328,0.33011630231812805,0.16687966219591766,0.18343464881657362,0.9349785976607222,1,6.0,0.031921953825445035,0.20994449786100666,0.7948751403163706,0.876136738635844,0.8900121395228094,0.9152565809630494,0.9506595835190347,0.7702210327263866,0.4872678712975713,0.9506595835190347,2.0,0.8776375815098445,5.5566269952829765,3.935233074043424,0.4448601915343048,2.996040850199836,A,toward_HQ,0.909749947856306,6.0,1
3.0,1.0,3.0,0,1,blend,obs,0.5876666666666667,0.8483560312442314,0.9775176410531397,0.9290802622189793,0.7092844462528446,0.9239632810282835,0.8461501502695944,0.8486016584265245,0.9776966451473983,0.9476308437471003,0.8378591306099503,0.9758580205498697,0.9350386054628483,0.8440731328116027,0.977524153514276,0.9398747861853121,0.8646285046467833,0.9819875684213897,0.9433977483913292,0.9527515456194154,0.9975548535883108,0.9950672543347908,0.8675933326502011,0.9835158554872873,0.9590642228722599,0.9681377301204058,0.859469394418065,0.023015089923795178,245.9265564064533,7.083988285220559,0.9813942483392799,0.05087708017832358,7.957623093131977,7.860907572273584,5.618086316445572,0.770757112490855,1.120521201977115,0.15815232238830423,0.16811912003356944,0.9351673118248132,1,6.0,0.030017920154162114,0.20280362833427512,0.7798298466713156,0.886631723029719,0.9031378119282918,0.9351081756061774,0.9579161542050035,0.6285914238309825,0.37047695338210285,0.9579161542050035,2.0,0.02341936180189966,243.87917733035238,7.404656229970303,-0.3497640894862599,2.985268221006994,A,away_HQ,0.9407158588310772,6.0,1
3.0,1.0,3.0,1,1,blend,obs,0.6016666666666667,0.8415885159917759,0.9750582497371169,0.9191886950733202,0.7214915883079613,0.9291331102642072,0.8606058938204951,0.8887799193122807,0.9879118367876888,0.9757823598165529,0.8737065607728005,0.9855130011148453,0.9642816862364777,0.883936017995161,0.9876698426888991,0.9698598055429704,0.8573987726370458,0.9797446342047449,0.9348151671797793,0.9476232337376609,0.9970199660470831,0.9934230749754686,0.863245887257025,0.981803854092097,0.953637718333073,0.9615893625031628,0.8428412820407634,0.07555580861134922,91.24748678096951,8.517029763941164,0.9826377218094785,0.04770031117116986,8.35574521104833,8.278868194157544,5.736560608293119,0.79289332067528,1.155062844179055,0.15971021614245023,0.17076849829310986,0.9344598265139924,1,6.0,0.033181413336660553,0.20310156875268215,0.7863563886940244,0.9050290475225892,0.9238266277748325,0.9642544408822603,0.9542028716544863,0.7139665130518402,0.3729002947035629,0.9642544408822603,1.0,0.07877805426817305,90.39123473263872,9.376832074581676,-0.36216952350377507,2.9912814575862225,A,away_HQ,0.9352440159561571,6.0,1
3.0,1.0,3.0,2,1,blend,obs,0.6136666666666667,0.8656508402286354,0.9823043928760835,0.9477972640521294,0.7272550464096179,0.9319120097817863,0.8595689203889945,0.8827137699263641,0.9863076550799752,0.97313716503169,0.859804602169243,0.9816007714422398,0.9548344867944576,0.8667602120794774,0.9832623659655947,0.9595302859053596,0.8810013114196683,0.9860635042996612,0.9586937420856094,0.9563808906508379,0.9980337143910774,0.998250978433086,0.8798385320771457,0.9864844722973586,0.9686318549340353,0.9484717843321141,0.8599771204088559,0.018063925104970985,311.59870973869124,7.719311909621403,0.9810931055120192,0.05187831975719858,8.297659152913898,8.277459077098756,5.505213631507858,0.7589941421098085,1.1184098404200458,0.1587145551441816,0.17072089895356113,0.9338604994037745,1,6.0,0.03143310129115041,0.20174523345633355,0.7867078315807363,0.9016895651232751,0.919514799635862,0.9548198295979136,0.9776836112399518,0.7553749776581287,0.4115667435587733,0.9776836112399518,2.0,0.02055871221173472,290.84253306173446,8.211914612774263,-0.3594156983102371,2.9831400934055865,A,away_HQ,0.9296726769658971,6.0,1
3.0,1.0,3.0,3,1,blend,obs,0.6063333333333333,0.8520597685785827,0.9781206804541145,0.9321334903768669,0.7415723774276983,0.9409194742042902,0.8769786956111583,0.9103914337652426,0.9925332695528796,0.9900971763376288,0.8860001305089749,0.9887294567553921,0.9730740640732465,0.8936769667254575,0.9901469588305087,0.9772794415925953,0.8676599374461397,0.9824416826983042,0.9455184607036873,0.949022190515105,0.9972418658809797,0.9947045354404709,0.8675552449902714,0.9828296908167136,0.9574075858615418,0.9460954830804488,0.8496988345323769,0.02625280893490711,226.38637960427545,8.154203836122228,0.9796458867006884,0.052776570190317396,7.9155142687065485,7.8935974091804235,5.545572957707047,0.7602273233713728,1.1251566653488778,0.16937870223808993,0.18064192300847476,0.9349605512761415,1,6.0,0.031182121600696205,0.2124198810718113,0.797376881031344,0.922491498234259,0.9407571494314302,0.9730230774956579,0.9655048862863139,0.7457538409723818,0.40631449823034804,0.9730230774956579,1.0,0.030475243552950088,208.06256798882748,8.623743858708167,-0.364929341977505,2.992929322631713,A,away_HQ,0.9376489101599277,6.0,1
3.0,1.0,3.0,4,1,blend,obs,0.5963333333333334,0.858155333750934,0.9799920300041689,0.9419609556731106,0.7163901992279945,0.9274328894602093,0.8424299675961856,0.8798925264889932,0.9858681479514558,0.9690791060982004,0.8697524961091332,0.9844653449163779,0.9595358671710561,0.8784687997688406,0.9863446033754513,0.9651184106161016,0.8742218905006411,0.9841839392866895,0.9540404050457141,0.9601214632635032,0.9983402142020326,0.9971966667962214,0.8781662317872486,0.9859446729248309,0.9705495601261894,0.9681927980918035,0.8397682334483636,0.13878868602792002,59.69809213943636,8.4990175516095,0.9809273480149128,0.05308612864301776,9.043975790634388,8.975848710483266,5.799112934401478,0.7773397504688296,1.1323419294822366,0.16228142892760128,0.17528147051482584,0.9352457784116844,1,6.0,0.030469125008662147,0.20591725788915213,0.7880904718290267,0.8979050960666162,0.91927156051763,0.9595784641392952,0.9718381639060413,0.7522448449829499,0.4088754815441138,0.9718381639060413,2.0,0.1466463317669971,57.997264777447675,9.242598470057159,-0.3550021790134069,2.9891233577929692,A,away_HQ,0.9258333379504311,6.0,1
3.0,1.0,3.0,5,1,blend,obs,0.6013333333333334,0.8426527917225403,0.9757863316882559,0.9249291554275862,0.7406735481313846,0.9387779060983671,0.865254318033368,0.8985159777478956,0.9897200938759256,0.9768129874612339,0.8885089450228294,0.9883138641760608,0.9668046281730056,0.8963430701821526,0.989801481531229,0.9714809944664188,0.8577977393128459,0.9801442971603183,0.9388826274132369,0.9616214031407138,0.9984236697868393,0.9959169236480876,0.8623146074775454,0.9819702831971862,0.9543114883653148,0.9615538446363544,0.844533627800414,0.07343246218157595,87.74657284088909,8.858222113161025,0.9798049577675769,0.052949384893278495,8.064468413707969,8.082727742182358,5.465596317894078,0.7749764938524328,1.1360470150569046,0.16687966219591766,0.18187873280575584,0.9349785976607222,1,6.0,0.031921953825445035,0.20994449786100666,0.7948751403163706,0.9075545730450987,0.9270762889714927,0.9668231759437723,0.9498264284929965,0.7282045296574853,0.3976749650622988,0.9668231759437723,1.0,0.07720857838424164,81.68622448296242,9.42700991223227,-0.3610705212044718,2.9908038143062927,A,away_HQ,0.9175325758077664,6.0,1
3.0,0.0,6.0,0,1,blend,obs,0.5876666666666667,0.8902740659568291,0.989202936743486,0.9959052199606404,0.7092844462528446,0.9239632810282835,0.8461501502695944,0.8486016584265245,0.9776966451473983,0.9476308437471003,0.7978759521055427,0.9619794776912236,0.8805918102147073,0.8090077664180015,0.9652416851519301,0.9036800155698186,0.9404171501036287,0.996848646626392,0.9951504616942318,0.7744346047585107,0.952853627109898,0.9391933223931401,0.8684817011237413,0.9844212363288293,0.986022472333084,0.9123928407301772,0.8641269452616573,0.08475565472098692,131.83025267748081,6.377005685266508,0.8192310637550548,0.15578909519187703,2.774581242923849,2.8829074255746274,5.618086316445572,0.770757112490855,0.6254389158535343,0.15815232238830423,0.28257878762717364,0.7647626441831611,1,6.0,0.10891629458746785,0.3058978040098323,0.5170103227783251,0.8521881347179423,0.8609999289399145,0.8806003957955463,0.8142669416707298,0.4203407233727409,0.43858504223360517,0.8806003957955463,1.0,0.3068932077621113,47.69140520258091,5.758287730389351,0.14531819663732062,5.920702207034388,A,iso,0.5596751395117665,6.0,1
3.0,0.0,6.0,1,1,blend,obs,0.6016666666666667,0.8760569373117011,0.986332509934289,0.999343957795811,0.7214915883079613,0.9291331102642072,0.8606058938204951,0.8887799193122807,0.9879118367876888,0.9757823598165529,0.8288459472312697,0.9731296264628514,0.9208775653156318,0.839060795163877,0.9755661613241164,0.9376349863259469,0.9341064664109555,0.9961148039594748,0.9995595193014576,0.7947522857831841,0.9609457776371271,0.9546225100068055,0.8679232725711161,0.9843404870942434,0.9944340303414768,0.911002443615371,0.8713097711859292,0.33054228174509775,40.15268757101932,6.5679590226060345,0.8352530743286315,0.1450104626657161,2.830533261230646,2.945424863886933,5.736560608293119,0.79289332067528,0.7044674039600995,0.15971021614245023,0.29537014700453024,0.7627545570030926,1,6.0,0.1201116611020289,0.30283854876702343,0.5273774319441639,0.8694442802408798,0.8826164780001033,0.9208728463379349,0.9144328515964437,0.6241189534803299,0.4013001057656176,0.9208728463379349,1.0,0.39583606500898644,27.407507279283738,6.553996469629431,0.08842591671518027,5.940450820631829,A,iso,0.5407121124532626,6.0,1
3.0,0.0,6.0,2,1,blend,obs,0.6136666666666667,0.9038218496757828,0.9917402268067561,0.9978620723789494,0.7272550464096179,0.9319120097817863,0.8595689203889945,0.8827137699263641,0.9863076550799752,0.97313716503169,0.8074133875167806,0.9659771336760232,0.9030679648329342,0.8198382519519399,0.9690242953981064,0.9231362977111512,0.9515087645898553,0.9979063767974552,0.9970339336001914,0.7943561389357167,0.9602986433661369,0.9492842597924278,0.884355248179207,0.9879184458339261,0.9929701863057634,0.8865478131215283,0.9001073347467192,0.4586686159679284,42.113787524890924,4.765945146090469,0.8049300306179024,0.1527485563302686,2.6030434149187354,2.7547639717736616,5.505213631507858,0.7589941421098085,0.6485589833205266,0.1587145551441816,0.2848853132904431,0.7597389816675444,1,6.0,0.11418515195123821,0.3009551979210889,0.5273693767063525,0.8666276256335776,0.8767684577732845,0.9030789674782049,0.9640114332436737,0.7582756725652132,0.5449444759796028,0.9640114332436737,2.0,0.46884447480839864,40.68425194548198,5.00081201860807,0.1104351587892819,5.921534202692005,A,iso,0.5571173652689169,6.0,1
3.0,0.0,6.0,3,1,blend,obs,0.6063333333333333,0.8860492993801087,0.9884379939983715,0.9983516561635615,0.7415723774276983,0.9409194742042902,0.8769786956111583,0.9103914337652426,0.9925332695528796,0.9900971763376288,0.8238430908591055,0.9727422070889145,0.9221369357301418,0.8380794050845466,0.9759324730630237,0.9403865147603688,0.9413204265348628,0.9968395211959677,0.9977140352085518,0.8025527494025539,0.964784104414258,0.9574582073489983,0.8620058494803273,0.9830083164301909,0.9943731733348341,0.8747676793396171,0.9014960286668516,0.5002561892663383,30.13772774991246,4.4863228341899735,0.8043553347648934,0.15661133097303465,2.4351378112316038,2.5186588626738557,5.545572957707047,0.7602273233713728,0.6486688021817324,0.16937870223808993,0.30879044776694864,0.762460939548549,1,6.0,0.11388429658068683,0.31256113126386464,0.5419058395175187,0.8849663296358072,0.8953913281353723,0.9221363956977541,0.9645657381289532,0.5669409133096747,0.4267095455641975,0.9645657381289532,2.0,0.552807320825059,26.393454613335834,4.717128753022822,0.11155852118964046,5.901490492149915,A,iso,0.5485231277812194,6.0,1
3.0,0.0,6.0,4,1,blend,obs,0.5963333333333334,0.8821345506954182,0.9874841066908802,0.9974805598675909,0.7163901992279945,0.9274328894602093,0.8424299675961856,0.8798925264889932,0.9858681479514558,0.9690791060982004,0.8052312736640537,0.9648010828453513,0.8950603942690818,0.81960768174739,0.969223008047001,0.9172895501939423,0.9346671289937014,0.9961514139432683,0.995567480059059,0.7915749341941688,0.9592576649391352,0.9435723049821526,0.8752969650315927,0.9858000278674669,0.983935529275462,0.8981607144877186,0.8874697964836086,0.47066085704500754,25.66020846769029,5.22883717741919,0.8184660455974878,0.15287241948834113,2.7822153982214934,2.876227194814407,5.799112934401478,0.7773397504688296,0.6533259719825475,0.16228142892760128,0.29222979663756027,0.765308302559024,1,6.0,0.11043064826393544,0.3065452080714082,0.5293882424343708,0.8519322608266752,0.8639592735064839,0.8950640361159825,0.9304011384407442,0.6386141141040637,0.468866098302259,0.9304011384407442,2.0,0.5389094461531067,20.937937884581117,5.429381006256174,0.1240137784862821,5.935111444764598,A,iso,0.5553212943883056,6.0,1
3.0,0.0,6.0,5,1,blend,obs,0.6013333333333334,0.8847844073460852,0.9881089531388952,0.9987909812820583,0.7406735481313846,0.9387779060983671,0.865254318033368,0.8985159777478956,0.9897200938759256,0.9768129874612339,0.8220230462745428,0.9700410571078429,0.90585703255355,0.8347289823433488,0.9737387336958564,0.9262311436435888,0.937983006541047,0.996504547261062,0.9980043664541787,0.8124385888099452,0.966645774130072,0.9539650397373144,0.8760059946496791,0.9859586342611464,0.9901799458861713,0.8921322553533437,0.8892262964202953,0.5311965273944315,26.055809914520598,5.2264896920173864,0.8018181447396717,0.16002730005237856,2.46246131399591,2.6023984975598675,5.465596317894078,0.7749764938524328,0.6187351454165497,0.16687966219591766,0.30411920819913896,0.763843969430194,1,6.0,0.11593970034841715,0.3094566718040265,0.5392666482938188,0.8713887459282608,0.8811802262226471,0.9058587330518952,0.9192273871479166,0.564364321336253,0.42211617791402456,0.9192273871479166,2.0,0.5360748590386297,23.847668045123463,5.217318599480301,0.15624134843588314,5.9203454374504485,A,iso,0.5487310820783274,6.0,1
3.0,1.0,6.0,0,1,blend,obs,0.5876666666666667,0.7184800542605324,0.9322220347179198,0.7885720858914522,0.7092844462528446,0.9239632810282835,0.8461501502695944,0.8486016584265245,0.9776966451473983,0.9476308437471003,0.715601858629292,0.9317720788375481,0.8000136214504449,0.7289246269291155,0.9348139419311643,0.8328003816623503,0.7429516004421227,0.9410150999978434,0.8407459471461234,0.6966809542194707,0.9137070406531572,0.8879512177579135,0.7948523943167387,0.9658306405517927,0.8768636979050463,0.8221843236886166,0.899841176734952,0.66856136096266,24.28966890457284,4.55426291565637,0.649814910004489,0.2203861508498823,0.7161708005286259,0.715470026198834,5.618086316445572,0.770757112490855,-0.0388723047839713,0.15815232238830423,0.21910365702037557,0.7647626441831611,1,6.0,0.10891629458746785,0.3058978040098323,0.5170103227783251,0.8358495704592316,0.8270535735679013,0.800002492424492,0.643370634772914,-0.3102100748775827,0.24058068218411854,0.8358495704592316,0.25,0.909337829069,10.791635421873682,3.175209271588345,0.8096294172748264,5.972277917925131,A,toward_HQ,0.7218150739199978,6.0,1
3.0,1.0,6.0,1,1,blend,obs,0.6016666666666667,0.7339994245227572,0.9394712192586518,0.8058653918525072,0.7214915883079613,0.9291331102642072,0.8606058938204951,0.8887799193122807,0.9879118367876888,0.9757823598165529,0.7273469615953431,0.9374108031845884,0.8156775618146268,0.7423100443136693,0.9412742039399986,0.8488379647764118,0.7591367040139525,0.9480096556042037,0.8554877129502585,0.7163817807656981,0.9237861306818954,0.9040007988106263,0.8035179226242455,0.9687654086967007,0.8872071556983294,0.7954296782712932,0.8945317200820888,0.8423403473919474,7.11207951936488,4.712435622024779,0.6719447374216206,0.2141601414253135,0.7728213953365012,0.7909356501770243,5.736560608293119,0.79289332067528,-0.037352246098098785,0.15971021614245023,0.22874596130224983,0.7627545570030926,1,6.0,0.1201116611020289,0.30283854876702343,0.5273774319441639,0.8507323725828378,0.8420153583664651,0.815673569002464,0.6545972382341438,-0.23251789821985114,0.3799339708173325,0.8507323725828378,0.25,0.9502339277428336,4.240613373545424,3.111243868630318,0.8302455667733786,5.962498362081755,A,toward_HQ,0.6981990642948213,6.0,1
3.0,1.0,6.0,2,1,blend,obs,0.6136666666666667,0.7307247312687404,0.9365575150649657,0.8019130813642129,0.7272550464096179,0.9319120097817863,0.8595689203889945,0.8827137699263641,0.9863076550799752,0.97313716503169,0.7212180366241915,0.9334102479653978,0.808455601190833,0.7381036211388753,0.9381529730313467,0.8419642707125118,0.7512296275260948,0.9434220398579519,0.8468187859179116,0.7193754845081552,0.9250996662236955,0.8985842926626061,0.8013287219030997,0.9668155572153814,0.8809423163991048,0.7853511170866123,0.9083481401972925,0.8593016954790659,9.09552334422055,4.133008251411167,0.6576449382510068,0.2164130164606462,0.5314258261729837,0.5400424217139913,5.505213631507858,0.7589941421098085,-0.05410719439746298,0.1587145551441816,0.22064786481670198,0.7597389816675444,1,6.0,0.11418515195123821,0.3009551979210889,0.5273693767063525,0.8489076919991992,0.8389505313633164,0.808454363424327,0.6530437637394619,-0.12116879508196839,0.3983257301988822,0.8489076919991992,0.25,0.9715880685783781,3.2951914767995287,2.8303199835991397,0.8131013365072716,5.969288235047642,A,toward_HQ,0.7193115386637888,6.0,1
3.0,1.0,6.0,3,1,blend,obs,0.6063333333333333,0.7389492498143042,0.9430524994245656,0.8180550201417333,0.7415723774276983,0.9409194742042902,0.8769786956111583,0.9103914337652426,0.9925332695528796,0.9900971763376288,0.7333845349820656,0.9412912910570349,0.8282904957561634,0.751123012597033,0.9462683719122715,0.8611286043355997,0.7637404562950253,0.9510088146011937,0.8641659431029944,0.7308699776162229,0.9327996189226676,0.9155402407244343,0.8112803604303296,0.9716255860461077,0.8979167236487072,0.7730819360613365,0.9135132647937698,0.8770201073039876,7.726096018772112,3.8369707583981603,0.6487190205559066,0.21871415443231718,0.4753014715131888,0.47993380250898277,5.545572957707047,0.7602273233713728,-0.06402156827992161,0.16937870223808993,0.23882723559939212,0.762460939548549,1,6.0,0.11388429658068683,0.31256113126386464,0.5419058395175187,0.8659498987293432,0.8562447289829174,0.8282914780011333,0.6900330233002213,-0.0914440667732339,0.5031652734071839,0.8659498987293432,0.25,0.9706579499547369,3.7906625030857297,2.7512563032747277,0.8242488916512946,5.959506778096728,A,toward_HQ,0.709210161114979,6.0,1
3.0,1.0,6.0,4,1,blend,obs,0.5963333333333334,0.7234427955487727,0.9327097813712488,0.7883198970792883,0.7163901992279945,0.9274328894602093,0.8424299675961856,0.8798925264889932,0.9858681479514558,0.9690791060982004,0.7159660004178373,0.9304180593568894,0.7966914436194479,0.733439227963601,0.9359746372563225,0.8328938712679196,0.7489936134382152,0.9423859710855399,0.840126526361897,0.714200710757295,0.9225582157764404,0.891118001805104,0.7897334849062723,0.9631513278330225,0.8663558901359266,0.7962147740757199,0.915361193800996,0.7975735341093446,14.761871697049237,4.190503945772284,0.6570936067231669,0.2189602499783445,0.7424005487798061,0.7497006018387281,5.799112934401478,0.7773397504688296,-0.0245461572009536,0.16228142892760128,0.22142455790576665,0.765308302559024,1,6.0,0.11043064826393544,0.3065452080714082,0.5293882424343708,0.8330617261828412,0.8233885189286915,0.7966929357616507,0.6625828397122694,-0.174378909794575,0.33070204237037515,0.8330617261828412,0.25,0.9529042749863104,5.199872267734918,2.8691005658786892,0.8018859076697833,5.9724071295087615,A,toward_HQ,0.7328971567673385,6.0,1
3.0,1.0,6.0,5,1,blend,obs,0.6013333333333334,0.7413540684718345,0.9422444769560119,0.8126831793849879,0.7406735481313846,0.9387779060983671,0.865254318033368,0.8985159777478956,0.9897200938759256,0.9768129874612339,0.7359055372835542,0.9408925437182241,0.8197915932826201,0.7528943553898697,0.9454516776957317,0.8523531008157873,0.7675892935529647,0.9512208865298885,0.8600872291129966,0.733517525682575,0.9322048770882685,0.906853297457185,0.8149635776505602,0.9718301311021365,0.898434969630476,0.7935258473538103,0.9089158075482698,0.9133663002600337,4.079646399364421,4.00084939728749,0.6449007315590031,0.22126635409430764,0.5368641342329298,0.5714227158403837,5.465596317894078,0.7749764938524328,-0.053165354597304426,0.16687966219591766,0.23025554047144448,0.763843969430194,1,6.0,0.11593970034841715,0.3094566718040265,0.5392666482938188,0.8539859012502455,0.8459767806978825,0.8197922612106014,0.6832773353516995,-0.1852072203019443,0.41501573361203437,0.8539859012502455,0.25,0.9753205435884521,2.6458384792231753,2.773281859207505,0.8281418484497373,5.973845354110922,A,toward_HQ,0.7247585089776092,6.0,1
3.0,1.0,6.0,0,1,blend,obs,0.5876666666666667,0.7577524131068868,0.9435611160054601,0.7877454683228902,0.7092844462528446,0.9239632810282835,0.8461501502695944,0.8486016584265245,0.9776966451473983,0.9476308437471003,0.8139890895352372,0.9682377064109056,0.9117472412360149,0.8330061082965303,0.9738925877902013,0.928415332003798,0.8234962558552327,0.9692128413567029,0.9021425247978478,0.8947699148986927,0.9902877610129791,0.9920765747254586,0.8278263804214842,0.9731687332454991,0.960105855218572,0.9440363151588734,0.8770924363916904,0.01957605186097103,248.80020482454518,5.727921757764287,0.98182940356222,0.04767509447403188,6.587321828099422,6.268790355926194,5.618086316445572,0.770757112490855,1.2927564076007707,0.15815232238830423,0.22002354165136556,0.7647626441831611,1,6.0,0.10891629458746785,0.3058978040098323,0.5170103227783251,0.873782502687027,0.8859702971942924,0.9118276162893049,0.9381416886637466,0.5550172932544019,0.35628911009322295,0.9381416886637466,2.0,0.036199909913783156,181.23657445032995,6.5050323690112,-0.5219992951099157,5.927703821965217,A,away_HQ,0.7187972759701401,6.0,1
3.0,1.0,6.0,1,1,blend,obs,0.6016666666666667,0.7544307553894125,0.9411570718213643,0.7737451765277313,0.7214915883079613,0.9291331102642072,0.8606058938204951,0.8887799193122807,0.9879118367876888,0.9757823598165529,0.8432019438964478,0.9775696153773261,0.942777358379072,0.8649928942694551,0.9830356088749044,0.9576397308504329,0.8176775713444124,0.9667050292664304,0.8916207299688751,0.9016677648051941,0.9914665417434265,0.9940289706720793,0.8277963781003445,0.9729939140591051,0.9642065434098057,0.9339807197187309,0.8717223137488499,0.123505336038846,58.79207295913165,6.204424510275291,0.9830373555558131,0.04652281713890744,7.028729650125237,6.474533157116734,5.736560608293119,0.79289332067528,1.3305319580773196,0.15971021614245023,0.22440260722468378,0.7627545570030926,1,6.0,0.1201116611020289,0.30283854876702343,0.5273774319441639,0.8936211214437901,0.9083157225356628,0.9427970357196096,0.982624270940255,0.6924635466679969,0.36740352727643977,0.982624270940255,2.0,0.12219866426015984,59.07354485557633,7.408903650170154,-0.53763863740204,5.939236957452245,A,away_HQ,0.711712836662989,6.0,1
3.0,1.0,6.0,2,1,blend,obs,0.6136666666666667,0.7722562300060074,0.95008574420497,0.8285789202365649,0.7272550464096179,0.9319120097817863,0.8595689203889945,0.8827137699263641,0.9863076550799752,0.97313716503169,0.8334043061326829,0.9741819674324702,0.9351878387640005,0.8545163358018257,0.979972070722081,0.9500062664349176,0.8359033380361962,0.973431929158781,0.9228339440780013,0.899237304886753,0.9910265952009438,0.9937456320912772,0.8361768455468634,0.9759393910180785,0.9688618646284858,0.9223639118791951,0.8864023048751725,0.0719764918739233,148.4447387044826,5.723598698337775,0.9825867417405947,0.0484482256422227,7.527206490178958,6.516099498005004,5.505213631507858,0.7589941421098085,1.3002497084044466,0.1587145551441816,0.22076403137250894,0.7597389816675444,1,6.0,0.11418515195123821,0.3009551979210889,0.5273693767063525,0.8937340770261045,0.9070604540605991,0.9351764134834121,0.9917732306347725,0.7315927631397711,0.4049122057707608,0.9917732306347725,2.0,0.030513040207319785,237.43356284205072,7.212642063205382,-0.5412555662946381,5.923839241918666,A,away_HQ,0.7189330352296955,6.0,1
3.0,1.0,6.0,3,1,blend,obs,0.6063333333333333,0.7601794943874134,0.9439563702344286,0.7924129951532943,0.7415723774276983,0.9409194742042902,0.8769786956111583,0.9103914337652426,0.9925332695528796,0.9900971763376288,0.8505859698607756,0.9803764868834146,0.9500230267286652,0.8763300773537367,0.9862853532279474,0.9662651300835841,0.8251930281744374,0.9693327816630252,0.9043455559224634,0.8953161479546956,0.9904008726780668,0.992144284449273,0.825130567431676,0.9721901313501976,0.9630843769237375,0.9084904037643359,0.8863100530833236,0.07162840083164934,124.64843362337517,5.432733488539188,0.9810740331964927,0.049981165425100754,6.643225271545153,6.128760959812409,5.545572957707047,0.7602273233713728,1.3079337008934528,0.16937870223808993,0.23198623455694523,0.762460939548549,1,6.0,0.11388429658068683,0.31256113126386464,0.5419058395175187,0.9103544044848129,0.9238330705803708,0.9500424148991755,0.9945114231710132,0.6644332345636781,0.40058910948665205,0.9945114231710132,2.0,0.061279597392653526,137.29047223016542,6.855971934286366,-0.5477063775220798,5.944302907190455,A,away_HQ,0.7301239341272763,6.0,1
3.0,1.0,6.0,4,1,blend,obs,0.5963333333333334,0.7686943132417549,0.9482284063036323,0.8219036430569132,0.7163901992279945,0.9274328894602093,0.8424299675961856,0.8798925264889932,0.9858681479514558,0.9690791060982004,0.8339020956545745,0.9748688022781847,0.9335045909231733,0.8585870309639595,0.9813921354965349,0.9517135669572274,0.8351450184846752,0.9728488003173523,0.9213581522881251,0.9009395284938876,0.9914683740080505,0.9919989341020091,0.83631110789636,0.9760375563495146,0.9746484150704741,0.934919637703436,0.8754484247407984,0.1913372891323944,55.63952280872038,5.83308821021179,0.9809737366482667,0.051352562423083586,7.210216620000243,6.631184165639233,5.799112934401478,0.7773397504688296,1.303050385134697,0.16228142892760128,0.22766092746626176,0.765308302559024,1,6.0,0.11043064826393544,0.3065452080714082,0.5293882424343708,0.8826969680214549,0.8995070829505553,0.9335275747193281,0.98994500039283,0.7194653918186614,0.3985706950640151,0.98994500039283,2.0,0.1878333320066686,50.0244574716245,7.477582552338252,-0.5257106346658674,5.949311172547953,A,away_HQ,0.7128207318388027,6.0,1
3.0,1.0,6.0,5,1,blend,obs,0.6013333333333334,0.7611142568748631,0.9449288387673421,0.7981191212000758,0.7406735481313846,0.9387779060983671,0.865254318033368,0.8985159777478956,0.9897200938759256,0.9768129874612339,0.8485356211020982,0.978588050255862,0.9391371688452907,0.87242280549343,0.9845440774649301,0.9569928783764252,0.8216901273494884,0.9685707931396539,0.9007644896304353,0.9196077651864042,0.9942871734666389,0.9961786706801756,0.8341261002462921,0.9750687777885537,0.9618274826587906,0.9257167418639681,0.8821851693261502,0.11877876244967049,78.5316012895877,5.750579350886785,0.9805560293365172,0.050031741266104615,6.449719905151901,6.039511248235047,5.465596317894078,0.7749764938524328,1.3100489149965013,0.16687966219591766,0.22940343728067314,0.763843969430194,1,6.0,0.11593970034841715,0.3094566718040265,0.5392666482938188,0.8947041963606135,0.9087322183789937,0.9391773572034204,0.9787175275954705,0.6664087269878426,0.3829596368611268,0.9787175275954705,2.0,0.09809792013243529,80.10060456231489,7.244951123571048,-0.5350724211440685,5.940160192266639,A,away_HQ,0.7274505742986833,6.0,1
3.0,0.0,10.0,0,1,blend,obs,0.5876666666666667,0.8025445150290353,0.9652036051131925,0.9741382807625496,0.7092844462528446,0.9239632810282835,0.8461501502695944,0.8486016584265245,0.9776966451473983,0.9476308437471003,0.7557208290791484,0.9508658782596224,0.8298608488407396,0.7856342501581975,0.9585916269664296,0.8931356588633224,0.9151498832969313,0.9942055980740162,0.9817776396485273,0.6962758386340185,0.9141874166102947,0.8948240575682816,0.8233005097597758,0.9723268820530659,0.9546823198275487,0.8433044741365915,0.8443475355361569,0.06918029605430152,147.88098977891673,7.137152500156338,0.8173925444016524,0.1568190802332681,2.3462911300952833,2.3032995336365807,5.618086316445572,0.770757112490855,0.4605719753382718,0.15815232238830423,0.40800744900252134,0.4605777572951818,1,6.0,0.2497557060589309,0.4385504761314135,0.36062512982180234,0.8436392152932385,0.8426021247851022,0.8298594829576256,0.5300683811858744,0.10208075531943246,0.5356633340934791,0.8436392152932385,0.25,0.6656997780039403,19.762208427816304,4.286451066142114,0.31018513715258317,9.786519038758955,A,iso,0.38762116420900666,6.0,1
3.0,0.0,10.0,1,1,blend,obs,0.6016666666666667,0.780864872397241,0.9572895471513113,0.9951717995259999,0.7214915883079613,0.9291331102642072,0.8606058938204951,0.8887799193122807,0.9879118367876888,0.9757823598165529,0.7862757918133518,0.9616544837935305,0.8721699001476496,0.8159106338591581,0.9687451069012467,0.9217108900403856,0.9275187490338003,0.995284252392139,0.9933675335334664,0.7168069442143195,0.9248702186212712,0.9119177942186055,0.8239515896518339,0.9722335092368758,0.9569178880193887,0.8473810384234863,0.8642765953108058,0.3913650271584314,38.53726654279722,6.453306262424123,0.8360623094843472,0.14573965686714685,2.3428135965699886,2.411709720470995,5.736560608293119,0.79289332067528,0.5814369252041457,0.15971021614245023,0.44042337022320716,0.4557295562880633,1,6.0,0.27555103380355006,0.4308737825748557,0.3706658947500566,0.8605039575746597,0.8634967997346829,0.8721707291934234,0.8969537903205168,0.8845050049831468,0.6142408098403279,0.8969537903205168,2.0,0.6121199007642628,15.547282875428774,5.218035917816329,0.21145639547113415,9.806719938596608,A,iso,0.3626288406573631,6.0,1
3.0,0.0,10.0,2,1,blend,obs,0.6136666666666667,0.8248231177925918,0.9726347314766414,0.9868076032771036,0.7272550464096179,0.9319120097817863,0.8595689203889945,0.8827137699263641,0.9863076550799752,0.97313716503169,0.7743665342364912,0.9567770918443701,0.8599689401390078,0.8017594139296617,0.9637269537934849,0.9099171418169666,0.9292101975484093,0.9959569855457772,0.9876085499653088,0.7173370174685281,0.9243747107662658,0.9051815606210618,0.834084220927733,0.975504685914834,0.9614481703906699,0.8328789647635804,0.8825358641702267,0.4278172345872174,34.71879808896296,5.281450086681605,0.8143380173303044,0.1533554603906246,2.2199062771661757,2.221611223447602,5.505213631507858,0.7589941421098085,0.5126592536577057,0.1587145551441816,0.4011553947752306,0.45124109447346056,1,6.0,0.2608001890903442,0.4266395845509757,0.37201085152758034,0.85845776332453,0.8596588053159275,0.8599688262567043,0.8141987803122693,0.6661306274765101,0.6191894361768698,0.8599688262567043,1.0,0.6826817307757603,24.953919461712996,4.165204395509614,0.2463348884521029,9.78119617133868,A,iso,0.395643576557434,6.0,1
3.0,0.0,10.0,3,1,blend,obs,0.6063333333333333,0.7992694195307255,0.9641188227461976,0.9849900747508852,0.7415723774276983,0.9409194742042902,0.8769786956111583,0.9103914337652426,0.9925332695528796,0.9900971763376288,0.7798293712396471,0.9607533808606631,0.8702581479875212,0.8137861234540871,0.969061376545492,0.922045077697298,0.9255238057685604,0.9951293209381852,0.9883324339059181,0.7350997487125908,0.9358378990823667,0.9235081337686661,0.8148896356386022,0.9694690332311364,0.9600086826245917,0.8133092589309885,0.8836990395981199,0.5730135593500578,21.617101543975807,5.438892681249044,0.8143788935961036,0.155204593897253,1.9361959095509134,1.9375924381653251,5.545572957707047,0.7602273233713728,0.5057558784560017,0.16937870223808993,0.4390853305329476,0.45685105344741017,1,6.0,0.2604040598591368,0.44000455646782677,0.38494760962884467,0.8750206114573794,0.8749472151736408,0.8702614997309861,0.7836644559193736,0.24477189377344613,0.564789463781245,0.8750206114573794,0.25,0.7735728768121438,14.172653839902475,3.876716564852343,0.25447144491537127,9.762720907431866,A,iso,0.38575349814693993,6.0,1
3.0,0.0,10.0,4,1,blend,obs,0.5963333333333334,0.7984191008028584,0.9637642295751624,0.9798399882025661,0.7163901992279945,0.9274328894602093,0.8424299675961856,0.8798925264889932,0.9858681479514558,0.9690791060982004,0.7681769951094309,0.9542545505757629,0.8522613196607762,0.8000713550719196,0.9636233355973768,0.9047880973307237,0.9146320294031223,0.9941181748897304,0.9823985711937786,0.7089882667545959,0.9201303294206851,0.8919774135438575,0.834089049016376,0.9757954223062212,0.9517365279252801,0.8440769720206447,0.8896891215848068,0.4303260962075707,31.77629984498635,5.234095810173959,0.8151452195013199,0.15567342283215316,2.3183631610298994,2.330198209945791,5.799112934401478,0.7773397504688296,0.5082860655519573,0.16228142892760128,0.41772482885808665,0.4673052757728803,1,6.0,0.25065149029387207,0.43444994762354133,0.37353308434098614,0.8431681791177454,0.8458115962746606,0.852261579381579,0.8475305132611264,0.6357185987621783,0.6073708416584076,0.852261579381579,1.0,0.7066990193681032,13.862618637929842,4.6332617637971465,0.26905368491687226,9.802883869894462,A,iso,0.388488827372847,6.0,1
3.0,0.0,10.0,5,1,blend,obs,0.6013333333333334,0.7972897000874741,0.9634328455013877,0.9854185210019776,0.7406735481313846,0.9387779060983671,0.865254318033368,0.8985159777478956,0.9897200938759256,0.9768129874612339,0.7824126778525902,0.959887890056929,0.8637881810522662,0.8123635924126233,0.9677697553488029,0.9127169281254741,0.9233221788045017,0.9949233899704741,0.989350908805572,0.7377286126085831,0.934975213567162,0.9155627822736744,0.8368078243502142,0.9764599222191288,0.9566268439005402,0.835370753404826,0.8828874143471039,0.6301549340902662,19.409688103638917,5.099320678594269,0.8081344689245007,0.1593415758339862,1.9887731709422614,2.0114837928809073,5.465596317894078,0.7749764938524328,0.4712284546872981,0.16687966219591766,0.43980910512621035,0.4622855657330876,1,6.0,0.2639883903515074,0.43601714393976965,0.3827364692315172,0.8629996426828379,0.8636808018161195,0.8637883224239934,0.8447165620029417,0.5730106809414074,0.6001962511666694,0.8637883224239934,1.0,0.7801476786569643,12.012497586756714,4.194847775685012,0.3037480391651347,9.794384013332149,A,iso,0.37943657884942794,6.0,1
3.0,1.0,10.0,0,1,blend,obs,0.5876666666666667,0.6510167163410707,0.9025774517317473,0.6228354919436329,0.7092844462528446,0.9239632810282835,0.8461501502695944,0.8486016584265245,0.9776966451473983,0.9476308437471003,0.6813619278638208,0.9191710236521741,0.7211070624771322,0.7132366727674533,0.929999390515763,0.8188223018487604,0.7287337495160191,0.9377391860876125,0.8226989873135742,0.6601609666133658,0.8923023518628669,0.8679263813885997,0.8027454259451172,0.9677844729194427,0.8899338087004605,0.7576402743592383,0.8068594499620736,0.21621884492414062,47.367734466762904,10.735861668893982,0.7733093485923486,0.17772692884461203,1.0049275427612725,0.49694821570463305,5.618086316445572,0.770757112490855,-0.28536521162733597,0.15815232238830423,0.3124727261534975,0.4605777572951818,1,6.0,0.2497557060589309,0.4385504761314135,0.36062512982180234,0.8298813360903837,0.8113443982786188,0.7210996031029314,-0.04149251150716593,-0.2815213591472475,0.14828268274632794,0.8298813360903837,0.25,0.949994776832957,5.420052772254758,3.373131477323406,1.056122324118191,9.92933353576,A,toward_HQ,0.5061316049408238,6.0,1
3.0,1.0,10.0,1,1,blend,obs,0.6016666666666667,0.6606401754987353,0.9079788542623362,0.6408208564024576,0.7214915883079613,0.9291331102642072,0.8606058938204951,0.8887799193122807,0.9879118367876888,0.9757823598165529,0.6933625207169869,0.925109045932461,0.7487564198658564,0.7243275720772268,0.9348510986178521,0.8311755792447385,0.7412345915221425,0.94319291245956,0.8358634083617987,0.6746969313494996,0.900596588792913,0.8834558331539911,0.7979689316445011,0.9661330246581364,0.8912636961109848,0.7411680399418084,0.8176529255225473,0.4298953794228172,18.8679066162996,9.239332449429464,0.7992630883529015,0.1676918857561744,1.0206291878633444,0.4906157374117941,5.736560608293119,0.79289332067528,-0.2942096007483596,0.15971021614245023,0.32268638144019635,0.4557295562880633,1,6.0,0.27555103380355006,0.4308737825748557,0.3706658947500566,0.8460902960829682,0.8286516153207708,0.7487763098104402,0.12571989525046523,-0.08009773179951321,0.4239357226873731,0.8460902960829682,0.25,0.9530216474611868,3.3317342203065823,3.276897190466296,1.0871029214236394,9.897454849894116,A,toward_HQ,0.49493943757291603,6.0,1
3.0,1.0,10.0,2,1,blend,obs,0.6136666666666667,0.6659412169213439,0.9101747621204569,0.6548492447183216,0.7272550464096179,0.9319120097817863,0.8595689203889945,0.8827137699263641,0.9863076550799752,0.97313716503169,0.690640835290431,0.9225126620128519,0.7490793621626158,0.7211874466974075,0.9324630718070614,0.8241317914446458,0.7336696804026708,0.9385988260448456,0.8253505981269464,0.6802332001003755,0.9034798014591657,0.8775337823846856,0.8070705670357972,0.9696136058949788,0.8943715658633656,0.7362318908498192,0.8373386808453588,0.12970698687777812,96.42334988218158,7.711164189651545,0.7873468811966337,0.16849473546136792,0.789991146952955,0.2847257614706009,5.505213631507858,0.7589941421098085,-0.31056527810136164,0.1587145551441816,0.31099329691321964,0.45124109447346056,1,6.0,0.2608001890903442,0.4266395845509757,0.37201085152758034,0.8432198177789705,0.8246420781471037,0.7490890758126189,0.25819094714270163,-0.10674593529991484,0.28381756353670373,0.8432198177789705,0.25,0.9562163671065336,4.589915524045751,3.045407981945628,1.06955942021117,9.905880650817316,A,toward_HQ,0.5103471898575026,6.0,1
3.0,1.0,10.0,3,1,blend,obs,0.6063333333333333,0.6714221451575138,0.9140901265255248,0.6659293520712728,0.7415723774276983,0.9409194742042902,0.8769786956111583,0.9103914337652426,0.9925332695528796,0.9900971763376288,0.7014007137307303,0.9297986428432801,0.7691073218105524,0.7357514247292352,0.9412412648177478,0.8471515630118299,0.7488973012939852,0.9468082397182602,0.8442310694947431,0.6909509417024573,0.9116598697641712,0.8918845994150786,0.8033545886945933,0.9679938689747652,0.895962041927852,0.7267158516664851,0.8419236493066853,0.5365913683238357,16.37405857252041,7.3177960993274285,0.7745984036226883,0.1751390077179747,0.761168716425682,0.2654652329101733,5.545572957707047,0.7602273233713728,-0.3112294951085508,0.16937870223808993,0.3327123110893647,0.45685105344741017,1,6.0,0.2604040598591368,0.44000455646782677,0.38494760962884467,0.8615147202235922,0.8435863018867856,0.7691090200029129,0.28030486031626484,-0.08468318650721844,0.2844976344616683,0.8615147202235922,0.25,0.9712764963967052,3.25410575922763,2.7487945488025627,1.0714568184799236,9.90038507550332,A,toward_HQ,0.5090845652314793,6.0,1
3.0,1.0,10.0,4,1,blend,obs,0.5963333333333334,0.6576835702680057,0.9055353517410292,0.6369662540222606,0.7163901992279945,0.9274328894602093,0.8424299675961856,0.8798925264889932,0.9858681479514558,0.9690791060982004,0.694939510686484,0.9238679678370647,0.7526096452786212,0.7196743397753227,0.9316721870122125,0.8196561654958248,0.7372034637900738,0.9399989274669923,0.8269925790805226,0.67444969366625,0.9001939049422814,0.8674189166840268,0.8021069485783081,0.967705623337623,0.8892954954994897,0.7590836199485153,0.8579520451746565,0.3116595302140399,46.92053040084067,6.616773107843171,0.7774418768887214,0.17521095933004296,1.1191698745984004,0.5568474303362618,5.799112934401478,0.7773397504688296,-0.26262129114073857,0.16228142892760128,0.3099822475156739,0.4673052757728803,1,6.0,0.25065149029387207,0.43444994762354133,0.37353308434098614,0.8283038429367887,0.8126308001486867,0.7526142435175732,0.3167340358119244,-0.16293137287301082,0.3156243789163464,0.8283038429367887,0.25,0.9635049129820156,3.8273018581519116,2.937353038776891,1.0399610416095684,9.902429511012812,A,toward_HQ,0.5235184602608435,6.0,1
3.0,1.0,10.0,5,1,blend,obs,0.6013333333333334,0.6704508899845943,0.9133839178329217,0.6566945363673795,0.7406735481313846,0.9387779060983671,0.865254318033368,0.8985159777478956,0.9897200938759256,0.9768129874612339,0.708554143646341,0.9323433657001574,0.7723249085266303,0.7387861167144102,0.9417168348345063,0.8395302322640403,0.7539462679600889,0.9491202757411723,0.8451505499381933,0.6979646856935864,0.9135438186637839,0.8880645010961563,0.8179625374606561,0.9726507945165109,0.910019379488021,0.7501612465067057,0.8445506810643312,0.47971779065537073,24.38235078387937,6.809477283768257,0.7707150683356939,0.17776638909681675,0.8183135767219339,0.4055483025676802,5.465596317894078,0.7749764938524328,-0.3151950446096277,0.16687966219591766,0.3370326889264892,0.4622855657330876,1,6.0,0.2639883903515074,0.43601714393976965,0.3827364692315172,0.8506021725930819,0.8353168956728049,0.7723407686796142,0.29608854307483834,-0.10891985705592325,0.3789326297592024,0.8506021725930819,0.25,0.9655323009801605,3.186728331641752,2.924616515294787,1.0901715384620605,9.924754565219231,A,toward_HQ,0.49514384710711573,6.0,1
3.0,1.0,10.0,0,1,blend,obs,0.5876666666666667,0.710408604898086,0.9223178017549344,0.7060494630970279,0.7092844462528446,0.9239632810282835,0.8461501502695944,0.8486016584265245,0.9776966451473983,0.9476308437471003,0.8003976096384766,0.9618593663427828,0.8856510219393173,0.8254171467404514,0.9707188126966406,0.9297085162613712,0.8650327955407088,0.981800938363512,0.9581973338543089,0.7735004190534367,0.9533538518821663,0.946281394763756,0.8496936410627391,0.9797172191768746,0.9951053574763952,0.9243302789727098,0.8640486712842486,0.026001700885061905,249.61692268685718,6.003058793079962,0.9346939308914812,0.08311722910145405,3.8063469580174756,4.061198960798473,5.618086316445572,0.770757112490855,1.2105199965096307,0.15815232238830423,0.35527899595024076,0.4605777572951818,1,6.0,0.2497557060589309,0.4385504761314135,0.36062512982180234,0.8569034591482119,0.8664516585376957,0.8856446702015701,0.7783913097585927,0.46569568561326324,0.32292989746828415,0.8856446702015701,1.0,0.21413540643392648,65.97693461422762,5.8120758977696365,-0.4397628840187757,9.774131800873928,A,away_HQ,0.4451496547531747,6.0,1
3.0,1.0,10.0,1,1,blend,obs,0.6016666666666667,0.7096412530622871,0.9215587629762118,0.7033985698503854,0.7214915883079613,0.9291331102642072,0.8606058938204951,0.8887799193122807,0.9879118367876888,0.9757823598165529,0.8179869403758857,0.9686242542327961,0.9115655212380932,0.8459366383951749,0.9772250314794698,0.9489738106766779,0.8601787075602069,0.9805453015478784,0.9561708601654753,0.7910947357637129,0.9599855385623672,0.9549768053578976,0.8429399493145068,0.9771846436798062,0.9784178775145709,0.9053504848544411,0.8774070192039766,0.31117935542510516,42.37591735556882,5.4124339132041985,0.9333909757878511,0.0833006324949698,3.5767240841898436,3.874176531050864,5.736560608293119,0.79289332067528,1.2420600611433408,0.15971021614245023,0.35873818196584695,0.4557295562880633,1,6.0,0.27555103380355006,0.4308737825748557,0.3706658947500566,0.8723694871659672,0.8834189245745853,0.9115680959327306,0.9041277097140353,0.4747110826983812,0.34526458954278294,0.9115680959327306,1.0,0.34135347534330485,30.10382365129295,6.100846620602209,-0.44916674046806104,9.789500674816166,A,away_HQ,0.44519993736728913,6.0,1
3.0,1.0,10.0,2,1,blend,obs,0.6136666666666667,0.721677527082663,0.9285636503629097,0.7609042537502736,0.7272550464096179,0.9319120097817863,0.8595689203889945,0.8827137699263641,0.9863076550799752,0.97313716503169,0.8043469403692811,0.9634045155816034,0.9017320676741805,0.837177450426747,0.974363056395361,0.9430870659949201,0.8744573406476033,0.9845624172008601,0.9706877295061115,0.7883328677004706,0.9582516154219756,0.9491015074008106,0.8553437970699438,0.9807420659826213,0.9893475768153249,0.8916733671833167,0.8980706980389849,0.2734086026390928,64.82305647352699,4.223811069796201,0.9368932835110904,0.08048872126532286,3.7442366647117518,4.024451956613738,5.505213631507858,0.7589941421098085,1.2383343548966002,0.1587145551441816,0.33967390386543583,0.45124109447346056,1,6.0,0.2608001890903442,0.4266395845509757,0.37201085152758034,0.8711263906612894,0.8806261326682585,0.90172221465159,0.9320273465347231,0.5776483359470247,0.3819556257622567,0.9320273465347231,2.0,0.14417635695609884,99.835260213642,5.5756646921031,-0.4793402127867917,9.778475632631373,A,away_HQ,0.46725566296979193,6.0,1
3.0,1.0,10.0,3,1,blend,obs,0.6063333333333333,0.7111381230120553,0.9225682628581091,0.7141747527069375,0.7415723774276983,0.9409194742042902,0.8769786956111583,0.9103914337652426,0.9925332695528796,0.9900971763376288,0.8288841845582466,0.9731274096576005,0.9236365508862195,0.8645944133507104,0.9827852435544459,0.9613151315001051,0.8647666064555775,0.9817173676814152,0.9603580760226945,0.7875297207886498,0.959320212399824,0.9542676603897364,0.8402220577425837,0.9770983369792484,0.991404557207105,0.8826288451136919,0.8888715747027595,0.34432378632873234,37.42745112439826,4.688095277358228,0.9354340927615595,0.0845892475035392,3.52481166195783,3.730304593080124,5.545572957707047,0.7602273233713728,1.233346754195376,0.16937870223808993,0.3608827642920903,0.45685105344741017,1,6.0,0.2604040598591368,0.44000455646782677,0.38494760962884467,0.8905777581602806,0.9011653550451895,0.9236365647020994,0.9267999209777164,0.49048872487261963,0.37652080293065526,0.9267999209777164,2.0,0.28466137242700407,49.934279116565094,5.885061207496774,-0.47311943082400304,9.805997160421061,A,away_HQ,0.46934550218917814,6.0,1
3.0,1.0,10.0,4,1,blend,obs,0.5963333333333334,0.7208458777009783,0.9280180003253898,0.7716974909071599,0.7163901992279945,0.9274328894602093,0.8424299675961856,0.8798925264889932,0.9858681479514558,0.9690791060982004,0.7998671474244956,0.9622289459929041,0.8944281156078195,0.8403980163217324,0.9755794688580887,0.9420944386023055,0.8763275332393369,0.9850082989433957,0.9716819828559792,0.7784429763389061,0.9543340884490609,0.939129405156953,0.8470203399628031,0.9784895593421951,0.9826926623700221,0.8995792131808064,0.8918162652036956,0.2852980156769132,51.881790514901176,4.422663048604894,0.9268190460189091,0.08974080323929134,3.539603391282459,3.8579555297738493,5.799112934401478,0.7773397504688296,1.2137699165369962,0.16228142892760128,0.3601981393340895,0.4673052757728803,1,6.0,0.25065149029387207,0.43444994762354133,0.37353308434098614,0.8563989163434393,0.8683306366720953,0.8944219789674999,0.9194909057890753,0.5696014033635733,0.3605398036888616,0.9194909057890753,2.0,0.415577862373307,26.441754178841396,6.284647612146975,-0.43643016606816637,9.827571309660511,A,away_HQ,0.45053377906842174,6.0,1
3.0,1.0,10.0,5,1,blend,obs,0.6013333333333334,0.7236045701097655,0.9289436796490311,0.7509826757477018,0.7406735481313846,0.9387779060983671,0.865254318033368,0.8985159777478956,0.9897200938759256,0.9768129874612339,0.8254917720069104,0.9704900259978565,0.9118880275643071,0.8583906675341488,0.9804261264677565,0.9509405272276449,0.8627922731816462,0.9815705531809383,0.9576954760337475,0.8037374881189344,0.964056097709844,0.95603864120475,0.85274826666737,0.9799244762436966,0.985053857609831,0.9020113428883816,0.8871298305065365,0.36086090582599833,37.35043916616408,4.80219056322003,0.9313581765530334,0.08476616240957571,3.537082598029396,3.786150246027693,5.465596317894078,0.7749764938524328,1.226088710011997,0.16687966219591766,0.34891488855114994,0.4622855657330876,1,6.0,0.2639883903515074,0.43601714393976965,0.3827364692315172,0.876616215665184,0.8875071176006901,0.911909794551664,0.9119258520773232,0.5373594251370669,0.36897862483777544,0.9119258520773232,2.0,0.38683587904084105,26.904839736690672,6.204721234548938,-0.4511122161595642,9.809350007678177,A,away_HQ,0.47828186091134245,6.0,1
3.0,0.0,16.0,0,1,blend,obs,0.5876666666666667,0.7396507724881627,0.9397167237665455,0.888818412908897,0.7092844462528446,0.9239632810282835,0.8461501502695944,0.8486016584265245,0.9776966451473983,0.9476308437471003,0.7261471338307919,0.9399287086207762,0.7812179044243801,0.7699834313436633,0.9515345528767346,0.9049899092500057,0.8798903033557264,0.9883797320981033,0.967170327635262,0.6535748807161121,0.888037958196321,0.8643505024036988,0.7839109206073978,0.9591030314806036,0.8938575790321085,0.796109327547847,0.8053926393449926,0.06589205965787137,150.39375188561633,10.93557100399109,0.8255564048750224,0.15413098930300928,2.05099450763269,1.9280255299323863,5.618086316445572,0.770757112490855,0.28727633563945865,0.15815232238830423,0.5042644519004662,0.09644018116316166,1,6.0,0.41835356916041117,0.5107370276749772,0.309655094145532,0.839300226401215,0.8318114973339066,0.7812255253133401,-0.07403364351721176,-0.16257597083604006,0.49693671456946686,0.839300226401215,0.25,0.8783328151550243,9.434301994522295,3.501531201754791,0.4834807768513963,15.459745730824475,A,iso,0.3136297270058628,6.0,1
3.0,0.0,16.0,1,1,blend,obs,0.6016666666666667,0.7295842456558556,0.9348686569750188,0.9467307486753647,0.7214915883079613,0.9291331102642072,0.8606058938204951,0.8887799193122807,0.9879118367876888,0.9757823598165529,0.7595254145944111,0.9528179951066003,0.8418381249138746,0.8030379562400427,0.9637423408038769,0.9297402182997077,0.9060334166899061,0.9928738629120953,0.978642302548721,0.6687825236343394,0.8969018637841508,0.8800956836089164,0.7863942920094287,0.9603194378003841,0.8937223847605761,0.816109284011838,0.8570852704317242,0.5182001830476678,26.458930351565588,6.613526357451608,0.8370493399320807,0.1455916649606582,1.9625639228978244,2.120497410838216,5.736560608293119,0.79289332067528,0.4268434335578516,0.15971021614245023,0.5256037793751863,0.07721893586018963,1,6.0,0.46718185625498104,0.49991353003535793,0.31947568238682045,0.8563143237088708,0.8539649636240901,0.8418376751796629,0.657857606330702,0.4506451999049495,0.5933260586807927,0.8563143237088708,0.25,0.7966974289723112,11.222769138705845,4.506226240444314,0.36604988711742825,15.41815863205112,A,iso,0.30386047895680357,6.0,1
3.0,0.0,16.0,2,1,blend,obs,0.6136666666666667,0.7571147451065873,0.9474490173764823,0.937710050696932,0.7272550464096179,0.9319120097817863,0.8595689203889945,0.8827137699263641,0.9863076550799752,0.97313716503169,0.7531008972869155,0.9496028923452838,0.8362579451515796,0.7892186868560973,0.9584204983789869,0.9193729870007008,0.8869834167872038,0.9892385968415661,0.971119034090796,0.675799433950389,0.9007400764631173,0.8762608488123583,0.7957176841957351,0.9639380967140949,0.9026134347678961,0.8074240939533187,0.8762784637812829,0.29340857052581115,55.4311648335892,5.3819275568175176,0.8205911837500627,0.15246040494384155,1.896334444364864,1.916492684524528,5.505213631507858,0.7589941421098085,0.35747246792112386,0.1587145551441816,0.5012327514503496,0.08555295528953714,1,6.0,0.43459515603626275,0.49268013824266105,0.3221452273483156,0.8549586420614088,0.8518738266966326,0.836253455970531,0.6515037486146984,0.29971546732120014,0.5874231490992574,0.8549586420614088,0.25,0.8353634759515856,14.912005473247294,3.4852322968379603,0.4015216741886847,15.407145912702772,A,iso,0.316648412708329,6.0,1
3.0,0.0,16.0,3,1,blend,obs,0.6063333333333333,0.7307048998233319,0.9354145730384031,0.9123225231537494,0.7415723774276983,0.9409194742042902,0.8769786956111583,0.9103914337652426,0.9925332695528796,0.9900971763376288,0.7604370758129704,0.9542553060576774,0.844114090614636,0.8104720934564607,0.9673834887152005,0.932623190551469,0.899201012546985,0.9920025784939042,0.9747755806414041,0.692052031943901,0.9123833169610405,0.896013807523367,0.7772368377395853,0.9563601970541782,0.8888184167927355,0.7879135034563904,0.8671594154856721,0.5360961699926312,18.71140568332099,5.998389529956506,0.8385614915286427,0.14664468100502823,1.812459626615129,1.7144280947987167,5.545572957707047,0.7602273233713728,0.3392517572799928,0.16937870223808993,0.5424928436660632,0.09188718246605139,1,6.0,0.43538014019339194,0.5084982029190941,0.33309597018386977,0.8713858149876282,0.8666283756207042,0.8441318364750013,0.5897262535064812,0.03537005331405838,0.5128663823725519,0.8713858149876282,0.25,0.8757176441188596,8.997873168748471,3.6913684814645604,0.42097556609138004,15.389784695591269,A,iso,0.31222292462599316,6.0,1
3.0,0.0,16.0,4,1,blend,obs,0.5963333333333334,0.7438810169277854,0.9416253170914645,0.9092186204292771,0.7163901992279945,0.9274328894602093,0.8424299675961856,0.8798925264889932,0.9858681479514558,0.9690791060982004,0.7482450871746986,0.9473021862389392,0.8260624495026588,0.7904597435523444,0.9594419198924694,0.9154411482724722,0.8787921801674616,0.9878894921749881,0.9651669850745366,0.6672326446336316,0.8956058979797398,0.8608728829168288,0.7771470932330672,0.9567017796383501,0.8778414914916004,0.8180170045243453,0.8794005070470399,0.36337897000923347,32.16327979490456,5.53509707940665,0.828655389689907,0.15108377229768372,2.1394517226081105,1.9885746838159437,5.799112934401478,0.7773397504688296,0.3562992884843198,0.16228142892760128,0.5160630799754907,0.10275674926134294,1,6.0,0.4221843163174943,0.5068129326224495,0.32019985774217186,0.8392331830625754,0.836971947555213,0.8260566652459532,0.6987906526785518,0.3401632094361888,0.6021256261308467,0.8392331830625754,0.25,0.8410933264034077,8.412717010341092,4.045446108485333,0.42104046198450984,15.447391048223174,A,iso,0.31446045110475346,6.0,1
3.0,0.0,16.0,5,1,blend,obs,0.6013333333333334,0.7343470702583969,0.9372058395087145,0.921413572585117,0.7406735481313846,0.9387779060983671,0.865254318033368,0.8985159777478956,0.9897200938759256,0.9768129874612339,0.7527741325354018,0.9503399540158624,0.8239926523145563,0.8036959195534179,0.964306539168568,0.9242516945834663,0.9039247887626377,0.9926154645984345,0.9760942272815711,0.689353784283676,0.9084861005617602,0.8821346954054027,0.7890168158027562,0.9615201929518484,0.8950470948017362,0.7951432195364145,0.8510237142353723,0.5201029504586743,17.920376236522298,6.541251991758907,0.8351359668963062,0.14967336645015014,1.7893656113294436,1.7324591232598077,5.465596317894078,0.7749764938524328,0.3232417917937443,0.16687966219591766,0.5438541067875731,0.09050651280905601,1,6.0,0.4465115801588044,0.5063627579085934,0.3295654342455456,0.8579339333204692,0.8517685548921392,0.8239977459475005,0.4733662801443444,-0.11393364828519233,0.5383415341454002,0.8579339333204692,0.25,0.8941292565555431,6.6736858548678875,3.672184922199372,0.4517347020586886,15.442481093701687,A,iso,0.30684637683741917,6.0,1
3.0,1.0,16.0,0,1,blend,obs,0.5876666666666667,0.6601751135230092,0.9019846475480121,0.5600693580220804,0.7092844462528446,0.9239632810282835,0.8461501502695944,0.8486016584265245,0.9776966451473983,0.9476308437471003,0.6895496290940597,0.9230233997111699,0.7231328889868379,0.7255588439736991,0.9339055381516836,0.8561098088245637,0.7582984370776369,0.9491891306183278,0.8778844533854628,0.6485000367181749,0.8848610562871118,0.8606675789302045,0.7510347365413544,0.9445674396122694,0.8196975912742769,0.760422086832578,0.7941381368632947,0.08784156532564807,114.90245364134212,11.454579471876551,0.8162615535087313,0.16119388556874925,1.3250111596326406,0.7496307036811335,5.618086316445572,0.770757112490855,-0.17104719605086333,0.15815232238830423,0.47160535452044994,0.09644018116316166,1,6.0,0.41835356916041117,0.5107370276749772,0.309655094145532,0.831772194065414,0.8143232094914122,0.723118693126669,-0.10180202327955556,-0.30184091577095556,0.16553352148877165,0.831772194065414,0.25,0.988842728931612,2.4181968043649813,2.442986263570987,0.9418043085417183,15.775102999965986,A,toward_HQ,0.3353488692873744,6.0,1
3.0,1.0,16.0,1,1,blend,obs,0.6016666666666667,0.6614755622668486,0.9034687019722168,0.5750287001457651,0.7214915883079613,0.9291331102642072,0.8606058938204951,0.8887799193122807,0.9879118367876888,0.9757823598165529,0.7106488739159837,0.9330331206464199,0.7708779809299992,0.7387412853398949,0.9396168103412286,0.873322544008318,0.7600563169763902,0.9493055851007058,0.8858625069586087,0.6590108980605714,0.8907736396161544,0.8731057030524912,0.733057804456247,0.9369103837883728,0.792102474373926,0.7587274981554781,0.8228892923953947,0.46068663159602413,18.329916751294,8.786093928773951,0.8268039731568517,0.15462196663511085,1.2886729510932924,0.704680613585675,5.736560608293119,0.79289332067528,-0.18761171209832023,0.15971021614245023,0.45822829047544333,0.07721893586018963,1,6.0,0.46718185625498104,0.49991353003535793,0.31947568238682045,0.8485799683759002,0.8347431890457527,0.7708868736445132,0.14526439503257085,-0.08724482268985911,0.48941183936203825,0.8485799683759002,0.25,0.9875649529768129,2.313907215687332,2.490713709265524,0.9805050327736001,15.707012515614457,A,toward_HQ,0.34853853300227255,6.0,1
3.0,1.0,16.0,2,1,blend,obs,0.6136666666666667,0.6618798516811364,0.9038015841565092,0.5789770144530423,0.7272550464096179,0.9319120097817863,0.8595689203889945,0.8827137699263641,0.9863076550799752,0.97313716503169,0.708190889389488,0.9308619010081169,0.7701577886080766,0.7350674633081808,0.9373377915439515,0.865622897849795,0.7550670215625174,0.9466677271601127,0.8780163475492727,0.6692552923119071,0.8967573552185519,0.872086045799339,0.7602574973107553,0.9492516200728316,0.8347891561552645,0.7540008447353465,0.8432152977801438,0.1407435930207749,93.57280272668697,7.2020954843456595,0.8210586773609831,0.15515229211964257,1.199625643712846,0.5032305346155405,5.505213631507858,0.7589941421098085,-0.22853202719678284,0.1587145551441816,0.4493291509975413,0.08555295528953714,1,6.0,0.43459515603626275,0.49268013824266105,0.3221452273483156,0.8466287465838013,0.8321113845249445,0.7701705385759094,0.27152385699194737,-0.16802474994095765,0.3774682526151162,0.8466287465838013,0.25,0.9932805583635603,2.1098775571276835,2.1115731152542483,0.9875261693065914,15.700335303375931,A,toward_HQ,0.35322559151086563,6.0,1
3.0,1.0,16.0,3,1,blend,obs,0.6063333333333333,0.6697539349755071,0.9077085200158419,0.5995872104695698,0.7415723774276983,0.9409194742042902,0.8769786956111583,0.9103914337652426,0.9925332695528796,0.9900971763376288,0.7229301080064202,0.9393063197294811,0.7930576699661182,0.7560271396562755,0.9479784116381678,0.8845169603583595,0.7746163722955846,0.9557792854787234,0.8916195901351845,0.6812854277915217,0.906132728592076,0.8886022174055705,0.7493185961405653,0.9447354548921961,0.815405019673727,0.7468107770212556,0.8469450637868441,0.4909221755573144,19.64391362253702,6.851031316844068,0.8158207722697521,0.15971935370025053,1.1996885327196822,0.5585516890020307,5.545572957707047,0.7602273233713728,-0.19009013293170235,0.16937870223808993,0.46462373009532576,0.09188718246605139,1,6.0,0.43538014019339194,0.5084982029190941,0.33309597018386977,0.8648310585343645,0.8513019177990753,0.793074066578072,0.3073157088565399,-0.0798537918751393,0.4122773260285334,0.8648310585343645,0.25,0.9925091058427312,1.962716885198456,2.13432115091897,0.9503174563030754,15.67618961593714,A,toward_HQ,0.3645502613552237,6.0,1
3.0,1.0,16.0,4,1,blend,obs,0.5963333333333334,0.6769637163213106,0.9128532747339572,0.6346379140748221,0.7163901992279945,0.9274328894602093,0.8424299675961856,0.8798925264889932,0.9858681479514558,0.9690791060982004,0.709871486998837,0.9306908724614348,0.7671884681136623,0.7390658256910668,0.9391410630463543,0.8669334757436215,0.7662522281869191,0.9516375139523312,0.8855251202424433,0.660469480114305,0.8915265395828055,0.8571390305511211,0.7559936968362263,0.946746776884655,0.8248639254560778,0.7723586320059312,0.8552094146378245,0.3231487781134954,39.678681372335085,7.1769345559072395,0.8040511816638889,0.16533274786843283,1.4813563281663553,0.8129334554866519,5.799112934401478,0.7773397504688296,-0.12141171036636311,0.16228142892760128,0.4303932292547264,0.10275674926134294,1,6.0,0.4221843163174943,0.5068129326224495,0.32019985774217186,0.8312853750339094,0.818472340825134,0.767176403831465,0.3093881604752742,-0.143370145801203,0.4637563442254752,0.8312853750339094,0.25,0.9868790788038477,2.2496495829330754,2.379089395682009,0.8987514608351929,15.695039351926207,A,toward_HQ,0.37705386120643575,6.0,1
3.0,1.0,16.0,5,1,blend,obs,0.6013333333333334,0.6691355621728619,0.9071011040910671,0.5922295586095497,0.7406735481313846,0.9387779060983671,0.865254318033368,0.8985159777478956,0.9897200938759256,0.9768129874612339,0.7232575404721964,0.9389229766544629,0.78331426921325,0.7563602346603008,0.9478738807784719,0.879158314949897,0.7796697431778877,0.9573629749549681,0.8953724625435789,0.6814699301438414,0.9038541316973129,0.8768343933081008,0.7705780952076715,0.9532494445343415,0.8607744867727652,0.7615763637951789,0.8325980369652748,0.4316758950766307,26.74128186868968,7.69940969201851,0.814158104620724,0.1624577454836087,1.277923745972856,0.6811617575892184,5.465596317894078,0.7749764938524328,-0.21285068976284272,0.16687966219591766,0.478048890611331,0.09050651280905601,1,6.0,0.4465115801588044,0.5063627579085934,0.3295654342455456,0.8531967557066582,0.8406440438735776,0.7833041300919406,0.23625387720752355,-0.16472682213836948,0.4300395276160516,0.8531967557066582,0.25,0.9867937853260086,2.1439359490477585,2.449636898081056,0.9878271836152756,15.717010065695545,A,toward_HQ,0.34908492723936924,6.0,1
3.0,1.0,16.0,0,1,blend,obs,0.5876666666666667,0.7009808700601969,0.9199177421392644,0.9701923803217962,0.7092844462528446,0.9239632810282835,0.8461501502695944,0.8486016584265245,0.9776966451473983,0.9476308437471003,0.7567378112533101,0.9503546691916882,0.8427307510398571,0.800991044721672,0.9627450568563487,0.9334230861012717,0.9588599198713708,0.9983895568810207,0.9969407757738641,0.6652212108067692,0.8952647140885133,0.8710183815795225,0.7989398224948061,0.9645511878821895,0.9156894596510917,0.8612094753683153,0.8799676018051892,0.20315187560048237,76.40489855767167,4.925029050030201,0.8425485514466733,0.1392402407833947,2.268892896230044,3.022764585904586,5.618086316445572,0.770757112490855,0.766727218221535,0.15815232238830423,0.5101837683790272,0.09644018116316166,1,6.0,0.41835356916041117,0.5107370276749772,0.309655094145532,0.8447283028178837,0.8456938022819616,0.8427270969649443,0.7369495935503191,0.017217519010828047,0.5027582952799392,0.8456938022819616,0.5,0.5739862738699355,26.09471899851147,4.873088561394247,0.004029894269320129,15.353740960773083,A,away_HQ,0.30999089385142736,6.0,1
3.0,1.0,16.0,1,1,blend,obs,0.6016666666666667,0.7015061406825477,0.9201613778380295,0.974776666049855,0.7214915883079613,0.9291331102642072,0.8606058938204951,0.8887799193122807,0.9879118367876888,0.9757823598165529,0.7774070542502661,0.958488282609835,0.8673417562983006,0.8349068831909574,0.9740597313742295,0.9530154604354618,0.9526169066976827,0.9980787619723306,0.9957498165444848,0.6811497308792724,0.9041966020492274,0.8853178808009706,0.7929504849779252,0.9626526421355892,0.9012274816887035,0.8422714671753633,0.8780252809005189,0.5371848071738149,25.098540976872886,5.699203593900601,0.8593374981165753,0.130990442833595,2.2349797501834625,2.9722122904034833,5.736560608293119,0.79289332067528,0.7713414272584272,0.15971021614245023,0.4986483245566306,0.07721893586018963,1,6.0,0.46718185625498104,0.49991353003535793,0.31947568238682045,0.8601639431963084,0.8621918347673482,0.8673428440999972,0.8622000998871518,0.8682281724251891,0.5970013876794025,0.8682281724251891,4.0,0.5216440714928776,25.20101318765782,6.234404044016618,0.021551893416852572,15.338010157766327,A,away_HQ,0.3202862784798392,6.0,1
3.0,1.0,16.0,2,1,blend,obs,0.6136666666666667,0.7188972217884547,0.9293243690865017,0.979243998825827,0.7272550464096179,0.9319120097817863,0.8595689203889945,0.8827137699263641,0.9863076550799752,0.97313716503169,0.7705474056195489,0.9546156941277942,0.8608602074271453,0.8198573757305794,0.968812056895566,0.9439283677208761,0.9617616735455029,0.9987332392308221,0.9973388353876992,0.6919265436593769,0.910191901014141,0.885777911870713,0.8160997383233015,0.9705634878523888,0.9283725210911237,0.8342832919204348,0.8964712882547026,0.5232394849652885,28.056717947391515,4.485643064255259,0.8476512136790271,0.13296583350273192,2.194679822119326,2.9562055238176725,5.505213631507858,0.7589941421098085,0.7887329474150284,0.1587145551441816,0.48200010526478126,0.08555295528953714,1,6.0,0.43459515603626275,0.49268013824266105,0.3221452273483156,0.8587236390859679,0.860299411280612,0.8608588449171772,0.7962636946389884,0.4125394545128947,0.5548815102931619,0.8608588449171772,1.0,0.40836219347395547,47.0441407463906,4.814685976068209,-0.029738805305220023,15.337875369263738,A,away_HQ,0.329283237515049,6.0,1
3.0,1.0,16.0,3,1,blend,obs,0.6063333333333333,0.7003603772972217,0.9195755766884676,0.9757590941424032,0.7415723774276983,0.9409194742042902,0.8769786956111583,0.9103914337652426,0.9925332695528796,0.9900971763376288,0.7831139703844382,0.9614361009423256,0.8762485276010015,0.8428954825161283,0.9770804347971948,0.9594476631008303,0.9497226227750362,0.9977394938255818,0.9952547348786904,0.7029789239020214,0.9184607456530658,0.9026596015839629,0.8009047071588944,0.9656269928791608,0.9111694219814501,0.8201446730063421,0.895585485566788,0.5835218397595265,21.859504998032783,4.675020101662447,0.8516387143143757,0.13339197725311452,2.0650971098266426,2.6336049216931765,5.545572957707047,0.7602273233713728,0.7670347349429374,0.16937870223808993,0.5146332980533994,0.09188718246605139,1,6.0,0.43538014019339194,0.5084982029190941,0.33309597018386977,0.8756890839801812,0.8769807323898499,0.8762435829658409,0.8390109543899703,0.3169968287724923,0.557025669949486,0.8769807323898499,0.5,0.6328445907541397,21.898816839653797,5.021710655147865,-0.006807411571564545,15.407986326260053,A,away_HQ,0.3291250350079657,6.0,1
3.0,1.0,16.0,4,1,blend,obs,0.5963333333333334,0.7006530786940417,0.9197293812223809,0.9804694868249905,0.7163901992279945,0.9274328894602093,0.8424299675961856,0.8798925264889932,0.9858681479514558,0.9690791060982004,0.754215556945249,0.9484508546794493,0.8373761969106692,0.8183475036901698,0.9686092059022057,0.9375384606893651,0.9392105110772198,0.9969209464605955,0.9914567554221925,0.6846890553248377,0.9063227847381148,0.8748964951589911,0.8036193662024442,0.9665343500890777,0.9073476517365038,0.8314939457910959,0.8967025273995581,0.4489992276230894,31.710061762450145,4.7206632326035285,0.8440109504869422,0.1385541021349632,2.105323835365633,2.7911137293633006,5.799112934401478,0.7773397504688296,0.7272915062459893,0.16228142892760128,0.5273222453775178,0.10275674926134294,1,6.0,0.4221843163174943,0.5068129326224495,0.32019985774217186,0.840507230225145,0.8405456997550708,0.8373743779201975,0.7771990930788694,0.3802346751495605,0.5572461294193538,0.8405456997550708,0.5,0.654202063202549,15.2999854532152,5.113221104382606,0.050048244222840335,15.4844859886894,A,away_HQ,0.3077462222581215,6.0,1
3.0,1.0,16.0,5,1,blend,obs,0.6013333333333334,0.712299580694178,0.925810917343536,0.9623831256623868,0.7406735481313846,0.9387779060983671,0.865254318033368,0.8985159777478956,0.9897200938759256,0.9768129874612339,0.7819351488249571,0.9598894080422214,0.8662696440403761,0.8414874639531298,0.9758428418197378,0.9517426105502016,0.948421873319493,0.9977226880834373,0.995827770856213,0.7012609013283411,0.9151305900274784,0.8886522458980977,0.8128432112321516,0.9695254122148089,0.9189112557687835,0.8364959849528095,0.8894971182843968,0.6382530282187121,18.732657197679387,4.730175985584848,0.8478003637401835,0.13800392352354482,2.0752072718763346,2.7609737502938434,5.465596317894078,0.7749764938524328,0.7582444885290639,0.16687966219591766,0.5020711608370929,0.09050651280905601,1,6.0,0.4465115801588044,0.5063627579085934,0.3295654342455456,0.8634991596101271,0.864814421234563,0.866269768627197,0.8424012135358734,0.5143972506904941,0.5860677104420501,0.866269768627197,1.0,0.6299921391612401,17.162430899067445,5.467047469827376,0.016732005323368982,15.417147436227829,A,away_HQ,0.33238248920269114,6.0,1
3.0,0.0,25.0,0,1,blend,obs,0.5876666666666667,0.6977003027529896,0.9186110493470538,0.8203447152314678,0.7092844462528446,0.9239632810282835,0.8461501502695944,0.8486016584265245,0.9776966451473983,0.9476308437471003,0.7240165818428099,0.9391866039625055,0.7790511956884689,0.765896691157351,0.9488930609684957,0.9271673102609803,0.8352511501982514,0.975589767032141,0.9596045243254827,0.6422847718755154,0.8807641849352145,0.8561190769346146,0.7587096110748022,0.950120404822762,0.8302464671245998,0.7941985603355561,0.8057807009084628,0.06432664286762321,150.67948597209917,10.583232400639341,0.8406889392162896,0.14692002778629626,2.0875120819628266,2.0851722875932293,5.618086316445572,0.770757112490855,0.27138567180263845,0.15815232238830423,0.563446973356639,-0.06202403805827824,1,6.0,0.4917234449710113,0.5126779807272609,0.30848276761166293,0.83916672615997,0.8314363276660902,0.779045938067411,-0.058428786347614343,-0.15741107534395002,0.49802536403258113,0.83916672615997,0.25,0.8746427506200385,4.992522819313012,4.009159783059197,0.4993714406882166,23.51556331797548,A,iso,0.2806871451383239,6.0,1
3.0,0.0,25.0,1,1,blend,obs,0.6016666666666667,0.7041700760006637,0.9220554190080633,0.8598889444831107,0.7214915883079613,0.9291331102642072,0.8606058938204951,0.8887799193122807,0.9879118367876888,0.9757823598165529,0.7474963125040059,0.9485283468809181,0.8251493033447159,0.7957502641024318,0.9608617049996528,0.947354005070702,0.8493573841495456,0.9792566521983384,0.9674105975802965,0.6565795961569661,0.8892470190618871,0.8705918872935268,0.7645380220804211,0.9527160169952572,0.8351297697956158,0.8007987659241443,0.8461246900991704,0.480938229429498,28.7137150451056,7.073009888306458,0.8431372639923967,0.14283049983577345,1.8541717390822874,2.2623362389575865,5.736560608293119,0.79289332067528,0.31035808770089535,0.15971021614245023,0.5580349840601735,-0.07466037561586415,1,6.0,0.5440746983596829,0.500046523455183,0.3193907139657664,0.8542504218502528,0.8494469130593443,0.8251494944817915,0.4642363228078157,0.20585173195635104,0.5721973073464982,0.8542504218502528,0.25,0.8042245738970422,11.079638947861824,4.958049195713014,0.48253523297438444,23.42340421777253,A,iso,0.2862010818397517,6.0,1
3.0,0.0,25.0,2,1,blend,obs,0.6136666666666667,0.7125813303319932,0.9263999338319718,0.8567145034487182,0.7272550464096179,0.9319120097817863,0.8595689203889945,0.8827137699263641,0.9863076550799752,0.97313716503169,0.7450780696693315,0.9463945118219602,0.8239359931202389,0.7852222318389281,0.9564976190959292,0.939046722051358,0.838058668837465,0.9757429205078364,0.9608161399581965,0.6670576320442244,0.8954110643661594,0.870040387445273,0.7568369383443974,0.9490621252663862,0.8263728886448828,0.797521618223359,0.8703008819847629,0.26025760183477914,62.1102991005895,5.548385365346088,0.8368062992362163,0.14409055705419146,1.8193630256040103,2.0673360981416473,5.505213631507858,0.7589941421098085,0.2641858288063912,0.1587145551441816,0.5449014952098759,-0.06056703062367776,1,6.0,0.5040393501482103,0.4939084176930272,0.321344098336112,0.8531908423641733,0.847661171442993,0.8239389918141864,0.5668794514062473,0.07029279327103469,0.5659597196107474,0.8531908423641733,0.25,0.8110532561376717,14.203925485305644,3.9787391731641364,0.4948083133034173,23.428324970952975,A,iso,0.2912720125369644,6.0,1
3.0,0.0,25.0,3,1,blend,obs,0.6063333333333333,0.6832885137229132,0.9104031494856992,0.8336050627093488,0.7415723774276983,0.9409194742042902,0.8769786956111583,0.9103914337652426,0.9925332695528796,0.9900971763376288,0.7548591588080614,0.9521816683150495,0.8382244844507305,0.8080914248550153,0.9664161472962827,0.9554759530780426,0.856192292397263,0.9818108359880106,0.9694226650400889,0.6778349161287827,0.9040240330335714,0.8867349976914177,0.7648411239964845,0.95331144947666,0.841645592790492,0.7818331331657307,0.8687033738018157,0.5510799194779986,15.95041401848804,5.785818001079707,0.8465601359997654,0.14220983192757028,1.7391906071910805,1.933763443971541,5.545572957707047,0.7602273233713728,0.31231029528889354,0.16937870223808993,0.6043142366486394,-0.05844479290169373,1,6.0,0.5074543971000363,0.5102176303714321,0.33197344065665535,0.8704685002942081,0.8646714924127812,0.8382127074202446,0.5479890808854413,0.011357319785520277,0.5216436108784053,0.8704685002942081,0.25,0.8594806118444606,7.441858439975456,4.0431739634017925,0.4479170280824793,23.38306055299326,A,iso,0.2802824953742901,6.0,1
3.0,0.0,25.0,4,1,blend,obs,0.5963333333333334,0.6955177142685053,0.9175066467311943,0.8078278140352005,0.7163901992279945,0.9274328894602093,0.8424299675961856,0.8798925264889932,0.9858681479514558,0.9690791060982004,0.7345590752143784,0.9414046288509191,0.8046053824070631,0.7907034225002114,0.9588682367629483,0.9392230952844686,0.839582117708467,0.9765882066982761,0.9595111605820349,0.6566678831467834,0.8891037056747688,0.8538192800806627,0.7533174822359902,0.948192209504226,0.8205935104097839,0.8014242681507705,0.8713454318156906,0.3687201207117011,31.266288795382508,6.081158357265728,0.8396388794906389,0.14463507354986874,1.9328310284636485,2.1617798433823032,5.799112934401478,0.7773397504688296,0.2908710124165685,0.16228142892760128,0.5800405353099057,-0.055681448753954345,1,6.0,0.49673502734552005,0.5094100525845316,0.31856738614452895,0.8362968667174101,0.8300174775121479,0.8045982482603619,0.5402173571952322,-0.0799404818691299,0.5449636364514295,0.8362968667174101,0.25,0.8010492263210147,8.285237255103908,4.881007107441449,0.48646873805226126,23.57690656021409,A,iso,0.2797760140002924,6.0,1
3.0,0.0,25.0,5,1,blend,obs,0.6013333333333334,0.6933640608289308,0.9159301207061608,0.8219099953754482,0.7406735481313846,0.9387779060983671,0.865254318033368,0.8985159777478956,0.9897200938759256,0.9768129874612339,0.7473750057250516,0.9480612216192063,0.8166711800703277,0.8053279982519354,0.9639656446117274,0.9454223077024704,0.865312160697035,0.9833870940438926,0.9696091140815015,0.6781741697056514,0.9019080970194282,0.8740107267040417,0.7690261200041983,0.9533832766779423,0.8386864873811231,0.7897731360121388,0.8504496079693218,0.5682247554283743,15.984334404107832,6.510070407054974,0.8356349045969936,0.1475551794358235,1.6695564882132332,2.0042113459860005,5.465596317894078,0.7749764938524328,0.24659209307274052,0.16687966219591766,0.5552517823796814,-0.06528254564442684,1,6.0,0.5229954908642724,0.5077078147619942,0.3286923252779718,0.8569492391940295,0.8494261179772203,0.8166674314314535,0.39622564443060015,-0.17146642134103418,0.4868270010398408,0.8569492391940295,0.25,0.8581233142336038,7.3402267520292925,4.019222306462782,0.5283844007796923,23.47770187746826,A,iso,0.3005477289612828,6.0,1
3.0,1.0,25.0,0,1,blend,obs,0.5876666666666667,0.6776506843842258,0.9079640950340083,0.653994050771132,0.7092844462528446,0.9239632810282835,0.8461501502695944,0.8486016584265245,0.9776966451473983,0.9476308437471003,0.7215750893680302,0.9373271202200999,0.7705935744587895,0.7432324056640996,0.9385972092607198,0.9048094438456965,0.7949344520082771,0.9618819367263072,0.933097897787768,0.6425504606916296,0.880912832548236,0.8565971380172304,0.7389394927519868,0.9413136846096535,0.7843720390286401,0.7912711486569893,0.8007624921629057,0.03150383860397613,226.60668273687605,10.893754850607921,0.8481918131207783,0.14431352081006132,1.9951659503263717,1.2954685678554543,5.618086316445572,0.770757112490855,0.09681849208694734,0.15815232238830423,0.5555947780904863,-0.06202403805827824,1,6.0,0.4917234449710113,0.5126779807272609,0.30848276761166293,0.8374856176304599,0.8280100930398142,0.7706095423822167,-0.1255025687532941,-0.2450898705581606,0.39327187684128206,0.8374856176304599,0.25,0.9472170656347529,2.4006823064550775,2.8848944153761513,0.6739386204039076,24.029073091413327,A,toward_HQ,0.2846540835604235,6.0,1
3.0,1.0,25.0,1,1,blend,obs,0.6016666666666667,0.6882115298950775,0.9141232695227325,0.7019609783967853,0.7214915883079613,0.9291331102642072,0.8606058938204951,0.8887799193122807,0.9879118367876888,0.9757823598165529,0.7492840118598748,0.9486578058382747,0.8249317450853738,0.75135642420962,0.9419368561194467,0.9118120808853144,0.7869482578269056,0.958206432837676,0.9311213049347821,0.6568724246060512,0.8894333478626336,0.8710974358208236,0.744829187618159,0.9443073477769277,0.7998730005307644,0.8028276402053385,0.8468832066364411,0.4688258352415549,27.677200677671742,6.989122825451629,0.8501433720835893,0.14305896348943722,1.8617232673184396,1.1165542518662157,5.736560608293119,0.79289332067528,0.10498625529640843,0.15971021614245023,0.5477441097791392,-0.07466037561586415,1,6.0,0.5440746983596829,0.500046523455183,0.3193907139657664,0.8539731794427463,0.8488349795600281,0.8249332751482898,0.5287976966458096,0.10711753002799802,0.5705012093167897,0.8539731794427463,0.25,0.9566776071565093,2.4490726236263267,2.6882480095084467,0.6879070653788714,24.002703243138022,A,toward_HQ,0.29157815354116434,6.0,1
3.0,1.0,25.0,2,1,blend,obs,0.6136666666666667,0.6903574611133628,0.9157421381055943,0.6994567558244523,0.7272550464096179,0.9319120097817863,0.8595689203889945,0.8827137699263641,0.9863076550799752,0.97313716503169,0.7455850003261678,0.9465790211230574,0.822655784018039,0.7550172306656528,0.9434270719556741,0.9125881707793628,0.789500993060698,0.9588131989758005,0.9309448053181283,0.6673972483122003,0.89560702583274,0.8705016873271969,0.7542206803118847,0.9486795770095974,0.8126554019634711,0.7967868237865858,0.8654949118790141,0.1870801346123321,77.90933783583579,5.66735053285221,0.8406137359230526,0.14235245779731115,1.9078617742702975,1.0717903647595406,5.505213631507858,0.7589941421098085,0.05306914136537802,0.1587145551441816,0.5391910030851962,-0.06056703062367776,1,6.0,0.5040393501482103,0.4939084176930272,0.321344098336112,0.8530958072175534,0.8474474535655173,0.8226555166933526,0.5582695454978764,0.14732120909663576,0.5755765490546841,0.8530958072175534,0.25,0.9549096137089916,2.7091484001893096,2.5657312045498233,0.7059250007444305,23.844576924004198,A,toward_HQ,0.2943568313195751,6.0,1
3.0,1.0,25.0,3,1,blend,obs,0.6063333333333333,0.6868729343020702,0.9130254639036018,0.7086213577599947,0.7415723774276983,0.9409194742042902,0.8769786956111583,0.9103914337652426,0.9925332695528796,0.9900971763376288,0.7489282771425962,0.9497347495949127,0.8261497821954152,0.7777194186074669,0.9545590937809291,0.9295567365188988,0.8090093827279732,0.9673503278178905,0.944233234159015,0.6778627573697076,0.9040486384049387,0.8869101326816619,0.7420759988034606,0.9425290744341304,0.7951324522750014,0.7732895294176882,0.857304763573585,0.4376739812867392,22.156243728071352,6.284008713212848,0.8583400171023802,0.13696305304494247,1.7448196305670358,1.0825536531382027,5.545572957707047,0.7602273233713728,0.1118440285985002,0.16937870223808993,0.5642955736674639,-0.05844479290169373,1,6.0,0.5074543971000363,0.5102176303714321,0.33197344065665535,0.8688900929093115,0.8610336744860687,0.8261389839552138,0.46527497530859946,-0.06829209160114989,0.4948714112861742,0.8688900929093115,0.25,0.9576851368581037,2.242567701077486,2.6671433718634043,0.6483832947728727,23.790096338730073,A,toward_HQ,0.30015954429212627,6.0,1
3.0,1.0,25.0,4,1,blend,obs,0.5963333333333334,0.7019899934487028,0.9213400592318708,0.7666261532009621,0.7163901992279945,0.9274328894602093,0.8424299675961856,0.8798925264889932,0.9858681479514558,0.9690791060982004,0.730527311958024,0.9393066170638513,0.7944135150137537,0.7611227310898286,0.9466441954521135,0.9137971719084506,0.8041607896513228,0.9651378295405358,0.9363923085827615,0.6569792512252068,0.8892897497446762,0.8542822896555441,0.7372243096341209,0.9403664620983104,0.7845581581440383,0.7951610138161989,0.8625095903473898,0.2490777642046925,43.95295616716737,6.654717023217233,0.8435112918241996,0.1458765071770219,1.9070310351151676,1.3584618812485134,5.799112934401478,0.7773397504688296,0.1919756860499603,0.16228142892760128,0.5305657723768784,-0.055681448753954345,1,6.0,0.49673502734552005,0.5094100525845316,0.31856738614452895,0.8350074315800781,0.8270219916682102,0.7944111582625464,0.4616522888831078,-0.08992510167778033,0.5317932644763199,0.8350074315800781,0.25,0.9294265469212697,3.157365987812645,3.262880431394897,0.5853640644188693,24.00445882439961,A,toward_HQ,0.30586486610434305,6.0,1
3.0,1.0,25.0,5,1,blend,obs,0.6013333333333334,0.6873867311627793,0.9134854745495903,0.717730867113704,0.7406735481313846,0.9387779060983671,0.865254318033368,0.8985159777478956,0.9897200938759256,0.9768129874612339,0.7543073148705349,0.9501798403115088,0.8251084767302738,0.7732131772301626,0.9515509090892128,0.919918810337658,0.8093666526631491,0.9664227261603798,0.9390146330389246,0.6783780668097918,0.9020252200871143,0.8743823673708552,0.7535602092608047,0.9472961789353507,0.8240194153768359,0.799243406437667,0.8582105792439023,0.6291504739973441,13.491597719996639,6.290090296286717,0.8343204714161766,0.14809035356586536,1.660523107827841,1.1052067713579148,5.465596317894078,0.7749764938524328,0.10184698295605579,0.16687966219591766,0.5705893642043482,-0.06528254564442684,1,6.0,0.5229954908642724,0.5077078147619942,0.3286923252779718,0.8575818263386544,0.8510520582272371,0.825107191466495,0.5293853582191625,-0.19380219384058334,0.48252539493433355,0.8575818263386544,0.25,0.9533778305317,2.6195951071170067,2.747024236750565,0.6731295108963771,23.969608070737205,A,toward_HQ,0.29246893241450633,6.0,1
3.0,1.0,25.0,0,1,blend,obs,0.5876666666666667,0.6840149502403765,0.9108916246206253,0.8036075006756992,0.7092844462528446,0.9239632810282835,0.8461501502695944,0.8486016584265245,0.9776966451473983,0.9476308437471003,0.7273728517665685,0.9403548875203324,0.7882854550600115,0.7947113634623103,0.9608844232237191,0.9501468101463174,0.895909217328735,0.9906120809793248,0.9840749727425766,0.6427818774924717,0.8810570551390378,0.8569138567114469,0.7786689946438918,0.9576305491592177,0.8565928379297719,0.8035625651247426,0.8221138311022971,0.0653516940138391,154.0633025190155,9.24723789045486,0.8280788378375032,0.15109383710496327,1.9228147051591702,3.1689912010385606,5.618086316445572,0.770757112490855,0.2858969739727324,0.15815232238830423,0.5722898310403225,-0.06202403805827824,1,6.0,0.4917234449710113,0.5126779807272609,0.30848276761166293,0.8391102216225399,0.8317513941095374,0.7882906343255186,-0.03216669221707984,-0.21480592510432195,0.4684052547523637,0.8391102216225399,0.25,0.6230737541590776,17.048509487822944,6.014931152471797,0.48486013851812265,23.246597701010792,A,away_HQ,0.27635004819290787,6.0,1
3.0,1.0,25.0,1,1,blend,obs,0.6016666666666667,0.6941483168642805,0.9162289343599306,0.8295348615579661,0.7214915883079613,0.9291331102642072,0.8606058938204951,0.8887799193122807,0.9879118367876888,0.9757823598165529,0.752461666329482,0.9497217124268705,0.8317731961294051,0.8230714728747227,0.970962760908241,0.9653009807119193,0.8913872721411481,0.9896088960035492,0.9833551793051895,0.6570624455591008,0.889543837494372,0.8713304267591274,0.7933441870346072,0.9625281015748592,0.8745686843538856,0.809395913358452,0.8557221408781774,0.5036418396227118,29.275610215063114,6.477557338556624,0.83275629063851,0.14733483940999798,1.8119337220928442,3.0153438213648593,5.736560608293119,0.79289332067528,0.30699001522260894,0.15971021614245023,0.5368347885063278,-0.07466037561586415,1,6.0,0.5440746983596829,0.500046523455183,0.3193907139657664,0.8548079981071403,0.8507588919424669,0.8317732059863444,0.5731955381482723,0.20423028200675816,0.5650122176777672,0.8548079981071403,0.25,0.5260492229269239,28.410912371148957,7.169090226886742,0.4859033054526709,23.239110206897788,A,away_HQ,0.2975034769762647,6.0,1
3.0,1.0,25.0,2,1,blend,obs,0.6136666666666667,0.7090457919391147,0.9243281739970497,0.8550663111806927,0.7272550464096179,0.9319120097817863,0.8595689203889945,0.8827137699263641,0.9863076550799752,0.97313716503169,0.7498238473892416,0.9474382779063634,0.8282807652575962,0.8100631556034714,0.9658800592918675,0.9562432563056843,0.8905874811941497,0.9890996754025255,0.9817612506054096,0.6674773198169908,0.8956551521172049,0.8706035043220193,0.7887942330148877,0.9609759424912196,0.8729307258033173,0.8048237605739634,0.875829973332613,0.44611877588986487,36.68145871312214,5.16468397420303,0.8239320641565268,0.15014363483205354,1.7917227945722256,2.892807809841081,5.505213631507858,0.7589941421098085,0.27605703279547816,0.1587145551441816,0.5297996187095246,-0.06056703062367776,1,6.0,0.5040393501482103,0.4939084176930272,0.321344098336112,0.8536227735829796,0.848746115147108,0.8282906249857093,0.6436495641840356,-0.03411960134967934,0.5499933086652274,0.8536227735829796,0.25,0.4848784293105656,37.999235203601145,5.343341146636452,0.48293710931433037,23.289560841660432,A,away_HQ,0.2995746873710014,6.0,1
3.0,1.0,25.0,3,1,blend,obs,0.6063333333333333,0.6814415828083091,0.909490086561029,0.807922588826586,0.7415723774276983,0.9409194742042902,0.8769786956111583,0.9103914337652426,0.9925332695528796,0.9900971763376288,0.7601500842619489,0.9537400611218709,0.8485568001496229,0.8289606653248062,0.9736365968614391,0.97001914390853,0.8950691511089099,0.9906686669705961,0.9840283012592271,0.6778699540046862,0.9040591357183111,0.8868357908834813,0.7804512781267068,0.9588370072744933,0.8587337064220657,0.7906482608360917,0.8848225148654182,0.6483872685419645,12.973749429073374,4.936395811820912,0.8255573518588946,0.14877308954827437,1.6584262383716906,2.5880844940139087,5.545572957707047,0.7602273233713728,0.29198306685555364,0.16937870223808993,0.6020437145138059,-0.05844479290169373,1,6.0,0.5074543971000363,0.5102176303714321,0.33197344065665535,0.8715339501959842,0.8671926653945525,0.8485538230563985,0.6690735552251507,0.02521858461627935,0.5485155070972871,0.8715339501959842,0.25,0.6850031184037461,16.765140167458377,5.487651486404955,0.46824425651581936,23.40717556963902,A,away_HQ,0.2813395408917699,6.0,1
3.0,1.0,25.0,4,1,blend,obs,0.5963333333333334,0.6731533628917532,0.9051032797218221,0.7119906654309607,0.7163901992279945,0.9274328894602093,0.8424299675961856,0.8798925264889932,0.9858681479514558,0.9690791060982004,0.7331905790800622,0.9416564195216371,0.8068444601213465,0.8147153244395934,0.9679014958673043,0.9561827568160461,0.8896335474253814,0.9894964310602299,0.9792585548380028,0.6571017261988679,0.8893626293236381,0.854358388893579,0.7866162792312016,0.9607122698507314,0.8658648487888658,0.7987920155356855,0.8716952966520657,0.4811010711732346,29.594807786957883,6.139790028209145,0.8371036599016192,0.144659668564299,1.9342917008863163,2.8664413264822706,5.799112934401478,0.7773397504688296,0.26821102064831137,0.16228142892760128,0.6065589600329634,-0.055681448753954345,1,6.0,0.49673502734552005,0.5094100525845316,0.31856738614452895,0.836822148179212,0.8312981941176195,0.8068519676994925,0.5030776749552959,-0.010948749973552703,0.5478582411571631,0.836822148179212,0.25,0.583094009362224,17.632476052424856,6.698213544835436,0.5091287298205183,23.51916757321738,A,away_HQ,0.2675443602692508,6.0,1
3.0,1.0,25.0,5,1,blend,obs,0.6013333333333334,0.6898541022706328,0.9141842235272414,0.830973200882251,0.7406735481313846,0.9387779060983671,0.865254318033368,0.8985159777478956,0.9897200938759256,0.9768129874612339,0.7579802425524529,0.9523440500447238,0.8342236503171996,0.8312897006744769,0.972928034682934,0.9634651602883761,0.9057870059526694,0.9921056150255275,0.9850594866467431,0.6782389594870689,0.9019513602096835,0.8741333176079876,0.7923613881292412,0.962271365994555,0.875042063948934,0.8031734382088699,0.8626422211953005,0.5462989412909718,19.977579632210972,5.775849373747606,0.8342970656067157,0.14859457548905733,1.8417442930388341,2.7508688682681144,5.465596317894078,0.7749764938524328,0.2940104744913325,0.16687966219591766,0.5811207420131265,-0.06528254564442684,1,6.0,0.5229954908642724,0.5077078147619942,0.3286923252779718,0.8592857328172753,0.8548529064965388,0.8342098229417665,0.5546031350277567,0.024211292263734883,0.560377459662392,0.8592857328172753,0.25,0.6869097743817315,15.451381188758269,5.705528366434833,0.4809660193611004,23.355263031895404,A,away_HQ,0.28716865554963816,6.0,1
3.0,0.0,3.0,0,1,blend,obs,0.603,0.9849157305091609,0.9997848973435306,0.999436978674268,0.7414519719977307,0.9367325700208131,0.8647008216080868,0.8868053627847106,0.9861937790887924,0.9679589706480353,0.8763086997351118,0.9836242423258499,0.9614031698176814,0.8749926001886003,0.9833062423660841,0.9617397128417813,0.9875171732660695,0.9998518187604216,0.9995436581642818,0.9255318911252383,0.9944115894073182,0.9924070590656769,0.9839187316113333,0.9996795942933115,0.9988702768842624,0.9761590506260338,0.838690188304625,0.0643536905634274,152.94930590183043,8.05959980616432,0.8939452378930052,0.1262279385249429,4.8810529484449585,4.91094092888613,5.600444593701082,0.7170680376381457,0.7042906747799149,0.1597759990717959,0.17215335368543153,0.9803789642757097,1,12.0,0.006991027100572807,0.172906576843664,0.9240596973720653,0.8948420803048586,0.9184082515534908,0.9614064350752832,0.9440896880057273,0.7227489542268736,0.41898187674556764,0.9614064350752832,1.0,0.06486400308027841,152.28333466766293,7.717120571911856,0.012777362858230659,2.973986190076324,A,iso,0.9281027389321022,12.0,1
3.0,0.0,3.0,1,1,blend,obs,0.5963333333333334,0.9807173075338328,0.99965243992665,0.9996726227171194,0.7308199767075563,0.9329669225930087,0.8583997261535545,0.8732083280382181,0.9831335730526408,0.9607928366379914,0.8682671098796982,0.9819029137965214,0.9581578167758489,0.8692598640301696,0.9821683876547311,0.9593649587106552,0.9834614603673192,0.9997470531812634,0.9996873758981227,0.9297032488611527,0.9952114303417071,0.9926844755514098,0.9724165066773415,0.999294849055114,0.9978373296881101,0.9881073260917749,0.839406055720982,0.33559877750910644,35.85741064409854,7.603910046569579,0.9019489688106832,0.12276586244484732,5.113883308540305,5.137267849784547,5.847996569214215,0.729985653614518,0.7340185720533494,0.16101979802718194,0.17348059247874165,0.9800347162287603,1,12.0,0.0071459317794067,0.17468778534777823,0.9217576243617417,0.892319271039687,0.9163820354847539,0.958136768181342,0.9684603559592119,0.7776324082767601,0.428260229010184,0.9684603559592119,2.0,0.3377966980279034,35.75949247252729,7.748913626905839,-0.004032918438831538,2.9838357452190287,A,iso,0.928171824447241,12.0,1
3.0,0.0,3.0,2,1,blend,obs,0.6073333333333333,0.9709573300251345,0.9990916783209401,0.9983687428571129,0.7414656368792716,0.9367643117403853,0.860295564453576,0.8942617582240795,0.9877084632705275,0.9710600977539504,0.8739712212274167,0.9829886622382948,0.959473587107332,0.8747240289492917,0.9831873261078959,0.9604472545616298,0.9734105652864028,0.9992358203547421,0.998459985816513,0.9286490689595652,0.9946180614280974,0.9887117559809101,0.9573937610691439,0.997932492988601,0.9936596100424341,0.9729480021538169,0.8413746667209026,0.31216658234387634,36.6750221018224,7.65437260976458,0.8916990787936167,0.12802721726012375,4.719244566897134,4.735891760357277,5.4243195504617905,0.719560799939859,0.7094834395414327,0.1643026486538191,0.1767144490554124,0.9802165874518486,1,12.0,0.007211658609871159,0.1773839042650438,0.9262545513054052,0.8917812867361069,0.9159426621594507,0.9594923433215025,0.9632931498069944,0.7891365143033203,0.42486601651120093,0.9632931498069944,2.0,0.3175759480646504,35.672845575245226,7.720558487807776,0.010077360398426426,2.9761798694247266,A,iso,0.9297635226324854,12.0,1
3.0,0.0,3.0,3,1,blend,obs,0.5943333333333334,0.9782678819079513,0.9995811540212205,0.9988363731564409,0.7454894206281577,0.9385925576425056,0.8762757868125832,0.8867437674870027,0.9863687892014142,0.9755539934371817,0.8803258374167465,0.9847209877600849,0.9700648538957631,0.8809473968386833,0.9848887185619114,0.9709788255575333,0.9808125198344535,0.9996832089034963,0.9990188224512865,0.9291924391472222,0.9951037364102794,0.9946212717524948,0.991202858778558,0.999912150638266,0.9997001932194427,0.9890279683014593,0.8405336461561622,0.03864991929179823,193.117732208763,6.975447745995464,0.8986419258670056,0.1254043454249108,4.9690000623664705,4.987200042590888,5.460530212082416,0.7245108764411987,0.7204496903234128,0.16626893420192923,0.17452909847594786,0.9804193934757481,1,12.0,0.0073495914289890335,0.17955970779803254,0.9259813141874085,0.9097834643518005,0.9327753028907209,0.9700398971131458,0.9769719350611258,0.7789777180808681,0.40668579939651117,0.9769719350611258,2.0,0.0406303845707333,187.90365221615738,7.078274884133547,0.004061186117785933,2.98268661074977,A,iso,0.952671707204418,12.0,1
3.0,0.0,3.0,4,1,blend,obs,0.5936666666666667,0.9834720217336953,0.9997796320646882,0.9992546619871211,0.7380527681961363,0.9360742157690665,0.8687595196669248,0.901311320130929,0.9896209385327742,0.9785098633185537,0.8833312233506908,0.9856724964815105,0.969796360581564,0.8842412688479788,0.9858869428845245,0.9706895959509404,0.9841168835571942,0.9997918424948093,0.9992771103843149,0.9161148784292592,0.9932466583116318,0.9912727558799137,0.9856490149218383,0.9997927672662777,0.9992906980725432,0.9791153034255278,0.8341125944715331,0.1437115523396712,80.63793005284602,7.997290737844223,0.8908359085212196,0.1304007969767806,4.704951291083646,4.736927425337176,5.449983008354409,0.7170443285018625,0.710225296080904,0.1653088686992228,0.17619618244798008,0.9804272856442222,1,12.0,0.006967724772215961,0.17868803343175974,0.9251255695438251,0.9038269000619631,0.9281124672288704,0.9698048569199446,0.9632278465847154,0.7512277074670451,0.4017774310977833,0.9698048569199446,1.0,0.14755253679062685,79.75989002729185,8.099506129084826,0.006819032420958534,2.9797787014735713,A,iso,0.9382091393951079,12.0,1
3.0,0.0,3.0,5,1,blend,obs,0.6016666666666667,0.9775748937564465,0.9995124112339603,0.9993775676715413,0.7455467558336333,0.9396464971143258,0.8689783870295196,0.8886794534725371,0.9867587714280831,0.9680614485076889,0.8781465620026825,0.9842700942491382,0.9621784673929078,0.8790952753593977,0.9845092520897712,0.9632723499548299,0.981049064524867,0.999652735614877,0.9995177659415992,0.9340525474910917,0.9956559626500542,0.9939336629865588,0.9771541979666534,0.9994579055996248,0.9987192189542778,0.9881180975148754,0.8420843447183546,0.0844179368256295,108.9722227888958,6.539377512813673,0.9005908737931595,0.12407746022792404,5.029005978208037,5.05966675263164,5.6242324748774735,0.7309525824269445,0.7272198491647646,0.16409333885007304,0.173768784604434,0.980216266650782,1,12.0,0.007370737280561902,0.17738032585832428,0.9250932314846253,0.9031880950683125,0.9257583493408807,0.9621890855381513,0.9653481409466811,0.7006596156855158,0.40690579263592785,0.9653481409466811,2.0,0.09024762969938817,103.16011493069568,6.604408476252122,0.0037327332621798727,2.9751701502989456,A,iso,0.944320000992203,12.0,1
3.0,1.0,3.0,0,1,blend,obs,0.603,0.9147335991588916,0.992228691674733,0.9816598746043737,0.7414519719977307,0.9367325700208131,0.8647008216080868,0.8868053627847106,0.9861937790887924,0.9679589706480353,0.8468790651612013,0.9750068974685479,0.9482734297799944,0.846987850857738,0.97505642208895,0.9495579860856941,0.9140226525444308,0.9921017341384472,0.98199995802207,0.8513920779632745,0.9774190462737757,0.9641725757374058,0.9035156492232765,0.990038451988237,0.9746229306751697,0.9518561601430043,0.8593513869307547,0.6083861066249658,24.23873533778044,5.600293979099308,0.8050943157150157,0.1734258713494345,3.3986235068215858,3.431799983228999,5.600444593701082,0.7170680376381457,0.48277104138413374,0.1597759990717959,0.16135627504559868,0.9803789642757097,1,12.0,0.006991027100572807,0.172906576843664,0.9240596973720653,0.8895078991675021,0.9113046194830775,0.9482726096978056,0.9797251553207018,0.7445969350286533,0.4234913195142629,0.9797251553207018,2.0,0.6064264115101401,24.29673369564464,5.552139127193802,0.23429699625401193,3.000052552670003,A,toward_HQ,0.9902062936606822,12.0,1
3.0,1.0,3.0,1,1,blend,obs,0.5963333333333334,0.9141334227334084,0.9923418063339476,0.9799716475600764,0.7308199767075563,0.9329669225930087,0.8583997261535545,0.8732083280382181,0.9831335730526408,0.9607928366379914,0.8400489150999981,0.9730820776176811,0.9417616074500736,0.8412484844194577,0.9734609824964008,0.9435619426409714,0.9139711551626476,0.9922997163915585,0.9804590366146416,0.8554347223012383,0.9790866347600115,0.9652109642909408,0.8995067646162723,0.9895241046324357,0.9702382823408903,0.965608289215793,0.8555125857422661,0.7249061093066056,9.73219985085703,5.282073508895845,0.8087523580888621,0.172598222864077,3.4200703057064863,3.4528261177349164,5.847996569214215,0.729985653614518,0.49941329624958153,0.16101979802718194,0.16395308699535988,0.9800347162287603,1,12.0,0.0071459317794067,0.17468778534777823,0.9217576243617417,0.8847337141173591,0.9067466653113792,0.9417570753086199,0.9740244996528046,0.7855795401441358,0.4529381958914882,0.9740244996528046,2.0,0.7247611524748915,9.819410861230095,5.382644324875279,0.23057235736493648,3.0000388314360285,A,toward_HQ,0.9821089738416395,12.0,1
3.0,1.0,3.0,2,1,blend,obs,0.6073333333333333,0.9041482306531277,0.9901211395787431,0.9715193232826528,0.7414656368792716,0.9367643117403853,0.860295564453576,0.8942617582240795,0.9877084632705275,0.9710600977539504,0.8458209415408742,0.9745815169268272,0.9419864769634518,0.8463839796631957,0.9747663593298208,0.9432371153406425,0.9041585561186781,0.9901354165055971,0.9721448370229547,0.8524148942148816,0.9772445749351445,0.9563497864889238,0.890964283451253,0.9869918124185721,0.960668912824221,0.9457452454550656,0.8599282915023312,0.7153714181910398,11.041999383056037,5.485653011468308,0.8038695140883262,0.17354023094067822,3.282136071006669,3.314397155475036,5.4243195504617905,0.719560799939859,0.48718651803776303,0.1643026486538191,0.16531381903293668,0.9802165874518486,1,12.0,0.007211658609871159,0.1773839042650438,0.9262545513054052,0.8853125428152085,0.9060809643366142,0.9419881666170893,0.9768421855759121,0.7810404982396744,0.43829216694620277,0.9768421855759121,2.0,0.7132405921558052,10.952134004375008,5.450986637554422,0.2323742819020961,2.9969893422452687,A,toward_HQ,0.9938833281752681,12.0,1
3.0,1.0,3.0,3,1,blend,obs,0.5943333333333334,0.9213942596546196,0.9934026697752166,0.9839721740263515,0.7454894206281577,0.9385925576425056,0.8762757868125832,0.8867437674870027,0.9863687892014142,0.9755539934371817,0.8480259150235328,0.9754064822337059,0.9544551374989778,0.8486196689753948,0.9756014033229449,0.9557673696076657,0.9207792242743045,0.9933095013608912,0.984460220738541,0.8569802564606541,0.9793996765709996,0.9700993965708341,0.9118468563800161,0.9917244188005602,0.9780098871648939,0.9585170725315886,0.8627147694808962,0.554058475505753,26.772581211376238,4.920031623042241,0.801474346182862,0.17587067999687375,3.218869870451632,3.248435513298704,5.460530212082416,0.7245108764411987,0.4908807419954301,0.16626893420192923,0.167525333313229,0.9804193934757481,1,12.0,0.0073495914289890335,0.17955970779803254,0.9259813141874085,0.9011210802386225,0.9215804893613136,0.9544535740908392,0.990895650995429,0.8300438621948434,0.4683616541246992,0.990895650995429,2.0,0.5560507326453958,26.57755542932282,4.966853064359824,0.23363013444576863,2.999970040964679,A,toward_HQ,0.9925002440738284,12.0,1
3.0,1.0,3.0,4,1,blend,obs,0.5936666666666667,0.9121761408568361,0.9920683650017798,0.9819294580140945,0.7380527681961363,0.9360742157690665,0.8687595196669248,0.901311320130929,0.9896209385327742,0.9785098633185537,0.8508067852427167,0.9766066063433375,0.954118584750261,0.8514920660880759,0.9768119115968161,0.9553271410260423,0.9112636094268749,0.9919126031508873,0.982258924497475,0.8471791768664368,0.9769532079320483,0.9653711247828901,0.9033237545682864,0.9902188891130183,0.9744986334821681,0.9468289676290742,0.8570022951543186,0.6216374483623864,19.352249791090816,5.5637125595035695,0.7987429060463678,0.17726728246344528,3.186623687841944,3.2138289640168476,5.449983008354409,0.7170443285018625,0.48402980527519057,0.1653088686992228,0.1678798402129388,0.9804272856442222,1,12.0,0.006967724772215961,0.17868803343175974,0.9251255695438251,0.8953926639734539,0.9172179830065238,0.9541158328431466,0.989730399841851,0.761170208294985,0.41739425020017407,0.989730399841851,2.0,0.6268934774713175,19.131797076794733,5.615033200989899,0.23301452322667196,3.0000551374058273,A,toward_HQ,0.9846856447417689,12.0,1
3.0,1.0,3.0,5,1,blend,obs,0.6016666666666667,0.9213192272518738,0.9934568526141104,0.9840229167260519,0.7455467558336333,0.9396464971143258,0.8689783870295196,0.8886794534725371,0.9867587714280831,0.9680614485076889,0.8511836320557313,0.9765302343144906,0.9493475657774985,0.8520129410514541,0.9767821038648073,0.9507722837693554,0.9205303194467966,0.9933198117651286,0.9842886958707446,0.8564839522864262,0.9792018821107209,0.9670851641093123,0.9084026245062347,0.9911420998989527,0.9760302179876789,0.960807961747659,0.8605000652266689,0.5764888291936113,23.306850596189012,4.86875182306067,0.8058762850751631,0.17327926545803413,3.344517910311062,3.375165714579981,5.6242324748774735,0.7309525824269445,0.4941659996834523,0.16409333885007304,0.16537543656484213,0.980216266650782,1,12.0,0.007370737280561902,0.17738032585832428,0.9250932314846253,0.894801481686766,0.9157801248540861,0.9493438428899766,0.980139569661115,0.7626776447933046,0.458041996227746,0.980139569661115,2.0,0.5866179000610942,22.13168520818923,4.899312698677068,0.2367865827434921,3.0000711909470836,A,toward_HQ,0.9922473509887523,12.0,1
3.0,1.0,3.0,0,1,blend,obs,0.603,0.9103038979819096,0.9916741986856226,0.9764539770091308,0.7414519719977307,0.9367325700208131,0.8647008216080868,0.8868053627847106,0.9861937790887924,0.9679589706480353,0.8895220209398894,0.9872605434218841,0.9662037984003315,0.888835558548471,0.9871097589420453,0.9664514565866684,0.9137582056815666,0.9922962537377397,0.9778837583235398,0.9717011720422755,0.999231272236158,0.9982336066521871,0.9347793020358286,0.99566087344111,0.9884697165546908,0.9709336883073092,0.8367646637110795,0.01757002459372759,306.7937849649649,9.397791465016661,0.9603278040249356,0.07611182394715207,7.289862764751208,7.2901272033714895,5.600444593701082,0.7170680376381457,0.9380538156501674,0.1597759990717959,0.16876256873834392,0.9803789642757097,1,12.0,0.006991027100572807,0.172906576843664,0.9240596973720653,0.9054948842022819,0.9263084169431625,0.9662297783398319,0.9304930293810737,0.7153891338230348,0.42996749638145826,0.9662297783398319,1.0,0.017502282437333032,307.4759409374935,9.165473582271582,-0.2209857780120218,2.981940253171672,A,away_HQ,0.9467502199466924,12.0,1
3.0,1.0,3.0,1,1,blend,obs,0.5963333333333334,0.915324612042499,0.9923013103349935,0.9777886257476442,0.7308199767075563,0.9329669225930087,0.8583997261535545,0.8732083280382181,0.9831335730526408,0.9607928366379914,0.8747393570730415,0.9844063528296888,0.9631785247147902,0.8755153755676246,0.984601901415176,0.9639216796577212,0.9182774098606361,0.992819353149926,0.9788622751066014,0.9617382298543485,0.9983832682301724,0.9955756225103579,0.9349276721797535,0.9955508114565157,0.9875988481735307,0.9773283016210633,0.8456896412274357,0.13070165709554876,76.47951078424562,8.572362084866953,0.9618636968094314,0.07549050671236089,7.594438101419093,7.5943320261549045,5.847996569214215,0.729985653614518,0.9486370471218533,0.16101979802718194,0.16835290790292567,0.9800347162287603,1,12.0,0.0071459317794067,0.17468778534777823,0.9217576243617417,0.9035634104401603,0.9238291456681506,0.9631929406984889,0.9756797557657599,0.7977390588389706,0.4321230911943156,0.9756797557657599,2.0,0.12833451561197826,77.45504552032213,8.673097451735561,-0.2186513935073353,2.987843104572915,A,away_HQ,0.9564420361543616,12.0,1
3.0,1.0,3.0,2,1,blend,obs,0.6073333333333333,0.9175416422539374,0.9929559660336224,0.9848241602911652,0.7414656368792716,0.9367643117403853,0.860295564453576,0.8942617582240795,0.9877084632705275,0.9710600977539504,0.8882902030541423,0.9871331254909712,0.9682006656721793,0.8896922477482734,0.9874293162024079,0.9693030909611081,0.9212524187340775,0.9935480240331633,0.9858791884669368,0.9906487005158642,0.9999043826407359,0.9997564991189101,0.9336838490533856,0.9956476070730909,0.9921027463835376,0.9715289946974688,0.8408847782306228,0.11545884607799088,72.57556502053738,9.22130648393518,0.9561688493213487,0.08002863002107469,6.905133041973701,6.9221566095514575,5.4243195504617905,0.719560799939859,0.9389651913383061,0.1643026486538191,0.1736980845246888,0.9802165874518486,1,12.0,0.007211658609871159,0.1773839042650438,0.9262545513054052,0.9018381946219838,0.9244203908851839,0.9682346728510146,0.9580995712601751,0.8042444209661876,0.4245371217481584,0.9682346728510146,1.0,0.11836396981891341,70.484255204524,9.38877713678199,-0.21940439139844703,2.9899231544824585,A,away_HQ,0.9459093869884658,12.0,1
3.0,1.0,3.0,3,1,blend,obs,0.5943333333333334,0.9052177722091642,0.9905996554222983,0.9712098058676107,0.7454894206281577,0.9385925576425056,0.8762757868125832,0.8867437674870027,0.9863687892014142,0.9755539934371817,0.8920675184682832,0.9880582893266499,0.974654306158492,0.8921319817435025,0.9880726971318907,0.9750890635222365,0.9083535220209362,0.9912141504980243,0.9726974536936912,0.9588821104715678,0.9981324210489977,0.9949900541786996,0.9287281617141379,0.9946804196804201,0.9840498349873826,0.9832414035805437,0.8411779711305356,0.017256957272464214,291.5451058227352,8.04442659315268,0.9576913523181366,0.079276977017374,7.543306383507189,7.52646803034917,5.460530212082416,0.7245108764411987,0.9426015410470191,0.16626893420192923,0.17489347291361418,0.9804193934757481,1,12.0,0.0073495914289890335,0.17955970779803254,0.9259813141874085,0.9211670188594984,0.940517077803924,0.9746548009194828,0.9675906224593115,0.7815562791805173,0.4162009326375311,0.9746548009194828,1.0,0.01738966077246011,290.7512424117148,8.044697768269856,-0.21809066460582033,2.9863013909975207,A,away_HQ,0.9506869034732651,12.0,1
3.0,1.0,3.0,4,1,blend,obs,0.5936666666666667,0.9163289527284364,0.9925459914209822,0.9775616936727511,0.7380527681961363,0.9360742157690665,0.8687595196669248,0.901311320130929,0.9896209385327742,0.9785098633185537,0.9044096652014126,0.990762266666788,0.9773700622723505,0.9053466161542989,0.9909254170485091,0.9780083470504889,0.9192848546671168,0.9930658604230445,0.9787371451670928,0.9570990841765361,0.9979663478779336,0.9952816395008093,0.935507680636875,0.9955366812058961,0.9877419540318366,0.9826273044782611,0.824718670534226,0.030379789722374324,198.501551929362,10.320580934242388,0.9568220561675769,0.08040617857952059,7.216729582692647,7.209753933950282,5.449983008354409,0.7170443285018625,0.9374212726962396,0.1653088686992228,0.17486875811641223,0.9804272856442222,1,12.0,0.006967724772215961,0.17868803343175974,0.9251255695438251,0.9146214844623989,0.9364788111425553,0.9774006994422351,0.9270943265903958,0.7434424543461876,0.41213509786745717,0.9774006994422351,1.0,0.031499304293170605,195.7433486268656,10.430759443182946,-0.2203769441943771,2.9832395729527534,A,away_HQ,0.9453310613046997,12.0,1
3.0,1.0,3.0,5,1,blend,obs,0.6016666666666667,0.9054942266069481,0.9905293641700361,0.9729117288934315,0.7455467558336333,0.9396464971143258,0.8689783870295196,0.8886794534725371,0.9867587714280831,0.9680614485076889,0.8824017340863,0.986029847504075,0.9639766600688578,0.8839071576377574,0.9863586151584862,0.9651948333671682,0.9088230183310421,0.9911750158967066,0.9743585346054779,0.965526844417969,0.9986198711391737,0.9958776412900965,0.923907058260727,0.9938893993862353,0.9835632378682625,0.97784137082282,0.8511678988423106,0.01736868101546587,242.6421002886991,7.030350084326028,0.9587482469662375,0.07846782252777484,7.220983966810032,7.222593327155356,5.6242324748774735,0.7309525824269445,0.9534129875441988,0.16409333885007304,0.1750151393970547,0.980216266650782,1,12.0,0.007370737280561902,0.17738032585832428,0.9250932314846253,0.9112632788751328,0.9305312243972778,0.9640309420234676,0.9712066071037585,0.7000470280590776,0.4113839709770767,0.9712066071037585,2.0,0.017409161093535082,239.2612797661437,7.174888202182016,-0.22246040511725426,2.9791974437243876,A,away_HQ,0.9375951098595905,12.0,1
3.0,0.0,6.0,0,1,blend,obs,0.603,0.9556089345941482,0.9980479675906955,0.9990433815710253,0.7414519719977307,0.9367325700208131,0.8647008216080868,0.8868053627847106,0.9861937790887924,0.9679589706480353,0.8574125870710799,0.9785945055061024,0.9441313524221041,0.8601820251890133,0.9794334051230452,0.9494986329192617,0.9700440984604481,0.9991054707981575,0.9995259541807094,0.8719560487111275,0.983735290171794,0.9767717377758836,0.9398647576964253,0.9964304486602694,0.9907962448837986,0.9556610792875996,0.8578856528897151,0.12560758457717613,104.32036003437457,7.100135636208857,0.8588083929638123,0.1415037282097267,3.96876870441049,4.060685807502122,5.600444593701082,0.7170680376381457,0.68408642573762,0.1597759990717959,0.2053472559503714,0.9236563534651084,1,12.0,0.02720144386777946,0.2094025388043212,0.7630088917933349,0.8849168662489576,0.9042261359610672,0.9441561583200931,0.9241648066231383,0.6810282755412057,0.4108832993304712,0.9441561583200931,1.0,0.11501240473934468,110.29269804635231,7.0496371879396404,0.03298161190052564,5.9045567051290355,A,iso,0.778077108127565,12.0,1
3.0,0.0,6.0,1,1,blend,obs,0.5963333333333334,0.9434893726721718,0.9969632102835402,0.9992069123680409,0.7308199767075563,0.9329669225930087,0.8583997261535545,0.8732083280382181,0.9831335730526408,0.9607928366379914,0.8465478566269136,0.9758436052616108,0.937804506296861,0.8488240240782207,0.9765398891982136,0.9424315800265222,0.9575786362411709,0.9983097615294826,0.9995229517273776,0.8765429673848444,0.9853181761918387,0.9775061459186172,0.9159175603312177,0.9934102284192089,0.9854995099900239,0.9643922540336398,0.8570025633151009,0.47105685447662454,24.329895744187365,6.232543583418653,0.8744956678555389,0.13519800616333144,4.118593833137328,4.199794999225244,5.847996569214215,0.729985653614518,0.7292488143828718,0.16101979802718194,0.20587878551046823,0.9223200872851273,1,12.0,0.02780302865969629,0.21264844076994915,0.757211280008298,0.8808582659920438,0.9003812527690983,0.9378285529666193,0.9488481598707743,0.7251250284976483,0.4214171733543245,0.9488481598707743,2.0,0.4711479453873713,25.45766883030682,6.201837197053576,0.0007368392316461439,5.934838772976046,A,iso,0.7821097138684774,12.0,1
3.0,0.0,6.0,2,1,blend,obs,0.6073333333333333,0.9400949945283004,0.9964340472296277,0.9977627098271088,0.7414656368792716,0.9367643117403853,0.860295564453576,0.8942617582240795,0.9877084632705275,0.9710600977539504,0.849022621552397,0.9761245778136448,0.9376116832975661,0.854218565049385,0.9776867815479814,0.9439420520222733,0.9529448117271662,0.9978162621829046,0.9982228642849031,0.8769524707366857,0.9846462435436765,0.9726884060147298,0.904456031981885,0.9908172924261598,0.976075971797916,0.9423841865460284,0.8664494797090088,0.44703610601445143,29.2102666304174,5.847178106998766,0.8576295382413401,0.14276404675955623,3.747467053710811,3.843287281580083,5.4243195504617905,0.719560799939859,0.6904380362738001,0.1643026486538191,0.21114296180297665,0.9228942559244464,1,12.0,0.028107400671121684,0.2138109088715251,0.7684483898459337,0.8808302634073051,0.9001786261535033,0.9376209183949885,0.9595749348593425,0.7340918423653096,0.42301610754041064,0.9595749348593425,2.0,0.4270410081759114,29.8451917171636,6.257822206025628,0.02912276366605896,5.917693075854566,A,iso,0.7781583020850795,12.0,1
3.0,0.0,6.0,3,1,blend,obs,0.5943333333333334,0.9527130203371114,0.9978050491276126,0.9982550102624492,0.7454894206281577,0.9385925576425056,0.8762757868125832,0.8867437674870027,0.9863687892014142,0.9755539934371817,0.8611992678932002,0.9797756081682336,0.9548426165399534,0.8633035760491898,0.9803560849140097,0.9588168037093705,0.967994395786588,0.9989958537251709,0.9991179209056746,0.8723078577449056,0.9841324026304494,0.9804087477182426,0.9401904243203001,0.9965114924728721,0.9928448459680574,0.9632935822512544,0.8613022938601292,0.03469459197076792,209.29975166984866,5.864033433361509,0.8704232569907243,0.13829512610452535,3.9979022982198056,4.077179873785519,5.460530212082416,0.7245108764411987,0.7057702464406137,0.16626893420192923,0.2036921770182148,0.9235458694547684,1,12.0,0.028697099952960346,0.21667356639708163,0.7673706440831848,0.8990278700494239,0.9181534517302947,0.9548609655683303,0.9779962893722478,0.7475340431712194,0.4067566610303468,0.9779962893722478,2.0,0.035179815568197166,208.19565126620023,5.912038367643591,0.018740630000584943,5.92833218707739,A,iso,0.8162755027507067,12.0,1
3.0,0.0,6.0,4,1,blend,obs,0.5936666666666667,0.9598992162224558,0.9984596133469629,0.9992170140013669,0.7380527681961363,0.9360742157690665,0.8687595196669248,0.901311320130929,0.9896209385327742,0.9785098633185537,0.8583153080318737,0.9793930683304313,0.9517997463709159,0.8607231061193154,0.9800110168111452,0.9555039843638481,0.9729519621092826,0.9993221342722292,0.9993999742091082,0.8620271126470033,0.9817829044769774,0.9758687628384971,0.9292795176512267,0.9953156364553266,0.989412349088249,0.9495406426033451,0.8603598871959407,0.15591956909038737,74.64167643838127,6.25191823883502,0.8563726860733503,0.14511870776733515,3.7082664233508384,3.7942333881283945,5.449983008354409,0.7170443285018625,0.6909130977310745,0.1653088686992228,0.21010243710395227,0.9237864615080974,1,12.0,0.027131390693979296,0.2159155702406735,0.7656181002368602,0.892082883469899,0.9118612513749389,0.9517925372353727,0.9744318727239047,0.7282044463073035,0.3993538061625619,0.9744318727239047,2.0,0.16183590402944165,75.68161837605294,6.327672270339977,0.026131230770788078,5.9247962518397195,A,iso,0.7868012907314968,12.0,1
3.0,0.0,6.0,5,1,blend,obs,0.6016666666666667,0.9417305541889691,0.9966754608870282,0.998323661440914,0.7455467558336333,0.9396464971143258,0.8689783870295196,0.8886794534725371,0.9867587714280831,0.9680614485076889,0.8587729318650241,0.9791476527299292,0.9447272790101182,0.8615579095554088,0.979967082774122,0.9493899086690176,0.9564539777784391,0.9981492784758966,0.9990930472915639,0.8773099695283064,0.9851367521595228,0.9774686562740325,0.9179138929483569,0.9935388190884453,0.9867434546285053,0.9634600677706845,0.8576488442478544,0.07189317594963061,133.44086282866635,5.914669129721026,0.8690485517912818,0.13880285463530972,3.971339412937166,4.056407401350025,5.6242324748774735,0.7309525824269445,0.7088399456648101,0.16409333885007304,0.2049014695085033,0.9230701147388064,1,12.0,0.02866142417484828,0.21426931616135514,0.7658275192632007,0.8917321504321304,0.9104004075809866,0.9447143201840333,0.9432220925940564,0.6573242432472408,0.4032663856944795,0.9447143201840333,1.0,0.08106223095700955,120.76806412622528,5.859261018846253,0.02211263676213429,5.914409076823343,A,iso,0.8008402245414997,12.0,1
3.0,1.0,6.0,0,1,blend,obs,0.603,0.8356075095503102,0.9725462023426594,0.9290197606472316,0.7414519719977307,0.9367325700208131,0.8647008216080868,0.8868053627847106,0.9861937790887924,0.9679589706480353,0.798788277882198,0.9587790668364988,0.9069836981848944,0.8031407506030638,0.96032938710576,0.9155732123359843,0.8389105277276975,0.9734733990662,0.935899398940505,0.7697285130978504,0.9477212397834398,0.9252364521967205,0.8178108262110937,0.9669396841480966,0.8984543880963584,0.8975139031685099,0.9166521268728264,0.924694637196084,5.387399936979361,3.418176673845336,0.664514910288561,0.2175986760909914,1.7574107433551203,1.8645107270768002,5.600444593701082,0.7170680376381457,0.2567996325190172,0.1597759990717959,0.17170404632931258,0.9236563534651084,1,12.0,0.02720144386777946,0.2094025388043212,0.7630088917933349,0.8737675914280684,0.8852208883491549,0.9069840933429476,0.9422050174198419,0.8426611326625423,0.5792868013020683,0.9422050174198419,2.0,0.9194513006256333,5.667508914693538,3.457635584355685,0.4602684051191284,5.998654072674273,A,toward_HQ,0.9305313560599511,12.0,1
3.0,1.0,6.0,1,1,blend,obs,0.5963333333333334,0.8324058116034223,0.9720605832242503,0.9225030582554388,0.7308199767075563,0.9329669225930087,0.8583997261535545,0.8732083280382181,0.9831335730526408,0.9607928366379914,0.794444297345366,0.957591900988509,0.9016263559866926,0.7984444351083105,0.9589628694954961,0.9097559543193431,0.8375482541537516,0.97355580395215,0.9305613445774538,0.7752367033256762,0.9509551047524005,0.9268306797274868,0.8000014439829645,0.9614777512288015,0.8752193750539788,0.914183389208538,0.9065856440939917,0.9140598306250326,3.675209757103619,3.6940204950432025,0.6796193270278641,0.2147125805396833,1.7702208227686886,1.8759161428707056,5.847996569214215,0.729985653614518,0.27844036215800216,0.16101979802718194,0.1749445196044509,0.9223200872851273,1,12.0,0.02780302865969629,0.21264844076994915,0.757211280008298,0.8680579671398572,0.880285059712845,0.9016286874614771,0.9324411681005057,0.8175410173524051,0.5563398366452845,0.9324411681005057,2.0,0.9148349790869962,3.5289227396980762,3.5519595185566506,0.4515452914565158,5.995466191194084,A,toward_HQ,0.9204049283238325,12.0,1
3.0,1.0,6.0,2,1,blend,obs,0.6073333333333333,0.8275891629675542,0.9695109386265099,0.9141603633436266,0.7414656368792716,0.9367643117403853,0.860295564453576,0.8942617582240795,0.9877084632705275,0.9710600977539504,0.7979682107281695,0.9583451221538783,0.9000132812941277,0.8015019576106889,0.959566370929353,0.9071390774318433,0.832306156493835,0.9710495709147654,0.922323119827239,0.7769333664200192,0.9501289414188747,0.920198480270927,0.8071910927915571,0.9619452963660591,0.8772591879061362,0.8874608454901978,0.9133724530090066,0.9279002302973539,3.6605504177839943,3.363695852104037,0.6726893896332135,0.21480440885979063,1.6908952731812026,1.7947650424521688,5.4243195504617905,0.719560799939859,0.26528149249145766,0.1643026486538191,0.1763160328337785,0.9228942559244464,1,12.0,0.028107400671121684,0.2138109088715251,0.7684483898459337,0.8696226569239104,0.8800053239545904,0.9000050389344768,0.9298148645693814,0.8410769457051497,0.5898129996189766,0.9298148645693814,2.0,0.9239138118177921,3.70717687905819,3.300164092468643,0.45427930744840145,5.992600624828683,A,toward_HQ,0.9318644822772018,12.0,1
3.0,1.0,6.0,3,1,blend,obs,0.5943333333333334,0.8430571809893205,0.9748931151425565,0.9335346024359754,0.7454894206281577,0.9385925576425056,0.8762757868125832,0.8867437674870027,0.9863687892014142,0.9755539934371817,0.8014519849269414,0.9599050131676804,0.9159151282145636,0.8043859177543207,0.9608572806364151,0.922854658439939,0.8463248633476663,0.975822044670273,0.9408166542485301,0.7749715258183629,0.9505931012637706,0.9357994105570593,0.8222837788193376,0.9692283889053142,0.9010644113354236,0.9039387918172873,0.9166720169910402,0.923343804989257,5.350007712464805,3.192074200523151,0.6665870167025283,0.2178877478750263,1.5915002144506665,1.6938758260074147,5.460530212082416,0.7245108764411987,0.26453257684279347,0.16626893420192923,0.17844538423438627,0.9235458694547684,1,12.0,0.028697099952960346,0.21667356639708163,0.7673706440831848,0.8858299689808635,0.8966951862802147,0.9159152112900871,0.9459873762017057,0.8918538992683565,0.6245945112341309,0.9459873762017057,2.0,0.9191148585159783,5.47715110420646,3.1546190358465616,0.4599782995984052,5.998597092288901,A,toward_HQ,0.9317637153535818,12.0,1
3.0,1.0,6.0,4,1,blend,obs,0.5936666666666667,0.8360689260522903,0.9733792369393728,0.9294080005436447,0.7380527681961363,0.9360742157690665,0.8687595196669248,0.901311320130929,0.9896209385327742,0.9785098633185537,0.7990979170814382,0.9596808163361037,0.9110713980378763,0.8024208789800864,0.9607567302953609,0.9181299185512141,0.8392675718002227,0.974230477624897,0.9362540278761448,0.770219341638833,0.9490734904790663,0.929963935368006,0.8121251535981873,0.965731824082006,0.8914174770167045,0.8875723800386561,0.9148468484053783,0.917003038284478,5.260192733832942,3.339571358505385,0.6655009421756126,0.21870371478512796,1.6203218773187258,1.7118990037521986,5.449983008354409,0.7170443285018625,0.2596380302959962,0.1653088686992228,0.18032099559962259,0.9237864615080974,1,12.0,0.027131390693979296,0.2159155702406735,0.7656181002368602,0.8786322156575314,0.8900640312593959,0.9110713594612733,0.9458718468474341,0.869687999770642,0.5911269488860663,0.9458718468474341,2.0,0.9163714387781015,5.005495562080358,3.31936367530334,0.45740629820586637,5.998730969758408,A,toward_HQ,0.9167477594581824,12.0,1
3.0,1.0,6.0,5,1,blend,obs,0.6016666666666667,0.8398091809188032,0.9743015549853116,0.9309370055444233,0.7455467558336333,0.9396464971143258,0.8689783870295196,0.8886794534725371,0.9867587714280831,0.9680614485076889,0.8043801449200031,0.9613973868256351,0.909938199681903,0.8087395049253607,0.9628406428116086,0.9179726938958229,0.8425732647250965,0.9749854871257673,0.9372141679468561,0.7736483627971074,0.9497910701108176,0.9263512556335086,0.814598287809976,0.9669228761472353,0.8942821804624571,0.9071001294474174,0.9137480782270051,0.9066145175557632,6.6633285090486885,3.2709689254305494,0.6692159158080182,0.2167534202519927,1.71069992047424,1.796438196788584,5.6242324748774735,0.7309525824269445,0.26443128358375984,0.16409333885007304,0.17661912107799627,0.9230701147388064,1,12.0,0.02866142417484828,0.21426931616135514,0.7658275192632007,0.8784725908649503,0.8896682551345532,0.9099385706228273,0.9402351319054376,0.8521266440083052,0.597496365388628,0.9402351319054376,2.0,0.9120135472250354,5.921683723267369,3.3053670896105163,0.46652129884318466,5.998584890173786,A,toward_HQ,0.9290802595354795,12.0,1
3.0,1.0,6.0,0,1,blend,obs,0.603,0.8363205608059731,0.9725179380007145,0.917977825129046,0.7414519719977307,0.9367325700208131,0.8647008216080868,0.8868053627847106,0.9861937790887924,0.9679589706480353,0.8660760361736026,0.9820560937293076,0.9502435474106212,0.8683569575833539,0.982607706138202,0.9531129280059153,0.8528360305133896,0.9775284471578455,0.9329014339286255,0.9574427617770149,0.9981184757683683,0.9972988022958547,0.8904222445405374,0.9881931146178607,0.9749562769223977,0.9515378519166194,0.8641033445127957,0.013568955862272379,352.8144112408359,7.552201421766414,0.9755618307380904,0.05719593588618025,7.635827254683971,7.5577918957884425,5.600444593701082,0.7170680376381457,1.124780901923799,0.1597759990717959,0.187337572182647,0.9236563534651084,1,12.0,0.02720144386777946,0.2094025388043212,0.7630088917933349,0.9010374038917158,0.916482572033045,0.9502634842673984,0.9574654872397849,0.6845088105542317,0.42430148934238543,0.9574654872397849,2.0,0.011353807349016665,387.1005133107183,7.4771661310831385,-0.40771286428565345,5.914145471792598,A,away_HQ,0.8528774938751763,12.0,1
3.0,1.0,6.0,1,1,blend,obs,0.5963333333333334,0.844555948662876,0.9745107835534248,0.9227533556052736,0.7308199767075563,0.9329669225930087,0.8583997261535545,0.8732083280382181,0.9831335730526408,0.9607928366379914,0.8525990581397631,0.9791690079361263,0.9464638514758035,0.8546307069144741,0.9796633337199132,0.9488734322013354,0.8592513204049897,0.9788889025913918,0.9352333277000173,0.9433219444356173,0.9964943565825041,0.9929058933593267,0.8895002292204705,0.9878654856934036,0.9734180243816078,0.9603867657850429,0.870969096871433,0.1701838418726965,64.67920010675651,6.89420449477367,0.9767087518503526,0.05825102054594585,8.171738406063643,8.025645034310445,5.847996569214215,0.729985653614518,1.1314884078866363,0.16101979802718194,0.1852558762993522,0.9223200872851273,1,12.0,0.02780302865969629,0.21264844076994915,0.757211280008298,0.9008929481441295,0.9148486294410304,0.9464474880295428,0.9902455709005764,0.7767205074648884,0.4349074764706097,0.9902455709005764,2.0,0.15502492423996792,69.7622444481203,6.935105029837118,-0.40150275427211835,5.926793474680478,A,away_HQ,0.8691751173765331,12.0,1
3.0,1.0,6.0,2,1,blend,obs,0.6073333333333333,0.845156493751293,0.9752340745210257,0.9344922448930145,0.7414656368792716,0.9367643117403853,0.860295564453576,0.8942617582240795,0.9877084632705275,0.9710600977539504,0.867948280571212,0.982658381908824,0.9531321189947237,0.8721301507750108,0.9836386384152788,0.9567195365746033,0.8612630490630795,0.9798588566130008,0.9468049914928799,0.9724715972098177,0.999175922941763,0.9987617090883434,0.8880821265595455,0.9878888624305296,0.9794255810211477,0.9505175164706483,0.8636232203106774,0.11632059030507642,80.36937773490908,7.620222484198242,0.9730806181382424,0.06152390139345575,7.489628289376623,7.46402271679316,5.4243195504617905,0.719560799939859,1.1246850985697587,0.1643026486538191,0.19329330737254885,0.9228942559244464,1,12.0,0.028107400671121684,0.2138109088715251,0.7684483898459337,0.8993920569675229,0.9164625178979302,0.9531436965146349,0.9714387811284562,0.7797674620667724,0.4246058425664082,0.9714387811284562,2.0,0.11915409859745664,76.19696075920048,7.790671715598102,-0.4051242986298996,5.9386176667226405,A,away_HQ,0.8500172659219192,12.0,1
3.0,1.0,6.0,3,1,blend,obs,0.5943333333333334,0.8363044884677597,0.9720736364617035,0.9106555624943247,0.7454894206281577,0.9385925576425056,0.8762757868125832,0.8867437674870027,0.9863687892014142,0.9755539934371817,0.8711886746725794,0.9835802218362533,0.9608573695834843,0.8753743340058553,0.9845539296983095,0.964255404544171,0.8514555064429395,0.9768018532953816,0.9253942138081843,0.9438504340115442,0.9965735383191447,0.9935957430880099,0.8875629343752992,0.9873224669187309,0.9701176063517934,0.9628456737573672,0.8673752844958548,0.012426707725167364,346.9478914529854,6.456762295400342,0.9748326083420011,0.058639433671038375,8.334163164205581,8.159202562728742,5.460530212082416,0.7245108764411987,1.1263127552696754,0.16626893420192923,0.19321181548943428,0.9235458694547684,1,12.0,0.028697099952960346,0.21667356639708163,0.7673706440831848,0.9188185859786127,0.9324622386097333,0.9608339414690344,0.9892178247766481,0.7612132306336796,0.41902305692279684,0.9892178247766481,2.0,0.010717994447252613,378.4953997696594,6.720260013991826,-0.4018018788284768,5.926348750448698,A,away_HQ,0.8605526208671311,12.0,1
3.0,1.0,6.0,4,1,blend,obs,0.5936666666666667,0.8440395084716793,0.9744954087338669,0.9233888078068944,0.7380527681961363,0.9360742157690665,0.8687595196669248,0.901311320130929,0.9896209385327742,0.9785098633185537,0.8765249747911769,0.9853176857687581,0.9613736527311305,0.8824482782312468,0.9866139087539885,0.9653056660296813,0.8596715815311187,0.979105232382707,0.9365681389532176,0.9422021777370417,0.996319487643361,0.9934765436185002,0.888860845749351,0.9875989399365358,0.9748047835189702,0.9577872225679872,0.8550807380898376,0.029528818986131175,187.91969342337555,7.7230491995268675,0.9731340616175019,0.061740846351647886,7.775950670058996,7.6064091770465945,5.449983008354409,0.7170443285018625,1.1240799909244654,0.1653088686992228,0.19574660142755423,0.9237864615080974,1,12.0,0.027131390693979296,0.2159155702406735,0.7656181002368602,0.9116770667852719,0.9275346642871432,0.9613730744468659,0.9674956331598692,0.7214248526859568,0.4113201373952966,0.9674956331598692,2.0,0.027404574558495126,203.34999097039838,8.267715251390735,-0.40703566242260303,5.916232509590742,A,away_HQ,0.8445044128155837,12.0,1
3.0,1.0,6.0,5,1,blend,obs,0.6016666666666667,0.8339308562849808,0.9711915040937154,0.9117178036007866,0.7455467558336333,0.9396464971143258,0.8689783870295196,0.8886794534725371,0.9867587714280831,0.9680614485076889,0.8598050115919109,0.9808861781563651,0.9482399644352759,0.862640170203385,0.9815578961562125,0.9510904142718265,0.8497722589798306,0.9761559418460453,0.9266974120523604,0.9515770860832912,0.9974196147309579,0.9943206684795981,0.8807900112484137,0.9856282658496488,0.9674818851856909,0.9533893074676028,0.8761694064320826,0.014323556355741219,292.20723826413575,5.716752970748787,0.9740245019066053,0.060913189864300325,7.678919318446218,7.5567659565883964,5.6242324748774735,0.7309525824269445,1.1390675753083053,0.16409333885007304,0.19701275098745005,0.9230701147388064,1,12.0,0.02866142417484828,0.21426931616135514,0.7658275192632007,0.907972603287226,0.9218147343288933,0.9482396802748999,0.9838608835350775,0.662552791591248,0.411395703807628,0.9838608835350775,2.0,0.013442587207358385,292.5529252542592,5.713044514950118,-0.40811499288136077,5.910608359092734,A,away_HQ,0.8329072003087048,12.0,1
3.0,0.0,10.0,0,1,blend,obs,0.603,0.8922188269282564,0.9888265488460659,0.9979837959816686,0.7414519719977307,0.9367325700208131,0.8647008216080868,0.8868053627847106,0.9861937790887924,0.9679589706480353,0.8254512290922759,0.9693886754859143,0.91416212149373,0.8386720311912916,0.9734633857401566,0.9317787515707933,0.9373126783302229,0.9962241590871235,0.9994112965214806,0.8156850332313432,0.9665543866476726,0.9539867926899233,0.8750448043572522,0.985950365886208,0.9675221128328184,0.9139920007395009,0.8910019994394671,0.365334552768809,48.04360580788822,5.206748408857838,0.8119761301710497,0.1555789666188678,3.1181404193355813,3.3466142626336706,5.600444593701082,0.7170680376381457,0.6452115520657974,0.1597759990717959,0.2716641362526734,0.7969608706296997,1,12.0,0.0723433806375081,0.2830671668421225,0.5644455372703439,0.8745681864379016,0.8866256018281946,0.9141717480162858,0.9247456620875293,0.6506712820258846,0.41491620194961965,0.9247456620875293,2.0,0.2726667664663626,62.95098279201028,5.648965819922765,0.07185648557234829,9.739829918291601,A,iso,0.5881379900775312,12.0,1
3.0,0.0,10.0,1,1,blend,obs,0.5963333333333334,0.8769599436426996,0.9856773871338119,0.9980416536413351,0.7308199767075563,0.9329669225930087,0.8583997261535545,0.8732083280382181,0.9831335730526408,0.9607928366379914,0.8180488260977534,0.9678444774167756,0.9091620087808696,0.8258409079134169,0.9698761776485062,0.9231684737580487,0.9213696626800969,0.9942305499203038,0.9993285318595654,0.8200693553684657,0.9689071890342584,0.9549073266235368,0.8418945856525277,0.9774605298461272,0.9475776485420458,0.9251420074605674,0.8856017053188381,0.6230939203767596,14.382973283563743,5.234801874002913,0.8334721915144343,0.1472192823080599,3.2282480229362562,3.3964109121912447,5.847996569214215,0.729985653614518,0.7046164987734229,0.16101979802718194,0.27451225129657947,0.7933634057006311,1,12.0,0.07395892905460766,0.28914418898765865,0.5568840881462592,0.8688420912956214,0.8811897064954314,0.9091614044505675,0.9283498708916758,0.7021636622464293,0.43067389309842885,0.9283498708916758,2.0,0.6427223240438672,16.30358940479677,4.914942790667263,0.025369154841095004,9.816284545749628,A,iso,0.5865668918842469,12.0,1
3.0,0.0,10.0,2,1,blend,obs,0.6073333333333333,0.8803185122543016,0.9862902387499944,0.9954445680646528,0.7414656368792716,0.9367643117403853,0.860295564453576,0.8942617582240795,0.9877084632705275,0.9710600977539504,0.8254580449610407,0.9701985654935853,0.9109082954494508,0.8359124096157318,0.9732092248748115,0.9262836010301626,0.9216341159014987,0.9941951642063435,0.9970157233657599,0.8196915384852328,0.9678442613486636,0.950846068000654,0.8386797903386858,0.9757784522316313,0.9382259051810851,0.9037004599459928,0.8902426195168869,0.29982197018644074,58.20824036269942,5.262778310656296,0.8171373646750991,0.15520502762759167,2.9545019249574067,3.1528306707508853,5.4243195504617905,0.719560799939859,0.6538319348364503,0.1643026486538191,0.2767315041998236,0.7949891954634302,1,12.0,0.07473270498981315,0.28718064442704117,0.5721229889347941,0.8705705920981531,0.8831093653070688,0.9109104803289955,0.9484635413041511,0.4687450430746003,0.5372387682069613,0.9484635413041511,2.0,0.5915936980311226,20.680574603390593,4.994324167617572,0.06572886510340888,9.785541525108364,A,iso,0.5937258539785866,12.0,1
3.0,0.0,10.0,3,1,blend,obs,0.5943333333333334,0.8931169086555774,0.9889318208668073,0.9968811282439326,0.7454894206281577,0.9385925576425056,0.8762757868125832,0.8867437674870027,0.9863687892014142,0.9755539934371817,0.8357438866849914,0.9728986909808107,0.9303038119873868,0.8420041261342882,0.9745393576089266,0.9432325471910689,0.9390418551897103,0.9964242740984743,0.9995468925829173,0.8141198423381457,0.9666319296205558,0.9605172296319748,0.8701980410451936,0.9846554765796662,0.9682741243126285,0.9247688899082546,0.8898789932517552,0.07770030015983759,135.82612533580377,4.975165610000817,0.8263834323158877,0.152730339332857,3.1321321739043686,3.3048765744131448,5.460530212082416,0.7245108764411987,0.6683657021508327,0.16626893420192923,0.2664603100047743,0.7976512547839484,1,12.0,0.07595171281668972,0.2909420768824878,0.5714846610828507,0.8881241931135642,0.9009678775735364,0.9303022126533828,0.964228718228117,0.6521396057969793,0.4144282451517042,0.964228718228117,2.0,0.0644989796409918,151.865421111504,4.811534932883859,0.056145174290366036,9.798882518205605,A,iso,0.6239913711687497,12.0,1
3.0,0.0,10.0,4,1,blend,obs,0.5936666666666667,0.8964112674285317,0.9897982084584309,0.9990959747574839,0.7380527681961363,0.9360742157690665,0.8687595196669248,0.901311320130929,0.9896209385327742,0.9785098633185537,0.8258091296132386,0.9707099612292521,0.9217806659720889,0.8376359645016599,0.9738645539477688,0.9372764955407547,0.9411683543988458,0.996735896050181,0.9995465184104675,0.8022137967144835,0.9625911049107471,0.9522903298384329,0.8531127255941409,0.98041543739492,0.9535211848791922,0.9053421769946325,0.8953748354419977,0.2224479199581648,53.803610038944704,4.789800625794392,0.8101404442757593,0.1584781774525432,2.9444882515906463,3.09025805387381,5.449983008354409,0.7170443285018625,0.647838323690724,0.1653088686992228,0.28035682521549,0.7977346541514403,1,12.0,0.0720047937762812,0.29081533829769135,0.5684324274877324,0.8795351538157522,0.8919512510768146,0.9217777110045856,0.9675436716886233,0.6850520993975004,0.41017715270306454,0.9675436716886233,2.0,0.2417570221244442,57.23276444868743,5.209177424376766,0.06920600481113857,9.79324338033451,A,iso,0.5896373971711294,12.0,1
3.0,0.0,10.0,5,1,blend,obs,0.6016666666666667,0.8783386230684638,0.9857670308073401,0.9954473128077658,0.7455467558336333,0.9396464971143258,0.8689783870295196,0.8886794534725371,0.9867587714280831,0.9680614485076889,0.8313931209597734,0.971741384916117,0.9192351911080134,0.840929490241111,0.9744473018187512,0.9325720151678232,0.922484465324707,0.9942641678277669,0.997974669741878,0.8175314930943842,0.9675645771728969,0.9531605395119733,0.8451053387793795,0.9781455487936139,0.9501805684454812,0.9259374735970405,0.8859772288857723,0.1115403972288989,109.49305192459305,5.030030773354213,0.8278612408581463,0.15266298054046792,3.117565422948196,3.299129323337462,5.6242324748774735,0.7309525824269445,0.6695608968697161,0.16409333885007304,0.26969301063228457,0.7956799521284629,1,12.0,0.07612260878316267,0.28852919850887304,0.5687235111666757,0.8805438514219476,0.8928448369179266,0.9192348090641743,0.9262659515333419,0.6230178496084963,0.40515547543167574,0.9262659515333419,2.0,0.12030576574284053,100.0747015565576,4.930915928959745,0.06139168555722829,9.775662075282284,A,iso,0.6084449072868545,12.0,1
3.0,1.0,10.0,0,1,blend,obs,0.603,0.7548933365775697,0.9448307128623387,0.8330889555589601,0.7414519719977307,0.9367325700208131,0.8647008216080868,0.8868053627847106,0.9861937790887924,0.9679589706480353,0.7408954326947993,0.938734027745307,0.8365448598057955,0.7591117588555827,0.9445317789828536,0.8684693354843149,0.7783337836792381,0.9528563244351757,0.8740952577987218,0.7319451745177403,0.9303067801787767,0.9082253657652479,0.7473531940968277,0.9430632001336523,0.8004135802313439,0.818157101906201,0.943777269931135,0.9572624157141824,3.307026163818709,3.1396562575857843,0.5933899863496215,0.22835157945541923,0.5034245632731342,0.7628351799138415,5.600444593701082,0.7170680376381457,0.004542144996627695,0.1597759990717959,0.19864287062372193,0.7969608706296997,1,12.0,0.0723433806375081,0.2830671668421225,0.5644455372703439,0.8568217598568582,0.8515273299862802,0.8365449575876922,0.7761438981076052,0.3999365087522492,0.6304934655435146,0.8568217598568582,0.25,0.9844072431284909,2.2811098153100677,2.5150974464999636,0.712525892641518,9.985355633014073,A,toward_HQ,0.8043379486518327,12.0,1
3.0,1.0,10.0,1,1,blend,obs,0.5963333333333334,0.7466320959866617,0.9414555462821689,0.8167308952148147,0.7308199767075563,0.9329669225930087,0.8583997261535545,0.8732083280382181,0.9831335730526408,0.9607928366379914,0.7359466829801011,0.9377491092103875,0.8311578199189688,0.7545897888516023,0.9435835201521805,0.8648378493497282,0.7755112934876286,0.9526034174268201,0.8645167926323194,0.7364651030705942,0.9336291017521637,0.9113524127055778,0.7226775480302521,0.9321062066654044,0.7548251543178274,0.8322608699640489,0.9381942223413583,0.9482114837037932,3.8740508644937246,3.549855606827695,0.6009859777085307,0.2255624970438554,0.5506446526371778,0.797792028328459,5.847996569214215,0.729985653614518,0.032371783616905514,0.16101979802718194,0.204234957826052,0.7933634057006311,1,12.0,0.07395892905460766,0.28914418898765865,0.5568840881462592,0.8507257286981689,0.8456022743045937,0.8311582129848988,0.767646618736014,0.33566327477651714,0.5916686503922791,0.8507257286981689,0.25,0.9767007637720629,2.7518518850480995,2.7414736177626247,0.6976138699976124,9.967522794865953,A,toward_HQ,0.788404687136486,12.0,1
3.0,1.0,10.0,2,1,blend,obs,0.6073333333333333,0.7510630498664965,0.9423075215342365,0.8197993801137724,0.7414656368792716,0.9367643117403853,0.860295564453576,0.8942617582240795,0.9877084632705275,0.9710600977539504,0.7431691924191011,0.9399217273628205,0.83456127958803,0.7618147782425818,0.945944345157982,0.8645444387207232,0.7758682411092386,0.9516020699050622,0.8626192732309731,0.7421375340958526,0.9350638660579145,0.9075091032035489,0.7403824340811689,0.938469956713433,0.7800468005047558,0.8089300149886991,0.9413632661980986,0.8111891825463434,19.479816445137658,3.3733862206742375,0.6107199499048602,0.22483963369071053,0.49115910016745024,0.7288023129100184,5.4243195504617905,0.719560799939859,0.01668830219586931,0.1643026486538191,0.20511828484774336,0.7949891954634302,1,12.0,0.07473270498981315,0.28718064442704117,0.5721229889347941,0.8539713722253838,0.8490526645784229,0.8345612549725037,0.7720289850890603,0.24105143532102805,0.5491714078758655,0.8539713722253838,0.25,0.9798833446096351,2.2845017009865938,2.6407374631999962,0.7028724977439897,9.970419640756667,A,toward_HQ,0.8010141503268654,12.0,1
3.0,1.0,10.0,3,1,blend,obs,0.5943333333333334,0.7624046069647072,0.9477447688916801,0.8416773997611368,0.7454894206281577,0.9385925576425056,0.8762757868125832,0.8867437674870027,0.9863687892014142,0.9755539934371817,0.7455648181061578,0.9413573450541292,0.8510582475683148,0.7638002965924587,0.9469602548717695,0.8802610573102644,0.7865648785648287,0.9561571607359886,0.8838373353198907,0.7310241792334972,0.9303509346708847,0.9187254356510265,0.7436314136316337,0.9422188646281614,0.7910532913324215,0.8236325856287934,0.943221712879807,0.923835203337564,8.250626490888001,3.1734476109161993,0.6044847000637353,0.2274344682770729,0.4402053458770558,0.6535571965239981,5.460530212082416,0.7245108764411987,0.012216433257122183,0.16626893420192923,0.20525640769653425,0.7976512547839484,1,12.0,0.07595171281668972,0.2909420768824878,0.5714846610828507,0.8698852744773068,0.8650287380936584,0.8510582879931385,0.7952467536138486,0.4607908058767464,0.6492377663419726,0.8698852744773068,0.25,0.9791080751669382,3.424433938746815,2.666460813698173,0.7122944431840764,9.988415244625,A,toward_HQ,0.8100547801058329,12.0,1
3.0,1.0,10.0,4,1,blend,obs,0.5936666666666667,0.7544682416333135,0.9459604946981643,0.8308605838948506,0.7380527681961363,0.9360742157690665,0.8687595196669248,0.901311320130929,0.9896209385327742,0.9785098633185537,0.7409635252891579,0.9401998092180869,0.8412703527107549,0.7576491654356663,0.9454165823203092,0.8707799589862804,0.7798442161404437,0.9549117202660373,0.874027972413964,0.7328123924828686,0.931936386461893,0.9151769717805702,0.7342064513844762,0.9374042020503842,0.7768972627239565,0.809874857101424,0.9379690972983044,0.9434460147393041,3.6396946042676834,3.5994242783380845,0.609325534916692,0.2260296303585397,0.48304266033851745,0.6977682193751069,5.449983008354409,0.7170443285018625,0.009737035250385773,0.1653088686992228,0.2127886336322268,0.7977346541514403,1,12.0,0.0720047937762812,0.29081533829769135,0.5684324274877324,0.8620956986826449,0.8567973061901338,0.8412712274191703,0.7764780282779836,0.398677560710558,0.5782559523458064,0.8620956986826449,0.25,0.9776950128930397,2.3703823001182793,2.7948315487666013,0.7073072932514767,9.981727536902874,A,toward_HQ,0.7768688856987274,12.0,1
3.0,1.0,10.0,5,1,blend,obs,0.6016666666666667,0.7550864874995882,0.9458521662739603,0.83138356265303,0.7455467558336333,0.9396464971143258,0.8689783870295196,0.8886794534725371,0.9867587714280831,0.9680614485076889,0.7478078287856358,0.9431702342250827,0.8448331555962402,0.7638410354343956,0.9477102820278803,0.8729722223019654,0.7785307095175054,0.9539082163698798,0.8724736036064221,0.7332278437039352,0.9315160353878501,0.9091940013117413,0.7353839281741006,0.9389486200740057,0.7797109120698333,0.8290378848091915,0.944305000512472,0.948114462433554,4.286050490121535,3.1218655991195186,0.5953256296433663,0.22735447173462112,0.5063840142398494,0.6978523872318378,5.6242324748774735,0.7309525824269445,0.005199068096077619,0.16409333885007304,0.20670376580666294,0.7956799521284629,1,12.0,0.07612260878316267,0.28852919850887304,0.5687235111666757,0.8622106228669043,0.857681992457429,0.8448339944839328,0.796096312121872,0.4531235830340364,0.6668612602430335,0.8622106228669043,0.25,0.9795752190117759,3.0036660875059904,2.5247857735359744,0.7257535143308668,9.987108062363742,A,toward_HQ,0.7938575197684358,12.0,1
3.0,1.0,10.0,0,1,blend,obs,0.603,0.7608788083588047,0.9431730572592963,0.8053434692845818,0.7414519719977307,0.9367325700208131,0.8647008216080868,0.8868053627847106,0.9861937790887924,0.9679589706480353,0.8480585746167528,0.9771418129822009,0.9364911729060515,0.855017881488308,0.9790635102495385,0.9446662833883439,0.809475725623704,0.9628720961445391,0.8833734162265277,0.9283103137973794,0.9949464637546785,0.9958031075451708,0.871650681625424,0.9841141919108668,0.9715213103768198,0.9342568597263408,0.8808045012877628,0.02231698230209011,273.18364359471605,6.327006952032395,0.9772735817135983,0.052632861738151786,6.9933342772966895,6.8201806016170705,5.600444593701082,0.7170680376381457,1.2953427372130224,0.1597759990717959,0.2274274011982121,0.7969608706296997,1,12.0,0.0723433806375081,0.2830671668421225,0.5644455372703439,0.894403589653774,0.9067753515697389,0.9364460048194538,0.9625353759308402,0.6583221835816531,0.41808640929137175,0.9625353759308402,2.0,0.014729384063932155,339.3949052469329,6.382004228342772,-0.5782746995748766,9.723048361676913,A,away_HQ,0.7025362741253185,12.0,1
3.0,1.0,10.0,1,1,blend,obs,0.5963333333333334,0.7682622706052171,0.9455872408326901,0.813083566799339,0.7308199767075563,0.9329669225930087,0.8583997261535545,0.8732083280382181,0.9831335730526408,0.9607928366379914,0.8286700613894087,0.9720119672982367,0.9253093118576955,0.8383450665125445,0.974937112602709,0.9359547044225001,0.8141901328517153,0.9638690138851413,0.8835225733529435,0.9119674589361276,0.9922383981794891,0.99001784110525,0.8669124451052104,0.9831499219138299,0.9701700828693124,0.9382158397055673,0.8910041058819802,0.24351737111441926,47.387151605023824,5.099872534331013,0.9789898725074188,0.05317323657200279,7.185529124112666,6.945786502108008,5.847996569214215,0.729985653614518,1.303743119025947,0.16101979802718194,0.22576230422257126,0.7933634057006311,1,12.0,0.07395892905460766,0.28914418898765865,0.5568840881462592,0.8905913427128277,0.9010726648201621,0.9252936442222307,0.9802743595728293,0.7155426303766902,0.4307152668664511,0.9802743595728293,2.0,0.18718704954074705,62.0471888979738,5.63724919995903,-0.573757465411429,9.728864494696154,A,away_HQ,0.7132271199200646,12.0,1
3.0,1.0,10.0,2,1,blend,obs,0.6073333333333333,0.7707242428835596,0.947290120886855,0.8319247374821469,0.7414656368792716,0.9367643117403853,0.860295564453576,0.8942617582240795,0.9877084632705275,0.9710600977539504,0.8447872924453135,0.9763539990131601,0.9354299622728233,0.8589587903698651,0.9802757050976632,0.9474153608366152,0.8183926915126128,0.9659818797120505,0.902023919793833,0.9277100978828275,0.9949391764631134,0.9937407423155168,0.8710110625819281,0.9840473898205094,0.9743359975802303,0.9277832521303292,0.8859977813148416,0.13570238569065904,79.73439614239707,5.853459146209432,0.9769269762700367,0.05473414441187663,6.95278925743311,6.757886139622708,5.4243195504617905,0.719560799939859,1.2957032730702518,0.1643026486538191,0.2335434218387026,0.7949891954634302,1,12.0,0.07473270498981315,0.28718064442704117,0.5721229889347941,0.8918937407532024,0.9050388492162821,0.9353940880712324,0.9812558981425852,0.7522527575446171,0.4213810524339685,0.9812558981425852,2.0,0.13071440173194346,76.46381553402946,6.810936876151552,-0.5761424731303927,9.76961533916138,A,away_HQ,0.7035207729691276,12.0,1
3.0,1.0,10.0,3,1,blend,obs,0.5943333333333334,0.764655403202657,0.9440997626193954,0.8008214272323267,0.7454894206281577,0.9385925576425056,0.8762757868125832,0.8867437674870027,0.9863687892014142,0.9755539934371817,0.8466158529862997,0.9769925095178583,0.9440528436863276,0.8577165887612493,0.9800208958518825,0.9534550249507694,0.8105199741322032,0.9626235046842787,0.8746881059267531,0.9190184638874564,0.9931976463225035,0.9935798434271601,0.8707906009176218,0.9839671026369116,0.9709875140786934,0.9380682990497994,0.8922926380674537,0.006939775946106773,480.1971219130016,5.067527254875717,0.9770753270525842,0.05350803166722432,6.9617348850143035,6.8320347888616935,5.460530212082416,0.7245108764411987,1.295998240665013,0.16626893420192923,0.2351272196853611,0.7976512547839484,1,12.0,0.07595171281668972,0.2909420768824878,0.5714846610828507,0.9070569284613526,0.918392582493952,0.944078408406282,0.9964983337410901,0.7362622728643604,0.41085555074839464,0.9964983337410901,2.0,0.007364956819873588,462.8872139915366,5.552236051895697,-0.5714873642238142,9.743167208913292,A,away_HQ,0.7071445595470589,12.0,1
3.0,1.0,10.0,4,1,blend,obs,0.5936666666666667,0.7647187463809817,0.944463689927734,0.8124972355945068,0.7380527681961363,0.9360742157690665,0.8687595196669248,0.901311320130929,0.9896209385327742,0.9785098633185537,0.8533087113127793,0.9795103953520947,0.9467902027372019,0.8644598723302339,0.9823092576043279,0.9551414399912131,0.8135526263273829,0.9638596217575051,0.886616321813427,0.9119427754322518,0.9920662649525238,0.9906649969814434,0.8669175121218475,0.9830937047831674,0.9722068599794206,0.9350528954983889,0.8784057285520082,0.04124515323358463,149.33371500340849,6.060261951192113,0.9764672583035128,0.055819161128465584,7.1895436969550675,6.766682713843293,5.449983008354409,0.7170443285018625,1.3001562987917559,0.1653088686992228,0.24039685061629482,0.7977346541514403,1,12.0,0.0720047937762812,0.29081533829769135,0.5684324274877324,0.9055651658605616,0.9178124096138477,0.9468166310619418,0.9879710830690895,0.7078575080073566,0.40513393671766884,0.9879710830690895,2.0,0.02800836478159464,204.40627690904324,6.745136562297889,-0.5831119702898935,9.73033326397407,A,away_HQ,0.687649893396805,12.0,1
3.0,1.0,10.0,5,1,blend,obs,0.6016666666666667,0.761789850624621,0.9428361691798574,0.8006376143396092,0.7455467558336333,0.9396464971143258,0.8689783870295196,0.8886794534725371,0.9867587714280831,0.9680614485076889,0.8390073052064635,0.9750733092730014,0.9326478835313192,0.8488914373627457,0.9778489539316342,0.9420123441378782,0.8095683234553902,0.9622531861837129,0.878055435274018,0.926161518857048,0.9944359385738276,0.9931737225449828,0.8651307125194534,0.9826332806535356,0.9698872624862859,0.9324552290705811,0.8962961166493587,0.009919434829551743,379.3414543840613,4.6725618168955805,0.9758353712954484,0.05573101079924076,6.672777177030087,6.563623000997874,5.6242324748774735,0.7309525824269445,1.3052844899525073,0.16409333885007304,0.24048936380836716,0.7956799521284629,1,12.0,0.07612260878316267,0.28852919850887304,0.5687235111666757,0.8984631232500467,0.9097788437997305,0.9325788772269499,0.9814270384974797,0.669333294653829,0.4332309479934898,0.9814270384974797,2.0,0.009493148429293418,363.8216725657885,4.973249643005227,-0.5743319075255631,9.70057182554567,A,away_HQ,0.6823309615506741,12.0,1
3.0,0.0,16.0,0,1,blend,obs,0.603,0.8041844108769514,0.9640193329283523,0.9928781014131116,0.7414519719977307,0.9367325700208131,0.8647008216080868,0.8868053627847106,0.9861937790887924,0.9679589706480353,0.7917365722352772,0.961017831501209,0.8778445195696842,0.8198381837772664,0.9682228818686652,0.9178786457677897,0.9120629321557974,0.9927515513935468,0.9977271161144861,0.7647409073848159,0.9461870120743969,0.9313367962652577,0.8038809141564296,0.966196944987058,0.8994827892436241,0.8639279587182954,0.902283018884782,0.5114799695557015,30.77999363629623,4.774436627903566,0.8025700864090779,0.1573954496062492,2.6040860231268574,2.858074159625677,5.600444593701082,0.7170680376381457,0.5816395749909191,0.1597759990717959,0.37909852035842917,0.5459734660285234,1,12.0,0.16177085898907317,0.39696627121734473,0.4024926313810582,0.8659370593681328,0.8696297940739705,0.8778445053396713,0.9006410094433075,0.8602174066887834,0.6364585957712089,0.9006410094433075,2.0,0.47416390797922986,39.50274771301088,4.496894640965934,0.13542846264722655,15.332233473161729,A,iso,0.42146299838029244,12.0,1
3.0,0.0,16.0,1,1,blend,obs,0.5963333333333334,0.787590857478124,0.9580788339196729,0.9957147015775618,0.7308199767075563,0.9329669225930087,0.8583997261535545,0.8732083280382181,0.9831335730526408,0.9607928366379914,0.7790229027252961,0.9579823053722435,0.8634794249790355,0.8071707966030559,0.9650893927588438,0.9082322939397542,0.895271080411009,0.9899183170476696,0.998086697107495,0.7645999640533001,0.9472482368756447,0.9301717002206086,0.7779344895146059,0.9562623746197502,0.8633489146927434,0.8644847904862805,0.888627697771424,0.6820255401989062,12.223183021793881,5.3501982245792,0.8230954465748342,0.14995711084701188,2.6471235241197126,2.9117467319674817,5.847996569214215,0.729985653614518,0.6553387855617681,0.16101979802718194,0.3964625455497492,0.5358137562938726,1,12.0,0.1661405501904904,0.4075028678050261,0.3951378278501429,0.8584314605243115,0.8610478715049521,0.8634790190821328,0.8339303635712038,0.660489072275908,0.6632460143684102,0.8634790190821328,1.0,0.762728942631772,12.221917631437893,4.170661758455635,0.07464686805274993,15.467297588259882,A,iso,0.40614126059223604,12.0,1
3.0,0.0,16.0,2,1,blend,obs,0.6073333333333333,0.7991816137380254,0.9623394679264187,0.9860644204806834,0.7414656368792716,0.9367643117403853,0.860295564453576,0.8942617582240795,0.9877084632705275,0.9710600977539504,0.7939672422953846,0.9622924492554644,0.8786896420401606,0.8203772075056932,0.9690621781166618,0.9162097819773538,0.8995621371108686,0.9907669476248638,0.9926883702812684,0.7618793913107895,0.9443904050438507,0.9224735885645939,0.7794007910567887,0.9564322812351433,0.8655651153413336,0.859041521564671,0.8997698216034079,0.007395105434273032,495.0392319912129,4.812880760282215,0.804546953943408,0.15809979865934523,2.497865425513959,2.7362193612301704,5.4243195504617905,0.719560799939859,0.586335091731436,0.1643026486538191,0.3823604513706638,0.5408263450052992,1,12.0,0.16738283318961392,0.400549586632097,0.41019303011971486,0.8627912152316246,0.8676126062485506,0.8786908042356064,0.9027993783509531,0.707473277540643,0.6135400656994409,0.9027993783509531,2.0,0.3616332821412129,51.698307517523176,4.299665562798613,0.13322570820842303,15.43979545786668,A,iso,0.42970617924745197,12.0,1
3.0,0.0,16.0,3,1,blend,obs,0.5943333333333334,0.8056568882974927,0.964352879742095,0.9936170383370279,0.7454894206281577,0.9385925576425056,0.8762757868125832,0.8867437674870027,0.9863687892014142,0.9755539934371817,0.8000152149018185,0.9635822104826208,0.8938157042518664,0.8217724979218427,0.9689849897001748,0.9289472077673107,0.9164520872791382,0.9934812953511054,0.9994029716556498,0.7577673214111433,0.9437273652716247,0.9376107384840747,0.800676971209302,0.9645237795855777,0.9015214196285575,0.8730967490894557,0.9106453976428185,0.22240429443961754,72.53538183096983,4.383322459398828,0.799165495727705,0.15948998870023506,2.432263989796195,2.7584375535665218,5.460530212082416,0.7245108764411987,0.596365579161823,0.16626893420192923,0.38014164723680405,0.5452726033850309,1,12.0,0.17068217843755312,0.4071059152915973,0.4084168958410638,0.8785883993213095,0.883114277727826,0.8938158613606504,0.9182233041607449,0.7318867412183464,0.6084785095161878,0.9182233041607449,2.0,0.13033506017169944,103.25836325251383,4.038504339159662,0.12814529727937574,15.452758088874951,A,iso,0.43738678834722433,12.0,1
3.0,0.0,16.0,4,1,blend,obs,0.5936666666666667,0.8022923955544683,0.963744782518132,0.9939606990819809,0.7380527681961363,0.9360742157690665,0.8687595196669248,0.901311320130929,0.9896209385327742,0.9785098633185537,0.7918666420393405,0.9623410700537589,0.8831438328330804,0.8166065565679557,0.9682283464620863,0.9212460012991368,0.9131744875161105,0.9930683640508514,0.9971981466860934,0.7477093988096117,0.9392136768414501,0.927640048464035,0.7844709294630481,0.9587234879660773,0.8712596907947211,0.855163926504075,0.8999014858828908,0.2925674713497514,47.744000843871355,4.841594931941861,0.8054286449944013,0.15985361167192813,2.494789997810677,2.6550724105957397,5.449983008354409,0.7170443285018625,0.5715522184258801,0.1653088686992228,0.4013447640587814,0.544304778578043,1,12.0,0.16222373786111646,0.40820831873755514,0.40496202823711436,0.8706350676014578,0.8745196900152984,0.8831437924247075,0.9038497163745494,0.854659578250604,0.651552699153003,0.9038497163745494,2.0,0.3736740335162096,42.59111296255805,4.295235895091877,0.14549211007598248,15.486019360753216,A,iso,0.41188744317344944,12.0,1
3.0,0.0,16.0,5,1,blend,obs,0.6016666666666667,0.7951443529001336,0.9606903128675375,0.9858919413151046,0.7455467558336333,0.9396464971143258,0.8689783870295196,0.8886794534725371,0.9867587714280831,0.9680614485076889,0.7986209198237612,0.9637671241087606,0.8879038916911088,0.8216747571188225,0.9695712503337806,0.9195986816459731,0.8997229261025723,0.9907294566389955,0.9941771219815572,0.7596291276841419,0.9443721546992159,0.9263393237401418,0.7856061531331516,0.9590514258321374,0.8751248581473348,0.8798735999060854,0.9088400453115719,0.214935245534277,73.12543562959647,4.3783223251084875,0.8029056896811506,0.15739314479438554,2.5276434575504654,2.824088574332961,5.6242324748774735,0.7309525824269445,0.5934383961606418,0.16409333885007304,0.37851171928500194,0.5403426924151133,1,12.0,0.1712524725992908,0.40422927581762924,0.40594125331017555,0.8716116504774845,0.8764775524541035,0.8879033250118689,0.9179875937199881,0.7233812046827413,0.6062379962813481,0.9179875937199881,2.0,0.23364193378842765,64.28501824463373,3.971590398320187,0.1375141862663027,15.456170986102272,A,iso,0.43352247893418144,12.0,1
3.0,1.0,16.0,0,1,blend,obs,0.603,0.6890800969556654,0.91786112573071,0.6990103654534021,0.7414519719977307,0.9367325700208131,0.8647008216080868,0.8868053627847106,0.9861937790887924,0.9679589706480353,0.6913631663318613,0.9201204631667692,0.7450950950836203,0.7373776297850708,0.9374465181421712,0.8384269306516486,0.7601853246064951,0.9481884040844255,0.8452114737790473,0.705402032518563,0.9159196950453812,0.8946062541850758,0.7096113037045222,0.9277256030282618,0.7251481433822985,0.7503859247512571,0.8500810902034623,0.6910226777295763,9.07360536887011,7.286268448351885,0.7426539287887458,0.19234650103125864,0.36005995850415334,0.4595160740622003,5.600444593701082,0.7170680376381457,-0.20423586991675002,0.1597759990717959,0.25927248530320834,0.5459734660285234,1,12.0,0.16177085898907317,0.39696627121734473,0.4024926313810582,0.8461860268029191,0.8252063189509679,0.7451014152421115,0.2518846690094618,-0.1646578788344408,0.0026254112348574887,0.8461860268029191,0.25,0.963230354785486,2.925224439631358,3.1008815965254715,0.9213039075548956,15.864647949338876,A,toward_HQ,0.6162474158603622,12.0,1
3.0,1.0,16.0,1,1,blend,obs,0.5963333333333334,0.6805067062479726,0.9124336810020619,0.6768655026876782,0.7308199767075563,0.9329669225930087,0.8583997261535545,0.8732083280382181,0.9831335730526408,0.9607928366379914,0.6823326347301293,0.9168209107967871,0.7433802388300023,0.7304591307482643,0.9354931998968278,0.8345577995255398,0.7578903546189472,0.9479114323373855,0.8353070555369771,0.70273871165761,0.9158953091578579,0.895991208225809,0.6826652919277241,0.9126669823594264,0.6571044173804447,0.7565635534637403,0.8570657813162832,0.5729274475209184,19.337855534386026,6.976049346183382,0.7463912643510507,0.19178234315077017,0.24948121459504455,0.4375734941195997,5.847996569214215,0.729985653614518,-0.1692806533662054,0.16101979802718194,0.2658795184296172,0.5358137562938726,1,12.0,0.1661405501904904,0.4075028678050261,0.3951378278501429,0.8394398382545507,0.8192753076201348,0.7433919846181175,0.31808812234181494,-0.016666595997015525,0.09336282733222612,0.8394398382545507,0.25,0.955382301541183,3.54033617552937,3.3741493446826767,0.8992663069807233,15.801673411715013,A,toward_HQ,0.6056118913492262,12.0,1
3.0,1.0,16.0,2,1,blend,obs,0.6073333333333333,0.6888253956752315,0.917150437841244,0.694983875032162,0.7414656368792716,0.9367643117403853,0.860295564453576,0.8942617582240795,0.9877084632705275,0.9710600977539504,0.6976550900827914,0.9236163378627624,0.760661843313035,0.7406833501837529,0.9390888788218178,0.8376437697651196,0.7604751683875741,0.948415155507086,0.8391767553006961,0.7116003406759666,0.9189908448761313,0.8935729611749332,0.7058182632783757,0.9247255855673148,0.710260118359009,0.7452057607894136,0.8643908763653323,0.008661205628481114,456.9076858661274,6.15866299773037,0.74309025325255,0.19106487270237044,0.2747336625463098,0.4572226637728812,5.4243195504617905,0.719560799939859,-0.19275822007683402,0.1643026486538191,0.2673220738603926,0.5408263450052992,1,12.0,0.16738283318961392,0.400549586632097,0.41019303011971486,0.8436654553161762,0.8262149101371229,0.7606676113198454,0.3453788613015234,0.05629394427473098,0.11054749302257505,0.8436654553161762,0.25,0.8900939212611088,13.530977138292956,3.1924353172102533,0.9123190200166932,15.794921950049202,A,toward_HQ,0.6146243229417157,12.0,1
3.0,1.0,16.0,3,1,blend,obs,0.5943333333333334,0.6940394431932344,0.9203398077449532,0.7083508333405126,0.7454894206281577,0.9385925576425056,0.8762757868125832,0.8867437674870027,0.9863687892014142,0.9755539934371817,0.6930206830034074,0.9212154294125249,0.765956175804405,0.7378350911057291,0.9385735831064318,0.8469939764971165,0.7657231600177183,0.9507214234126513,0.8537654480855702,0.702861911675192,0.9153926851690155,0.9055155845266103,0.694985963731281,0.9189780660062019,0.679889829402517,0.750547187328763,0.8572928655417846,0.3353616327516703,32.76242034390282,6.99422393211221,0.7545648185570745,0.18903968314730651,0.22300541385607106,0.3803554589967425,5.460530212082416,0.7245108764411987,-0.20721250166134808,0.16626893420192923,0.266654084711355,0.5452726033850309,1,12.0,0.17068217843755312,0.4071059152915973,0.4084168958410638,0.8588882009949409,0.8393978107021204,0.7659645655546602,0.37361390921262,0.07843164095114769,0.19334102659228258,0.8588882009949409,0.25,0.9255804511224366,6.728610887457771,3.3396150577742896,0.9317233781025468,15.875535389974436,A,toward_HQ,0.6235379232308043,12.0,1
3.0,1.0,16.0,4,1,blend,obs,0.5936666666666667,0.6842517328011712,0.9157497327473999,0.6840495168266099,0.7380527681961363,0.9360742157690665,0.8687595196669248,0.901311320130929,0.9896209385327742,0.9785098633185537,0.6946842135699656,0.9225757241039196,0.7646837117452564,0.7329411512620503,0.9369044006606536,0.8390606825344535,0.7609195098921833,0.9500141420314854,0.8421679426514803,0.7037032192366692,0.9164724380049387,0.9014088990061323,0.6928581625787398,0.9186734979607174,0.6821639886662602,0.7480110790127421,0.8649568647580448,0.5887361511376231,17.912363933579734,6.349822451371693,0.754010637303153,0.18849238181269473,0.2442438074061651,0.3751917834783896,5.449983008354409,0.7170443285018625,-0.19894974122048625,0.1653088686992228,0.2787895755544092,0.544304778578043,1,12.0,0.16222373786111646,0.40820831873755514,0.40496202823711436,0.851420943387054,0.8325027567729992,0.7646954070019844,0.3802305440384091,-0.03718812025117969,0.11326543284663726,0.851420943387054,0.25,0.9484331549514329,3.593846738415497,3.389097742660778,0.9159940697223489,15.841188178016811,A,toward_HQ,0.5929521158403598,12.0,1
3.0,1.0,16.0,5,1,blend,obs,0.6016666666666667,0.6836889194872013,0.9155549061682763,0.684389152380488,0.7455467558336333,0.9396464971143258,0.8689783870295196,0.8886794534725371,0.9867587714280831,0.9680614485076889,0.698540437347609,0.9249943345908236,0.7574423718680456,0.7388882323532584,0.9395503808243438,0.8413195997742283,0.7553591613745211,0.9472057847437424,0.8371997892637439,0.7052455481445769,0.9167051512737311,0.8963192503560646,0.6929775126465757,0.9187751811712701,0.683971759775977,0.7600230477619228,0.855103245805379,0.7028556521522717,9.915607593431128,6.991875964605065,0.7434856685867941,0.19193344895589734,0.23110088484111066,0.3133583505328096,5.6242324748774735,0.7309525824269445,-0.22036761977807134,0.16409333885007304,0.27048521648279084,0.5403426924151133,1,12.0,0.1712524725992908,0.40422927581762924,0.40594125331017555,0.8507682298793594,0.8312661383717307,0.7574440002764801,0.2863595833067182,-0.11941073048740117,0.037552311095804036,0.8507682298793594,0.25,0.9560080515207743,3.5494023323580106,3.0950520953858334,0.9513202022050158,15.861928035365734,A,toward_HQ,0.606662874163081,12.0,1
3.0,1.0,16.0,0,1,blend,obs,0.603,0.7011037879202917,0.9138512635457636,0.6600198359585111,0.7414519719977307,0.9367325700208131,0.8647008216080868,0.8868053627847106,0.9861937790887924,0.9679589706480353,0.8303692751967531,0.9713028678909412,0.9234120098998158,0.8514803973146027,0.9779128221359317,0.9483178010845742,0.8076487118367893,0.9624590329613937,0.888802680574259,0.8461436208416782,0.9769361883197144,0.9716301536077101,0.8701868504336059,0.9823699174443007,0.9487984987314487,0.9206048284383395,0.8954002894789138,0.07258418930650384,145.26455654533578,4.933209424811274,0.9545197791247142,0.07124144243347508,4.921975064204015,5.496243443473416,5.600444593701082,0.7170680376381457,1.3622630456077647,0.1597759990717959,0.31474730032697495,0.5459734660285234,1,12.0,0.16177085898907317,0.39696627121734473,0.4024926313810582,0.8826119253100674,0.8948323536901299,0.9234164434539951,0.9538852074114954,0.6401629561455353,0.40579246081250164,0.9538852074114954,2.0,0.014837890958611351,340.26573647189025,5.996267521700063,-0.645195007969619,15.187468806455355,A,away_HQ,0.5076326275263132,12.0,1
3.0,1.0,16.0,1,1,blend,obs,0.5963333333333334,0.7017242614310255,0.9135971742947548,0.6586200621393128,0.7308199767075563,0.9329669225930087,0.8583997261535545,0.8732083280382181,0.9831335730526408,0.9607928366379914,0.8149675048743363,0.9671176527521984,0.9149286522995337,0.8404552345818934,0.9752573997151487,0.940559954200407,0.8047930401596484,0.9607709513874316,0.8786462635956613,0.8328275356659676,0.9736532566620792,0.9645822381690327,0.8588722739045193,0.979867159177864,0.9405056063514318,0.925375043671806,0.9021683240644884,0.44252828498052005,30.00801791342906,4.285844511962521,0.9571858300957452,0.06996782837397104,4.988315284235737,5.599809466163945,5.847996569214215,0.729985653614518,1.3801277739905156,0.16101979802718194,0.3224090886363674,0.5358137562938726,1,12.0,0.1661405501904904,0.4075028678050261,0.3951378278501429,0.8769961959077778,0.8886692670799454,0.9148848670919569,0.9695316399481303,0.700395493911393,0.41638431597053205,0.9695316399481303,2.0,0.2359447573868539,54.26969316957005,5.894141907488695,-0.6501421203759976,15.151024334793854,A,away_HQ,0.49942698175233474,12.0,1
3.0,1.0,16.0,2,1,blend,obs,0.6073333333333333,0.7083024401402747,0.9176494869198517,0.6933031500828601,0.7414656368792716,0.9367643117403853,0.860295564453576,0.8942617582240795,0.9877084632705275,0.9710600977539504,0.8276228900540205,0.9705696600606958,0.9216686422049234,0.8538703689253955,0.9785191178112963,0.9471593540236519,0.8141928344626431,0.9649313435430887,0.9060691137585264,0.842590518693181,0.9758570281726713,0.9656487434771424,0.8638381229243063,0.9809170023179877,0.9426639249036429,0.9112781138302029,0.9007488550075082,0.3180871566023537,44.77925235373968,4.433833019922997,0.9553996242864518,0.07265309980247493,4.892140772868689,5.328586856914987,5.4243195504617905,0.719560799939859,1.3657329194490864,0.1643026486538191,0.3223665926322693,0.5408263450052992,1,12.0,0.16738283318961392,0.400549586632097,0.41019303011971486,0.8801997946527669,0.8928588616674654,0.9216715017766232,0.978042348601692,0.7167994776285925,0.4191905798203156,0.978042348601692,2.0,0.21885813379291588,51.8577985042269,6.115253906969133,-0.6461721195092274,15.258217576913301,A,away_HQ,0.5096764131550157,12.0,1
3.0,1.0,16.0,3,1,blend,obs,0.5943333333333334,0.7025866122410813,0.9141124018132061,0.6526162773193702,0.7454894206281577,0.9385925576425056,0.8762757868125832,0.8867437674870027,0.9863687892014142,0.9755539934371817,0.8294384073701745,0.9713575073100991,0.9320954699810531,0.8501544788651383,0.9776411161907982,0.9525955208767918,0.8052207006040374,0.9611265946691689,0.8744955480970792,0.8358997577935274,0.974069817141,0.9728230725677175,0.8669183526693599,0.9816542779956757,0.9487509260838045,0.9229796764628341,0.9067021443889138,0.00857417573460618,443.60634640020004,4.052717179100909,0.955669610412593,0.0708594834044156,4.7831563973356355,5.2227649405624295,5.460530212082416,0.7245108764411987,1.367612989160839,0.16626893420192923,0.32540928362148036,0.5452726033850309,1,12.0,0.17068217843755312,0.4071059152915973,0.4084168958410638,0.8941327305453896,0.9055622360249992,0.9320840402558656,0.9923525554947987,0.7173826948238013,0.4062141078207667,0.9923525554947987,2.0,0.007215252786152202,485.15749068821003,5.124981305041797,-0.6431021127196405,15.181943359279156,A,away_HQ,0.5109532596965951,12.0,1
3.0,1.0,16.0,4,1,blend,obs,0.5936666666666667,0.6967148798492866,0.9113047194965102,0.6481515682144571,0.7380527681961363,0.9360742157690665,0.8687595196669248,0.901311320130929,0.9896209385327742,0.9785098633185537,0.834457211847307,0.9735307203595662,0.933537298795614,0.8584191421584553,0.9803780643521317,0.9543433520915026,0.8063463091914645,0.9615943932057951,0.8851865593388544,0.8351872132316518,0.9741779983733239,0.9683923805386331,0.8678493280268355,0.982353137152571,0.9514940071877388,0.9175839319090253,0.8942559019878653,0.047130082006414886,144.63328001991644,4.704425149471032,0.9569943239158764,0.07279986542155653,4.893272284247136,5.208172656102889,5.449983008354409,0.7170443285018625,1.3813161768524718,0.1653088686992228,0.3349253021646964,0.544304778578043,1,12.0,0.16222373786111646,0.40820831873755514,0.40496202823711436,0.8900445625360691,0.9030181924684804,0.9335246094342607,0.9898921203180098,0.6995884819332043,0.39430965895091163,0.9898921203180098,2.0,0.029686908914977852,214.51803453026932,6.278057043958698,-0.664271848350609,15.244294030604506,A,away_HQ,0.4935693649622616,12.0,1
3.0,1.0,16.0,5,1,blend,obs,0.6016666666666667,0.7032775025252254,0.9146172934669125,0.6654671109793162,0.7455467558336333,0.9396464971143258,0.8689783870295196,0.8886794534725371,0.9867587714280831,0.9680614485076889,0.8277083378051628,0.9711823478746874,0.924182418011133,0.8511026537623371,0.9781857544074247,0.947825910670301,0.8096843696474266,0.9627026116434954,0.8863765186492942,0.8457955357910362,0.9773566171487114,0.9694281284652567,0.8690440413727982,0.9826865737576458,0.9541872655345913,0.9227315651004209,0.9047535154035153,0.022357604272578508,249.84376281477927,4.042191558353845,0.9544684106213562,0.07304949945806415,4.813529989583749,5.391969863092337,5.6242324748774735,0.7309525824269445,1.3697681836704096,0.16409333885007304,0.3278225826958827,0.5403426924151133,1,12.0,0.1712524725992908,0.40422927581762924,0.40594125331017555,0.8873865511537251,0.8989629554434688,0.9241366401768861,0.9721109360066676,0.6391248938258647,0.4069615468429524,0.9721109360066676,2.0,0.013658769081386234,272.5605564171856,5.089490896892137,-0.6388156012434654,15.143855871651866,A,away_HQ,0.5005553232502612,12.0,1
3.0,0.0,25.0,0,1,blend,obs,0.603,0.7261590543961015,0.930679527275807,0.9605095946961073,0.7414519719977307,0.9367325700208131,0.8647008216080868,0.8868053627847106,0.9861937790887924,0.9679589706480353,0.7710261233907538,0.9547140214414452,0.8495586909544887,0.8150060451027958,0.9673317974755563,0.920945589771283,0.9323263756873925,0.99591169344145,0.9955388801163313,0.7085536813946853,0.9178965188978978,0.8984358679158663,0.7677570296522975,0.9534465328361924,0.8401593663113166,0.8341274299434471,0.8828099986781601,0.4735811718814079,24.257000084166176,5.5993029474111635,0.8297979734687881,0.14708352806871422,2.4281435338170727,2.7879376001317575,5.600444593701082,0.7170680376381457,0.507936823789868,0.1597759990717959,0.49522304698395614,0.2034972976424354,1,12.0,0.28379602667802695,0.48370212448474437,0.33031899382702656,0.861603119623723,0.8599014351070808,0.8495592925131749,0.7210642309872654,0.16592431728670967,0.595268351259501,0.861603119623723,0.25,0.44450126713974986,43.40634594412039,4.118794918641548,0.20913121384827763,23.335324553024833,A,iso,0.3226344170467741,12.0,1
3.0,0.0,25.0,1,1,blend,obs,0.5963333333333334,0.7122697457790408,0.924429100429107,0.9623300541758328,0.7308199767075563,0.9329669225930087,0.8583997261535545,0.8732083280382181,0.9831335730526408,0.9607928366379914,0.7497998530166496,0.9478003951452958,0.8256904146934554,0.8032920310398346,0.9647181051856976,0.9114156025889062,0.9238074837640021,0.9945532004446695,0.994261756054467,0.7090058708537703,0.919732903394417,0.9007036415151366,0.7541912419039737,0.947971075853703,0.8135640410196329,0.8270500911045517,0.8744267664088248,0.6425719548537702,10.867794587511904,5.922634821509158,0.8372116692568911,0.14375938145244607,2.2477076644858465,2.904577982956366,5.847996569214215,0.729985653614518,0.5777162766828048,0.16101979802718194,0.5414459853724286,0.19240435873138964,1,12.0,0.2890529092386322,0.4939657938943354,0.3259735795827713,0.8531384624133316,0.8487313995127395,0.8256965247477192,0.5054310752450846,0.1513241466942965,0.6122167295447436,0.8531384624133316,0.25,0.7677838251081743,13.525704903213652,4.14191439010149,0.15226937693171322,23.44687695346467,A,iso,0.29738847895681775,12.0,1
3.0,0.0,25.0,2,1,blend,obs,0.6073333333333333,0.7299112229677458,0.933074307231315,0.9425099182696494,0.7414656368792716,0.9367643117403853,0.860295564453576,0.8942617582240795,0.9877084632705275,0.9710600977539504,0.7690989108610788,0.9544537243242813,0.849673734801033,0.8195641798664177,0.9693915623238641,0.9216821398825087,0.9202411765408155,0.9946328214554504,0.9884107747640202,0.7128163628529381,0.9198504541352104,0.8958480720699854,0.7506675480102695,0.9461457076951674,0.8088850498971616,0.8253901316695921,0.8922125482098613,0.007233947600513755,500.6247440118624,4.824430650217897,0.8136765508899901,0.15216785723521425,2.134804712121755,2.6610826114870005,5.4243195504617905,0.719560799939859,0.4882038665098536,0.1643026486538191,0.499301572627543,0.20242626798153682,1,12.0,0.2907400054221424,0.48453472232903905,0.3390936522857573,0.85770078542287,0.8568098540481528,0.8496705927719813,0.7006064486057476,0.20424812515835478,0.6063431527991374,0.85770078542287,0.25,0.2683610626915313,66.78396004589801,4.488900756462469,0.2313569334300055,23.485867854239146,A,iso,0.32906495324896895,12.0,1
3.0,0.0,25.0,3,1,blend,obs,0.5943333333333334,0.7262235951873701,0.9309594342921722,0.975130627126893,0.7454894206281577,0.9385925576425056,0.8762757868125832,0.8867437674870027,0.9863687892014142,0.9755539934371817,0.7733162283070437,0.956204289830714,0.8620170722479603,0.8157769222168594,0.9675019840792153,0.930530290769671,0.9448498172984012,0.9971480844931283,0.9964216265099283,0.7029533258872342,0.9155567455932045,0.9076125748295119,0.7696888548535227,0.953944443921589,0.8451113282567769,0.8349495996977122,0.8932331034991763,0.27690682107413406,59.6472952069733,5.054233061328708,0.8238681217801099,0.1509781640065521,2.1560346744766057,2.6511194158591325,5.460530212082416,0.7245108764411987,0.5075861896375546,0.16626893420192923,0.5255870386046556,0.2057872448280443,1,12.0,0.29810819450234555,0.49449607699096426,0.33623913704975134,0.8734570634332002,0.8717651917238944,0.8620110557377031,0.718587590936413,0.37221296182540964,0.6112526601028152,0.8734570634332002,0.25,0.11265900402922802,113.50355877944965,3.961938407142088,0.21692468680364402,23.404505223763305,A,iso,0.31634900024046453,12.0,1
3.0,0.0,25.0,4,1,blend,obs,0.5936666666666667,0.7206930668072973,0.9287526643605485,0.940281375840378,0.7380527681961363,0.9360742157690665,0.8687595196669248,0.901311320130929,0.9896209385327742,0.9785098633185537,0.7674445587301517,0.9540138109928649,0.8527034435928589,0.8151625397680264,0.9680026956555421,0.9265266821026256,0.9329306730388855,0.9959634956048536,0.9916348801942976,0.6976945878463323,0.9133300168570049,0.9004929816685092,0.7547177799277126,0.9482104867222659,0.8169032467637493,0.8260514727682263,0.8905362947348874,0.4511911757643643,34.60666099159338,4.977983495041071,0.823384794100889,0.15111833650352538,2.088791131578442,2.5841549366403824,5.449983008354409,0.7170443285018625,0.4753731575864305,0.1653088686992228,0.5277179250898073,0.20434427895071475,1,12.0,0.2832468699505604,0.49605508571251955,0.3332469990944207,0.8655812704579162,0.8636547623244262,0.8527036230376489,0.7498835907331121,0.38026838684552133,0.6286835930063768,0.8655812704579162,0.25,0.37803441000899607,45.73469621042639,4.435741438192809,0.24167117091543205,23.621748253247308,A,iso,0.3132523282605768,12.0,1
3.0,0.0,25.0,5,1,blend,obs,0.6016666666666667,0.7258666378563614,0.9310995761625523,0.9388245137141888,0.7455467558336333,0.9396464971143258,0.8689783870295196,0.8886794534725371,0.9867587714280831,0.9680614485076889,0.7725849421823288,0.9562353012521615,0.8531035053176552,0.8154460833687696,0.9680141893741145,0.9223759502733245,0.9266570683249549,0.9953648786749072,0.9917841173971698,0.7083880706096521,0.9187974970488283,0.9014071041219247,0.7523558221505816,0.9473128592318714,0.814019405979806,0.841085319902913,0.8852061201060731,0.2755167600072933,56.862342244570144,5.665594732394839,0.8196546088851285,0.15216967358638106,2.2220020541568637,2.644138110429447,5.6242324748774735,0.7309525824269445,0.4915049267371663,0.16409333885007304,0.49677276027485906,0.20065622099213984,1,12.0,0.297807945948248,0.48959852436739837,0.33515897349179136,0.8657131722506437,0.8641753376108938,0.8531036738769683,0.7135688092805959,0.0466781723331786,0.5693389569766507,0.8657131722506437,0.25,0.34955360798338525,42.80920001157722,3.7146816109061476,0.2394476556897781,23.57338281335157,A,iso,0.3303187130455421,12.0,1
3.0,1.0,25.0,0,1,blend,obs,0.603,0.6788105203181141,0.9104349178456985,0.6134484060764479,0.7414519719977307,0.9367325700208131,0.8647008216080868,0.8868053627847106,0.9861937790887924,0.9679589706480353,0.7077951699816243,0.9272337394637602,0.7477057364123624,0.7613925652241861,0.9486596260231658,0.8706375277657701,0.8032115189294661,0.965918792714704,0.9001658481898455,0.6840331661416674,0.9037704152366902,0.8807299868487529,0.7401863700118079,0.944354235999949,0.7855495322605413,0.7623671428187646,0.8346414775164377,0.41636030327369317,29.8872278570431,8.760860460579037,0.823054008806606,0.16028858148461791,1.1511153896052408,1.222810076367587,5.600444593701082,0.7170680376381457,-0.1580293289707747,0.1597759990717959,0.36824261079840537,0.2034972976424354,1,12.0,0.28379602667802695,0.48370212448474437,0.33031899382702656,0.8481528362913556,0.8296015621417642,0.7476638605120299,0.11434013623446866,-0.16192694920309364,0.11476994926200768,0.8481528362913556,0.25,0.9657377743803258,4.594724822053108,2.80076631286368,0.8750973666089203,24.181963812843332,A,toward_HQ,0.4338878619325925,12.0,1
3.0,1.0,25.0,1,1,blend,obs,0.5963333333333334,0.6713469071452383,0.9061291156830273,0.5949737245504455,0.7308199767075563,0.9329669225930087,0.8583997261535545,0.8732083280382181,0.9831335730526408,0.9607928366379914,0.6938849162479983,0.922000032040284,0.7316574504446048,0.7530587655046982,0.9457596520128568,0.86172867090036,0.8023793231301587,0.966323165347243,0.8969661605354746,0.6714059879390666,0.8978508793025598,0.875017730110434,0.7135253945511366,0.9311334531984023,0.7273136293241518,0.762416528864281,0.8313370549838234,0.421833944836924,28.11343085510474,9.18224424844807,0.82607262752143,0.15762002975397327,0.9096315183629515,1.1381447510389135,5.847996569214215,0.729985653614518,-0.12401462287303472,0.16101979802718194,0.3719155440235975,0.19240435873138964,1,12.0,0.2890529092386322,0.4939657938943354,0.3259735795827713,0.8406832773574288,0.820757700679028,0.7316400888203375,0.10666384896222321,-0.14622922527119328,0.1070286650821991,0.8406832773574288,0.25,0.9666231100299673,2.6871157530498824,3.1002068799965965,0.8540002764875526,24.049580625238416,A,toward_HQ,0.43294721238369505,12.0,1
3.0,1.0,25.0,2,1,blend,obs,0.6073333333333333,0.6781665412687807,0.9107157955922152,0.6199047257641294,0.7414656368792716,0.9367643117403853,0.860295564453576,0.8942617582240795,0.9877084632705275,0.9710600977539504,0.7093565410003313,0.9293585547152721,0.7569867936593808,0.764810537366682,0.9501698653454809,0.8704850266800176,0.8056058851737379,0.9668759030215146,0.8986669144214315,0.6917338940907387,0.9081693677224691,0.8808969400615073,0.7475429233392477,0.9472692717995027,0.7988071031349577,0.7545846952225992,0.8448406943848719,0.008103279363812646,472.0286698669179,7.644209113797714,0.8244072634225342,0.15644582937620236,1.0238315171861618,1.2045209793662963,5.4243195504617905,0.719560799939859,-0.16060973138024098,0.1643026486538191,0.3782885137445502,0.20242626798153682,1,12.0,0.2907400054221424,0.48453472232903905,0.3390936522857573,0.8456522910969674,0.8287504930787094,0.7569578656867815,0.18018411327008682,-0.16645057113654224,0.12164641441236279,0.8456522910969674,0.25,0.4351611291055019,49.09140252048006,2.8310300175464733,0.8801705313201001,24.013294151376687,A,toward_HQ,0.4343315820706336,12.0,1
3.0,1.0,25.0,3,1,blend,obs,0.5943333333333334,0.6745302069376924,0.907941326431912,0.5973514054730056,0.7454894206281577,0.9385925576425056,0.8762757868125832,0.8867437674870027,0.9863687892014142,0.9755539934371817,0.7082319026305827,0.9291501582744676,0.76469744186236,0.7584352051343258,0.9477190892100423,0.872928199673114,0.8031305312035367,0.966093966691545,0.9038909258918528,0.6808540964605814,0.9026876602906998,0.8914823951431483,0.7250069446738936,0.9361480998001279,0.7509422010555339,0.7576850742377798,0.8381590437435351,0.09342677516481461,101.47736195366582,8.891862839861018,0.8411096123297224,0.14771953813040334,0.9477115957571949,0.9874295533720684,5.460530212082416,0.7245108764411987,-0.1907517502378877,0.16626893420192923,0.3820682893000808,0.2057872448280443,1,12.0,0.29810819450234555,0.49449607699096426,0.33623913704975134,0.8614147847132813,0.8433386115818899,0.7646929128916345,0.21624425437068065,0.08156139139151404,0.47418904439043597,0.8614147847132813,0.25,0.9536166560493854,5.9222353390971945,3.046890933104911,0.9152626266790864,24.076196637926266,A,toward_HQ,0.4351811936722645,12.0,1
3.0,1.0,25.0,4,1,blend,obs,0.5936666666666667,0.6684584031240617,0.9049100644945708,0.5785410982019097,0.7380527681961363,0.9360742157690665,0.8687595196669248,0.901311320130929,0.9896209385327742,0.9785098633185537,0.707846503164031,0.9292014513620873,0.757778017568774,0.7547224533237689,0.9465551458089541,0.8664023030707776,0.8049182795115699,0.9675510456075226,0.8988592617391823,0.6772382230352281,0.9011540855327542,0.8849670414175483,0.7370013244548428,0.9427327390430734,0.779010733171384,0.7542575394077287,0.8355004941583248,0.3906248809277342,28.40338029415533,8.89492006255085,0.8385795925361084,0.1524091539909012,0.9442787888457094,0.9808951571880192,5.449983008354409,0.7170443285018625,-0.15882343894760786,0.1653088686992228,0.3966961716445381,0.20434427895071475,1,12.0,0.2832468699505604,0.49605508571251955,0.3332469990944207,0.8536767326940372,0.83506166395316,0.7578019663972693,0.1720748758629034,-0.0361681542028132,0.4079587424822526,0.8536767326940372,0.25,0.9680508449800848,3.6927860352779276,2.813001924659844,0.8758677674494705,24.050744224122628,A,toward_HQ,0.4167140509925283,12.0,1
3.0,1.0,25.0,5,1,blend,obs,0.6016666666666667,0.6677460171910738,0.9047867151804481,0.5812948365920273,0.7455467558336333,0.9396464971143258,0.8689783870295196,0.8886794534725371,0.9867587714280831,0.9680614485076889,0.7153698338050525,0.9320802202173327,0.7638673197445275,0.7577424833969189,0.9480406170142617,0.8663295512617848,0.797651488265037,0.9645858384126924,0.8933748054870603,0.6868540906970928,0.9065034076000015,0.8859860374947335,0.7305370574904563,0.9393371998709719,0.7649945650455868,0.7747902152366474,0.842378055372029,0.37318536681384007,27.62108961052074,8.071636696454746,0.8232091238887795,0.15918024791127514,0.8952009234745935,0.954956344773246,5.6242324748774735,0.7309525824269445,-0.19251286887610314,0.16409333885007304,0.3745433147597469,0.20065622099213984,1,12.0,0.297807945948248,0.48959852436739837,0.33515897349179136,0.8529977468338454,0.835508704144062,0.7638407472020581,0.18308982317990657,-0.16930985964860512,0.1333093419727791,0.8529977468338454,0.25,0.9697022387283233,3.3832638181054597,2.762573841720834,0.9234654513030475,24.170816231546773,A,toward_HQ,0.438115786301864,12.0,1
3.0,1.0,25.0,0,1,blend,obs,0.603,0.6746513636949751,0.9007824660787572,0.6592998435620114,0.7414519719977307,0.9367325700208131,0.8647008216080868,0.8868053627847106,0.9861937790887924,0.9679589706480353,0.7895772942793791,0.9579545761890067,0.8858625844515612,0.8459384653858353,0.9761686491485194,0.9520260517837923,0.877321833597691,0.9843382612867283,0.9561037842970048,0.7315629161448415,0.9302915219428629,0.9168648008079373,0.7924539147212322,0.9596726400543352,0.8514848320802457,0.8730278018238449,0.931188340811835,0.6940001764441457,22.100788000759515,3.184182598892909,0.8710809698127517,0.11441165003439276,2.710808393389284,4.747525428478486,5.600444593701082,0.7170680376381457,1.1681831423854598,0.1597759990717959,0.46797103223956027,0.2034972976424354,1,12.0,0.28379602667802695,0.48370212448474437,0.33031899382702656,0.8683036138217791,0.8736599038687762,0.8858670145667908,0.9200690582541089,0.6354115132052025,0.5032706488333761,0.9200690582541089,2.0,0.016218255587147044,328.03406177639346,5.769561409709081,-0.45111510474731426,22.66920853704336,A,away_HQ,0.3414228404419797,12.0,1
3.0,1.0,25.0,1,1,blend,obs,0.5963333333333334,0.6684133643581756,0.8970522100650719,0.6088988280322438,0.7308199767075563,0.9329669225930087,0.8583997261535545,0.8732083280382181,0.9831335730526408,0.9607928366379914,0.7788879389051311,0.9553357432605848,0.8788575517679902,0.8396546089118342,0.9750486060706887,0.9481731720090647,0.8644978165336206,0.9808171469947952,0.9431825892685339,0.7271539426200369,0.9295104171853538,0.9174437904690838,0.7803475340036363,0.9565860599816378,0.8385514813319991,0.8792959059485078,0.9287187542567216,0.864390694698566,7.1598761086605025,3.3361678473164944,0.8760971142577426,0.11327749852120769,2.6625065886010755,4.908278339137479,5.847996569214215,0.729985653614518,1.2077253815328106,0.16101979802718194,0.489883112083376,0.19240435873138964,1,12.0,0.2890529092386322,0.4939657938943354,0.3259735795827713,0.8621128620458894,0.8675687179382897,0.878856468565388,0.9091884420022501,0.6188171891141963,0.5244743862744478,0.9091884420022501,2.0,0.2981934617413905,43.280214720181036,6.458209896216223,-0.4777397279182927,22.58132900201479,A,away_HQ,0.3286902407033314,12.0,1
3.0,1.0,25.0,2,1,blend,obs,0.6073333333333333,0.6809813261101706,0.9047331371780157,0.7123024979793396,0.7414656368792716,0.9367643117403853,0.860295564453576,0.8942617582240795,0.9877084632705275,0.9710600977539504,0.7903066333039647,0.9584854098430837,0.8840001550375464,0.8529505740643011,0.9781034021502367,0.9541583940528902,0.8815016890494904,0.9857070916709123,0.9641418416024466,0.742279179448636,0.935427945453771,0.9166830744549684,0.7724188691606414,0.9522406609794588,0.8210246220048804,0.8637212469788031,0.9298738121725826,0.11595387847609707,117.92491349222568,3.116381478344465,0.8647652535786902,0.11741061957795348,2.517186138302767,4.484169346348568,5.4243195504617905,0.719560799939859,1.1692974048032798,0.1643026486538191,0.47501306126221593,0.20242626798153682,1,12.0,0.2907400054221424,0.48453472232903905,0.3390936522857573,0.8654147528401981,0.870962972960511,0.8840051403957921,0.9262223332435663,0.8025182021563331,0.5692380067405046,0.9262223332435663,2.0,0.22685277661593697,45.98866503625234,6.228364364218973,-0.44973660486342076,22.745998636627494,A,away_HQ,0.34589080185970095,12.0,1
3.0,1.0,25.0,3,1,blend,obs,0.5943333333333334,0.6749249758354048,0.9006579686253638,0.6176921757429193,0.7454894206281577,0.9385925576425056,0.8762757868125832,0.8867437674870027,0.9863687892014142,0.9755539934371817,0.7936120467877011,0.9595987564806521,0.8990201884395431,0.8466916267903684,0.9766772202170974,0.9585546667341589,0.8656988869848977,0.9814435698243295,0.9406758330558121,0.7320024515955386,0.9312914843023681,0.9278228358280817,0.7922734786814445,0.9616979093274187,0.8640475311121714,0.8792174060015879,0.9330756640027843,0.2665591136013654,66.34049656270649,2.887113600106264,0.8748957906568519,0.11259900241062765,2.69960085012053,4.656470020670633,5.460530212082416,0.7245108764411987,1.1858145715332866,0.16626893420192923,0.4714783357564178,0.2057872448280443,1,12.0,0.29810819450234555,0.49449607699096426,0.33623913704975134,0.8815354065224711,0.8868689786281495,0.8990187045699882,0.9279341576997705,0.6641881142985353,0.5439424331731892,0.9279341576997705,2.0,0.008004105304410442,443.3560043743072,5.398760480099464,-0.4613036950920881,22.61459170112029,A,away_HQ,0.3526544521609357,12.0,1
3.0,1.0,25.0,4,1,blend,obs,0.5936666666666667,0.6697625696393872,0.897908465704695,0.6174678194477067,0.7380527681961363,0.9360742157690665,0.8687595196669248,0.901311320130929,0.9896209385327742,0.9785098633185537,0.7938638976581486,0.96018269796639,0.896772027752004,0.8475785979480331,0.9775197510813013,0.9567890275970578,0.8738775786204436,0.9833228182016847,0.9512253158471208,0.7305214170207457,0.9313293979061127,0.9234211036205041,0.7873778971951839,0.9599347998305402,0.8549784154979854,0.8712947891983011,0.9282556183779749,0.5239962749538741,28.906233089582596,3.255720865799877,0.8742454649594043,0.11491712636233924,2.5996833599249416,4.645662072299145,5.449983008354409,0.7170443285018625,1.2011371609518822,0.1653088686992228,0.483795837134278,0.20434427895071475,1,12.0,0.2832468699505604,0.49605508571251955,0.3332469990944207,0.8745282917473272,0.8808462815903225,0.8967665981491343,0.9465702647476315,0.6851663364069616,0.4609058953795684,0.9465702647476315,2.0,0.00912670090222825,426.1820239200053,6.01526015517436,-0.4840928324500197,22.8442745382979,A,away_HQ,0.3416913830396212,12.0,1
3.0,1.0,25.0,5,1,blend,obs,0.6016666666666667,0.6825300190670311,0.9054380622349526,0.7022942114140232,0.7455467558336333,0.9396464971143258,0.8689783870295196,0.8886794534725371,0.9867587714280831,0.9680614485076889,0.7935461832455204,0.9600669466388781,0.8892361351883677,0.8503221425778146,0.9779257666615208,0.9566628940657717,0.879106896005401,0.9847345986984517,0.9555521993783793,0.7379997256454225,0.9345566581925393,0.9217162062294444,0.7914618522039885,0.9605461258486635,0.8573185577945326,0.8819943919459198,0.9272815758324006,0.3464793696243835,45.825940044293915,3.169944950529824,0.8767366334797576,0.11358302830961399,2.7069033624621968,4.72206747903834,5.6242324748774735,0.7309525824269445,1.1645771940117307,0.16409333885007304,0.4654091646510575,0.20065622099213984,1,12.0,0.297807945948248,0.48959852436739837,0.33515897349179136,0.8733413149531805,0.8787272965948235,0.8892400456059304,0.9066447692493265,0.5827540571724477,0.47873106800520715,0.9066447692493265,2.0,0.012926476378068059,286.48452792415117,5.6323124828556095,-0.43362461158478616,22.6139641439717,A,away_HQ,0.35257865833626784,12.0,1
3.0,0.0,3.0,0,1,blend,obs,0.597,0.9744026956546004,0.9994676572436775,0.9983229898493927,0.7260460847046252,0.9307442636240146,0.8767054864191806,0.8722251440827702,0.9843876748887329,0.975063111014224,0.8739315222195551,0.9846660067732615,0.9730645844241651,0.8743975569126101,0.9847772923988428,0.9734181909675304,0.9739933184172712,0.9994574142338722,0.9983104062500444,0.9406354451049139,0.9966011814352566,0.995379761218412,0.9561148558475656,0.9981035888760432,0.9958021913912616,0.9871035572387338,0.8258044663050762,0.3005696450238707,33.1218923793364,8.333439220466778,0.9107570293337842,0.11748569760897559,5.654884296864958,5.677532094734283,6.012538202709644,0.7102380111323441,0.7030202352427586,0.15265477084467255,0.1563558972726855,0.9945437607954943,1,24.0,0.002201225970735116,0.15653090650037063,0.9752372503145958,0.9131173957421663,0.9357353368515268,0.9730660382043416,0.9547868573526469,0.7973815192595104,0.4288425932012724,0.9730660382043416,1.0,0.29916129066914393,33.23761874593043,8.386063697267709,0.007217775889585359,2.983190199851398,A,iso,0.9763288338171334,24.0,1
3.0,0.0,3.0,1,1,blend,obs,0.608,0.9936608134855967,0.9999542633698322,0.9998879325099665,0.7330275079501586,0.93572846951717,0.8778987286661987,0.9050318273587012,0.9914727429386507,0.984522729626881,0.8946973816849375,0.9896171462022112,0.9791622562386127,0.8952606698300118,0.9897207130280218,0.9795038736245215,0.9943162822506656,0.999960579639436,0.999890083580803,0.9488296822257853,0.9975198237201763,0.9963548838240316,0.9669370244460742,0.9990141808010903,0.997633705760683,0.9860832675877906,0.823049108981642,0.36407830896121474,37.36041262492008,8.954727479182534,0.9067742365586584,0.11845868177645216,5.251803709960747,5.266322743869404,5.76743994874759,0.7246963396122295,0.721822377333231,0.16352437907672612,0.16937970220546072,0.9944886402505829,1,24.0,0.002240421817491405,0.16730616901901307,0.9773959922430764,0.9149413816522658,0.9385428796564756,0.9791732944149277,0.9393608356597208,0.7784457738037236,0.4249472629697546,0.9791732944149277,1.0,0.363519780935151,37.43286343261232,9.028041862138855,0.0028739622789984913,2.9880887574415342,A,iso,0.9654307862601389,24.0,1
3.0,0.0,3.0,2,1,blend,obs,0.6026666666666667,0.9915693204163281,0.9999327997148049,0.9998800742598135,0.7273366050448923,0.9316114984741559,0.8751938175824262,0.8847876540757906,0.9873597991496802,0.9815538659076559,0.869675305945749,0.9839268845496928,0.9751236772250633,0.8698687054521859,0.9839680750552527,0.9753262078318805,0.9905431018126781,0.999914713817517,0.9998564249210551,0.9407309683870925,0.9966389199143819,0.9958358189087747,0.9589133059295128,0.998404175858733,0.9965471585454707,0.9773483333492907,0.8341705728224669,0.01969255016432715,298.09731854301714,8.292258581481647,0.8970338762843737,0.12411488211670262,5.093375675554938,5.107763788077854,5.427727120424001,0.6867491682194213,0.6813791810930186,0.1596303329845974,0.16348034726178187,0.9944505991804856,1,24.0,0.002138643250239148,0.16343315936008906,0.9767316107062889,0.9076665760090509,0.9319852856041684,0.9751349317047271,0.9685168762387056,0.868294842215082,0.39856155556404593,0.9751349317047271,1.0,0.020083970079577285,295.0619612466028,8.300847782654472,0.005369987126402683,2.9647354335475935,A,iso,0.9764496813123388,24.0,1
3.0,0.0,3.0,3,1,blend,obs,0.6063333333333333,0.9864208743394512,0.9998178920897878,0.9996729180533664,0.7546002035825337,0.9467329297803228,0.8888097083674389,0.9423483720009875,0.9968408415185662,0.9937975259264242,0.9144875348766764,0.9932695757740453,0.9854671881804442,0.9145609759804378,0.9932761300045897,0.9855949477519531,0.9873329991382545,0.999840526187008,0.9996994404328051,0.9567043926382252,0.9982931122808543,0.9972253316898924,0.9709233198092659,0.9992804609342278,0.9979296760875582,0.9692632138195736,0.8294858393302096,0.31115089549689345,28.33633325143342,7.7433221702173185,0.8921814565325366,0.12801836186159743,4.608689525357292,4.6178392168853035,5.1418891609827675,0.7198317038497997,0.7086390012800322,0.17753652791989433,0.18364584618615784,0.9945056636576348,1,24.0,0.0022800224033540416,0.1812649253348182,0.9794312252740729,0.9249130208080871,0.9488875836891842,0.9854666084742514,0.9421855867760154,0.7514764391614077,0.4060276337847166,0.9854666084742514,1.0,0.31244524458957035,28.20272278597208,7.733358357198819,0.011192702569767482,2.9803413915925185,A,iso,0.9667331530054286,24.0,1
3.0,0.0,3.0,4,1,blend,obs,0.598,0.9857188981554631,0.9998318027007335,0.9995120288896269,0.7313000214907396,0.934999658332885,0.8719990815326676,0.9104548210771648,0.9925376429002236,0.9838760528940694,0.9001088340732242,0.9907654368335735,0.980705133718136,0.9000143883398324,0.9907426633416841,0.9808045748594163,0.9855362606781105,0.9998258927239185,0.9994725947679578,0.9404804239795286,0.9967266961707513,0.9940377153751472,0.9525526728749442,0.9979603200340683,0.9945808321657937,0.9882053525471085,0.8172598621667208,0.06982966419017621,147.4506989294891,10.036822982875186,0.9003234940126569,0.1233123713172564,5.018410337015524,5.032073115362064,5.297352838993199,0.705211550063364,0.6988963323496368,0.16524899092799447,0.1690914083588894,0.994614325135092,1,24.0,0.0021215554118619896,0.16901866661421763,0.9776966901837689,0.908807724338858,0.9348739211814865,0.980729960128229,0.9249885117347065,0.7666702599109863,0.40011575980792435,0.980729960128229,1.0,0.07230435604625832,144.43939619476552,9.987383630493051,0.0063152177137271275,2.9794102605614063,A,iso,0.9772760930422937,24.0,1
3.0,0.0,3.0,5,1,blend,obs,0.6033333333333334,0.9733999691184103,0.9994090405323277,0.998261065674751,0.7379688192597468,0.9365714855722432,0.8873651289482444,0.8989113200845054,0.9901999005949709,0.9851251313185216,0.908006364827964,0.9918369555920428,0.9868012794836828,0.9083503867368642,0.991891596821371,0.9871293563460417,0.9743820439200668,0.9994542565896757,0.9983685526048085,0.9651665255068193,0.9988230566652395,0.9994078470933939,0.9802355551460262,0.9995804451045308,0.9990089468559401,0.9849784868129093,0.8097985793269962,0.272733790912647,43.17164716452656,10.907488097094475,0.920927619666651,0.1090652781712124,6.055831404815151,6.078467958221792,6.399193948094552,0.7372063427971498,0.7381362782113883,0.15506514653500036,0.15913107011424577,0.9944952672699012,1,24.0,0.002431487471482662,0.1588854541137787,0.9759555863682613,0.9237470880122141,0.9466758878714384,0.9868095271312192,0.918502633289675,0.720507973604739,0.41580421464407136,0.9868095271312192,1.0,0.27444963289557117,42.80249181021322,10.964211090750425,-0.0009299354142384264,2.98008791076032,A,iso,0.9744492161315428,24.0,1
3.0,1.0,3.0,0,1,blend,obs,0.597,0.9334678353165535,0.9956852751025931,0.9916326485069868,0.7260460847046252,0.9307442636240146,0.8767054864191806,0.8722251440827702,0.9843876748887329,0.975063111014224,0.8540684047507796,0.9794425041075967,0.9669058643215175,0.8542597556356978,0.9794955523741943,0.9671679143438041,0.9324552430244962,0.9955570304649974,0.9914828372799134,0.883999940589287,0.9870561155177376,0.9813553461016832,0.8957715880662986,0.9895390312095845,0.9802733021337388,0.9773661966091081,0.8381462102919909,0.5117656283860604,18.550442777261882,6.916796594641099,0.8578114818186143,0.14936113176010912,4.429326801980168,4.4425639689774625,6.012538202709644,0.7102380111323441,0.5710543754759068,0.15265477084467255,0.15526654375484097,0.9945437607954943,1,24.0,0.002201225970735116,0.15653090650037063,0.9752372503145958,0.9079347734927613,0.930370258166163,0.9668842736239575,0.9745763179965706,0.800643727125435,0.42248759698914173,0.9745763179965706,2.0,0.5113046607431939,18.558631725653267,6.934932340322107,0.13918363565643718,2.996845248028217,A,toward_HQ,0.983178778589338,24.0,1
3.0,1.0,3.0,1,1,blend,obs,0.608,0.9416400085738793,0.996824137910251,0.9934435538137051,0.7330275079501586,0.93572846951717,0.8778987286661987,0.9050318273587012,0.9914727429386507,0.984522729626881,0.8771680217251818,0.9857060399823163,0.9743400624708597,0.8772898649900076,0.985728629992592,0.9745421952674556,0.940743722019724,0.9967224453978406,0.9933078042254853,0.8918568738763775,0.9890103504081977,0.9828757161789905,0.9039439061854977,0.9914445078036921,0.9822058011820596,0.9711072476655103,0.8325082734202531,0.570291774058612,18.44342518885895,7.586163812868378,0.858625591135577,0.1478462853212604,4.389752125409801,4.400583262342936,5.76743994874759,0.7246963396122295,0.586092979338591,0.16352437907672612,0.1654375577163011,0.9944886402505829,1,24.0,0.002240421817491405,0.16730616901901307,0.9773959922430764,0.9119120170128909,0.9361135666673487,0.974337891763392,0.96826193959567,0.7785458489326701,0.4234695302489433,0.974337891763392,1.0,0.5718552295053542,18.29590648035685,7.604399191818374,0.1386033602736386,2.998588251125595,A,toward_HQ,0.988435645049501,24.0,1
3.0,1.0,3.0,2,1,blend,obs,0.6026666666666667,0.9338136623328495,0.9958366342432995,0.9925239435291656,0.7273366050448923,0.9316114984741559,0.8751938175824262,0.8847876540757906,0.9873597991496802,0.9815538659076559,0.8461755465509935,0.9775038221413004,0.9666837381779614,0.8463701667253901,0.9775545284667162,0.9669268942342596,0.9329594296764643,0.9957259376444842,0.9924027445822662,0.8866805636712329,0.9878134014127445,0.9829394498977214,0.8987741164577636,0.9904051563905043,0.9810213051987974,0.9562475903638996,0.8496180297416591,0.1896551001758635,83.57037524018858,6.455913784007498,0.8386329215418423,0.15680410862490662,4.0451324244143905,4.05420829201579,5.427727120424001,0.6867491682194213,0.5486142669405526,0.1596303329845974,0.1627372942526963,0.9944505991804856,1,24.0,0.002138643250239148,0.16343315936008906,0.9767316107062889,0.903583547814592,0.9269795715862916,0.9666777249814839,0.9924195317760671,0.8664699696968574,0.39457267094220083,0.9924195317760671,2.0,0.193000228432686,82.56313799970046,6.475595495372898,0.1381349012788688,2.9998993664592826,A,toward_HQ,0.9809081176975053,24.0,1
3.0,1.0,3.0,3,1,blend,obs,0.6063333333333333,0.953132474654666,0.9980142692236945,0.9955474982899436,0.7546002035825337,0.9467329297803228,0.8888097083674389,0.9423483720009875,0.9968408415185662,0.9937975259264242,0.8959889687558567,0.9898978633562158,0.9801957966235287,0.8959396032882427,0.9898841105897296,0.9803120534772867,0.9523127341754761,0.9979396860025713,0.9954381240818033,0.9075777508111486,0.9920468013286534,0.9871876143515113,0.9175005101439581,0.9938246869430846,0.9858491092194163,0.9515776945777895,0.8419230512050214,0.5583679271289564,14.183318062454648,6.526219282643935,0.8430286388060175,0.15592350075550976,3.8094399243590225,3.812406500682594,5.1418891609827675,0.7198317038497997,0.5810622334286322,0.17753652791989433,0.1804752896411485,0.9945056636576348,1,24.0,0.0022800224033540416,0.1812649253348182,0.9794312252740729,0.9212297281460453,0.9450169020345469,0.9802079268265559,0.9723243252162637,0.7490549818560962,0.4042631150320787,0.9802079268265559,1.0,0.5617474765750063,14.021572722960752,6.533064792635113,0.13876947042116744,2.998761875329358,A,toward_HQ,0.9837165424302822,24.0,1
3.0,1.0,3.0,4,1,blend,obs,0.598,0.9308359128633972,0.9955949009746111,0.9896994819762889,0.7313000214907396,0.934999658332885,0.8719990815326676,0.9104548210771648,0.9925376429002236,0.9838760528940694,0.8750400447375895,0.9854076220472205,0.972357443659088,0.8749856095120202,0.9853895091607192,0.9724763534206983,0.9300909242188671,0.9954949303751744,0.9895700280290243,0.8841000060350631,0.9874332117327592,0.9784200301403733,0.8923011775041827,0.989307964187574,0.9764373276007651,0.9628379223780114,0.835384548908328,0.31345157780723926,53.097019271608254,7.803614539287372,0.8464341706554557,0.15488354396108484,4.039785813137167,4.047398964986602,5.297352838993199,0.705211550063364,0.5632534983862463,0.16524899092799447,0.16735353599961916,0.994614325135092,1,24.0,0.0021215554118619896,0.16901866661421763,0.9776966901837689,0.9035599480180224,0.9295286819779833,0.9723487738611775,0.9692060606150433,0.7705822020842376,0.3932531261086435,0.9723487738611775,1.0,0.32057825493976866,51.91802252254348,7.787943645237882,0.1419580516771177,2.999461855110558,A,toward_HQ,0.9874245556925102,24.0,1
3.0,1.0,3.0,5,1,blend,obs,0.6033333333333334,0.9573691694174338,0.9982108716770659,0.9971519135722571,0.7379688192597468,0.9365714855722432,0.8873651289482444,0.8989113200845054,0.9901999005949709,0.9851251313185216,0.886142082319067,0.9874914074006308,0.9815600334927999,0.8864614249526382,0.9875547644313579,0.981925010975914,0.9564688578124286,0.9981347142865803,0.9970800457978993,0.9087823323618197,0.9919532666235542,0.990399633020534,0.9202931547997475,0.9938957314570553,0.9884575220387287,0.9787497066931431,0.8245136833473623,0.4373169462341161,27.069940446329394,9.159670874973907,0.8699686614977483,0.14133531769871288,4.704245405654349,4.713999438583416,6.399193948094552,0.7372063427971498,0.6005217900051896,0.15506514653500036,0.1581111092170479,0.9944952672699012,1,24.0,0.002431487471482662,0.1588854541137787,0.9759555863682613,0.9185530115587089,0.9415478177258745,0.9815728172521748,0.9509292662820691,0.7521224492601356,0.4142286225838505,0.9815728172521748,1.0,0.4363315076241326,27.138512111561663,9.217199207517103,0.1366845527919602,2.9982790966478854,A,toward_HQ,0.98073530255318,24.0,1
3.0,1.0,3.0,0,1,blend,obs,0.597,0.93847147140351,0.9965657588900203,0.9905151459353677,0.7260460847046252,0.9307442636240146,0.8767054864191806,0.8722251440827702,0.9843876748887329,0.975063111014224,0.8852131712313418,0.987463846754347,0.9755604010786025,0.8857783276996313,0.9875820405200375,0.9759075685915491,0.9395822302801672,0.9966963082256006,0.9908219738457824,0.9705521023676452,0.9992967392765407,0.9983980760700102,0.9704635159305354,0.9992652820774762,0.9976874590404511,0.9806586252843829,0.8240610414931933,0.14523952994747694,57.04079151972219,9.360679511271936,0.9533306639806882,0.08299401196875332,7.286888895481562,7.315391626340095,6.012538202709644,0.7102380111323441,0.8415725170424904,0.15265477084467255,0.15247130997834152,0.9945437607954943,1,24.0,0.002201225970735116,0.15653090650037063,0.9752372503145958,0.9181172601468446,0.938455610649375,0.9755904856025646,0.9482171249219393,0.7978054604666125,0.42980788017817095,0.9755904856025646,1.0,0.14660380999513406,56.56194482784512,9.418014109302064,-0.1313345059101465,2.9798875423937483,A,away_HQ,1.0012032484429831,24.0,1
3.0,1.0,3.0,1,1,blend,obs,0.608,0.9451596492591439,0.9970787766499732,0.9933037153795108,0.7330275079501586,0.93572846951717,0.8778987286661987,0.9050318273587012,0.9914727429386507,0.984522729626881,0.9079734947708884,0.9922563806069895,0.9821029869612358,0.9086768604174442,0.9923683138521252,0.9823995031290905,0.9463873173483064,0.9972097670406276,0.9935752443313316,0.9819512587916449,0.9996319956372068,0.998918991468449,0.9791198626697435,0.9995747449303941,0.9990639623296282,0.9825222397215347,0.8162996331406939,0.18727326490821006,68.5700697278545,10.29282432333251,0.9496840128595299,0.08583752663309883,6.659250733018774,6.6852267694066665,5.76743994874759,0.7246963396122295,0.8543196676741271,0.16352437907672612,0.16389870689457164,0.9944886402505829,1,24.0,0.002240421817491405,0.16730616901901307,0.9773959922430764,0.9192531628718902,0.9414353307533707,0.9821223177010018,0.9180814661976627,0.7694184306595988,0.4273017776058706,0.9821223177010018,1.0,0.1891399556061513,67.96354598901699,10.365772833801419,-0.1296233280618978,2.9868533491240585,A,away_HQ,0.9977161026774525,24.0,1
3.0,1.0,3.0,2,1,blend,obs,0.6026666666666667,0.9535851395470469,0.9979688644137513,0.9946370343481725,0.7273366050448923,0.9316114984741559,0.8751938175824262,0.8847876540757906,0.9873597991496802,0.9815538659076559,0.8847550558359544,0.9875908485424694,0.9794876539997389,0.8850604300478775,0.9876496537424426,0.9797107086825726,0.9547603456148213,0.9980741557344938,0.9948727179718461,0.9791466019000875,0.9995179283776644,0.999357894529555,0.9851610226842276,0.9998010541845279,0.999393839200287,0.9862483166947077,0.8257203917608029,0.01020084233161895,416.74813012981383,9.735787429280421,0.9425927180465642,0.09122737793780898,6.621891591022612,6.646298961364913,5.427727120424001,0.6867491682194213,0.8164679437893368,0.1596303329845974,0.15828752692605294,0.9944505991804856,1,24.0,0.002138643250239148,0.16343315936008906,0.9767316107062889,0.9147793217357606,0.9374034190998988,0.9794919167830344,0.9505461990700951,0.8628454776611831,0.3965264739104125,0.9794919167830344,1.0,0.010682392881992547,407.00493798832736,9.756928496160773,-0.12971877556991546,2.988497089655541,A,away_HQ,1.0084833346292141,24.0,1
3.0,1.0,3.0,3,1,blend,obs,0.6063333333333333,0.9388733981052046,0.996336744451796,0.9912487274935226,0.7546002035825337,0.9467329297803228,0.8888097083674389,0.9423483720009875,0.9968408415185662,0.9937975259264242,0.9289725456377144,0.9954935519832543,0.9885002546087269,0.9296250057726007,0.9955704794385429,0.9887656007983924,0.9400754284537124,0.9964806291780609,0.9915639549739383,0.9755918001780737,0.9993090999922091,0.9977300420118503,0.9698696043515626,0.9991040153088128,0.9977867103871907,0.9778100558003221,0.8191733165445909,0.19644159879327924,39.36189231147045,8.677219421642905,0.9405184897955953,0.09434696063700934,6.369628477557371,6.414447270204414,5.1418891609827675,0.7198317038497997,0.8495186532946941,0.17753652791989433,0.17685970107397037,0.9945056636576348,1,24.0,0.0022800224033540416,0.1812649253348182,0.9794312252740729,0.9341637796639557,0.9551759080736937,0.9885096554080156,0.9257785055744606,0.7400929673451411,0.41524914627188836,0.9885096554080156,1.0,0.1999203205600785,38.72238276817302,8.71244877471508,-0.12968694944489442,2.9884555838411897,A,away_HQ,1.0038269138860576,24.0,1
3.0,1.0,3.0,4,1,blend,obs,0.598,0.9513522415071823,0.9976834180500507,0.9956857449646923,0.7313000214907396,0.934999658332885,0.8719990815326676,0.9104548210771648,0.9925376429002236,0.9838760528940694,0.9165051584778076,0.9937326634525645,0.9848610227029587,0.9168552712821534,0.9937799763872247,0.9850601108633005,0.95261971551124,0.9978027056394078,0.9959070259785187,0.9850173798570923,0.9997651227322906,0.9993811244337651,0.9823088589581453,0.9997233034102591,0.9994958663680014,0.986947174558091,0.8072595761981526,0.013659710224700913,355.1669667387375,11.961019885005998,0.9448218310158609,0.08993666712447047,6.253049986849825,6.281186564495387,5.297352838993199,0.705211550063364,0.8378892552696662,0.16524899092799447,0.16528200518502487,0.994614325135092,1,24.0,0.0021215554118619896,0.16901866661421763,0.9776966901837689,0.9127571268362153,0.9374499202565383,0.9848638816094705,0.889346594626145,0.7585502502323918,0.40316690043738734,0.9848638816094705,1.0,0.014283485683204878,346.96413879913996,11.966280164145699,-0.13267770520630223,2.988931644590819,A,away_HQ,0.9998002549824258,24.0,1
3.0,1.0,3.0,5,1,blend,obs,0.6033333333333334,0.9260899852472212,0.9950180264066594,0.9865205595549897,0.7379688192597468,0.9365714855722432,0.8873651289482444,0.8989113200845054,0.9901999005949709,0.9851251313185216,0.9217957412086517,0.994176358862867,0.9888916117677466,0.922851277869832,0.994321638509665,0.9894381368435392,0.9272851161632893,0.995188761341025,0.9869369123829357,0.9700600713982195,0.9992373102653972,0.9976478382491936,0.9579585447253407,0.9984907779983302,0.9956686223667335,0.9739989350618039,0.8043320165506673,0.1526120898355442,69.66435105009631,12.287378391265694,0.9578399647151679,0.07771656419038052,7.707014068600741,7.74330944383602,6.399193948094552,0.7372063427971498,0.866734628654583,0.15506514653500036,0.15431069777259926,0.9944952672699012,1,24.0,0.002431487471482662,0.1588854541137787,0.9759555863682613,0.9283616299513612,0.9490533111088135,0.9888912712552319,0.9013043379104966,0.6986203062310623,0.4180761044302317,0.9888912712552319,1.0,0.15451298819428633,68.82944142698562,12.384088238231252,-0.12952828585743312,2.98650279661541,A,away_HQ,1.0048891539814881,24.0,1
3.0,0.0,6.0,0,1,blend,obs,0.597,0.9703874321411199,0.9991780345857342,0.9976701786055777,0.7260460847046252,0.9307442636240146,0.8767054864191806,0.8722251440827702,0.9843876748887329,0.975063111014224,0.8604669655097583,0.981229225703142,0.9651899246521509,0.8607324247223603,0.9813106398769877,0.9661574740656396,0.9707917566576316,0.9992296300623543,0.9976332484354622,0.8976262837728463,0.9899401536622858,0.9863403966666647,0.9245060523197919,0.9944921844919425,0.9849724282617147,0.9776506388334084,0.839533740743981,0.3564947173467639,30.34651405269734,7.410763180960039,0.8919932813594672,0.12804317663253165,4.797497088828446,4.835555827540085,6.012538202709644,0.7102380111323441,0.6885919262783501,0.15265477084467255,0.16795237670230434,0.9782291962505943,1,24.0,0.008783056757738125,0.16799433665650015,0.908689982548682,0.9067008247084344,0.9277682643415253,0.9651749481132317,0.9557116127649675,0.7646690941574292,0.42229843656646704,0.9651749481132317,1.0,0.356462823512135,30.223887430614358,7.370470569256656,0.021646084853993885,5.9381156355897335,A,iso,0.9089170027956984,24.0,1
3.0,0.0,6.0,1,1,blend,obs,0.608,0.98258653846706,0.9997020133588158,0.9998926439224035,0.7330275079501586,0.93572846951717,0.8778987286661987,0.9050318273587012,0.9914727429386507,0.984522729626881,0.877986021398619,0.9861353475091984,0.971273779728449,0.8798547832708936,0.9865349061474158,0.9725611102121808,0.9863947886292755,0.9998166587173934,0.9999250660909463,0.9069029855670717,0.991886787972887,0.9884357346866104,0.9345444789186989,0.9962586523434185,0.9889783032551911,0.9686632414720732,0.8393010767763214,0.4304963306048103,32.22425879705582,7.599768049328271,0.8893942445399212,0.127620535216723,4.517569669885903,4.562949815888899,5.76743994874759,0.7246963396122295,0.7135328639494056,0.16352437907672612,0.18229820528949775,0.9780603534685063,1,24.0,0.008918681594393662,0.17845494399131473,0.9163342601742921,0.9080515887087655,0.9304843457465409,0.9712753739269168,0.9518754254856117,0.7732680766057767,0.42336109752655937,0.9712753739269168,1.0,0.42942771433628585,32.37085950359469,7.769150488865114,0.01116347566282386,5.942525615793492,A,iso,0.897015847287372,24.0,1
3.0,0.0,6.0,2,1,blend,obs,0.6026666666666667,0.9862578510370731,0.99980873359516,0.9995544171462413,0.7273366050448923,0.9316114984741559,0.8751938175824262,0.8847876540757906,0.9873597991496802,0.9815538659076559,0.8563979894107012,0.9806009720613422,0.9667269669323092,0.8571414504489898,0.9807755341666096,0.9676248392781731,0.9865267882027946,0.9998130213240608,0.9994391490119483,0.9002843911033006,0.9905877940135686,0.9876291731085365,0.9258191956526002,0.9950018954393752,0.9856661625950965,0.9615379156495206,0.850333175536304,0.018482822749089196,308.6725963255828,7.206988401415543,0.879112269480905,0.13231354269721243,4.488269013903685,4.5233551439954685,5.427727120424001,0.6867491682194213,0.6689648879935614,0.1596303329845974,0.1748706525476274,0.9778765914055434,1,24.0,0.008525979651071183,0.1746648108711738,0.9139238303835265,0.9015559463798899,0.9236662630873832,0.9667021900958763,0.979373992216824,0.8474232860761901,0.4070270752532883,0.979373992216824,2.0,0.018789290556025545,306.04728525716666,7.238844870261995,0.01778428022585999,5.894322143926591,A,iso,0.9128480431621927,24.0,1
3.0,0.0,6.0,3,1,blend,obs,0.6063333333333333,0.9762306031752953,0.9994726367250492,0.9998064947540192,0.7546002035825337,0.9467329297803228,0.8888097083674389,0.9423483720009875,0.9968408415185662,0.9937975259264242,0.9009752355862691,0.9910584643407186,0.9796857061536284,0.9018798774250942,0.9912006614032961,0.9804398729607618,0.9799507902058461,0.9996285040712314,0.999878769287878,0.917242845958125,0.9937164402547431,0.9903171110205721,0.9326553028895644,0.9961221178101787,0.9878002391876988,0.9544971239580987,0.843441037368309,0.34675006569859934,26.72509051597966,6.945772916366613,0.8723594069374963,0.1374238910332446,3.952031911668407,3.9753962055299845,5.1418891609827675,0.7198317038497997,0.6922054048459261,0.17753652791989433,0.19663044659803802,0.9781064887891837,1,24.0,0.009085300378108202,0.19227107422816914,0.9233657669650858,0.9177095514183857,0.9412149421705664,0.9796902900023503,0.9505734808487106,0.7436988661584074,0.4029121600613055,0.9796902900023503,1.0,0.3542813233106141,26.121664657602363,7.012248487577546,0.02762629900387358,5.93102943492668,A,iso,0.9028943939837738,24.0,1
3.0,0.0,6.0,4,1,blend,obs,0.598,0.9775484017208116,0.9995482409835318,0.9993818425834283,0.7313000214907396,0.934999658332885,0.8719990815326676,0.9104548210771648,0.9925376429002236,0.9838760528940694,0.8836793636931715,0.9875596370559804,0.9727067020991618,0.884421571322826,0.9876971109441707,0.9734986778510549,0.978506307903244,0.9995990807259513,0.9992176866936666,0.8970648391809856,0.9901444096865151,0.9839852905834927,0.9166360678948192,0.9938382430730128,0.9821511103822631,0.9712894451489891,0.8336299048250886,0.08813519231318809,130.2670933508355,8.687865076744636,0.8816344235714774,0.1327038371594344,4.366004755721656,4.401542736224608,5.297352838993199,0.705211550063364,0.6866357444980495,0.16524899092799447,0.1810392514845815,0.9786030468180357,1,24.0,0.008428808451905896,0.18010545760783037,0.917512401472114,0.9021961756100787,0.9269959651913106,0.9726994399073784,0.9427434442221064,0.7578582248473865,0.3983855363347678,0.9726994399073784,1.0,0.09364765085385922,125.5473857474292,8.677300124950271,0.018575805565314397,5.911488005573695,A,iso,0.9127799058651552,24.0,1
3.0,0.0,6.0,5,1,blend,obs,0.6033333333333334,0.9648673169401647,0.9988588498584176,0.9976236532139282,0.7379688192597468,0.9365714855722432,0.8873651289482444,0.8989113200845054,0.9901999005949709,0.9851251313185216,0.893587183928314,0.989197123801799,0.9788102112430062,0.8949397873987127,0.9894523318935646,0.9803785570975357,0.9689415325754429,0.9991211004050177,0.9980572693249147,0.9244390191085241,0.9945039296779783,0.9943074075445099,0.9499659949136352,0.9975069719128646,0.9925477182701362,0.9765334503413399,0.8248260006415467,0.2838562217652755,45.036457670333064,9.560661548697492,0.9059218162403082,0.11716530732693235,5.124866837514383,5.170777940815319,6.399193948094552,0.7372063427971498,0.732780870486873,0.15506514653500036,0.16954861502457738,0.9780798332782497,1,24.0,0.009682324895688587,0.17015262803539755,0.9113297180619598,0.917246803088517,0.9389490209177193,0.9788137640949269,0.9090808912534993,0.7051041974338691,0.40881768958049824,0.9788137640949269,1.0,0.27966737294087296,45.660961615633944,9.653062081750802,0.004425472310276854,5.9151348973512885,A,iso,0.9145763090575671,24.0,1
3.0,1.0,6.0,0,1,blend,obs,0.597,0.874536718325555,0.98487379949386,0.9709542139308708,0.7260460847046252,0.9307442636240146,0.8767054864191806,0.8722251440827702,0.9843876748887329,0.975063111014224,0.8197637658474891,0.9687126353493246,0.9479973940175018,0.8199836932667294,0.9687905730943619,0.949198614775627,0.8718169309112198,0.9842062016140385,0.9705651368841212,0.7943410710521106,0.9595940989481845,0.9489635302866378,0.8077279641334933,0.9653031716568422,0.9267641251953341,0.9421453904255308,0.8686207189805726,0.7793916376035606,8.096577635489387,5.116037452814785,0.7728339334758527,0.1859032560145121,3.00193117594453,3.0186379393084084,6.012538202709644,0.7102380111323441,0.4267315369293826,0.15265477084467255,0.15986622898582803,0.9782291962505943,1,24.0,0.008783056757738125,0.16799433665650015,0.908689982548682,0.8983792582258289,0.9170374432120418,0.947999858959007,0.9770852346170773,0.7773504187641246,0.4450695885521395,0.9770852346170773,2.0,0.7805059378536234,8.007820042199338,5.124926575700477,0.2835064742029614,5.990307425712356,A,toward_HQ,0.954890672114404,24.0,1
3.0,1.0,6.0,1,1,blend,obs,0.608,0.8836943485824451,0.9874338012346219,0.9749171580518412,0.7330275079501586,0.93572846951717,0.8778987286661987,0.9050318273587012,0.9914727429386507,0.984522729626881,0.837388286309162,0.975014351270641,0.954607553495762,0.8377810108132624,0.9751182242157584,0.9557898699774874,0.8813550524029261,0.9868991995863935,0.9744887421812363,0.8046531913822251,0.9640702492143748,0.9516264730747723,0.8175968453263295,0.969658905101781,0.9319683123029702,0.9299757264521377,0.8662596476488958,0.7936457400601306,7.131723729817855,5.16426733389418,0.7791929134592432,0.18321641882584117,3.0010420210438795,3.0187751559944935,5.76743994874759,0.7246963396122295,0.4430816508109873,0.16352437907672612,0.16932656141170488,0.9780603534685063,1,24.0,0.008918681594393662,0.17845494399131473,0.9163342601742921,0.9020890735541273,0.92237266927652,0.9546127824736885,0.9851876608605864,0.7726893821979075,0.44898181817818783,0.9851876608605864,2.0,0.795799742870416,7.004398102450876,5.204142469563872,0.28161468880124213,5.992996335932588,A,toward_HQ,0.9657337733276755,24.0,1
3.0,1.0,6.0,2,1,blend,obs,0.6026666666666667,0.8782826531163337,0.9861548636838678,0.9731135233855074,0.7273366050448923,0.9316114984741559,0.8751938175824262,0.8847876540757906,0.9873597991496802,0.9815538659076559,0.8113963021791941,0.966314084255373,0.9460080954152231,0.8117206730089891,0.9664016849752586,0.9470844166334486,0.8761303575569515,0.9856314844726999,0.9728401190646117,0.805096963322009,0.963995445681472,0.9537149363340798,0.8145183549397861,0.9686071958240324,0.927749218966626,0.9184419775419136,0.8838027263367387,0.6502296171166325,26.000566032249953,4.396999617770057,0.7538482490200156,0.1904652091182336,2.8068550804315993,2.823383720463656,5.427727120424001,0.6867491682194213,0.40752643235396674,0.1596303329845974,0.16821623167279842,0.9778765914055434,1,24.0,0.008525979651071183,0.1746648108711738,0.9139238303835265,0.894159314840226,0.9129918460262175,0.9460074982854003,0.9951757240562736,0.895182490426342,0.47379524140859053,0.9951757240562736,2.0,0.6582671952821288,25.27160346814698,4.416540443519567,0.27922273586545465,5.995701564393657,A,toward_HQ,0.9489591545190379,24.0,1
3.0,1.0,6.0,3,1,blend,obs,0.6063333333333333,0.8998421611052283,0.9908618835065734,0.9795682989841072,0.7546002035825337,0.9467329297803228,0.8888097083674389,0.9423483720009875,0.9968408415185662,0.9937975259264242,0.8617477992000285,0.9822216952368877,0.9644514747408603,0.8615276934339868,0.9821399680955922,0.9650976049968302,0.8973943027612101,0.9903684560697597,0.9791534522494273,0.8282140011122437,0.9723417811954266,0.9601598629841859,0.8343945087425149,0.9755901045832771,0.937975061210642,0.9160266094445368,0.8723598123502596,0.7929826970156042,6.596240850196535,4.810197957375967,0.764304390712579,0.1882971252161016,2.6486692249640855,2.657951627936793,5.1418891609827675,0.7198317038497997,0.4392646771387156,0.17753652791989433,0.1857178267881382,0.9781064887891837,1,24.0,0.009085300378108202,0.19227107422816914,0.9233657669650858,0.911782791568377,0.9316425019272595,0.9644509198933806,0.9931314733677009,0.7715429550146758,0.4446064054289851,0.9931314733677009,2.0,0.7979218377546861,6.342028365604702,4.8069511265593015,0.2805670267110841,5.992274870177345,A,toward_HQ,0.9559476922073998,24.0,1
3.0,1.0,6.0,4,1,blend,obs,0.598,0.8730346878086243,0.9851133927008862,0.9675936667951582,0.7313000214907396,0.934999658332885,0.8719990815326676,0.9104548210771648,0.9925376429002236,0.9838760528940694,0.8330859804030392,0.9739689110532616,0.9500971893810325,0.8332917719865568,0.9740061057992323,0.9510574677686138,0.8711542112546303,0.9846378697534071,0.9673580654237489,0.8020866386576633,0.9631185690996062,0.9468874125781249,0.8057113148983033,0.9656669798060742,0.9204166025845208,0.9199967043498019,0.872326894943743,0.7601167975245998,13.774762590113495,5.163213001895508,0.7617415061444912,0.1901153991244843,2.769560581344961,2.7851979461633336,5.297352838993199,0.705211550063364,0.41918798924423134,0.16524899092799447,0.17150501044646269,0.9786030468180357,1,24.0,0.008428808451905896,0.18010545760783037,0.917512401472114,0.8945535538454396,0.914963755545561,0.9500970036577275,0.9939406112189818,0.7786382836955273,0.42120846576408844,0.9939406112189818,2.0,0.7690698492991318,12.830197286503234,5.162486885499594,0.2860235608191326,5.9949316945215045,A,toward_HQ,0.9635228177755127,24.0,1
3.0,1.0,6.0,5,1,blend,obs,0.6033333333333334,0.9012128886293496,0.9906688154742352,0.9829027119711822,0.7379688192597468,0.9365714855722432,0.8873651289482444,0.8989113200845054,0.9901999005949709,0.9851251313185216,0.8456045049858114,0.9771972627867793,0.9619768745450145,0.8451232091217576,0.9770350886930637,0.963235539627959,0.8987462759547431,0.9901819202877794,0.9825974923912583,0.8219728826437859,0.9697437893934281,0.9645778968799825,0.8326477110195083,0.9739633796366195,0.9419537890552293,0.9398619798329162,0.8612957094834571,0.7127136673412179,12.378222667963891,6.0429035907823865,0.7893804262036307,0.17821565495308841,3.237673766331569,3.260246308786477,6.399193948094552,0.7372063427971498,0.45795250057551573,0.15506514653500036,0.16348780422251544,0.9780798332782497,1,24.0,0.009682324895688587,0.17015262803539755,0.9113297180619598,0.9086249712026596,0.9278299820089607,0.9619755996617422,0.9801317576622589,0.6941908177442123,0.3966119543710662,0.9801317576622589,2.0,0.7133558997546812,12.308921799911085,5.980309625616609,0.2792538422216341,5.99010623316004,A,toward_HQ,0.9484814312139676,24.0,1
3.0,1.0,6.0,0,1,blend,obs,0.597,0.8894416346685766,0.9884189273274524,0.9685156777397393,0.7260460847046252,0.9307442636240146,0.8767054864191806,0.8722251440827702,0.9843876748887329,0.975063111014224,0.8695815939731824,0.9842300254739418,0.966483464310287,0.8728813585659772,0.9849857488912991,0.9683110651371934,0.8944568271828821,0.9894853474791975,0.9713500780436135,0.9623734555335004,0.9987055338988032,0.9974357448240729,0.9604247557200271,0.9986459448012682,0.9960552990087876,0.971348118938066,0.8460823211992865,0.09674975916863797,77.12435385714141,8.093137947512771,0.9725202152662032,0.061835918657026395,7.985027357028179,8.134925890121163,6.012538202709644,0.7102380111323441,0.9615533498299222,0.15265477084467255,0.15407752412748757,0.9782291962505943,1,24.0,0.008783056757738125,0.16799433665650015,0.908689982548682,0.9164230133550424,0.9329526227540724,0.9664698349247949,0.9692862552279072,0.7885160209845311,0.42671825920182616,0.9692862552279072,2.0,0.0994494314681344,75.39978853536466,8.353827985794407,-0.2513153386975783,5.906853006394706,A,away_HQ,0.9907659907512675,24.0,1
3.0,1.0,6.0,1,1,blend,obs,0.608,0.8960848559965611,0.9894449614761303,0.9742949981213781,0.7330275079501586,0.93572846951717,0.8778987286661987,0.9050318273587012,0.9914727429386507,0.984522729626881,0.8909959457781449,0.9894868135554037,0.9738205527037267,0.8951527266058209,0.9902479246275755,0.9757703298773599,0.9011505284116473,0.9904628101471241,0.9768184861864181,0.9687514375625232,0.9989123375765969,0.9971225592621766,0.9621048850558306,0.9986141423405682,0.9969295996883748,0.9664418652145309,0.8364309791545779,0.1239530992707159,95.47664784710638,9.015506499217086,0.9689959179943907,0.0659411158085362,7.133464445030063,7.280439021942599,5.76743994874759,0.7246963396122295,0.9722756101380916,0.16352437907672612,0.16606777842161197,0.9780603534685063,1,24.0,0.008918681594393662,0.17845494399131473,0.9163342601742921,0.9172717871166561,0.9357953527567602,0.9738860963577918,0.9414358618200277,0.7570344371538211,0.42508620395745556,0.9738860963577918,1.0,0.12784906899019832,93.09692647324377,9.35781803005054,-0.24757927052586212,5.92051879934323,A,away_HQ,0.9846845705466796,24.0,1
3.0,1.0,6.0,2,1,blend,obs,0.6026666666666667,0.9038585181722173,0.9910727308465686,0.9771919317374298,0.7273366050448923,0.9316114984741559,0.8751938175824262,0.8847876540757906,0.9873597991496802,0.9815538659076559,0.874243906419346,0.9855723154384476,0.9715941183548457,0.8773137133078935,0.9862421910826775,0.9733166503081861,0.9089113000418146,0.992011192285149,0.9795065026199439,0.9682005882238036,0.9988706944278847,0.9981614067459663,0.9668688668940734,0.9989678634411784,0.9973431701107017,0.9685962207057554,0.8435557142103285,0.007021171568526107,503.7109820516647,8.932359931764625,0.9652105481974224,0.06919916865186225,7.30681963295306,7.4553414403552205,5.427727120424001,0.6867491682194213,0.9363017111503484,0.1596303329845974,0.1584821724702989,0.9778765914055434,1,24.0,0.008525979651071183,0.1746648108711738,0.9139238303835265,0.9136591173041865,0.9325612485633831,0.971626719496825,0.9594565829178148,0.8476710992791879,0.39320812549386686,0.971626719496825,1.0,0.0070895160011501925,501.2391353076739,9.173652927759544,-0.24955254293092707,5.940011143864216,A,away_HQ,1.0072447297787621,24.0,1
3.0,1.0,6.0,3,1,blend,obs,0.6063333333333333,0.8917249654640094,0.9884867703627098,0.9714396774819407,0.7546002035825337,0.9467329297803228,0.8888097083674389,0.9423483720009875,0.9968408415185662,0.9937975259264242,0.9246096846231618,0.9951267984174194,0.9857930168008985,0.9271540365183559,0.9954394730227049,0.9868132963422789,0.8968020820595208,0.9895507522707393,0.9741805074564827,0.9649598917482995,0.9986025939117174,0.995802613455805,0.9535858403068733,0.9979324074164142,0.9950894631198818,0.9649909736003335,0.824060155597286,0.1405282652020877,49.90379576241626,9.07021843135702,0.9640175045700221,0.07323376000949815,7.434105427999035,7.565684718403565,5.1418891609827675,0.7198317038497997,0.9679585987380819,0.17753652791989433,0.17732829714410875,0.9781064887891837,1,24.0,0.009085300378108202,0.19227107422816914,0.9233657669650858,0.9357988072853357,0.9540106084336443,0.9857883617477525,0.9215758538782801,0.7182580850209836,0.4180222040705185,0.9857883617477525,1.0,0.14923118263032376,47.5273765306076,9.141162444488904,-0.24812689488828238,5.927706054724362,A,away_HQ,1.0011742670467103,24.0,1
3.0,1.0,6.0,4,1,blend,obs,0.598,0.9008589239509524,0.9903498089694285,0.9789609425593258,0.7313000214907396,0.934999658332885,0.8719990815326676,0.9104548210771648,0.9925376429002236,0.9838760528940694,0.90162237259517,0.991607545710662,0.9774963738872949,0.9055233666978224,0.9922498440199973,0.9792820453835499,0.9060411800372186,0.9913393301980736,0.9812567781703575,0.9739379462463128,0.9992650534550434,0.9982924181497267,0.965084107924077,0.9988581729932562,0.9976327316782115,0.9748620642193269,0.8245293491488686,0.007500576646654716,483.2206249282341,10.667700310948307,0.9665660456542999,0.06839023646614228,6.896594678003885,7.0114752958944555,5.297352838993199,0.705211550063364,0.9597952362016989,0.16524899092799447,0.1667321696627938,0.9786030468180357,1,24.0,0.008428808451905896,0.18010545760783037,0.917512401472114,0.9115983858302188,0.9324165112081684,0.977558063414424,0.9087321475121704,0.7427754746128947,0.4034597276048838,0.977558063414424,1.0,0.007569795213833494,481.0260887840111,11.047334749787288,-0.25458368613833504,5.938043244605499,A,away_HQ,0.9911044237125987,24.0,1
3.0,1.0,6.0,5,1,blend,obs,0.6033333333333334,0.8784143787029985,0.9860001842089172,0.9619744348126975,0.7379688192597468,0.9365714855722432,0.8873651289482444,0.8989113200845054,0.9901999005949709,0.9851251313185216,0.9055783973424801,0.9917684708990214,0.9795650485530415,0.9099791361597404,0.992501073550457,0.9817123060078523,0.8834177990614365,0.9871683375999939,0.9651426484257968,0.9635624885817857,0.9987779611595434,0.9965791826112526,0.9412699316243881,0.9969034207561149,0.9916140668431116,0.9636518961260409,0.8241438118202261,0.11239362276250403,90.18903681685698,10.572635075422559,0.9750438739031526,0.05874492461915887,8.46499246873434,8.646065610939955,6.399193948094552,0.7372063427971498,0.983593371693352,0.15506514653500036,0.15564230759602551,0.9780798332782497,1,24.0,0.009682324895688587,0.17015262803539755,0.9113297180619598,0.9265807413215915,0.9436690365322785,0.979554618371284,0.9030413204508936,0.6758769801255733,0.4145340053909903,0.979554618371284,1.0,0.11679444078023635,87.00184447816227,10.98595842636623,-0.24638702889620223,5.903638471371307,A,away_HQ,0.9962917469553125,24.0,1
3.0,0.0,10.0,0,1,blend,obs,0.597,0.9495201557459162,0.9973587624477626,0.995781677273751,0.7260460847046252,0.9307442636240146,0.8767054864191806,0.8722251440827702,0.9843876748887329,0.975063111014224,0.8395934704967272,0.9752631440400341,0.9502605735484762,0.8419039726844613,0.9759499117999084,0.9536799283372286,0.9566754325315586,0.9980811967265494,0.995771213098749,0.8511028356489044,0.9788816881245836,0.9723426598908884,0.8745772687229157,0.9860032169988765,0.9554606093296881,0.9532568331581248,0.8617413018043414,0.5104392730805706,21.957526691296422,6.386118298920479,0.8562574382804566,0.14368630473124383,3.7976348924198957,3.869979748621206,6.012538202709644,0.7102380111323441,0.6609788989298052,0.15265477084467255,0.1940289034358078,0.9385068269095495,1,24.0,0.02480836425166832,0.19511244847306305,0.7823938043899226,0.8973147734772717,0.9155327135268234,0.950254470474393,0.9493548698646715,0.7481819161570942,0.41743057473445977,0.950254470474393,1.0,0.49336916365817735,23.12835223963372,6.4482033700464285,0.04925911220253874,9.800006794213417,A,iso,0.7867630447912962,24.0,1
3.0,0.0,10.0,1,1,blend,obs,0.608,0.9546946304795311,0.9980120931835083,0.9997809025725359,0.7330275079501586,0.93572846951717,0.8778987286661987,0.9050318273587012,0.9914727429386507,0.984522729626881,0.852128699773735,0.979764597944569,0.9548573673956602,0.8567263620780807,0.9809667193574354,0.9591781056727743,0.9658272828502854,0.9988774380381503,0.9998510305523983,0.8635125882736044,0.9826527879678736,0.9763398861049594,0.8810657185899439,0.9882440630187737,0.962102376112808,0.938565996054058,0.8651305555593335,0.5903428449467207,20.581698576914825,6.155526161717119,0.8559440360574053,0.14138485804231254,3.6279304347900667,3.710640399683098,5.76743994874759,0.7246963396122295,0.6927573638741881,0.16352437907672612,0.21035962618804604,0.938184217794132,1,24.0,0.025128722024355572,0.204743763078082,0.7986781947265652,0.8987298787660292,0.9178432228982917,0.9548578801253058,0.9565728532481351,0.7265635615246312,0.42356611404294375,0.9565728532481351,2.0,0.5800476780524757,21.780829644600033,6.414834523686867,0.03193897573804138,9.80637714246408,A,iso,0.7773562923645213,24.0,1
3.0,0.0,10.0,2,1,blend,obs,0.6026666666666667,0.9578052453436031,0.9981761467647342,0.9979670945112679,0.7273366050448923,0.9316114984741559,0.8751938175824262,0.8847876540757906,0.9873597991496802,0.9815538659076559,0.8321470973064797,0.9736865583126124,0.948639570572923,0.8347686758450786,0.974431570702045,0.9520499394793795,0.9646219121426307,0.9987251697989469,0.9976660073571354,0.8578985498168673,0.9809722953708544,0.9755297194720245,0.8726900547011207,0.9861994353748169,0.9554805110924423,0.931304909254265,0.8782403002418282,0.04783656450752986,188.533221184875,5.536513922781495,0.8464637498515174,0.14524586782775417,3.70524895107012,3.77696845580591,5.427727120424001,0.6867491682194213,0.6453453967553757,0.1596303329845974,0.1998288901087461,0.9380659828739221,1,24.0,0.023868300739983892,0.2008718781666362,0.7946873123383339,0.8930360110274387,0.9111295381920884,0.9486479194069736,0.9893214084667342,0.7796855914587946,0.4103603262599129,0.9893214084667342,2.0,0.04454546269785858,195.76233475216407,5.621308911383157,0.041403771464045676,9.740392762210112,A,iso,0.79883510786517,24.0,1
3.0,0.0,10.0,3,1,blend,obs,0.6063333333333333,0.9488089483896673,0.9975096587170456,0.9995430198464573,0.7546002035825337,0.9467329297803228,0.8888097083674389,0.9423483720009875,0.9968408415185662,0.9937975259264242,0.8806183258663903,0.987185220434348,0.9681212641684952,0.882650704449725,0.9875545768623623,0.9705196608820739,0.9587643469027944,0.9984056563993827,0.9995374925754167,0.8755951325698114,0.9857537221853023,0.9790010441218868,0.8676654142825897,0.9856905430953236,0.9535562570566558,0.9313931959503476,0.8646430986593712,0.48949381481586524,19.200117859273657,6.160380999206211,0.8377196392021558,0.1508806187875457,3.2265842000105662,3.281554239526347,5.1418891609827675,0.7198317038497997,0.6591874960932405,0.17753652791989433,0.2236579873972557,0.9386184448597529,1,24.0,0.02547192456955214,0.21802225194705924,0.8143046241124242,0.9094799648296051,0.9297549429284171,0.96812425177884,0.9602315148464398,0.7201450556690522,0.40273757224100215,0.96812425177884,1.0,0.4942735445490072,18.901467307424728,6.1323490811454535,0.06064420775655918,9.808014213875103,A,iso,0.7937857707918939,24.0,1
3.0,0.0,10.0,4,1,blend,obs,0.598,0.9521926684415383,0.9977712295308051,0.9984304567701708,0.7313000214907396,0.934999658332885,0.8719990815326676,0.9104548210771648,0.9925376429002236,0.9838760528940694,0.8541723161947217,0.9805096409074273,0.9536874769467354,0.8582137699869696,0.9815498043627563,0.9578569531326971,0.958955789581828,0.9984109045629194,0.9979417853765077,0.8527170704281876,0.9797971586284138,0.9698486073932723,0.862204643125097,0.9840961816237576,0.9491419902747891,0.93863011296771,0.8618079730166178,0.17532325495661763,85.98713728238845,6.533621488093904,0.8476160169054394,0.14694128035005377,3.5447167647137743,3.6097833233955874,5.297352838993199,0.705211550063364,0.660940069126575,0.16524899092799447,0.20723721878889717,0.9399765856106473,1,24.0,0.023644761860005137,0.20611122506549176,0.8017466825277793,0.8928432436850541,0.9130028303173109,0.9536860416523435,0.9651277038695376,0.7282660267243153,0.4024612105748443,0.9651277038695376,2.0,0.1889036178556855,81.75747021903933,6.7662541793408835,0.044271480936789,9.75396308544371,A,iso,0.7973905068487039,24.0,1
3.0,0.0,10.0,5,1,blend,obs,0.6033333333333334,0.9435577119102673,0.996786187270469,0.9963572196118083,0.7379688192597468,0.9365714855722432,0.8873651289482444,0.8989113200845054,0.9901999005949709,0.9851251313185216,0.8724351768736776,0.9845818985905648,0.966110529847409,0.8755862425208161,0.9853094291057507,0.9692758649702944,0.9554872511770118,0.9979915788458961,0.9975314163151268,0.8790027341089338,0.9860651090076993,0.9840415304054894,0.8988329128268858,0.9908977025661012,0.9705736046423128,0.9557784766598267,0.8462343122752384,0.3714004801925851,37.25869455049603,8.284014294093415,0.8776591299503227,0.13033453520274074,4.079126796323938,4.166611703736011,6.399193948094552,0.7372063427971498,0.7162703336454175,0.15506514653500036,0.19322883696790025,0.9384803756420462,1,24.0,0.027173743614978416,0.19656094884947947,0.7888909136969248,0.9082379019910627,0.9270501269979766,0.9661108787892126,0.9014831343885642,0.6848439076023104,0.40606371689639986,0.9661108787892126,1.0,0.354249185812784,39.59183699215277,8.380849279009995,0.02093600915173228,9.766886521496751,A,iso,0.8024948499832882,24.0,1
3.0,1.0,10.0,0,1,blend,obs,0.597,0.8032630787256336,0.9631951743124716,0.9271779542190882,0.7260460847046252,0.9307442636240146,0.8767054864191806,0.8722251440827702,0.9843876748887329,0.975063111014224,0.7721663122586032,0.9503554736860967,0.9103850891419564,0.771891061644542,0.9502118755998178,0.9144680385910501,0.799304832456893,0.9616481933401825,0.9287727781951776,0.7231824903969837,0.9266943560158982,0.918312619639683,0.7176227530549334,0.9316679747974614,0.8176437979333211,0.8874032725071974,0.9189311881697508,0.9195407139136516,6.300492033031148,3.3190996780886137,0.6546137081880314,0.22015936930508043,1.5320328560585448,1.5365306101458462,6.012538202709644,0.7102380111323441,0.23486697335746454,0.15265477084467255,0.16979959619725443,0.9385068269095495,1,24.0,0.02480836425166832,0.19511244847306305,0.7823938043899226,0.8849442072843654,0.8943949450557537,0.9103855682037992,0.9337780078361462,0.8740519138603049,0.6291785910048193,0.9337780078361462,2.0,0.9301718467383032,4.269926969519462,3.227553623314443,0.4753710377748795,9.966046499372656,A,toward_HQ,0.899029056979235,24.0,1
3.0,1.0,10.0,1,1,blend,obs,0.608,0.8148204922498294,0.9683156551020499,0.9356118932847777,0.7330275079501586,0.93572846951717,0.8778987286661987,0.9050318273587012,0.9914727429386507,0.984522729626881,0.786312520065465,0.957176226242832,0.9175425387399846,0.7863842130565121,0.9571261961238849,0.9209861226166036,0.8116540826595546,0.9670884999460079,0.9366190490964322,0.7356735441515694,0.9339400532257969,0.9217180548229207,0.724082119079756,0.9357898389401549,0.8238474166771468,0.874214752757284,0.9149318578433369,0.9061081912309783,7.783405165261491,3.2587486290681587,0.6666181823606636,0.2167483283679955,1.5267346199188798,1.5372876036222338,5.76743994874759,0.7246963396122295,0.2525117781484429,0.16352437907672612,0.178454509442171,0.938184217794132,1,24.0,0.025128722024355572,0.204743763078082,0.7986781947265652,0.8883801259140094,0.8995116563822925,0.9175423701513461,0.9410077118571877,0.869740162531933,0.6348253271360021,0.9410077118571877,2.0,0.9234447703403851,5.079690612823956,3.1645220360648745,0.47218456146378657,9.963032185884591,A,toward_HQ,0.9163364915119555,24.0,1
3.0,1.0,10.0,2,1,blend,obs,0.6026666666666667,0.8110616901704479,0.9669819534396166,0.930854572840564,0.7273366050448923,0.9316114984741559,0.8751938175824262,0.8847876540757906,0.9873597991496802,0.9815538659076559,0.7704328271053993,0.9505083536171992,0.907792912945479,0.7715409014533594,0.9508627621637316,0.9126032215167668,0.8084199862297334,0.9658879500257624,0.9326299402532175,0.7386535570755486,0.9349568939267492,0.9242464203284209,0.7192711957808771,0.9340034813703094,0.8129840944285627,0.8673287116711589,0.9330559312567461,0.9374154589846155,6.006783294473865,2.9868695443116557,0.6402971784611273,0.22156098730146645,1.523015993080058,1.5373360376963596,5.427727120424001,0.6867491682194213,0.21897928293403718,0.1596303329845974,0.17869670270896604,0.9380659828739221,1,24.0,0.023868300739983892,0.2008718781666362,0.7946873123383339,0.8816828740596224,0.8905594306260539,0.9077936950139713,0.9407481562892887,0.9462019990429147,0.6709921637251195,0.9462019990429147,4.0,0.938772235064545,5.68326023184966,3.018833688819033,0.4677698852853841,9.962686547292144,A,toward_HQ,0.8933031811145332,24.0,1
3.0,1.0,10.0,3,1,blend,obs,0.6063333333333333,0.8337464151978944,0.9748842156472838,0.9418959087241014,0.7546002035825337,0.9467329297803228,0.8888097083674389,0.9423483720009875,0.9968408415185662,0.9937975259264242,0.8143687407630366,0.9682482137124484,0.929884547283235,0.8137970771239977,0.9679724718439655,0.9329878245966726,0.831277015995716,0.9740077151481789,0.9430933319313043,0.7639224252414503,0.9475575244499428,0.9328595862522844,0.7356069512084191,0.9422568917853829,0.8278245453400795,0.864902814751141,0.9176629447952287,0.9329020099579312,3.2161668723021695,3.3301607428400546,0.6588072835471286,0.2188585894647645,1.4288437952187751,1.429702004340276,5.1418891609827675,0.7198317038497997,0.2499721803661754,0.17753652791989433,0.1956408241845209,0.9386184448597529,1,24.0,0.02547192456955214,0.21802225194705924,0.8143046241124242,0.898763755849144,0.9101378595232683,0.9298844393518592,0.9603162787711678,0.8788637767581291,0.6096227441694673,0.9603162787711678,2.0,0.9369191067397001,2.922498843953263,3.212492259264207,0.4698595234836243,9.97050012438026,A,toward_HQ,0.907461562073817,24.0,1
3.0,1.0,10.0,4,1,blend,obs,0.598,0.8047555878675625,0.9648111889230777,0.9232741631567369,0.7313000214907396,0.934999658332885,0.8719990815326676,0.9104548210771648,0.9925376429002236,0.9838760528940694,0.7797826824392597,0.9547554616559021,0.9067423040459517,0.7801849084534007,0.9548230219473126,0.9109783297458318,0.8024100577759519,0.9638193875649098,0.9251620824878305,0.7390485839031401,0.9355319023009423,0.9191185585568807,0.7097863615867859,0.9295693787659567,0.8040767425506332,0.8625504493436722,0.9229250613875588,0.9335237985754087,4.469481903432239,3.1702150616167044,0.6442245295262816,0.2225521990394565,1.3738283015292108,1.3843153695930182,5.297352838993199,0.705211550063364,0.22847402789266735,0.16524899092799447,0.18108630462261877,0.9399765856106473,1,24.0,0.023644761860005137,0.20611122506549176,0.8017466825277793,0.8799896658563455,0.8901559714136119,0.9067432429464236,0.9301643369889382,0.876351524448788,0.6523622452760397,0.9301643369889382,2.0,0.9409198703372759,3.7891710368571023,3.0515595623653056,0.47673752217069665,9.976053931296395,A,toward_HQ,0.9125427307844786,24.0,1
3.0,1.0,10.0,5,1,blend,obs,0.6033333333333334,0.8331181055336749,0.9738346853242239,0.9474721200601629,0.7379688192597468,0.9365714855722432,0.8873651289482444,0.8989113200845054,0.9901999005949709,0.9851251313185216,0.7946915065694702,0.9599431121519071,0.9243213096548691,0.793742550447071,0.9595063875120291,0.9280355959330625,0.8295205704044039,0.972593135922782,0.9484642581119945,0.7502954238066157,0.940486106737506,0.9366671726662327,0.7378895547466661,0.9415064948038684,0.834933141888278,0.8831516185978313,0.9122836026960017,0.8687291824404497,11.65060554819382,3.7023663926575905,0.674272018199545,0.21459755652321155,1.7815905178529325,1.80889051582407,6.399193948094552,0.7372063427971498,0.2672969830684047,0.15506514653500036,0.17468065144653863,0.9384803756420462,1,24.0,0.027173743614978416,0.19656094884947947,0.7888909136969248,0.895984189107251,0.9061553721328721,0.9243216074544568,0.9489414010987818,0.7990170570284627,0.5507795976878183,0.9489414010987818,2.0,0.9049686361132826,6.810264163266471,3.511252633336777,0.4699093597287451,9.965027888969153,A,toward_HQ,0.8877064818049317,24.0,1
3.0,1.0,10.0,0,1,blend,obs,0.597,0.8317743341035247,0.9726185462552671,0.9214565117331318,0.7260460847046252,0.9307442636240146,0.8767054864191806,0.8722251440827702,0.9843876748887329,0.975063111014224,0.8370678162848596,0.97584784074104,0.9472690433656029,0.8475095297376456,0.9787999066334456,0.953614507291587,0.8465467421328727,0.977349004642968,0.936565796176677,0.9513355230896058,0.9976275697478465,0.9964042345910041,0.9539067895353399,0.9981186755007321,0.9950083511014112,0.9392695249254187,0.8823043722140738,0.06897142987931185,99.9385521578133,5.974871270220195,0.9849673419944128,0.043300530533237826,8.283021603929585,8.800799237270448,6.012538202709644,0.7102380111323441,1.0980915320241393,0.15265477084467255,0.1583518546875569,0.9385068269095495,1,24.0,0.02480836425166832,0.19511244847306305,0.7823938043899226,0.911128926066214,0.9226338866617338,0.9472349823516141,0.994412639108,0.7671983041382001,0.42426483392314884,0.994412639108,2.0,0.07209885397010236,97.12862773044614,6.595806289402664,-0.3878535208917953,9.66248240696712,A,away_HQ,0.9640226263587173,24.0,1
3.0,1.0,10.0,1,1,blend,obs,0.608,0.8400217824703735,0.9748402407060941,0.932917273747604,0.7330275079501586,0.93572846951717,0.8778987286661987,0.9050318273587012,0.9914727429386507,0.984522729626881,0.8605435651108058,0.9830447018775378,0.9580426429365808,0.8710390034105958,0.9854997918041093,0.9636353916547934,0.8545925925404373,0.9792654088873729,0.9462800320628149,0.9547616757020382,0.9977519169498945,0.9952059706750676,0.949308756221582,0.9975427090219923,0.9945598583612879,0.9379569967485274,0.8682238329655272,0.08996533469186281,122.61820513850317,6.952267996585285,0.9816519535445757,0.04834705108225622,7.260178555294762,7.644124867125774,5.76743994874759,0.7246963396122295,1.1076288517217112,0.16352437907672612,0.1709595039983843,0.938184217794132,1,24.0,0.025128722024355572,0.204743763078082,0.7986781947265652,0.9117736393011454,0.9265128587834078,0.9580165143991245,0.9808554897590818,0.7441402272902721,0.42019112319072294,0.9808554897590818,2.0,0.09048573937424814,121.15278595998156,7.645110311157351,-0.3829325121094817,9.687232499213474,A,away_HQ,0.9565094379208748,24.0,1
3.0,1.0,10.0,2,1,blend,obs,0.6026666666666667,0.8458790699735581,0.9767670077637153,0.9378642760568455,0.7273366050448923,0.9316114984741559,0.8751938175824262,0.8847876540757906,0.9873597991496802,0.9815538659076559,0.8447075139469875,0.9783732452926508,0.9530277064062065,0.8531482778257536,0.9806341145085182,0.9583783436190179,0.860736730141583,0.9811160645854986,0.950537874774323,0.9560416986747892,0.9978503303059925,0.9971053944305119,0.9527713194418341,0.9978655777516705,0.9948259080979552,0.9345810593815449,0.8770295782074694,0.006246194778063091,534.7097055464661,6.827561239589098,0.9805842879521294,0.049568735769140254,7.761252587293209,8.222106712873769,5.427727120424001,0.6867491682194213,1.073466821585221,0.1596303329845974,0.16060350363878037,0.9380659828739221,1,24.0,0.023868300739983892,0.2008718781666362,0.7946873123383339,0.909379872241266,0.9227495659471981,0.952962247164478,0.9899591071714732,0.8193601297538053,0.3957995983509457,0.9899591071714732,2.0,0.006412494525892861,527.5298956624187,7.295224584553518,-0.3867176533657997,9.73302292599126,A,away_HQ,0.9939405390783268,24.0,1
3.0,1.0,10.0,3,1,blend,obs,0.6063333333333333,0.836151285308676,0.9735774058237615,0.9292266311934115,0.7546002035825337,0.9467329297803228,0.8888097083674389,0.9423483720009875,0.9968408415185662,0.9937975259264242,0.9024794863593558,0.9920358359991486,0.9761873763467309,0.9140854792173696,0.9938219154317712,0.9812771380665717,0.850933845134993,0.9781627836281203,0.9434788685150779,0.9546011288324665,0.9977253700278429,0.9943098914545972,0.9388991117992208,0.9965098792293399,0.9917796431606747,0.9429341247323125,0.8463599756250151,0.10515877501146295,61.61003007555846,7.810560787924125,0.9804705156176756,0.053110028696634864,8.496214908263347,8.932003416545422,5.1418891609827675,0.7198317038497997,1.1030696310308141,0.17753652791989433,0.18005088011658374,0.9386184448597529,1,24.0,0.02547192456955214,0.21802225194705924,0.8143046241124242,0.9346832191815311,0.9488230161482019,0.9762086517702903,0.9618042338074558,0.6882438203682327,0.41842085098773485,0.9762086517702903,1.0,0.11819361807016367,55.8348539033985,8.63872033707117,-0.38323792718101446,9.706826346871434,A,away_HQ,0.9860353240425076,24.0,1
3.0,1.0,10.0,4,1,blend,obs,0.598,0.8409279681040382,0.9750881397556876,0.9383058132589238,0.7313000214907396,0.934999658332885,0.8719990815326676,0.9104548210771648,0.9925376429002236,0.9838760528940694,0.8702282554744956,0.9855789305570524,0.9605917924334496,0.8822015771937438,0.9881435527025113,0.9671823530654827,0.8559866405723314,0.9796044568306176,0.9514860894497659,0.9617812910783519,0.9984034526815964,0.9970027806815667,0.9468900939354075,0.9973397030713831,0.9939667745872467,0.943829250560653,0.856228362452768,0.006883674866884162,502.5487039297591,8.375423610637574,0.9809693635131662,0.0486218079321179,7.094718541507355,7.535798855959285,5.297352838993199,0.705211550063364,1.1006256503372263,0.16524899092799447,0.17123718745409855,0.9399765856106473,1,24.0,0.023644761860005137,0.20611122506549176,0.8017466825277793,0.9050741327532469,0.9214511720593661,0.9606703804767825,0.9559065006310467,0.7206429086661612,0.39804570695684416,0.9606703804767825,1.0,0.007034489896127756,497.4489018443626,9.35577372403973,-0.39541410027386253,9.7485908886194,A,away_HQ,0.9650298126526444,24.0,1
3.0,1.0,10.0,5,1,blend,obs,0.6033333333333334,0.8237220565411505,0.9699970248145083,0.9138898447127093,0.7379688192597468,0.9365714855722432,0.8873651289482444,0.8989113200845054,0.9901999005949709,0.9851251313185216,0.8804209582324621,0.987113406021036,0.9667909102910667,0.8914741028062987,0.989329061491762,0.9720471702859644,0.8382395663514246,0.97485663183114,0.929631507391129,0.9581733442978687,0.9982903787217747,0.99638692685625,0.9296967923251176,0.9953384119194,0.9877850984618246,0.9453523930757946,0.8506275977589642,0.08683687942194777,113.10055667339486,8.941022006238375,0.9862612006128418,0.04198139529470846,8.963398728207808,9.390505311693381,6.399193948094552,0.7372063427971498,1.1160389109915319,0.15506514653500036,0.15945238179391408,0.9384803756420462,1,24.0,0.027173743614978416,0.19656094884947947,0.7888909136969248,0.9233058303914445,0.9360575526852055,0.9667692716885384,0.9423619602895061,0.648554665237844,0.40940293303455766,0.9667692716885384,1.0,0.0910029290668065,108.08375837469971,9.863039607644199,-0.378832568194382,9.645856122302684,A,away_HQ,0.9724856084960585,24.0,1
3.0,0.0,16.0,0,1,blend,obs,0.597,0.8983748567001193,0.9893458088670342,0.9897778254050204,0.7260460847046252,0.9307442636240146,0.8767054864191806,0.8722251440827702,0.9843876748887329,0.975063111014224,0.8084202544632223,0.9654061003580402,0.9203274792089691,0.8157489219148537,0.9677915054947385,0.9324303426913153,0.9249777694684441,0.9941631432594286,0.9908234365122962,0.805247151575837,0.964027436963656,0.9564948969644469,0.7845669227789994,0.9625645877817794,0.8743509812860122,0.9056742379965765,0.8967382686255059,0.6860654595561163,14.504269679332438,4.718876807162033,0.8031197712669589,0.16133226731882938,2.798951726145645,2.9076344008848247,6.012538202709644,0.7102380111323441,0.6033629746935152,0.15265477084467255,0.2523918563231178,0.841636746435124,1,24.0,0.0638889340242366,0.2565320066686853,0.5950710510826368,0.8861675093897514,0.897264759226917,0.9203260542335717,0.9492668999069471,0.6678285075328595,0.5291038016902745,0.9492668999069471,2.0,0.7076564538985817,13.855122759191875,5.230708492757708,0.10687503643882888,15.428977847767474,A,iso,0.6048323946286145,24.0,1
3.0,0.0,16.0,1,1,blend,obs,0.608,0.8989523384912989,0.9900011910405168,0.9980033574529222,0.7330275079501586,0.93572846951717,0.8778987286661987,0.9050318273587012,0.9914727429386507,0.984522729626881,0.8164614593723034,0.96953026650908,0.9261659137328773,0.827871140198459,0.9728747287416807,0.9373082177235538,0.9284320728187561,0.9950093777387631,0.9981183819196122,0.8165266921949845,0.9686835460274376,0.9593237740706616,0.7911563227720833,0.9653006111085886,0.8847620942562766,0.8936125802788352,0.9009066294427539,0.7226774566208116,11.785485281114466,4.503829958651715,0.807844807330827,0.1553539458364105,2.7548528063686115,2.891183417702883,5.76743994874759,0.7246963396122295,0.6494741331928591,0.16352437907672612,0.2687268698269085,0.840433866490028,1,24.0,0.0648651989894688,0.2645584874528691,0.6181029406809634,0.8878047195696712,0.9000692089513405,0.9261660669242054,0.962070570526183,0.7196610069589211,0.4938114904501405,0.962070570526183,2.0,0.7426350308760656,12.362896314963862,5.215208049831569,0.07522220641937036,15.419848148561414,A,iso,0.6085151781883773,24.0,1
3.0,0.0,16.0,2,1,blend,obs,0.6026666666666667,0.8993210754244634,0.9897213989546262,0.9904919152307864,0.7273366050448923,0.9316114984741559,0.8751938175824262,0.8847876540757906,0.9873597991496802,0.9815538659076559,0.8007304669478784,0.9635750526227908,0.9152032563889744,0.8051962961875299,0.9649144565228286,0.9257293598519964,0.9241971999721704,0.9941957850491066,0.9912693992040453,0.8108815578505092,0.9663179855249615,0.9593316137327486,0.7838938472494237,0.9625950297143713,0.8744976712078535,0.8824624951023476,0.91170390279876,0.18449304113189352,88.00502409062672,4.251318635876464,0.8036933632030646,0.15780482754519776,2.8336373870006315,2.9452127994998607,5.427727120424001,0.6867491682194213,0.5991376653953462,0.1596303329845974,0.2549217214601286,0.8406892600352163,1,24.0,0.0613956082462437,0.26038441557327274,0.6130564021396936,0.8823778509760424,0.892342499788044,0.9151942357903106,0.965253913942486,0.8087148377954423,0.577007173180468,0.965253913942486,2.0,0.15550164191406915,97.98931310032995,4.128046806173756,0.08761150282407523,15.35674449720232,A,iso,0.6261935313721966,24.0,1
3.0,0.0,16.0,3,1,blend,obs,0.6063333333333333,0.8929860808453859,0.9889078001361733,0.9958246310115524,0.7546002035825337,0.9467329297803228,0.8888097083674389,0.9423483720009875,0.9968408415185662,0.9937975259264242,0.8452341175579816,0.9790483351531543,0.9411544479387733,0.853236443683852,0.9809521601828342,0.950352275096954,0.9189603339054543,0.9937418270253568,0.9957543343200272,0.8310477718380744,0.9736692320541427,0.9634218916198969,0.7717923531194828,0.9587401164992628,0.8605091752873084,0.8879321944634111,0.8957394849244015,0.691852369358691,11.440792910949872,4.919222166154736,0.7922898709128733,0.1651039954373172,2.4667489344403655,2.557744810384662,5.1418891609827675,0.7198317038497997,0.5971751657222434,0.17753652791989433,0.2802858027254216,0.8419292115551749,1,24.0,0.06559571830196562,0.27659605210297594,0.641862118313236,0.8989081490454702,0.9114064718644623,0.941159919018608,0.9772152561784214,0.7313453630577589,0.48653797616377203,0.9772152561784214,2.0,0.7056701193453434,11.020200798850391,5.0106628730024125,0.12265653812755631,15.440030932560273,A,iso,0.6334124889437077,24.0,1
3.0,0.0,16.0,4,1,blend,obs,0.598,0.8976901397627621,0.9897644677744779,0.993821678597798,0.7313000214907396,0.934999658332885,0.8719990815326676,0.9104548210771648,0.9925376429002236,0.9838760528940694,0.8150694497914743,0.9690070917366004,0.9176490058941731,0.8240972514860232,0.9717612469981629,0.9301091153055902,0.9220707337109153,0.9942109820598509,0.9933791608144348,0.8069036602816743,0.9651865840525683,0.9527309706562705,0.7738184826634826,0.9593776603381649,0.8621554808701979,0.8888184957360052,0.893141705761986,0.37356799513799877,45.414040158704616,4.9327311901880115,0.7993842567171574,0.1626492804681817,2.667691068686035,2.760489166239301,5.297352838993199,0.705211550063364,0.6083512678981315,0.16524899092799447,0.26516063408324503,0.8453410653036355,1,24.0,0.06092411965598385,0.265400289357961,0.6226405831272981,0.881145264202435,0.8928864743255314,0.9176436087767885,0.9439472271435887,0.7179624085540675,0.4738103039714626,0.9439472271435887,2.0,0.44550131127712306,39.67697351905513,5.092785313658068,0.09686028216523232,15.40561774594133,A,iso,0.6232033329506819,24.0,1
3.0,0.0,16.0,5,1,blend,obs,0.6033333333333334,0.8976090280515655,0.9892841136215516,0.9934517176017978,0.7379688192597468,0.9365714855722432,0.8873651289482444,0.8989113200845054,0.9901999005949709,0.9851251313185216,0.8379701781494137,0.9754995296018129,0.9384466498782774,0.8422581906289346,0.9766818638894686,0.9483177366901,0.9271867740393066,0.9944689106752894,0.995874249261998,0.8321424409956789,0.9733803479504827,0.9700356665463992,0.8072666821559865,0.970156807753867,0.902513702413103,0.9080273552602783,0.8801323161075676,0.4379378176147705,37.031145690777215,6.050485451520547,0.8289860253493663,0.14769085719821926,3.075919757964208,3.212392988012985,6.399193948094552,0.7372063427971498,0.6730872757445725,0.15506514653500036,0.2454217137900938,0.8419513151372037,1,24.0,0.0698114542468087,0.2563625039266912,0.6048667186498632,0.8980179266629968,0.910111565738133,0.9384377267217638,0.9460300739451868,0.6287613654987986,0.5218246936159318,0.9460300739451868,2.0,0.5620510447211757,22.36850377177409,5.900434294682778,0.06411906705257724,15.360468843333475,A,iso,0.6318314061958906,24.0,1
3.0,1.0,16.0,0,1,blend,obs,0.597,0.7259153202814262,0.9305254418103781,0.8403026425750105,0.7260460847046252,0.9307442636240146,0.8767054864191806,0.8722251440827702,0.9843876748887329,0.975063111014224,0.7202734825926004,0.9275239556831982,0.8352760763332288,0.720867530301448,0.9269853362619731,0.8534774186473503,0.7272247898114692,0.930336179666318,0.8599274812907066,0.6826982159616061,0.9036765038378234,0.8999045787182783,0.6226932004470797,0.8867178739986549,0.6121332213284141,0.8036607292505411,0.924437552520786,0.7776900794334349,18.95959867264248,4.097249866640423,0.6279841445994794,0.22618341214050136,0.2062687471887333,0.0848318789464578,6.012538202709644,0.7102380111323441,-0.035941085419063545,0.15265477084467255,0.194248188683803,0.841636746435124,1,24.0,0.0638889340242366,0.2565320066686853,0.5950710510826368,0.8683748133949278,0.860248140681407,0.8352749245540524,0.7216460445567452,0.26367755749476823,0.15286052484086898,0.8683748133949278,0.25,0.9495932353340953,6.2774361388021305,3.1895983787039492,0.7461790965514076,15.837250241990796,A,toward_HQ,0.7858748741959382,24.0,1
3.0,1.0,16.0,1,1,blend,obs,0.608,0.7368488684400663,0.9376307628149931,0.8535476285447371,0.7330275079501586,0.93572846951717,0.8778987286661987,0.9050318273587012,0.9914727429386507,0.984522729626881,0.7307823582081523,0.9344836125625537,0.8451203538536477,0.7325812937918996,0.9344476826676177,0.8613107889629337,0.7388264341978604,0.937679558612394,0.8701380664381704,0.695081848848776,0.9119112554144487,0.9010416490825811,0.6250633906327564,0.8888660458690363,0.6176113855137142,0.7969098484864372,0.9289337922943183,0.5449924066862922,37.24069164821319,3.843163010178769,0.6367210809762502,0.22380958031244313,0.24500919829652243,0.13551017303356838,5.76743994874759,0.7246963396122295,-0.018558031217444315,0.16352437907672612,0.20163415130861462,0.840433866490028,1,24.0,0.0648651989894688,0.2645584874528691,0.6181029406809634,0.8707970655160192,0.8648443958222876,0.8451193749060067,0.7446121997541232,0.3479882652671635,0.17131514387197166,0.8707970655160192,0.25,0.9009533494185537,11.79941932208665,3.100288292096033,0.7432543708296738,15.844829166666358,A,toward_HQ,0.8109954490122115,24.0,1
3.0,1.0,16.0,2,1,blend,obs,0.6026666666666667,0.7329006140701841,0.9361737109076308,0.8422169809682818,0.7273366050448923,0.9316114984741559,0.8751938175824262,0.8847876540757906,0.9873597991496802,0.9815538659076559,0.7228904909700613,0.9309797672444848,0.838244141377154,0.7275031522657612,0.9321848907770891,0.8558036047129972,0.7383962126348261,0.9374537327286142,0.8630558470202822,0.6950732851092315,0.9111359762838105,0.9036805075613391,0.6218188043775146,0.8874200834666245,0.6094308507321733,0.7894705458067575,0.9316378762310694,0.8780189475289804,8.650300870876269,3.659791958854806,0.6272330377294055,0.2242019084817871,0.4662873677276026,0.39690964864663797,5.427727120424001,0.6867491682194213,-0.045481554896841525,0.1596303329845974,0.20353977390553885,0.8406892600352163,1,24.0,0.0613956082462437,0.26038441557327274,0.6130564021396936,0.8658376492260362,0.8593847810707241,0.8382441586770447,0.7408322288585488,0.30044393244906453,0.42340153069397823,0.8658376492260362,0.25,0.9563551782571453,4.006544931494429,3.0028298953164114,0.7322307231162628,15.805568006930079,A,toward_HQ,0.7842709556053675,24.0,1
3.0,1.0,16.0,3,1,blend,obs,0.6063333333333333,0.7533129270719652,0.9464040589186996,0.8586907008647013,0.7546002035825337,0.9467329297803228,0.8888097083674389,0.9423483720009875,0.9968408415185662,0.9937975259264242,0.7485575488787835,0.9440526964905152,0.852615667031703,0.7520847208284245,0.9446064657788624,0.8685956492271453,0.758181467454831,0.9475148518484334,0.8765263792962478,0.7218045799671597,0.9270779612451849,0.9136990403303322,0.629903121615962,0.8916378798862191,0.6127259630800358,0.7851674346000299,0.9250335621849666,0.9168432788436319,4.673723835716561,4.111483362087464,0.6439890999092746,0.22450863203656357,0.238942337374318,0.15666456444304963,5.1418891609827675,0.7198317038497997,-0.01885728607347603,0.17753652791989433,0.219526724811065,0.8419292115551749,1,24.0,0.06559571830196562,0.27659605210297594,0.641862118313236,0.881270732379945,0.8748241055869757,0.8526136362375564,0.7316867848612775,0.30317371585233494,0.1283832726913975,0.881270732379945,0.25,0.9567124760600848,2.833427176170036,3.332594855764801,0.7386889899232758,15.869796301390245,A,toward_HQ,0.8087239859870847,24.0,1
3.0,1.0,16.0,4,1,blend,obs,0.598,0.7246467955391214,0.9322248936795634,0.8336190230787187,0.7313000214907396,0.934999658332885,0.8719990815326676,0.9104548210771648,0.9925376429002236,0.9838760528940694,0.7180453969010869,0.9290033006083935,0.8213044392007228,0.7239360502433269,0.9304150769524564,0.843663610079395,0.7310381328799473,0.9339970708978851,0.8551443808109579,0.699507509225824,0.9143226274825792,0.9004648189794958,0.6100825826162602,0.8800420786978692,0.5879085379094159,0.7805026664289636,0.9159796486852667,0.7939440055737884,16.298196758644444,4.529763147473864,0.6418751652366188,0.22569479409059692,0.10844823562344515,0.020243063155114236,5.297352838993199,0.705211550063364,-0.04161404935407953,0.16524899092799447,0.20521524501066207,0.8453410653036355,1,24.0,0.06092411965598385,0.265400289357961,0.6226405831272981,0.8613404781149815,0.8516270505028756,0.8213021477802597,0.6739998891626834,0.2068583027310117,0.055978364445675055,0.8613404781149815,0.25,0.9361741368626774,6.724340671453883,3.3333566020784673,0.7468255994174434,15.834430332554817,A,toward_HQ,0.8052471487652336,24.0,1
3.0,1.0,16.0,5,1,blend,obs,0.6033333333333334,0.755572959390854,0.9452426800857815,0.8671748018610282,0.7379688192597468,0.9365714855722432,0.8873651289482444,0.8989113200845054,0.9901999005949709,0.9851251313185216,0.7416077516628704,0.9385880687757394,0.8539720289717724,0.7448034082968236,0.9393151118972677,0.8722650575965635,0.7573279919309345,0.94522902306759,0.8839248684666442,0.702038115276227,0.9151170455160699,0.9153399307578028,0.6256708393605335,0.889167969419083,0.6097516468289877,0.801231179864585,0.9231848365849666,0.17118131281924923,92.08045537573463,3.807015530190405,0.6355501648173081,0.22329675951632252,0.5816616666656598,0.5144734057250706,6.399193948094552,0.7372063427971498,-0.004568484791858618,0.15506514653500036,0.20081471308671406,0.8419513151372037,1,24.0,0.0698114542468087,0.2563625039266912,0.6048667186498632,0.8800435399957367,0.8740565991187005,0.8539715560990375,0.7502019739697678,0.273220268995192,0.28258552133102854,0.8800435399957367,0.25,0.7827157537783986,20.838337228992668,3.0033329952932175,0.7417748275890085,15.873673061503677,A,toward_HQ,0.7721802060790312,24.0,1
3.0,1.0,16.0,0,1,blend,obs,0.597,0.7648220399368577,0.9462211607610822,0.8258875803972913,0.7260460847046252,0.9307442636240146,0.8767054864191806,0.8722251440827702,0.9843876748887329,0.975063111014224,0.7959668759416034,0.962159041482696,0.9205501093639185,0.824296542629863,0.9719510960461994,0.9372437716666127,0.8007150750918922,0.9615546740441734,0.8877562089778518,0.9328849147347471,0.9954285384929112,0.9964820121852123,0.9526263349517736,0.9974940283564978,0.9926447816417042,0.8978750144227841,0.9251996218058468,0.048086976894060655,133.9292108643017,3.8295597469499194,0.9918986532700262,0.02786246212871987,7.811430265724755,8.94980197598925,6.012538202709644,0.7102380111323441,1.2483705469304613,0.15265477084467255,0.1676210649118961,0.841636746435124,1,24.0,0.0638889340242366,0.2565320066686853,0.5950710510826368,0.9009837758496515,0.9079719468240787,0.9206206235124998,0.9605246799167056,0.9501888722191354,0.6409267767590877,0.9605246799167056,2.0,0.039880404190325874,151.61323077241966,5.602405475107765,-0.5381325357981173,14.883607077428842,A,away_HQ,0.9107135247285892,24.0,1
3.0,1.0,16.0,1,1,blend,obs,0.608,0.7759093607555926,0.9508329214759289,0.8508108233750318,0.7330275079501586,0.93572846951717,0.8778987286661987,0.9050318273587012,0.9914727429386507,0.984522729626881,0.8219843071313,0.9722915392627833,0.9349383309427752,0.8442023858600576,0.9788666794587861,0.948119869019262,0.810845011678805,0.9649795295645673,0.9050618229294767,0.9377367815627564,0.9958717044504045,0.995150247206202,0.9407138141815868,0.9963442825724524,0.9902598819955976,0.9001202827622691,0.9073465764172188,0.07475326333605298,142.60765859317127,4.77414035668581,0.9893679511278196,0.03305702719994177,7.087304799098439,7.801268697029006,5.76743994874759,0.7246963396122295,1.2572757677525526,0.16352437907672612,0.1801450211593154,0.840433866490028,1,24.0,0.0648651989894688,0.2645584874528691,0.6181029406809634,0.903413455666267,0.9136886641789931,0.93489117748077,0.9937480013680429,0.7756350942375814,0.4621506332332269,0.9937480013680429,2.0,0.06364764225898287,154.13060641726508,6.15643518959321,-0.5325794281403232,14.901726628261487,A,away_HQ,0.9077374330102055,24.0,1
3.0,1.0,16.0,2,1,blend,obs,0.6026666666666667,0.7781752256987988,0.9518890597601424,0.8555849646143301,0.7273366050448923,0.9316114984741559,0.8751938175824262,0.8847876540757906,0.9873597991496802,0.9815538659076559,0.8043899609477781,0.9656045284523879,0.9252492801453104,0.8229033670356878,0.9718893380400807,0.9373751734734062,0.8146214550199256,0.9665041447251024,0.9101976566668188,0.9342527018322836,0.9956689902848683,0.9969022873998103,0.9370515427829725,0.995911725444826,0.9876928944805229,0.8920782803418206,0.9186822657695075,0.005530405858344737,569.5218966286019,4.45603787839842,0.989791363514878,0.03232093579648794,8.141021721102309,9.241239295844757,5.427727120424001,0.6867491682194213,1.2250713815416852,0.1596303329845974,0.16617018925606983,0.8406892600352163,1,24.0,0.0613956082462437,0.26038441557327274,0.6130564021396936,0.903337658222523,0.9104464667203087,0.9253188067216969,0.9848557883928005,0.8009316828994663,0.4831768258207835,0.9848557883928005,2.0,0.005842820557687277,553.5147212911845,5.364776113543792,-0.5383222133222635,15.033378838973935,A,away_HQ,0.9606436250644546,24.0,1
3.0,1.0,16.0,3,1,blend,obs,0.6063333333333333,0.7693720265712161,0.9480358536982568,0.8420684295676321,0.7546002035825337,0.9467329297803228,0.8888097083674389,0.9423483720009875,0.9968408415185662,0.9937975259264242,0.8691474791618526,0.9856589333647359,0.9586102831757322,0.8983423314386879,0.9914158903226011,0.9736598545740659,0.8051284556394931,0.9628548848082773,0.9003501493125536,0.9443900088915892,0.9966923129018603,0.9954844815113785,0.9274598577193445,0.9946456477238821,0.9857040239301934,0.9114826784239562,0.8805818349096218,0.0702000351223615,85.55903405948438,6.442447991812927,0.9899387358669124,0.034772363717866385,8.607873657485046,9.676192447433346,5.1418891609827675,0.7198317038497997,1.253083908773484,0.17753652791989433,0.1867493879929209,0.8419292115551749,1,24.0,0.06559571830196562,0.27659605210297594,0.641862118313236,0.9274840666334386,0.937434465376754,0.9586836946429194,0.9959477793822445,0.6977678799015795,0.45170046689572907,0.9959477793822445,2.0,0.08876032094810098,69.75228980432512,8.625598611300509,-0.5332522049236844,14.959502477372274,A,away_HQ,0.9506672542703283,24.0,1
3.0,1.0,16.0,4,1,blend,obs,0.598,0.7709883785667038,0.9487034482547068,0.8507539650342049,0.7313000214907396,0.934999658332885,0.8719990815326676,0.9104548210771648,0.9925376429002236,0.9838760528940694,0.8264563954982074,0.9739631118504077,0.9334382832114709,0.8515624202980585,0.9810798542010662,0.9487165893115488,0.807815984415373,0.9638165987655871,0.9085573695833128,0.9408867083142824,0.996523930783765,0.9959768077424174,0.9294081454107332,0.9949447488090976,0.9855750585390759,0.9010458117065115,0.9001736470984797,0.006186469349831073,529.1632019299507,5.556839269817887,0.9896152829313114,0.031149799006628554,7.119754417266684,7.720997971181635,5.297352838993199,0.705211550063364,1.2572380929257685,0.16524899092799447,0.17979284360414569,0.8453410653036355,1,24.0,0.06092411965598385,0.265400289357961,0.6226405831272981,0.8969005721221359,0.9079582653622468,0.9335202485979865,0.9974936606204413,0.7212943872504912,0.41484743485725617,0.9974936606204413,2.0,0.006738416457337636,500.29513830074944,7.311163836465144,-0.5520265428624047,15.075455903417216,A,away_HQ,0.919107722061659,24.0,1
3.0,1.0,16.0,5,1,blend,obs,0.6033333333333334,0.7608056104974051,0.9445373639545664,0.8223495210537998,0.7379688192597468,0.9365714855722432,0.8873651289482444,0.8989113200845054,0.9901999005949709,0.9851251313185216,0.8446898262874418,0.9784601868163756,0.9479400989272156,0.8672675142251111,0.9842585609834722,0.9598975245428907,0.7953017515791492,0.9594788626999524,0.8820963800974886,0.9501118793080111,0.997472217659162,0.9989291200418822,0.9256836256978478,0.9940828740280603,0.9832194181813251,0.9168665332602383,0.8875792979968378,0.05265512597560286,162.6096028871621,6.829407063392213,0.9926387018895957,0.02766629213472776,8.803727183546695,9.92088300660796,6.399193948094552,0.7372063427971498,1.2619086719102435,0.15506514653500036,0.16841079905245548,0.8419513151372037,1,24.0,0.0698114542468087,0.2563625039266912,0.6048667186498632,0.9167529962065742,0.9252129189375312,0.9479482707698033,0.9893236844748667,0.6285953550117039,0.40622697233486316,0.9893236844748667,2.0,0.05998263938311701,146.56853327564806,8.399884425781416,-0.5247023291130938,14.815918456187783,A,away_HQ,0.9207553637145424,24.0,1
3.0,0.0,25.0,0,1,blend,obs,0.597,0.81991971445062,0.9679655440524298,0.9719832912172539,0.7260460847046252,0.9307442636240146,0.8767054864191806,0.8722251440827702,0.9843876748887329,0.975063111014224,0.7778344392295203,0.9568607344949599,0.8814990326267704,0.7919195985767492,0.9613735423548919,0.9033214220023768,0.8887775837064701,0.9878572352954459,0.982127126200107,0.7477377268877751,0.9396678512583365,0.9334014406988071,0.6909630273627613,0.9228328986511275,0.7084991296530709,0.8499694938468282,0.8975443596785472,0.40691845084290595,33.18358372517842,4.648413283686179,0.7858073106087371,0.16195898162499317,2.1821494230199616,2.308905560399662,6.012538202709644,0.7102380111323441,0.5038541930171755,0.15265477084467255,0.36139714949894275,0.6288229421129916,1,24.0,0.14974500730965637,0.3679909484459042,0.41483295034663953,0.876782457263567,0.8784956223615104,0.8814987814132194,0.853368477170362,0.4350160688774831,0.5795632443627476,0.8814987814132194,1.0,0.7415388091537658,10.800384939785735,4.845745714685739,0.20638381811516843,23.482485455521466,A,iso,0.42240170144208383,24.0,1
3.0,0.0,25.0,1,1,blend,obs,0.608,0.8166818631146079,0.967390899315987,0.9863368865791692,0.7330275079501586,0.93572846951717,0.8778987286661987,0.9050318273587012,0.9914727429386507,0.984522729626881,0.7844089119817577,0.9602619964066021,0.8884839502204173,0.7998731656597916,0.9650527722186493,0.9088773474325692,0.8886780164280838,0.9881115860172937,0.9918713802595084,0.7593102884527193,0.9459455996989017,0.9340518895129996,0.6992669382137342,0.9280686655683296,0.7320951414333364,0.844290482989312,0.9046682114558082,0.586638160348759,23.803587507322128,4.59618032854397,0.8012234361946533,0.15398040091269086,2.28190728409745,2.433347955684435,5.76743994874759,0.7246963396122295,0.5668075831556616,0.16352437907672612,0.37525976637730996,0.6244914407080839,1,24.0,0.15264791397102243,0.37339147038374754,0.4379435312452809,0.8786404076417205,0.8818136152712361,0.8884809648774334,0.8706486300933722,0.5890466578056571,0.5831132929710423,0.8884809648774334,1.0,0.7769713741636545,9.41386385752905,4.604336764617902,0.1578887564565679,23.367182065253544,A,iso,0.43576315322945747,24.0,1
3.0,0.0,25.0,2,1,blend,obs,0.6026666666666667,0.812780214942428,0.9653531641427967,0.9591999880351734,0.7273366050448923,0.9316114984741559,0.8751938175824262,0.8847876540757906,0.9873597991496802,0.9815538659076559,0.7697824067487693,0.9539340867690044,0.8775619990161411,0.7819055060630943,0.9575747240577475,0.8981955384837274,0.8809271012373365,0.9860966145078779,0.9780711740008964,0.7509508443346081,0.9414406370170517,0.9344045012307616,0.6960058100862992,0.926501181086664,0.727613022822791,0.8321612689516317,0.9137574695715807,0.27752904171241993,58.99237352202325,4.1540026314524106,0.7954829764803706,0.15412587621579613,2.2855705643718136,2.4018309801112503,5.427727120424001,0.6867491682194213,0.5169335550832751,0.1596303329845974,0.3572145821165708,0.6260728964906531,1,24.0,0.1441050488170937,0.3685426646390416,0.43313935753121735,0.8739715355239911,0.8755807645639698,0.8775611983195285,0.8702991993646418,0.6915300175225239,0.6119885772711388,0.8775611983195285,1.0,0.2472472820149692,72.42273830476474,3.8433279987336775,0.16981561313614624,23.370994062722428,A,iso,0.4468751864460695,24.0,1
3.0,0.0,25.0,3,1,blend,obs,0.6063333333333333,0.8083681012436477,0.9647906533265309,0.9755676468066294,0.7546002035825337,0.9467329297803228,0.8888097083674389,0.9423483720009875,0.9968408415185662,0.9937975259264242,0.8024698216607176,0.9678540595524855,0.8989580949767428,0.8174716680669554,0.9717195127016086,0.9185321079715741,0.876308512476083,0.9857187000069614,0.9853574503005237,0.7771030160605762,0.9539704837129609,0.941597488455349,0.6832779418512759,0.9196534186970697,0.6909271057977519,0.8333936318216517,0.8952707872366061,0.7072236787131637,16.227957649811994,5.112016389270998,0.7805360576732849,0.16525211629927528,1.9040295137178953,2.01805022072167,5.1418891609827675,0.7198317038497997,0.4899927418694092,0.17753652791989433,0.38360859242713746,0.629939725850695,1,24.0,0.1535664478976075,0.382754642632074,0.46383899277886165,0.888979228168122,0.8920232741002915,0.898958255663951,0.9241671017579244,0.8907126345142272,0.5981602275424628,0.9241671017579244,2.0,0.8075259863947645,7.7823522223251045,4.322047949359138,0.22983896198039053,23.442487043552276,A,iso,0.4628064423599051,24.0,1
3.0,0.0,25.0,4,1,blend,obs,0.598,0.8156572365667834,0.967426878976445,0.9734229694716708,0.7313000214907396,0.934999658332885,0.8719990815326676,0.9104548210771648,0.9925376429002236,0.9838760528940694,0.7736698782816475,0.9569195789539522,0.8726082254251701,0.7902189145745908,0.9614670628639667,0.897393298367099,0.8821908182937219,0.987100848026535,0.9828682152584449,0.7510328432168187,0.9418812496299486,0.9286545159266923,0.6846875831594175,0.9209713242400854,0.7035737675506764,0.8326133721284861,0.8989392266566546,0.47462051854170706,29.53121754418602,4.7130016206501795,0.7819826453019186,0.16394414501183427,2.054420235933794,2.152949005993129,5.297352838993199,0.705211550063364,0.5124390295249155,0.16524899092799447,0.37171457105341016,0.6359555390781018,1,24.0,0.14340644684283615,0.374241561302102,0.4415570263041929,0.8706140342211556,0.8719013266511366,0.8726081566919547,0.8418257656180108,0.5138391399802138,0.5991502080414677,0.8726081566919547,1.0,0.6430931611656857,21.917744131772622,4.052572287168177,0.19277252053844846,23.508231548267034,A,iso,0.44455881957947385,24.0,1
3.0,0.0,25.0,5,1,blend,obs,0.6033333333333334,0.8253736569969893,0.9696659240043177,0.9854616979303252,0.7379688192597468,0.9365714855722432,0.8873651289482444,0.8989113200845054,0.9901999005949709,0.9851251313185216,0.7966826117653116,0.9632237061728597,0.8997222705748612,0.8150393933381642,0.9686222462333285,0.9221495392579453,0.8945719356393894,0.9887484846406336,0.9918661256418093,0.771560853501858,0.9508503835169922,0.9480277771156735,0.7074386040467868,0.9315580360626481,0.7480730225106876,0.8518083021804038,0.9003887741892312,0.07879359078003705,112.2947986672904,4.463375538146158,0.8025437578346255,0.15301588176016295,2.354161097260315,2.5372348993781633,6.399193948094552,0.7372063427971498,0.5913652493323196,0.15506514653500036,0.3434039529256217,0.6306106621607727,1,24.0,0.1631624260601008,0.3646518446455857,0.42524163475907295,0.8883654552620742,0.8920754440584857,0.8997228862720076,0.9090398403856409,0.7275952400394939,0.5889773150778377,0.9090398403856409,2.0,0.4839770549660124,30.267378605957145,4.90450263376806,0.14584109346483015,23.277170426205306,A,iso,0.4515531787387029,24.0,1
3.0,1.0,25.0,0,1,blend,obs,0.597,0.647070954167585,0.8982189887492242,0.6891173562992455,0.7260460847046252,0.9307442636240146,0.8767054864191806,0.8722251440827702,0.9843876748887329,0.975063111014224,0.6857051620619558,0.9169142581078431,0.7807960798607099,0.682806618279665,0.913083558852684,0.7973396094388899,0.6767897870305963,0.9089127477819874,0.7914466946893356,0.6695238255294795,0.8956507650516701,0.8943124910744668,0.5812730979971079,0.8566352702739763,0.47159891252237146,0.7501197484620803,0.8673009556003306,0.15803051315569402,76.83730160011716,5.545113681761745,0.7429651243073192,0.18646203518966262,-0.06805923938599819,-0.45343033643444525,6.012538202709644,0.7102380111323441,-0.3640929909155005,0.15265477084467255,0.2531267380973489,0.6288229421129916,1,24.0,0.14974500730965637,0.3679909484459042,0.41483295034663953,0.8596207222286637,0.8413207349702008,0.7807926954436477,0.43241925384628377,0.0020315274841789664,0.16060607084282585,0.8596207222286637,0.25,0.6635689504877039,18.37844540076514,4.8161883744662815,1.0743310020478445,24.23170703680757,A,toward_HQ,0.6030764351175091,24.0,1
3.0,1.0,25.0,1,1,blend,obs,0.608,0.6540503111181816,0.9030300879732324,0.7000679490898692,0.7330275079501586,0.93572846951717,0.8778987286661987,0.9050318273587012,0.9914727429386507,0.984522729626881,0.6934860280500261,0.9217359112209771,0.7924320630723394,0.6894842984867333,0.9173127291258928,0.8038450899738333,0.6844372207324032,0.9143461255223292,0.7971727420189155,0.6802178661564915,0.9031999289943611,0.8929922092402339,0.581598324103884,0.8583329715236179,0.4824958127856191,0.7466210745333758,0.8842971308577947,0.28372866865686,48.60738970933099,4.662843010891406,0.7424879628386443,0.1860242223129156,0.03101982953643345,-0.44320933840880294,5.76743994874759,0.7246963396122295,-0.349737879353105,0.16352437907672612,0.25797362664140877,0.6244914407080839,1,24.0,0.15264791397102243,0.37339147038374754,0.4379435312452809,0.8614086271266973,0.8446589767362636,0.7924350665363274,0.5262849457037982,-0.001860923885800818,0.20984066270666857,0.8614086271266973,0.25,0.7884313274352235,12.573161264260134,4.220695861546385,1.0744342189653344,24.313504461885454,A,toward_HQ,0.6338802194847228,24.0,1
3.0,1.0,25.0,2,1,blend,obs,0.6026666666666667,0.6466108010884357,0.8992692859757534,0.6812742093804252,0.7273366050448923,0.9316114984741559,0.8751938175824262,0.8847876540757906,0.9873597991496802,0.9815538659076559,0.6883290932393324,0.9189099665587608,0.7849365953167902,0.6870252330034059,0.9161923656184108,0.8004355303284615,0.683222188302802,0.9140272034800285,0.7901898162894762,0.6756489480754406,0.8995146108085519,0.8942108091299412,0.5817356467169278,0.859534326211524,0.49120916437405077,0.7393015869439978,0.8744102516713033,0.22476690733436958,71.12329941279745,5.261110838502897,0.751093202470749,0.18368854266382253,0.2730219251608575,-0.0747560256780652,5.427727120424001,0.6867491682194213,-0.3677358154256968,0.1596303329845974,0.2603452774691498,0.6260728964906531,1,24.0,0.1441050488170937,0.3685426646390416,0.43313935753121735,0.8583646234947523,0.8412971851213699,0.7849319872924243,0.46035105741339843,-0.05922473771191556,0.24387822784398594,0.8583646234947523,0.25,0.6141741082955429,27.63660446098081,4.8214326655512405,1.0544849836451182,24.20729548276287,A,toward_HQ,0.6131485638471516,24.0,1
3.0,1.0,25.0,3,1,blend,obs,0.6063333333333333,0.6629801687202408,0.9082722459164922,0.7007507546131146,0.7546002035825337,0.9467329297803228,0.8888097083674389,0.9423483720009875,0.9968408415185662,0.9937975259264242,0.6950606586056439,0.9245497057245257,0.7754435551874254,0.6985391978582912,0.9239568993143936,0.7976259823719994,0.7012154473255674,0.9243573079406301,0.8048944918635667,0.7041308066427706,0.9176618432152045,0.9057100484777795,0.5852428288791625,0.8608931450736909,0.4787372892753884,0.7219946392008724,0.8613114368403298,0.5549125014028408,24.33680896303952,6.345232117850477,0.7473614434892952,0.18690096008571497,-0.13075638896118566,-0.5102697539720922,5.1418891609827675,0.7198317038497997,-0.3444488825847995,0.17753652791989433,0.2734933413206226,0.629939725850695,1,24.0,0.1535664478976075,0.382754642632074,0.46383899277886165,0.869755461216315,0.8488349982990132,0.7754684026710981,0.34611559075168125,-0.06494972527424771,0.15664991604466605,0.869755461216315,0.25,0.813738986974179,8.68403441078942,5.29545928954089,1.0642805864345992,24.41276884947759,A,toward_HQ,0.6491438770049035,24.0,1
3.0,1.0,25.0,4,1,blend,obs,0.598,0.6390715088075134,0.8950281492165334,0.6715244697243588,0.7313000214907396,0.934999658332885,0.8719990815326676,0.9104548210771648,0.9925376429002236,0.9838760528940694,0.6763060138332273,0.9147317689408182,0.7531141667351557,0.6784109902518765,0.9129689843313185,0.7790863026988869,0.6767506213635163,0.9107936752893934,0.7827275462199345,0.6827220977607302,0.904592600451553,0.8928641323426558,0.5692501842959825,0.8503425100191566,0.46041139410010173,0.725643789190775,0.8526992160323584,0.4782847481218448,30.203032860466905,6.457119953924062,0.7551297303893021,0.1853383509851314,-0.0772811412127484,-0.47601692116839006,5.297352838993199,0.705211550063364,-0.36830238077856947,0.16524899092799447,0.2640020872577558,0.6359555390781018,1,24.0,0.14340644684283615,0.374241561302102,0.4415570263041929,0.8514683057659619,0.8292244528033821,0.7531070537035192,0.31644154019957205,-0.1348511253202074,0.11345765062789304,0.8514683057659619,0.25,0.781141692924909,12.24122625655988,5.07992831539299,1.0735139308419333,24.28303122999072,A,toward_HQ,0.6259381986122529,24.0,1
3.0,1.0,25.0,5,1,blend,obs,0.6033333333333334,0.6634899470408067,0.9078819530678919,0.7062351071109544,0.7379688192597468,0.9365714855722432,0.8873651289482444,0.8989113200845054,0.9901999005949709,0.9851251313185216,0.7016844064594439,0.9252930442088386,0.7908229159026782,0.7040086054486145,0.9240656717374758,0.8130429372979342,0.7007781309839265,0.9220855930665454,0.8100293442106694,0.682093971962615,0.9034923698588421,0.9052138610130235,0.5775100824177699,0.8557964395341583,0.4602609342919994,0.7428797035697634,0.8592473325003451,0.018577921638044625,271.34517273306074,5.883331225222146,0.7495018338827243,0.18422197844180793,0.32042924088058894,-0.01272247897630182,6.399193948094552,0.7372063427971498,-0.3372366092273804,0.15506514653500036,0.2587998847945528,0.6306106621607727,1,24.0,0.1631624260601008,0.3646518446455857,0.42524163475907295,0.8713785912351185,0.8539702203231834,0.7908208797283778,0.37365467292961835,-0.07045057956597417,0.17853477051510291,0.8713785912351185,0.25,0.24769979741401163,72.40116554722033,4.949142999694164,1.0744429520245304,24.436817364731155,A,toward_HQ,0.5991700755898642,24.0,1
3.0,1.0,25.0,0,1,blend,obs,0.597,0.7038685272398212,0.9153673676865877,0.6919847276345974,0.7260460847046252,0.9307442636240146,0.8767054864191806,0.8722251440827702,0.9843876748887329,0.975063111014224,0.7755067393858525,0.9540909210365704,0.9059864654780182,0.8303022762928016,0.9736452595845606,0.9378379390330703,0.7752065003935683,0.9509754408004015,0.8639399259338892,0.8504268660656746,0.9786959595573628,0.9774073942466754,0.8696291805049974,0.9823910275745975,0.9403816359101396,0.8766939726913628,0.945878043055156,0.05439036763071304,137.9346116112101,3.12600325494163,0.9939981129801199,0.01868716509978957,7.678183765978773,8.729409701420671,6.012538202709644,0.7102380111323441,1.3595083346132184,0.15265477084467255,0.18217692398727442,0.6288229421129916,1,24.0,0.14974500730965637,0.3679909484459042,0.41483295034663953,0.8951243096799363,0.9000045958085131,0.9060107195848152,0.9205509757710758,0.9682782198641254,0.8236594612554524,0.9682782198641254,4.0,0.0173203358269678,264.59769289642196,6.593361819155212,-0.6492703234808745,21.60202407523868,A,away_HQ,0.8379478997863413,24.0,1
3.0,1.0,25.0,1,1,blend,obs,0.608,0.7188069875435974,0.9233169707852185,0.7427335593613374,0.7330275079501586,0.93572846951717,0.8778987286661987,0.9050318273587012,0.9914727429386507,0.984522729626881,0.7935461373972403,0.9624727666761322,0.9163781910659838,0.8410452276479712,0.9779080508483977,0.9444874675790597,0.7865825960236378,0.955526094224117,0.8866809506182093,0.8570788678137411,0.9809089242793965,0.977425065094595,0.8644711090717552,0.9818170233179413,0.9383913728656065,0.8715780888745069,0.9358058378693562,0.10267867123949237,122.18749608634873,3.6063490802479916,0.9918606971297291,0.02269545853040519,6.937891351615309,8.055669860081375,5.76743994874759,0.7246963396122295,1.3705400551612035,0.16352437907672612,0.19362252611744823,0.6244914407080839,1,24.0,0.15264791397102243,0.37339147038374754,0.4379435312452809,0.8972874320041273,0.9046419865364334,0.9163893022913674,0.9495042903139179,0.9796145610672315,0.7040018080268304,0.9796145610672315,4.0,0.048902231687198025,175.2212069783904,6.872899637707893,-0.6458437155489741,21.6259220288628,A,away_HQ,0.8445524513895399,24.0,1
3.0,1.0,25.0,2,1,blend,obs,0.6026666666666667,0.714928226270463,0.9212235801763717,0.735040312864842,0.7273366050448923,0.9316114984741559,0.8751938175824262,0.8847876540757906,0.9873597991496802,0.9815538659076559,0.7684633499360832,0.95133375489649,0.9012777388441986,0.8011552840344383,0.9643322008979871,0.9236336283147943,0.7877286461226751,0.9559905001252241,0.8910483850900436,0.8456760102666679,0.9778315157695295,0.9769049424748879,0.8530912470223135,0.9781496993527639,0.9254534506447082,0.8565608249916336,0.9560384241569022,0.005085350063428733,594.7513474937688,2.6180422579453113,0.9925563862327018,0.02019391529072682,7.2797429572538865,8.816879050225314,5.427727120424001,0.6867491682194213,1.3409287167769712,0.1596303329845974,0.17693333750718143,0.6260728964906531,1,24.0,0.1441050488170937,0.3685426646390416,0.43313935753121735,0.8920105640988035,0.8961037303452645,0.9012372854566381,0.9178751349242689,0.9847004037978846,0.821306468267845,0.9847004037978846,4.0,0.00569800656160245,560.4678400577691,4.043059856971738,-0.65417954855755,21.878501323236407,A,away_HQ,0.9022060807399751,24.0,1
3.0,1.0,25.0,3,1,blend,obs,0.6063333333333333,0.7069689252978092,0.9168868026351875,0.7153399848118248,0.7546002035825337,0.9467329297803228,0.8888097083674389,0.9423483720009875,0.9968408415185662,0.9937975259264242,0.8325116696883239,0.976154648964711,0.9368679696082962,0.88084348953833,0.988023188386689,0.9644513306876394,0.7783431706926607,0.9519704236117292,0.878773250454938,0.8687247764584418,0.9840419886926428,0.9800853810309282,0.8575700048236347,0.9799508247632062,0.9320269165944988,0.8765525832649013,0.918189420033392,0.05162651115309784,110.83949988866044,4.637187928095647,0.9928641552452964,0.023564306877984612,7.232314029686736,8.473548013326281,5.1418891609827675,0.7198317038497997,1.3664642670556304,0.17753652791989433,0.1985555270797053,0.629939725850695,1,24.0,0.1535664478976075,0.382754642632074,0.46383899277886165,0.9132402833220333,0.9218449231686132,0.9369696540526404,0.9793239903318104,0.8560245409921544,0.5727457708299362,0.9793239903318104,2.0,0.06704938449542813,80.64703411043854,7.662362006182654,-0.6466325632058307,21.73226350656086,A,away_HQ,0.8941404479192694,24.0,1
3.0,1.0,25.0,4,1,blend,obs,0.598,0.707886190277029,0.917302168160932,0.7257338554281464,0.7313000214907396,0.934999658332885,0.8719990815326676,0.9104548210771648,0.9925376429002236,0.9838760528940694,0.7942601106784166,0.9629919634960633,0.9112642414190987,0.8434388559320297,0.9787809280935091,0.9425929361499773,0.7817920836938178,0.9533583985237631,0.8893399305433692,0.8573054379631886,0.9812270516725783,0.9762808881338114,0.853182476144556,0.979165218108783,0.9289367701726426,0.868648385596696,0.9322730113099913,0.005609127072105229,555.9622164160858,3.9567380371610645,0.9916316318814697,0.02131794875834297,6.886588717450066,8.057965833063017,5.297352838993199,0.705211550063364,1.3742489394829391,0.16524899092799447,0.1935129029278616,0.6359555390781018,1,24.0,0.14340644684283615,0.374241561302102,0.4415570263041929,0.8908619234794417,0.8980074712713356,0.9112941658538062,0.9510546178578734,0.9419606936155673,0.6426314118060914,0.9510546178578734,2.0,0.00657004756591567,475.2425478782858,7.13561895360952,-0.6690373894195751,22.001848991533883,A,away_HQ,0.8539430106611369,24.0,1
3.0,1.0,25.0,5,1,blend,obs,0.6033333333333334,0.7033420847849279,0.9150326229599495,0.6972880907217607,0.7379688192597468,0.9365714855722432,0.8873651289482444,0.8989113200845054,0.9901999005949709,0.9851251313185216,0.8035293123207321,0.9651781015855814,0.9250854204729907,0.8477981158942107,0.9792068005279911,0.9495042013539855,0.7721391643172577,0.9495415591984931,0.8599924558293705,0.8709384109127563,0.9842756759516715,0.98601193557393,0.8629678819579248,0.9798195250532514,0.9305968177408743,0.8805169899309704,0.9304053207717956,0.03916096652103532,199.58989316326588,4.177893361670868,0.9942260550629091,0.018930494931694953,7.723717409751081,8.377510078309001,6.399193948094552,0.7372063427971498,1.3709371624050102,0.15506514653500036,0.18242991420755983,0.6306106621607727,1,24.0,0.1631624260601008,0.3646518446455857,0.42524163475907295,0.9071302967757306,0.9134679875240791,0.9250661703346785,0.9563688190056707,0.9462904290717264,0.6588863726511875,0.9563688190056707,2.0,0.017497390484731347,290.1330261883192,6.9714118908281915,-0.6337308196078606,21.333735026643353,A,away_HQ,0.8499984621961442,24.0,1
3.0,0.0,3.0,0,1,blend,obs,0.603,0.9849157305091609,0.9997848973435306,0.999436978674268,0.7414519719977307,0.9367325700208131,0.8647008216080868,0.8868053627847106,0.9861937790887924,0.9679589706480353,0.8763086997351118,0.9836242423258499,0.9614031698176814,0.8749926001886003,0.9833062423660841,0.9617397128417813,0.9875171732660695,0.9998518187604216,0.9995436581642818,0.9255318911252383,0.9944115894073182,0.9924070590656769,0.9839187316113333,0.9996795942933115,0.9988702768842624,0.9761590506260338,0.838690188304625,0.0643536905634274,152.94930590183043,8.05959980616432,0.8939452378930052,0.1262279385249429,4.8810529484449585,4.91094092888613,5.600444593701082,0.7170680376381457,0.7042906747799149,0.1597759990717959,0.17215335368543153,0.9803789642757097,1,12.0,0.006991027100572807,0.172906576843664,0.9240596973720653,0.8948420803048586,0.9184082515534908,0.9614064350752832,0.9440896880057273,0.7227489542268736,0.41898187674556764,0.9614064350752832,1.0,0.06486400308027841,152.28333466766293,7.717120571911856,0.012777362858230659,2.973986190076324,B,iso,0.9281027389321022,12.0,1
3.0,0.0,3.0,1,1,blend,obs,0.5963333333333334,0.9807173075338328,0.99965243992665,0.9996726227171194,0.7308199767075563,0.9329669225930087,0.8583997261535545,0.8732083280382181,0.9831335730526408,0.9607928366379914,0.8682671098796982,0.9819029137965214,0.9581578167758489,0.8692598640301696,0.9821683876547311,0.9593649587106552,0.9834614603673192,0.9997470531812634,0.9996873758981227,0.9297032488611527,0.9952114303417071,0.9926844755514098,0.9724165066773415,0.999294849055114,0.9978373296881101,0.9881073260917749,0.839406055720982,0.33559877750910644,35.85741064409854,7.603910046569579,0.9019489688106832,0.12276586244484732,5.113883308540305,5.137267849784547,5.847996569214215,0.729985653614518,0.7340185720533494,0.16101979802718194,0.17348059247874165,0.9800347162287603,1,12.0,0.0071459317794067,0.17468778534777823,0.9217576243617417,0.892319271039687,0.9163820354847539,0.958136768181342,0.9684603559592119,0.7776324082767601,0.428260229010184,0.9684603559592119,2.0,0.3377966980279034,35.75949247252729,7.748913626905839,-0.004032918438831538,2.9838357452190287,B,iso,0.928171824447241,12.0,1
3.0,0.0,3.0,2,1,blend,obs,0.6073333333333333,0.9709573300251345,0.9990916783209401,0.9983687428571129,0.7414656368792716,0.9367643117403853,0.860295564453576,0.8942617582240795,0.9877084632705275,0.9710600977539504,0.8739712212274167,0.9829886622382948,0.959473587107332,0.8747240289492917,0.9831873261078959,0.9604472545616298,0.9734105652864028,0.9992358203547421,0.998459985816513,0.9286490689595652,0.9946180614280974,0.9887117559809101,0.9573937610691439,0.997932492988601,0.9936596100424341,0.9729480021538169,0.8413746667209026,0.31216658234387634,36.6750221018224,7.65437260976458,0.8916990787936167,0.12802721726012375,4.719244566897134,4.735891760357277,5.4243195504617905,0.719560799939859,0.7094834395414327,0.1643026486538191,0.1767144490554124,0.9802165874518486,1,12.0,0.007211658609871159,0.1773839042650438,0.9262545513054052,0.8917812867361069,0.9159426621594507,0.9594923433215025,0.9632931498069944,0.7891365143033203,0.42486601651120093,0.9632931498069944,2.0,0.3175759480646504,35.672845575245226,7.720558487807776,0.010077360398426426,2.9761798694247266,B,iso,0.9297635226324854,12.0,1
3.0,0.0,3.0,3,1,blend,obs,0.5943333333333334,0.9782678819079513,0.9995811540212205,0.9988363731564409,0.7454894206281577,0.9385925576425056,0.8762757868125832,0.8867437674870027,0.9863687892014142,0.9755539934371817,0.8803258374167465,0.9847209877600849,0.9700648538957631,0.8809473968386833,0.9848887185619114,0.9709788255575333,0.9808125198344535,0.9996832089034963,0.9990188224512865,0.9291924391472222,0.9951037364102794,0.9946212717524948,0.991202858778558,0.999912150638266,0.9997001932194427,0.9890279683014593,0.8405336461561622,0.03864991929179823,193.117732208763,6.975447745995464,0.8986419258670056,0.1254043454249108,4.9690000623664705,4.987200042590888,5.460530212082416,0.7245108764411987,0.7204496903234128,0.16626893420192923,0.17452909847594786,0.9804193934757481,1,12.0,0.0073495914289890335,0.17955970779803254,0.9259813141874085,0.9097834643518005,0.9327753028907209,0.9700398971131458,0.9769719350611258,0.7789777180808681,0.40668579939651117,0.9769719350611258,2.0,0.0406303845707333,187.90365221615738,7.078274884133547,0.004061186117785933,2.98268661074977,B,iso,0.952671707204418,12.0,1
3.0,0.0,3.0,4,1,blend,obs,0.5936666666666667,0.9834720217336953,0.9997796320646882,0.9992546619871211,0.7380527681961363,0.9360742157690665,0.8687595196669248,0.901311320130929,0.9896209385327742,0.9785098633185537,0.8833312233506908,0.9856724964815105,0.969796360581564,0.8842412688479788,0.9858869428845245,0.9706895959509404,0.9841168835571942,0.9997918424948093,0.9992771103843149,0.9161148784292592,0.9932466583116318,0.9912727558799137,0.9856490149218383,0.9997927672662777,0.9992906980725432,0.9791153034255278,0.8341125944715331,0.1437115523396712,80.63793005284602,7.997290737844223,0.8908359085212196,0.1304007969767806,4.704951291083646,4.736927425337176,5.449983008354409,0.7170443285018625,0.710225296080904,0.1653088686992228,0.17619618244798008,0.9804272856442222,1,12.0,0.006967724772215961,0.17868803343175974,0.9251255695438251,0.9038269000619631,0.9281124672288704,0.9698048569199446,0.9632278465847154,0.7512277074670451,0.4017774310977833,0.9698048569199446,1.0,0.14755253679062685,79.75989002729185,8.099506129084826,0.006819032420958534,2.9797787014735713,B,iso,0.9382091393951079,12.0,1
3.0,0.0,3.0,5,1,blend,obs,0.6016666666666667,0.9775748937564465,0.9995124112339603,0.9993775676715413,0.7455467558336333,0.9396464971143258,0.8689783870295196,0.8886794534725371,0.9867587714280831,0.9680614485076889,0.8781465620026825,0.9842700942491382,0.9621784673929078,0.8790952753593977,0.9845092520897712,0.9632723499548299,0.981049064524867,0.999652735614877,0.9995177659415992,0.9340525474910917,0.9956559626500542,0.9939336629865588,0.9771541979666534,0.9994579055996248,0.9987192189542778,0.9881180975148754,0.8420843447183546,0.0844179368256295,108.9722227888958,6.539377512813673,0.9005908737931595,0.12407746022792404,5.029005978208037,5.05966675263164,5.6242324748774735,0.7309525824269445,0.7272198491647646,0.16409333885007304,0.173768784604434,0.980216266650782,1,12.0,0.007370737280561902,0.17738032585832428,0.9250932314846253,0.9031880950683125,0.9257583493408807,0.9621890855381513,0.9653481409466811,0.7006596156855158,0.40690579263592785,0.9653481409466811,2.0,0.09024762969938817,103.16011493069568,6.604408476252122,0.0037327332621798727,2.9751701502989456,B,iso,0.944320000992203,12.0,1
3.0,0.0,6.0,0,1,blend,obs,0.603,0.9556089345941482,0.9980479675906955,0.9990433815710253,0.7414519719977307,0.9367325700208131,0.8647008216080868,0.8868053627847106,0.9861937790887924,0.9679589706480353,0.8574125870710799,0.9785945055061024,0.9441313524221041,0.8601820251890133,0.9794334051230452,0.9494986329192617,0.9700440984604481,0.9991054707981575,0.9995259541807094,0.8719560487111275,0.983735290171794,0.9767717377758836,0.9398647576964253,0.9964304486602694,0.9907962448837986,0.9556610792875996,0.8578856528897151,0.12560758457717613,104.32036003437457,7.100135636208857,0.8588083929638123,0.1415037282097267,3.96876870441049,4.060685807502122,5.600444593701082,0.7170680376381457,0.68408642573762,0.1597759990717959,0.2053472559503714,0.9236563534651084,1,12.0,0.02720144386777946,0.2094025388043212,0.7630088917933349,0.8849168662489576,0.9042261359610672,0.9441561583200931,0.9241648066231383,0.6810282755412057,0.4108832993304712,0.9441561583200931,1.0,0.11501240473934468,110.29269804635231,7.0496371879396404,0.03298161190052564,5.9045567051290355,B,iso,0.778077108127565,12.0,1
3.0,0.0,6.0,1,1,blend,obs,0.5963333333333334,0.9434893726721718,0.9969632102835402,0.9992069123680409,0.7308199767075563,0.9329669225930087,0.8583997261535545,0.8732083280382181,0.9831335730526408,0.9607928366379914,0.8465478566269136,0.9758436052616108,0.937804506296861,0.8488240240782207,0.9765398891982136,0.9424315800265222,0.9575786362411709,0.9983097615294826,0.9995229517273776,0.8765429673848444,0.9853181761918387,0.9775061459186172,0.9159175603312177,0.9934102284192089,0.9854995099900239,0.9643922540336398,0.8570025633151009,0.47105685447662454,24.329895744187365,6.232543583418653,0.8744956678555389,0.13519800616333144,4.118593833137328,4.199794999225244,5.847996569214215,0.729985653614518,0.7292488143828718,0.16101979802718194,0.20587878551046823,0.9223200872851273,1,12.0,0.02780302865969629,0.21264844076994915,0.757211280008298,0.8808582659920438,0.9003812527690983,0.9378285529666193,0.9488481598707743,0.7251250284976483,0.4214171733543245,0.9488481598707743,2.0,0.4711479453873713,25.45766883030682,6.201837197053576,0.0007368392316461439,5.934838772976046,B,iso,0.7821097138684774,12.0,1
3.0,0.0,6.0,2,1,blend,obs,0.6073333333333333,0.9400949945283004,0.9964340472296277,0.9977627098271088,0.7414656368792716,0.9367643117403853,0.860295564453576,0.8942617582240795,0.9877084632705275,0.9710600977539504,0.849022621552397,0.9761245778136448,0.9376116832975661,0.854218565049385,0.9776867815479814,0.9439420520222733,0.9529448117271662,0.9978162621829046,0.9982228642849031,0.8769524707366857,0.9846462435436765,0.9726884060147298,0.904456031981885,0.9908172924261598,0.976075971797916,0.9423841865460284,0.8664494797090088,0.44703610601445143,29.2102666304174,5.847178106998766,0.8576295382413401,0.14276404675955623,3.747467053710811,3.843287281580083,5.4243195504617905,0.719560799939859,0.6904380362738001,0.1643026486538191,0.21114296180297665,0.9228942559244464,1,12.0,0.028107400671121684,0.2138109088715251,0.7684483898459337,0.8808302634073051,0.9001786261535033,0.9376209183949885,0.9595749348593425,0.7340918423653096,0.42301610754041064,0.9595749348593425,2.0,0.4270410081759114,29.8451917171636,6.257822206025628,0.02912276366605896,5.917693075854566,B,iso,0.7781583020850795,12.0,1
3.0,0.0,6.0,3,1,blend,obs,0.5943333333333334,0.9527130203371114,0.9978050491276126,0.9982550102624492,0.7454894206281577,0.9385925576425056,0.8762757868125832,0.8867437674870027,0.9863687892014142,0.9755539934371817,0.8611992678932002,0.9797756081682336,0.9548426165399534,0.8633035760491898,0.9803560849140097,0.9588168037093705,0.967994395786588,0.9989958537251709,0.9991179209056746,0.8723078577449056,0.9841324026304494,0.9804087477182426,0.9401904243203001,0.9965114924728721,0.9928448459680574,0.9632935822512544,0.8613022938601292,0.03469459197076792,209.29975166984866,5.864033433361509,0.8704232569907243,0.13829512610452535,3.9979022982198056,4.077179873785519,5.460530212082416,0.7245108764411987,0.7057702464406137,0.16626893420192923,0.2036921770182148,0.9235458694547684,1,12.0,0.028697099952960346,0.21667356639708163,0.7673706440831848,0.8990278700494239,0.9181534517302947,0.9548609655683303,0.9779962893722478,0.7475340431712194,0.4067566610303468,0.9779962893722478,2.0,0.035179815568197166,208.19565126620023,5.912038367643591,0.018740630000584943,5.92833218707739,B,iso,0.8162755027507067,12.0,1
3.0,0.0,6.0,4,1,blend,obs,0.5936666666666667,0.9598992162224558,0.9984596133469629,0.9992170140013669,0.7380527681961363,0.9360742157690665,0.8687595196669248,0.901311320130929,0.9896209385327742,0.9785098633185537,0.8583153080318737,0.9793930683304313,0.9517997463709159,0.8607231061193154,0.9800110168111452,0.9555039843638481,0.9729519621092826,0.9993221342722292,0.9993999742091082,0.8620271126470033,0.9817829044769774,0.9758687628384971,0.9292795176512267,0.9953156364553266,0.989412349088249,0.9495406426033451,0.8603598871959407,0.15591956909038737,74.64167643838127,6.25191823883502,0.8563726860733503,0.14511870776733515,3.7082664233508384,3.7942333881283945,5.449983008354409,0.7170443285018625,0.6909130977310745,0.1653088686992228,0.21010243710395227,0.9237864615080974,1,12.0,0.027131390693979296,0.2159155702406735,0.7656181002368602,0.892082883469899,0.9118612513749389,0.9517925372353727,0.9744318727239047,0.7282044463073035,0.3993538061625619,0.9744318727239047,2.0,0.16183590402944165,75.68161837605294,6.327672270339977,0.026131230770788078,5.9247962518397195,B,iso,0.7868012907314968,12.0,1
3.0,0.0,6.0,5,1,blend,obs,0.6016666666666667,0.9417305541889691,0.9966754608870282,0.998323661440914,0.7455467558336333,0.9396464971143258,0.8689783870295196,0.8886794534725371,0.9867587714280831,0.9680614485076889,0.8587729318650241,0.9791476527299292,0.9447272790101182,0.8615579095554088,0.979967082774122,0.9493899086690176,0.9564539777784391,0.9981492784758966,0.9990930472915639,0.8773099695283064,0.9851367521595228,0.9774686562740325,0.9179138929483569,0.9935388190884453,0.9867434546285053,0.9634600677706845,0.8576488442478544,0.07189317594963061,133.44086282866635,5.914669129721026,0.8690485517912818,0.13880285463530972,3.971339412937166,4.056407401350025,5.6242324748774735,0.7309525824269445,0.7088399456648101,0.16409333885007304,0.2049014695085033,0.9230701147388064,1,12.0,0.02866142417484828,0.21426931616135514,0.7658275192632007,0.8917321504321304,0.9104004075809866,0.9447143201840333,0.9432220925940564,0.6573242432472408,0.4032663856944795,0.9447143201840333,1.0,0.08106223095700955,120.76806412622528,5.859261018846253,0.02211263676213429,5.914409076823343,B,iso,0.8008402245414997,12.0,1
3.0,0.0,10.0,0,1,blend,obs,0.603,0.8922188269282564,0.9888265488460659,0.9979837959816686,0.7414519719977307,0.9367325700208131,0.8647008216080868,0.8868053627847106,0.9861937790887924,0.9679589706480353,0.8254512290922759,0.9693886754859143,0.91416212149373,0.8386720311912916,0.9734633857401566,0.9317787515707933,0.9373126783302229,0.9962241590871235,0.9994112965214806,0.8156850332313432,0.9665543866476726,0.9539867926899233,0.8750448043572522,0.985950365886208,0.9675221128328184,0.9139920007395009,0.8910019994394671,0.365334552768809,48.04360580788822,5.206748408857838,0.8119761301710497,0.1555789666188678,3.1181404193355813,3.3466142626336706,5.600444593701082,0.7170680376381457,0.6452115520657974,0.1597759990717959,0.2716641362526734,0.7969608706296997,1,12.0,0.0723433806375081,0.2830671668421225,0.5644455372703439,0.8745681864379016,0.8866256018281946,0.9141717480162858,0.9247456620875293,0.6506712820258846,0.41491620194961965,0.9247456620875293,2.0,0.2726667664663626,62.95098279201028,5.648965819922765,0.07185648557234829,9.739829918291601,B,iso,0.5881379900775312,12.0,1
3.0,0.0,10.0,1,1,blend,obs,0.5963333333333334,0.8769599436426996,0.9856773871338119,0.9980416536413351,0.7308199767075563,0.9329669225930087,0.8583997261535545,0.8732083280382181,0.9831335730526408,0.9607928366379914,0.8180488260977534,0.9678444774167756,0.9091620087808696,0.8258409079134169,0.9698761776485062,0.9231684737580487,0.9213696626800969,0.9942305499203038,0.9993285318595654,0.8200693553684657,0.9689071890342584,0.9549073266235368,0.8418945856525277,0.9774605298461272,0.9475776485420458,0.9251420074605674,0.8856017053188381,0.6230939203767596,14.382973283563743,5.234801874002913,0.8334721915144343,0.1472192823080599,3.2282480229362562,3.3964109121912447,5.847996569214215,0.729985653614518,0.7046164987734229,0.16101979802718194,0.27451225129657947,0.7933634057006311,1,12.0,0.07395892905460766,0.28914418898765865,0.5568840881462592,0.8688420912956214,0.8811897064954314,0.9091614044505675,0.9283498708916758,0.7021636622464293,0.43067389309842885,0.9283498708916758,2.0,0.6427223240438672,16.30358940479677,4.914942790667263,0.025369154841095004,9.816284545749628,B,iso,0.5865668918842469,12.0,1
3.0,0.0,10.0,2,1,blend,obs,0.6073333333333333,0.8803185122543016,0.9862902387499944,0.9954445680646528,0.7414656368792716,0.9367643117403853,0.860295564453576,0.8942617582240795,0.9877084632705275,0.9710600977539504,0.8254580449610407,0.9701985654935853,0.9109082954494508,0.8359124096157318,0.9732092248748115,0.9262836010301626,0.9216341159014987,0.9941951642063435,0.9970157233657599,0.8196915384852328,0.9678442613486636,0.950846068000654,0.8386797903386858,0.9757784522316313,0.9382259051810851,0.9037004599459928,0.8902426195168869,0.29982197018644074,58.20824036269942,5.262778310656296,0.8171373646750991,0.15520502762759167,2.9545019249574067,3.1528306707508853,5.4243195504617905,0.719560799939859,0.6538319348364503,0.1643026486538191,0.2767315041998236,0.7949891954634302,1,12.0,0.07473270498981315,0.28718064442704117,0.5721229889347941,0.8705705920981531,0.8831093653070688,0.9109104803289955,0.9484635413041511,0.4687450430746003,0.5372387682069613,0.9484635413041511,2.0,0.5915936980311226,20.680574603390593,4.994324167617572,0.06572886510340888,9.785541525108364,B,iso,0.5937258539785866,12.0,1
3.0,0.0,10.0,3,1,blend,obs,0.5943333333333334,0.8931169086555774,0.9889318208668073,0.9968811282439326,0.7454894206281577,0.9385925576425056,0.8762757868125832,0.8867437674870027,0.9863687892014142,0.9755539934371817,0.8357438866849914,0.9728986909808107,0.9303038119873868,0.8420041261342882,0.9745393576089266,0.9432325471910689,0.9390418551897103,0.9964242740984743,0.9995468925829173,0.8141198423381457,0.9666319296205558,0.9605172296319748,0.8701980410451936,0.9846554765796662,0.9682741243126285,0.9247688899082546,0.8898789932517552,0.07770030015983759,135.82612533580377,4.975165610000817,0.8263834323158877,0.152730339332857,3.1321321739043686,3.3048765744131448,5.460530212082416,0.7245108764411987,0.6683657021508327,0.16626893420192923,0.2664603100047743,0.7976512547839484,1,12.0,0.07595171281668972,0.2909420768824878,0.5714846610828507,0.8881241931135642,0.9009678775735364,0.9303022126533828,0.964228718228117,0.6521396057969793,0.4144282451517042,0.964228718228117,2.0,0.0644989796409918,151.865421111504,4.811534932883859,0.056145174290366036,9.798882518205605,B,iso,0.6239913711687497,12.0,1
3.0,0.0,10.0,4,1,blend,obs,0.5936666666666667,0.8964112674285317,0.9897982084584309,0.9990959747574839,0.7380527681961363,0.9360742157690665,0.8687595196669248,0.901311320130929,0.9896209385327742,0.9785098633185537,0.8258091296132386,0.9707099612292521,0.9217806659720889,0.8376359645016599,0.9738645539477688,0.9372764955407547,0.9411683543988458,0.996735896050181,0.9995465184104675,0.8022137967144835,0.9625911049107471,0.9522903298384329,0.8531127255941409,0.98041543739492,0.9535211848791922,0.9053421769946325,0.8953748354419977,0.2224479199581648,53.803610038944704,4.789800625794392,0.8101404442757593,0.1584781774525432,2.9444882515906463,3.09025805387381,5.449983008354409,0.7170443285018625,0.647838323690724,0.1653088686992228,0.28035682521549,0.7977346541514403,1,12.0,0.0720047937762812,0.29081533829769135,0.5684324274877324,0.8795351538157522,0.8919512510768146,0.9217777110045856,0.9675436716886233,0.6850520993975004,0.41017715270306454,0.9675436716886233,2.0,0.2417570221244442,57.23276444868743,5.209177424376766,0.06920600481113857,9.79324338033451,B,iso,0.5896373971711294,12.0,1
3.0,0.0,10.0,5,1,blend,obs,0.6016666666666667,0.8783386230684638,0.9857670308073401,0.9954473128077658,0.7455467558336333,0.9396464971143258,0.8689783870295196,0.8886794534725371,0.9867587714280831,0.9680614485076889,0.8313931209597734,0.971741384916117,0.9192351911080134,0.840929490241111,0.9744473018187512,0.9325720151678232,0.922484465324707,0.9942641678277669,0.997974669741878,0.8175314930943842,0.9675645771728969,0.9531605395119733,0.8451053387793795,0.9781455487936139,0.9501805684454812,0.9259374735970405,0.8859772288857723,0.1115403972288989,109.49305192459305,5.030030773354213,0.8278612408581463,0.15266298054046792,3.117565422948196,3.299129323337462,5.6242324748774735,0.7309525824269445,0.6695608968697161,0.16409333885007304,0.26969301063228457,0.7956799521284629,1,12.0,0.07612260878316267,0.28852919850887304,0.5687235111666757,0.8805438514219476,0.8928448369179266,0.9192348090641743,0.9262659515333419,0.6230178496084963,0.40515547543167574,0.9262659515333419,2.0,0.12030576574284053,100.0747015565576,4.930915928959745,0.06139168555722829,9.775662075282284,B,iso,0.6084449072868545,12.0,1
3.0,0.0,16.0,0,1,blend,obs,0.603,0.8041844108769514,0.9640193329283523,0.9928781014131116,0.7414519719977307,0.9367325700208131,0.8647008216080868,0.8868053627847106,0.9861937790887924,0.9679589706480353,0.7917365722352772,0.961017831501209,0.8778445195696842,0.8198381837772664,0.9682228818686652,0.9178786457677897,0.9120629321557974,0.9927515513935468,0.9977271161144861,0.7647409073848159,0.9461870120743969,0.9313367962652577,0.8038809141564296,0.966196944987058,0.8994827892436241,0.8639279587182954,0.902283018884782,0.5114799695557015,30.77999363629623,4.774436627903566,0.8025700864090779,0.1573954496062492,2.6040860231268574,2.858074159625677,5.600444593701082,0.7170680376381457,0.5816395749909191,0.1597759990717959,0.37909852035842917,0.5459734660285234,1,12.0,0.16177085898907317,0.39696627121734473,0.4024926313810582,0.8659370593681328,0.8696297940739705,0.8778445053396713,0.9006410094433075,0.8602174066887834,0.6364585957712089,0.9006410094433075,2.0,0.47416390797922986,39.50274771301088,4.496894640965934,0.13542846264722655,15.332233473161729,B,iso,0.42146299838029244,12.0,1
3.0,0.0,16.0,1,1,blend,obs,0.5963333333333334,0.787590857478124,0.9580788339196729,0.9957147015775618,0.7308199767075563,0.9329669225930087,0.8583997261535545,0.8732083280382181,0.9831335730526408,0.9607928366379914,0.7790229027252961,0.9579823053722435,0.8634794249790355,0.8071707966030559,0.9650893927588438,0.9082322939397542,0.895271080411009,0.9899183170476696,0.998086697107495,0.7645999640533001,0.9472482368756447,0.9301717002206086,0.7779344895146059,0.9562623746197502,0.8633489146927434,0.8644847904862805,0.888627697771424,0.6820255401989062,12.223183021793881,5.3501982245792,0.8230954465748342,0.14995711084701188,2.6471235241197126,2.9117467319674817,5.847996569214215,0.729985653614518,0.6553387855617681,0.16101979802718194,0.3964625455497492,0.5358137562938726,1,12.0,0.1661405501904904,0.4075028678050261,0.3951378278501429,0.8584314605243115,0.8610478715049521,0.8634790190821328,0.8339303635712038,0.660489072275908,0.6632460143684102,0.8634790190821328,1.0,0.762728942631772,12.221917631437893,4.170661758455635,0.07464686805274993,15.467297588259882,B,iso,0.40614126059223604,12.0,1
3.0,0.0,16.0,2,1,blend,obs,0.6073333333333333,0.7991816137380254,0.9623394679264187,0.9860644204806834,0.7414656368792716,0.9367643117403853,0.860295564453576,0.8942617582240795,0.9877084632705275,0.9710600977539504,0.7939672422953846,0.9622924492554644,0.8786896420401606,0.8203772075056932,0.9690621781166618,0.9162097819773538,0.8995621371108686,0.9907669476248638,0.9926883702812684,0.7618793913107895,0.9443904050438507,0.9224735885645939,0.7794007910567887,0.9564322812351433,0.8655651153413336,0.859041521564671,0.8997698216034079,0.007395105434273032,495.0392319912129,4.812880760282215,0.804546953943408,0.15809979865934523,2.497865425513959,2.7362193612301704,5.4243195504617905,0.719560799939859,0.586335091731436,0.1643026486538191,0.3823604513706638,0.5408263450052992,1,12.0,0.16738283318961392,0.400549586632097,0.41019303011971486,0.8627912152316246,0.8676126062485506,0.8786908042356064,0.9027993783509531,0.707473277540643,0.6135400656994409,0.9027993783509531,2.0,0.3616332821412129,51.698307517523176,4.299665562798613,0.13322570820842303,15.43979545786668,B,iso,0.42970617924745197,12.0,1
3.0,0.0,16.0,3,1,blend,obs,0.5943333333333334,0.8056568882974927,0.964352879742095,0.9936170383370279,0.7454894206281577,0.9385925576425056,0.8762757868125832,0.8867437674870027,0.9863687892014142,0.9755539934371817,0.8000152149018185,0.9635822104826208,0.8938157042518664,0.8217724979218427,0.9689849897001748,0.9289472077673107,0.9164520872791382,0.9934812953511054,0.9994029716556498,0.7577673214111433,0.9437273652716247,0.9376107384840747,0.800676971209302,0.9645237795855777,0.9015214196285575,0.8730967490894557,0.9106453976428185,0.22240429443961754,72.53538183096983,4.383322459398828,0.799165495727705,0.15948998870023506,2.432263989796195,2.7584375535665218,5.460530212082416,0.7245108764411987,0.596365579161823,0.16626893420192923,0.38014164723680405,0.5452726033850309,1,12.0,0.17068217843755312,0.4071059152915973,0.4084168958410638,0.8785883993213095,0.883114277727826,0.8938158613606504,0.9182233041607449,0.7318867412183464,0.6084785095161878,0.9182233041607449,2.0,0.13033506017169944,103.25836325251383,4.038504339159662,0.12814529727937574,15.452758088874951,B,iso,0.43738678834722433,12.0,1
3.0,0.0,16.0,4,1,blend,obs,0.5936666666666667,0.8022923955544683,0.963744782518132,0.9939606990819809,0.7380527681961363,0.9360742157690665,0.8687595196669248,0.901311320130929,0.9896209385327742,0.9785098633185537,0.7918666420393405,0.9623410700537589,0.8831438328330804,0.8166065565679557,0.9682283464620863,0.9212460012991368,0.9131744875161105,0.9930683640508514,0.9971981466860934,0.7477093988096117,0.9392136768414501,0.927640048464035,0.7844709294630481,0.9587234879660773,0.8712596907947211,0.855163926504075,0.8999014858828908,0.2925674713497514,47.744000843871355,4.841594931941861,0.8054286449944013,0.15985361167192813,2.494789997810677,2.6550724105957397,5.449983008354409,0.7170443285018625,0.5715522184258801,0.1653088686992228,0.4013447640587814,0.544304778578043,1,12.0,0.16222373786111646,0.40820831873755514,0.40496202823711436,0.8706350676014578,0.8745196900152984,0.8831437924247075,0.9038497163745494,0.854659578250604,0.651552699153003,0.9038497163745494,2.0,0.3736740335162096,42.59111296255805,4.295235895091877,0.14549211007598248,15.486019360753216,B,iso,0.41188744317344944,12.0,1
3.0,0.0,16.0,5,1,blend,obs,0.6016666666666667,0.7951443529001336,0.9606903128675375,0.9858919413151046,0.7455467558336333,0.9396464971143258,0.8689783870295196,0.8886794534725371,0.9867587714280831,0.9680614485076889,0.7986209198237612,0.9637671241087606,0.8879038916911088,0.8216747571188225,0.9695712503337806,0.9195986816459731,0.8997229261025723,0.9907294566389955,0.9941771219815572,0.7596291276841419,0.9443721546992159,0.9263393237401418,0.7856061531331516,0.9590514258321374,0.8751248581473348,0.8798735999060854,0.9088400453115719,0.214935245534277,73.12543562959647,4.3783223251084875,0.8029056896811506,0.15739314479438554,2.5276434575504654,2.824088574332961,5.6242324748774735,0.7309525824269445,0.5934383961606418,0.16409333885007304,0.37851171928500194,0.5403426924151133,1,12.0,0.1712524725992908,0.40422927581762924,0.40594125331017555,0.8716116504774845,0.8764775524541035,0.8879033250118689,0.9179875937199881,0.7233812046827413,0.6062379962813481,0.9179875937199881,2.0,0.23364193378842765,64.28501824463373,3.971590398320187,0.1375141862663027,15.456170986102272,B,iso,0.43352247893418144,12.0,1
3.0,0.0,25.0,0,1,blend,obs,0.603,0.7261590543961015,0.930679527275807,0.9605095946961073,0.7414519719977307,0.9367325700208131,0.8647008216080868,0.8868053627847106,0.9861937790887924,0.9679589706480353,0.7710261233907538,0.9547140214414452,0.8495586909544887,0.8150060451027958,0.9673317974755563,0.920945589771283,0.9323263756873925,0.99591169344145,0.9955388801163313,0.7085536813946853,0.9178965188978978,0.8984358679158663,0.7677570296522975,0.9534465328361924,0.8401593663113166,0.8341274299434471,0.8828099986781601,0.4735811718814079,24.257000084166176,5.5993029474111635,0.8297979734687881,0.14708352806871422,2.4281435338170727,2.7879376001317575,5.600444593701082,0.7170680376381457,0.507936823789868,0.1597759990717959,0.49522304698395614,0.2034972976424354,1,12.0,0.28379602667802695,0.48370212448474437,0.33031899382702656,0.861603119623723,0.8599014351070808,0.8495592925131749,0.7210642309872654,0.16592431728670967,0.595268351259501,0.861603119623723,0.25,0.44450126713974986,43.40634594412039,4.118794918641548,0.20913121384827763,23.335324553024833,B,iso,0.3226344170467741,12.0,1
3.0,0.0,25.0,1,1,blend,obs,0.5963333333333334,0.7122697457790408,0.924429100429107,0.9623300541758328,0.7308199767075563,0.9329669225930087,0.8583997261535545,0.8732083280382181,0.9831335730526408,0.9607928366379914,0.7497998530166496,0.9478003951452958,0.8256904146934554,0.8032920310398346,0.9647181051856976,0.9114156025889062,0.9238074837640021,0.9945532004446695,0.994261756054467,0.7090058708537703,0.919732903394417,0.9007036415151366,0.7541912419039737,0.947971075853703,0.8135640410196329,0.8270500911045517,0.8744267664088248,0.6425719548537702,10.867794587511904,5.922634821509158,0.8372116692568911,0.14375938145244607,2.2477076644858465,2.904577982956366,5.847996569214215,0.729985653614518,0.5777162766828048,0.16101979802718194,0.5414459853724286,0.19240435873138964,1,12.0,0.2890529092386322,0.4939657938943354,0.3259735795827713,0.8531384624133316,0.8487313995127395,0.8256965247477192,0.5054310752450846,0.1513241466942965,0.6122167295447436,0.8531384624133316,0.25,0.7677838251081743,13.525704903213652,4.14191439010149,0.15226937693171322,23.44687695346467,B,iso,0.29738847895681775,12.0,1
3.0,0.0,25.0,2,1,blend,obs,0.6073333333333333,0.7299112229677458,0.933074307231315,0.9425099182696494,0.7414656368792716,0.9367643117403853,0.860295564453576,0.8942617582240795,0.9877084632705275,0.9710600977539504,0.7690989108610788,0.9544537243242813,0.849673734801033,0.8195641798664177,0.9693915623238641,0.9216821398825087,0.9202411765408155,0.9946328214554504,0.9884107747640202,0.7128163628529381,0.9198504541352104,0.8958480720699854,0.7506675480102695,0.9461457076951674,0.8088850498971616,0.8253901316695921,0.8922125482098613,0.007233947600513755,500.6247440118624,4.824430650217897,0.8136765508899901,0.15216785723521425,2.134804712121755,2.6610826114870005,5.4243195504617905,0.719560799939859,0.4882038665098536,0.1643026486538191,0.499301572627543,0.20242626798153682,1,12.0,0.2907400054221424,0.48453472232903905,0.3390936522857573,0.85770078542287,0.8568098540481528,0.8496705927719813,0.7006064486057476,0.20424812515835478,0.6063431527991374,0.85770078542287,0.25,0.2683610626915313,66.78396004589801,4.488900756462469,0.2313569334300055,23.485867854239146,B,iso,0.32906495324896895,12.0,1
3.0,0.0,25.0,3,1,blend,obs,0.5943333333333334,0.7262235951873701,0.9309594342921722,0.975130627126893,0.7454894206281577,0.9385925576425056,0.8762757868125832,0.8867437674870027,0.9863687892014142,0.9755539934371817,0.7733162283070437,0.956204289830714,0.8620170722479603,0.8157769222168594,0.9675019840792153,0.930530290769671,0.9448498172984012,0.9971480844931283,0.9964216265099283,0.7029533258872342,0.9155567455932045,0.9076125748295119,0.7696888548535227,0.953944443921589,0.8451113282567769,0.8349495996977122,0.8932331034991763,0.27690682107413406,59.6472952069733,5.054233061328708,0.8238681217801099,0.1509781640065521,2.1560346744766057,2.6511194158591325,5.460530212082416,0.7245108764411987,0.5075861896375546,0.16626893420192923,0.5255870386046556,0.2057872448280443,1,12.0,0.29810819450234555,0.49449607699096426,0.33623913704975134,0.8734570634332002,0.8717651917238944,0.8620110557377031,0.718587590936413,0.37221296182540964,0.6112526601028152,0.8734570634332002,0.25,0.11265900402922802,113.50355877944965,3.961938407142088,0.21692468680364402,23.404505223763305,B,iso,0.31634900024046453,12.0,1
3.0,0.0,25.0,4,1,blend,obs,0.5936666666666667,0.7206930668072973,0.9287526643605485,0.940281375840378,0.7380527681961363,0.9360742157690665,0.8687595196669248,0.901311320130929,0.9896209385327742,0.9785098633185537,0.7674445587301517,0.9540138109928649,0.8527034435928589,0.8151625397680264,0.9680026956555421,0.9265266821026256,0.9329306730388855,0.9959634956048536,0.9916348801942976,0.6976945878463323,0.9133300168570049,0.9004929816685092,0.7547177799277126,0.9482104867222659,0.8169032467637493,0.8260514727682263,0.8905362947348874,0.4511911757643643,34.60666099159338,4.977983495041071,0.823384794100889,0.15111833650352538,2.088791131578442,2.5841549366403824,5.449983008354409,0.7170443285018625,0.4753731575864305,0.1653088686992228,0.5277179250898073,0.20434427895071475,1,12.0,0.2832468699505604,0.49605508571251955,0.3332469990944207,0.8655812704579162,0.8636547623244262,0.8527036230376489,0.7498835907331121,0.38026838684552133,0.6286835930063768,0.8655812704579162,0.25,0.37803441000899607,45.73469621042639,4.435741438192809,0.24167117091543205,23.621748253247308,B,iso,0.3132523282605768,12.0,1
3.0,0.0,25.0,5,1,blend,obs,0.6016666666666667,0.7258666378563614,0.9310995761625523,0.9388245137141888,0.7455467558336333,0.9396464971143258,0.8689783870295196,0.8886794534725371,0.9867587714280831,0.9680614485076889,0.7725849421823288,0.9562353012521615,0.8531035053176552,0.8154460833687696,0.9680141893741145,0.9223759502733245,0.9266570683249549,0.9953648786749072,0.9917841173971698,0.7083880706096521,0.9187974970488283,0.9014071041219247,0.7523558221505816,0.9473128592318714,0.814019405979806,0.841085319902913,0.8852061201060731,0.2755167600072933,56.862342244570144,5.665594732394839,0.8196546088851285,0.15216967358638106,2.2220020541568637,2.644138110429447,5.6242324748774735,0.7309525824269445,0.4915049267371663,0.16409333885007304,0.49677276027485906,0.20065622099213984,1,12.0,0.297807945948248,0.48959852436739837,0.33515897349179136,0.8657131722506437,0.8641753376108938,0.8531036738769683,0.7135688092805959,0.0466781723331786,0.5693389569766507,0.8657131722506437,0.25,0.34955360798338525,42.80920001157722,3.7146816109061476,0.2394476556897781,23.57338281335157,B,iso,0.3303187130455421,12.0,1
3.0,0.0,3.0,0,1,blend,obs,0.6033333333333334,0.9665730112531249,0.9988705169646267,0.9965308312843508,0.7432588849796609,0.9374621243091457,0.8621603926118675,0.8964599249349398,0.9883935926946481,0.9713889969309717,0.8803209843759515,0.9846416415207896,0.9627475994609523,0.8809333974114878,0.9848143201125353,0.9645791812012453,0.9687890496325159,0.9990052283720038,0.996715153333975,0.9189830672464403,0.9934318327509966,0.9890066529593378,0.9680072055343718,0.9989366304959739,0.9964181958306194,0.9735937076335287,0.8370299594513224,0.032448802900632366,213.56565232309882,7.709390225521979,0.8952054412925391,0.1260536477480075,4.825352930075366,4.878768931103036,5.579123696431921,0.7200038552340414,0.7148581037975954,0.16142769846008992,0.1748838079538263,0.9781457103239968,2,12.0,0.00783260506586042,0.17602967814807452,0.9170481941363231,0.8952177793902989,0.9197039963216539,0.9627532353500787,0.951483413493323,0.69029816984468,0.40352450203314316,0.9627532353500787,1.0,0.03860148183957098,192.63292666776263,7.70175827854232,0.00514575143644614,2.9798333850571757,B,iso,0.9230568590015542,12.0,2
3.0,0.0,3.0,1,1,blend,obs,0.6026666666666667,0.968680350018345,0.9990226315391026,0.9970767689325754,0.7346085509132019,0.9343229776080194,0.859216079847659,0.8737319070559324,0.9830775537480902,0.9602632191415594,0.8625058281858554,0.980174579125892,0.9534540374002219,0.8639129702267163,0.9805588723165005,0.9552080918405822,0.9700918347649239,0.9990937157417462,0.9970430501201493,0.9159448491889872,0.9930204289251783,0.9879082591996694,0.9585093917160306,0.9983165942165847,0.9944058351229854,0.9861367910207695,0.8470341434707523,0.4147739460931259,28.857292502409503,7.095023411142049,0.8921088970719249,0.12793211003013222,4.836972143555607,4.899397408257846,5.776521609734677,0.7284093002592029,0.7102797907591349,0.1625878250720873,0.17491080150139793,0.977736963650499,2,12.0,0.008075532618582017,0.1775367645438865,0.915798062952173,0.8899785713355147,0.9131794815180216,0.9534387496411962,0.9672954702531992,0.7663464631493684,0.4290147718889956,0.9672954702531992,2.0,0.4263145731822063,27.819817323169477,7.22909062626371,0.018129509500067902,2.980239903294858,B,iso,0.9295470815779656,12.0,2
3.0,0.0,3.0,2,1,blend,obs,0.61,0.9572219106307507,0.9981322136894241,0.9948898149209038,0.7411637208177554,0.936229771082285,0.8591227514410682,0.8921784423883654,0.9872975405511097,0.9711561503579366,0.8732211795440735,0.9827516534652623,0.9584232137427863,0.8744232850107005,0.9830662135676693,0.9598344766509525,0.9590708466809444,0.9982804315722422,0.9949393764421232,0.9169627381494571,0.9927725770338138,0.9835202527560001,0.9439936602767605,0.9966613315120175,0.9892299733672407,0.9718116691824213,0.8405718219645248,0.3696223846054792,29.736902649500387,7.928063476599824,0.8894154873663072,0.1290748100528338,4.645567295885637,4.7108141062849915,5.370568677041197,0.7205860281380487,0.7014110775794778,0.164994211873698,0.17638647104234206,0.9777911888462996,2,12.0,0.008154622782122064,0.17953762907211934,0.9189951584323344,0.8896590533612855,0.9139355593476522,0.9584276903825919,0.9606362711817297,0.7956914563669243,0.4270790110985776,0.9606362711817297,2.0,0.36563607108762386,29.661253299325487,7.975427579875058,0.019174950558570828,2.980269107997406,B,iso,0.9354130784446086,12.0,2
3.0,0.0,3.0,3,1,blend,obs,0.5973333333333334,0.9563959373189714,0.9981033997516812,0.9942001936112622,0.7619534268879762,0.94570958552989,0.8819033233851292,0.9007663542637414,0.9893293494234511,0.9787428386534718,0.8882357758109438,0.9864899558417544,0.971023286730687,0.8877866817046897,0.9863924012564146,0.9715906481710749,0.9593489726566972,0.9983425628505745,0.9946314547719841,0.9329883627367124,0.9955081902524493,0.9937179209170951,0.9651663105566819,0.998713167724924,0.9958482516103138,0.9835092418146376,0.8449941316323804,0.02938417541837971,234.18624085211292,6.913703632207932,0.8898771027968307,0.1298858662114537,4.65186475838787,4.713572193964689,5.3554075991005,0.7209127223288625,0.7085004743011223,0.16639204864592474,0.17854118356032664,0.9778923313877101,2,12.0,0.008275083710351848,0.18124769152553177,0.9180367884712376,0.912920059431756,0.9347707540644478,0.9710181882217861,0.9668575727179176,0.760037085732941,0.40905152460280947,0.9710181882217861,1.0,0.029387780952508432,233.97837379551137,6.752952822938102,0.01241224802774024,2.9736066599162285,B,iso,0.9319533192727107,12.0,2
3.0,0.0,3.0,4,1,blend,obs,0.5943333333333334,0.9688744800350961,0.9990149419902175,0.9967051920215518,0.7347423270256548,0.9340060609328268,0.8641148421630496,0.8970081277770082,0.9887306441261695,0.9746581321547992,0.8803638753455931,0.9849101417746233,0.9662604309750958,0.880886514497658,0.9850370722935131,0.967219121857815,0.9697133120400845,0.9990537184694382,0.9967423702542271,0.909184522161706,0.9919644737070785,0.9876579372521859,0.96857008960933,0.9989899162619051,0.99657197613943,0.9811708283830199,0.8326033845557098,0.0797672630740385,102.45520690941262,8.2265184342766,0.88893807165363,0.13073300383891856,4.632083902848744,4.68566483405913,5.640755596167354,0.7226250860027907,0.7066767937416829,0.16364962409098002,0.17901286983645798,0.9780700706796636,2,12.0,0.007898769708594277,0.1786226652295301,0.9161750211301029,0.8974663359790253,0.9221017043157418,0.966257893754108,0.9530896740608403,0.7398074792655772,0.39363499926377044,0.966257893754108,1.0,0.09518713364654685,94.10224805583032,8.251134553126798,0.015948292261107902,2.9902974523253403,B,iso,0.9141779819545184,12.0,2
3.0,0.0,3.0,5,1,blend,obs,0.6016666666666667,0.9646549278067116,0.9987286623916095,0.9965417528276138,0.7493530163047144,0.9410754824433352,0.869932553557475,0.8932598281893532,0.9876609792429379,0.9695379172532231,0.8794969966011076,0.984472750891709,0.9615359438065424,0.8803358197866762,0.9846914951827731,0.9630358606589201,0.9672118116674243,0.9988952454441141,0.9967241394638522,0.9250193716896198,0.9943848771614279,0.990589797485372,0.964928011502361,0.9987669460406101,0.9961970401871489,0.9831048983787422,0.8418828676173873,0.08736228816416257,119.46633279554696,6.447003671369303,0.8955708805155369,0.1271771667620618,4.829400998043818,4.874091990455316,5.4050929424287535,0.7237119871845479,0.7214588257661364,0.1660088693411857,0.1779606573661579,0.978158804853788,2,12.0,0.008041526247712196,0.18062636219738643,0.9190733142251578,0.9034219460950266,0.9258926930676848,0.9615334174345538,0.9615244565245941,0.690824881487101,0.40503525209531654,0.9615334174345538,1.0,0.09372731156537407,113.29021058634925,6.455559844350889,0.0022531614184114765,2.9696491276666133,B,iso,0.9328402794086046,12.0,2
3.0,0.0,6.0,0,1,blend,obs,0.6033333333333334,0.944333908824483,0.9969495564549976,0.9960423854324117,0.7432588849796609,0.9374621243091457,0.8621603926118675,0.8964599249349398,0.9883935926946481,0.9713889969309717,0.8601779928032968,0.9793742759081742,0.9463467147076755,0.8633383439533422,0.9802916187597794,0.9506601310605792,0.9560939056234631,0.9980996933041254,0.9966276231709823,0.8663246755445548,0.9823290120453507,0.9720902723945882,0.9251057262016399,0.9946062233097113,0.9878680779771862,0.9516508510281164,0.8584230334751819,0.03794680198024013,202.37104148324997,6.450206725587,0.8633520590556664,0.14041001172828052,3.9313894681765698,4.00472311213159,5.579123696431921,0.7200038552340414,0.701181755597019,0.16142769846008992,0.20629798472906416,0.9219131067850015,2,12.0,0.027986441309263116,0.21211844168064192,0.7610262322364681,0.8851739668773326,0.9057359407825555,0.9463330282317441,0.9446515092413528,0.6599244860133868,0.3964222518739181,0.9463330282317441,1.0,0.04105114080082337,191.62441126667193,6.604072141878203,0.018822099637022395,5.931509300401889,B,iso,0.7824976994908437,12.0,2
3.0,0.0,6.0,1,1,blend,obs,0.6026666666666667,0.9445281704287553,0.9970463988458315,0.9962549332333253,0.7346085509132019,0.9343229776080194,0.859216079847659,0.8737319070559324,0.9830775537480902,0.9602632191415594,0.8406821201297479,0.9738111866302751,0.9333218782970215,0.8433110621192306,0.9746174779240697,0.9385928712900764,0.9560257594112076,0.9981742867816767,0.9966021040275467,0.8627577877434911,0.9816600226734685,0.970560729508997,0.9037592991672523,0.9912727402655832,0.9766499604734799,0.9584034666613992,0.8670834840206109,0.5344804232749354,20.129781087764492,5.623207155146183,0.8590123778731366,0.14182285116705012,3.887415101093792,3.991272879003845,5.776521609734677,0.7284093002592029,0.6856578247913299,0.1625878250720873,0.20298837382368184,0.9208300553955665,2,12.0,0.02871753250669081,0.214218373846286,0.7589816977546165,0.8798088681148537,0.8983172684622908,0.9333255234634659,0.9497431719460557,0.7217071930782488,0.42364338388073897,0.9497431719460557,2.0,0.5530178555587181,20.16023383844817,5.560730918797724,0.042751475467873,5.929167311305656,B,iso,0.8009711197219258,12.0,2
3.0,0.0,6.0,2,1,blend,obs,0.61,0.9323851495475814,0.9954162394676417,0.9928286823458388,0.7411637208177554,0.936229771082285,0.8591227514410682,0.8921784423883654,0.9872975405511097,0.9711561503579366,0.8526866838670888,0.9771413311642685,0.9401906456972055,0.8558798137163999,0.9780807572458095,0.9447073496580316,0.943474638353683,0.9968284943603914,0.9936415155101058,0.8667371759815938,0.9818480588681426,0.965803167080806,0.8937310314071061,0.9885871179623907,0.9680149758405722,0.9441122767238306,0.862903175199489,0.5100535970556673,22.83468290412436,6.460280923185218,0.8583683620568866,0.14228666041262383,3.784558305314068,3.850155000685744,5.370568677041197,0.7205860281380487,0.679663402572209,0.164994211873698,0.2051602799414037,0.9216987405240462,2,12.0,0.02875062649560483,0.21481547876777457,0.7680741295745469,0.8801281837403712,0.9002816185949613,0.9402049321067688,0.9606310010371989,0.7513731344897029,0.42851674805698947,0.9606310010371989,2.0,0.49397633026264576,23.31433718657226,6.64283095693978,0.04092262556583966,5.921282373172481,B,iso,0.8042210310924823,12.0,2
3.0,0.0,6.0,3,1,blend,obs,0.5973333333333334,0.935980577584045,0.9959174819265331,0.9932274621094642,0.7619534268879762,0.94570958552989,0.8819033233851292,0.9007663542637414,0.9893293494234511,0.9787428386534718,0.8682634916415062,0.981519344973162,0.9564211411793972,0.872702050049147,0.982688006750703,0.9614799751817015,0.9492328693173298,0.9974205734904698,0.9946976788252722,0.88026441900985,0.9856492538099163,0.9809125915769684,0.9296147653810245,0.9950360090906969,0.9894817477988737,0.9559460956322939,0.8691580640840668,0.035124352267370505,215.84390175151705,5.575535304375716,0.8565614929487938,0.14386127049811473,3.7334634350844684,3.8377568285236756,5.3554075991005,0.7209127223288625,0.6848726005038864,0.16639204864592474,0.20850507022755715,0.9217565166786658,2,12.0,0.029287184715335573,0.21747693093970244,0.7651020635933957,0.9032201517064993,0.921347500290228,0.9564228554757604,0.9752856376198623,0.7351047823261502,0.4081398099574941,0.9752856376198623,2.0,0.035780219664106584,213.4150446460471,5.887803081424472,0.03604012182497611,5.917743576834989,B,iso,0.7980239927227126,12.0,2
3.0,0.0,6.0,4,1,blend,obs,0.5943333333333334,0.9442857572771131,0.996994223773042,0.9969201748133798,0.7347423270256548,0.9340060609328268,0.8641148421630496,0.8970081277770082,0.9887306441261695,0.9746581321547992,0.8518420446491172,0.9773665172582413,0.9456398084818854,0.8560078814407541,0.9785568818323673,0.9504420894603849,0.9558558389746233,0.9981123326274425,0.9970497974623465,0.8586335691120691,0.9807964926277125,0.9717961040252945,0.9199284773600402,0.993928540908234,0.9854945223128563,0.9476412797297282,0.8622706613841025,0.11175032300659891,87.16848853724838,5.952508989145755,0.8516413806833552,0.14679639374785827,3.6483327940170986,3.7377891539982597,5.640755596167354,0.7226250860027907,0.6874651261848239,0.16364962409098002,0.21685202233752293,0.9222502362777593,2,12.0,0.02800407924571349,0.21523660535562444,0.7603243129605678,0.8861240241682881,0.9058785800446977,0.9456231843533283,0.9707413429890465,0.7126743616670337,0.3918114016728971,0.9707413429890465,2.0,0.1178514124722733,77.60182744998164,6.289118386026085,0.03515995981796685,5.94451456867562,B,iso,0.7546603546830882,12.0,2
3.0,0.0,6.0,5,1,blend,obs,0.6016666666666667,0.9368913365201481,0.9961205477356981,0.9958133962822554,0.7493530163047144,0.9410754824433352,0.869932553557475,0.8932598281893532,0.9876609792429379,0.9695379172532231,0.8570147822060934,0.9784787931522994,0.9434573814268309,0.861332994602902,0.9797407566392787,0.9492406387573937,0.9499435209133934,0.9975606622470438,0.9964831168252665,0.87532980235446,0.9847478497844415,0.9760655024294767,0.9188802775549733,0.9937220539941176,0.9869089984731316,0.9556333579741982,0.8627818513754137,0.07892997052006166,134.77708953849555,5.162356332467978,0.8639866016064165,0.14159053516284067,3.8291688695636736,3.931946390032536,5.4050929424287535,0.7237119871845479,0.7052028992632424,0.1660088693411857,0.20911353983008724,0.9214658379899974,2,12.0,0.028914833685511412,0.21706249846196607,0.7647975606909083,0.8926224557549147,0.9109296035973002,0.9434426254060935,0.9520065932314775,0.6464285854381837,0.40284900046169103,0.9520065932314775,2.0,0.09610877451205131,117.98935981410688,5.313989114036286,0.018509087921305418,5.899819310274684,B,iso,0.7938695384147495,12.0,2
3.0,0.0,10.0,0,1,blend,obs,0.6033333333333334,0.8871388455237823,0.9877463773356012,0.9952248874388301,0.7432588849796609,0.9374621243091457,0.8621603926118675,0.8964599249349398,0.9883935926946481,0.9713889969309717,0.8304393318457124,0.9708853896062334,0.915204039467597,0.8416127775277848,0.9742610884994758,0.9313992964792542,0.9295583761041367,0.9952208669944451,0.9968330942830375,0.8111063636496075,0.9649987395858858,0.948720064730256,0.855635836481254,0.9809057587232404,0.9580773763655208,0.9104202030250858,0.8864642227800626,0.07030567284854258,149.0585161237483,5.487073443041076,0.8193583731835276,0.15330521102811417,3.091784761969991,3.2807311044475345,5.579123696431921,0.7200038552340414,0.6687650151819788,0.16142769846008992,0.27197928594723336,0.7958204580167347,2,12.0,0.07317820613676705,0.28527652787148383,0.5658639344236992,0.8730452000021122,0.8859339889046692,0.9152048778703561,0.9216194653902291,0.6193411885633853,0.40119077772048295,0.9216194653902291,2.0,0.07834821351332537,137.4254562679474,5.486665720569332,0.05123884005206254,9.79730132594283,B,iso,0.5935293855113969,12.0,2
3.0,0.0,10.0,1,1,blend,obs,0.6026666666666667,0.8853771820631311,0.9874948820276752,0.9923291191822778,0.7346085509132019,0.9343229776080194,0.859216079847659,0.8737319070559324,0.9830775537480902,0.9602632191415594,0.8150799831426165,0.9663672938914342,0.9060179676884121,0.8244257157255621,0.969008851344268,0.9213523199609677,0.9259543864927119,0.9949103206996595,0.9947916685001057,0.8029174122945291,0.9621903230253263,0.9450746351661828,0.8294027723568511,0.9734571009847041,0.9264958796513978,0.9204744649255444,0.8936813054050603,0.6313665637531966,20.336959668112804,4.946130273074252,0.817225223837382,0.15424323363983786,3.047340326916693,3.2353849933116616,5.776521609734677,0.7284093002592029,0.6463456783075447,0.1625878250720873,0.26252787999984856,0.7921738811661175,2,12.0,0.07538534166180516,0.2890433266230768,0.5625033000125543,0.8685486962196945,0.880319107815113,0.9060258700227279,0.9307369234094832,0.7001103398346907,0.43814555428330315,0.9307369234094832,2.0,0.6969905084192393,13.638161600604079,4.790936376583261,0.08206362195165812,9.81621118700873,B,iso,0.6193164134498061,12.0,2
3.0,0.0,10.0,2,1,blend,obs,0.61,0.8802402332072984,0.986078763894588,0.9882236895187783,0.7411637208177554,0.936229771082285,0.8591227514410682,0.8921784423883654,0.9872975405511097,0.9711561503579366,0.8229827117591553,0.9691320855359427,0.9094133995762085,0.8363569506108027,0.973240030417123,0.9260110387828352,0.9173758736693228,0.9934850065785554,0.9910209247044417,0.8088690150440283,0.963500021227537,0.9413372357580057,0.8364965525598604,0.9748586526200795,0.9299137555664322,0.8982144872088067,0.896182393673854,0.1802829241158757,88.5216051497221,4.8419127860594475,0.8123198355985243,0.15638729936877796,2.9171299631669614,3.1009413871824623,5.370568677041197,0.7205860281380487,0.6344629370179489,0.164994211873698,0.26651778321368724,0.7937169032023742,2,12.0,0.07574294855635837,0.28750610672432897,0.5738807211907339,0.869259739519055,0.8813681876779628,0.9094278619415466,0.9622733069695636,0.5812744140504189,0.5439549769759735,0.9622733069695636,2.0,0.6560382849625979,15.373489969253308,5.271793695438295,0.08612309112009985,9.771544117696003,B,iso,0.6190739315185201,12.0,2
3.0,0.0,10.0,3,1,blend,obs,0.5973333333333334,0.8821528884171881,0.9863724388472758,0.9907934706046976,0.7619534268879762,0.94570958552989,0.8819033233851292,0.9007663542637414,0.9893293494234511,0.9787428386534718,0.8444614858742799,0.9754161775345187,0.933178643770437,0.8523737036149956,0.9773854379740423,0.9464915878851754,0.925568337701727,0.9945512337420961,0.9949703711772891,0.823816076416937,0.9693648953542343,0.9610129915483253,0.8668035243784703,0.9837705354241059,0.9680403300631987,0.9172446464396586,0.8997316032403613,0.0788671818758191,140.6370188414169,4.79511213902823,0.8087981629168638,0.15826643650465821,2.928837502702838,3.121761591420473,5.3554075991005,0.7209127223288625,0.642659279447513,0.16639204864592474,0.2701483781604605,0.7959768401891315,2,12.0,0.07636756077241376,0.29087963866965,0.5720305807822288,0.8932927386691869,0.9052341339704364,0.9331916974453042,0.9660396519938845,0.6315726729101071,0.4224729736635313,0.9660396519938845,2.0,0.06630863632133277,154.35707304458742,4.679523657969995,0.07825344288134961,9.788452676273005,B,iso,0.6159283641787868,12.0,2
3.0,0.0,10.0,4,1,blend,obs,0.5943333333333334,0.8760473414224115,0.9854452616442606,0.9961892757026427,0.7347423270256548,0.9340060609328268,0.8641148421630496,0.8970081277770082,0.9887306441261695,0.9746581321547992,0.8209721972723889,0.9685861787815256,0.9169257160255336,0.8296719854177922,0.9709515545138976,0.9298027569239785,0.9204903861580293,0.9940237225804265,0.9970114723142205,0.8046794482837258,0.9635249307871797,0.9499688213525544,0.8477530387536756,0.9789588196971589,0.9493059177861792,0.9062789205163987,0.8969152851399627,0.2171612775589334,66.38072019177669,4.670447185577626,0.801542782169407,0.1605064150939684,2.8075395613340777,2.986999359433853,5.640755596167354,0.7226250860027907,0.6478699079426238,0.16364962409098002,0.2927514316473342,0.7967071633096161,2,12.0,0.07322245671513056,0.289725063132643,0.5648445540800774,0.8751227481085486,0.887446102458255,0.916926066077418,0.9657098677050154,0.6722680098799182,0.40013210419144596,0.9657098677050154,2.0,0.24195354791038057,54.221595767690474,4.782626122192486,0.07475517806016706,9.836073554116835,B,iso,0.5590053758921395,12.0,2
3.0,0.0,10.0,5,1,blend,obs,0.6016666666666667,0.8797101435376857,0.9861540475333381,0.9936584226911113,0.7493530163047144,0.9410754824433352,0.869932553557475,0.8932598281893532,0.9876609792429379,0.9695379172532231,0.8310401493104288,0.9713268612905713,0.9193852139364614,0.8401362248195814,0.9739135188701467,0.9331034697992394,0.9220036279558512,0.9942115249781305,0.9958840012197708,0.8205309920969979,0.9687868702356425,0.953991127311973,0.8541255729763184,0.9805514471941459,0.9575325887827332,0.9194075519439691,0.8928415803536609,0.15372499442620022,93.5356351691763,4.484354673538435,0.8181052167966713,0.15496510414014594,2.954625735418518,3.1430511129371173,5.4050929424287535,0.7237119871845479,0.6752724783655206,0.1660088693411857,0.271147617302583,0.7945362635960561,2,12.0,0.07564796789666026,0.2907537575340809,0.5709603574830047,0.8819217564240799,0.8940782176985396,0.9193856715170338,0.9362623981601418,0.5960486022207843,0.40408894296272213,0.9362623981601418,2.0,0.17408493127160976,84.3585279406534,4.352164294542505,0.048439508819027276,9.73998160909258,B,iso,0.6122453554734012,12.0,2
3.0,0.0,16.0,0,1,blend,obs,0.6033333333333334,0.8024704541166161,0.9632800557421523,0.9903311515774764,0.7432588849796609,0.9374621243091457,0.8621603926118675,0.8964599249349398,0.9883935926946481,0.9713889969309717,0.7917153366395873,0.9606110268482868,0.8730194908781674,0.8202158806657353,0.9681336938078605,0.9136065790977951,0.9088901551563024,0.9922105915167854,0.9948899842162171,0.7594784111997293,0.9435687233970581,0.924025025087109,0.7877510583815434,0.9599412098541871,0.8773311203934702,0.8567114871368817,0.8984031480416994,0.11708653326474866,111.0484657057493,4.872046920034446,0.8104777380565487,0.15565131090030376,2.518050231802398,2.716336446294047,5.579123696431921,0.7200038552340414,0.5934354386994228,0.16142769846008992,0.37732550570085477,0.5458702223151198,2,12.0,0.16276068680275574,0.3985485672675506,0.40503896317289106,0.863179924535987,0.8663414006693299,0.8730198767615036,0.8934768613856177,0.7956814247877765,0.6234064849294559,0.8934768613856177,2.0,0.21930143012526354,74.38092974889561,4.433499354331197,0.12656841653461856,15.465767626059892,B,iso,0.42782079668918666,12.0,2
3.0,0.0,16.0,1,1,blend,obs,0.6026666666666667,0.8014945418503983,0.963137030293123,0.9779875291773135,0.7346085509132019,0.9343229776080194,0.859216079847659,0.8737319070559324,0.9830775537480902,0.9602632191415594,0.7801137720107427,0.9576945938523902,0.8641387934143903,0.8087722900668701,0.9648301528566063,0.9094633812300702,0.9006787662568593,0.9910210849212061,0.9913277359972548,0.7525312922471546,0.9414716829509495,0.9233657620780702,0.7670075813151287,0.9522799303735161,0.845498288120057,0.864165883351375,0.8959717824691547,0.6560584065444974,19.632569162908524,5.0455838789727405,0.8084686998871532,0.15585658398398877,2.564874306034394,2.843668925117262,5.776521609734677,0.7284093002592029,0.5816719571239704,0.1625878250720873,0.3623920299321637,0.5359852848431561,2,12.0,0.16831333825833353,0.4045660385427892,0.4018820404641827,0.8592203540100068,0.8619912059860997,0.8641385137465323,0.8395601874590097,0.662177421543706,0.6605460564253502,0.8641385137465323,1.0,0.7971057018458801,10.008660293093193,3.969383148962902,0.14673734313523248,15.476674009674442,B,iso,0.44865176836952564,12.0,2
3.0,0.0,16.0,2,1,blend,obs,0.61,0.8050396658315551,0.9643575727454392,0.9765356034506649,0.7411637208177554,0.936229771082285,0.8591227514410682,0.8921784423883654,0.9872975405511097,0.9711561503579366,0.7892071603386157,0.9600672787444527,0.8741790469749786,0.8199080268743708,0.9689216122875955,0.9144098676891081,0.8987266212151017,0.9906404199987866,0.9869457785086275,0.7563067014856049,0.9419061437183103,0.9169748591250021,0.7824909019983866,0.9578511565333157,0.8642660667400538,0.8518494808568406,0.9074644160174077,0.007267090300143543,500.6119334522495,4.185677753178166,0.8022378683854093,0.15703733039694076,2.4461013870340738,2.7219267201663806,5.370568677041197,0.7205860281380487,0.5629470491376769,0.164994211873698,0.36943939035007406,0.5404983816437747,2,12.0,0.16871962841852955,0.39936798160120274,0.41313830721276107,0.8611300359643637,0.8648161086087219,0.8741775124281067,0.8990717719796907,0.7872097228165171,0.6237237373896156,0.8990717719796907,2.0,0.09130852067486792,134.0189428993568,4.513517085076054,0.15763897900037177,15.399289676774996,B,iso,0.4466069839422171,12.0,2
3.0,0.0,16.0,3,1,blend,obs,0.5973333333333334,0.800514612072939,0.9624655349932743,0.9883872826014206,0.7619534268879762,0.94570958552989,0.8819033233851292,0.9007663542637414,0.9893293494234511,0.9787428386534718,0.8128128801379836,0.9680395615425273,0.9002999212199012,0.8369936789791069,0.9735471745981851,0.934126361431235,0.9052961060113833,0.9914844650985802,0.9944305851519166,0.7719409968693309,0.9491197239105913,0.9372472427583338,0.7980164684981981,0.9638367730979189,0.9020539295291267,0.8684446462916265,0.9124180085936644,0.1630744903647995,92.65933603208974,4.551226753751551,0.7926234423042811,0.16077740270838453,2.3768989532578657,2.688748066875188,5.3554075991005,0.7209127223288625,0.5623556447019907,0.16639204864592474,0.3829328323214475,0.5450058042464406,2,12.0,0.17030810094067797,0.4052181723709199,0.41062336289700346,0.8844225179740394,0.8888455359690661,0.9003016331902526,0.9365564028016731,0.8318783568969209,0.6341444021176756,0.9365564028016731,2.0,0.09892714716777139,124.39670774996414,4.059198257645338,0.1585570776268718,15.422938802701719,B,iso,0.4345201941479108,12.0,2
3.0,0.0,16.0,4,1,blend,obs,0.5943333333333334,0.7838798804574768,0.9567403528050978,0.9887858965115436,0.7347423270256548,0.9340060609328268,0.8641148421630496,0.8970081277770082,0.9887306441261695,0.9746581321547992,0.7881210680802317,0.9601728690589298,0.8760651238961084,0.8095670359415746,0.9651438096753131,0.9142105931666034,0.8945876040635632,0.9897455693047026,0.9944401160205705,0.751135433976438,0.9405859467272863,0.9251279491965678,0.788035713369681,0.9602559330892426,0.8798453849333737,0.8566442538998145,0.8976175636572246,0.21278434009303854,74.07608371700825,4.900741252049877,0.8038928785558486,0.16045709086985602,2.338188942784601,2.528719989787475,5.640755596167354,0.7226250860027907,0.5792656761203336,0.16364962409098002,0.41662869704507366,0.5438112496487499,2,12.0,0.16431105773489335,0.40674118742071996,0.40234337989898755,0.865533539473778,0.8687499246864312,0.8760651067528586,0.9022944848653843,0.845788581625676,0.6478724278119238,0.9022944848653843,2.0,0.408787286522059,35.6271159263587,3.9999840661495303,0.14335940988245716,15.524153083094667,B,iso,0.3927948920745498,12.0,2
3.0,0.0,16.0,5,1,blend,obs,0.6016666666666667,0.800913937272096,0.9628603835353843,0.9869322707379142,0.7493530163047144,0.9410754824433352,0.869932553557475,0.8932598281893532,0.9876609792429379,0.9695379172532231,0.8005836226946612,0.9643182643441518,0.8867950666040546,0.8250937932161753,0.9703006275362314,0.9217080331146521,0.9027249697052775,0.9912493335141364,0.9932441310673908,0.7645419076009174,0.9464177297352805,0.9269101226463107,0.7943034788542992,0.9622359489418896,0.892407437000028,0.8724624792964016,0.9064264437625371,0.1909060976834613,81.44041892382404,4.533657637214722,0.7993136220864868,0.15907335765241298,2.458678307016851,2.720113099992815,5.4050929424287535,0.7237119871845479,0.6055100460845718,0.1660088693411857,0.37346842597326874,0.5407326261384197,2,12.0,0.16909379806838462,0.4054111102256196,0.40948278217831363,0.8724359986497209,0.8770844869597905,0.8867948242811295,0.9108143820334202,0.5902245799246353,0.5949016893528236,0.9108143820334202,2.0,0.2673242771334922,63.05889306972287,3.946692445783764,0.11820194109997607,15.37082646697244,B,iso,0.4445057675453076,12.0,2
3.0,0.0,25.0,0,1,blend,obs,0.6033333333333334,0.7315358905967027,0.9334843491644335,0.9541348326227512,0.7432588849796609,0.9374621243091457,0.8621603926118675,0.8964599249349398,0.9883935926946481,0.9713889969309717,0.7676934811743794,0.9528264801924481,0.84221905441492,0.8160941597775682,0.9674435210009632,0.9190536021834652,0.9289417677985458,0.995499402178315,0.9908604919907597,0.7064950012884372,0.9165577998990676,0.8929119749103575,0.7553856303968438,0.9484347906543473,0.8151503109150355,0.8260761468610965,0.8850214779100588,0.14991892474131438,91.13172155957842,5.23650763169385,0.8301824597242212,0.14948344614811337,2.2483756167785134,2.583985777954118,5.579123696431921,0.7200038552340414,0.480801017654771,0.16142769846008992,0.48903280192503307,0.20481012892483438,2,12.0,0.28499705571960304,0.48502598667511443,0.33282278247952773,0.8584442484472674,0.8558309608748448,0.84221305077276,0.7056635156107177,0.06583865299835748,0.5718897798237615,0.8584442484472674,0.25,0.3025892628686465,57.00559736676787,4.05107549483904,0.23920283757927044,23.580034627946148,B,iso,0.33009585006290887,12.0,2
3.0,0.0,25.0,1,1,blend,obs,0.6026666666666667,0.7281768718815032,0.9321782413357569,0.9480953137551273,0.7346085509132019,0.9343229776080194,0.859216079847659,0.8737319070559324,0.9830775537480902,0.9602632191415594,0.7604820412842185,0.9510217147361201,0.8382478833390916,0.8068412795254464,0.9646272903938765,0.9152468688901496,0.9254205131711104,0.9950061356096235,0.9898489248399215,0.7014295185148269,0.9150844329054023,0.8944169108610822,0.7381826380302288,0.9412288488987588,0.7828215027316785,0.8380733540048386,0.8846465198339193,0.6439788234984521,17.503298971248736,5.4147587485821544,0.8244055131555502,0.14813318811289272,2.3076974590689217,2.7965341772155314,5.776521609734677,0.7284093002592029,0.5291375750335989,0.1625878250720873,0.4876729076071087,0.19339871686231683,2,12.0,0.2925807095632069,0.4894027883974424,0.33221679346062544,0.8553141976301891,0.8529205082604591,0.8382357386055053,0.6461506189590916,0.1975445247188621,0.6195298650556649,0.8553141976301891,0.25,0.8352980279823117,9.241385276160425,4.0580260192227575,0.1992717252256039,23.538841192423845,B,iso,0.3333952379472255,12.0,2
3.0,0.0,25.0,2,1,blend,obs,0.61,0.7389219217320347,0.9376134904497516,0.9376398414248486,0.7411637208177554,0.936229771082285,0.8591227514410682,0.8921784423883654,0.9872975405511097,0.9711561503579366,0.7701522302255694,0.9547340874063197,0.8480077362479261,0.8174339612977647,0.968211697939654,0.9196592290853173,0.9171688688014944,0.9940686627310443,0.9848889129862684,0.7126196852188078,0.9197307286113767,0.893553234689068,0.7436444384481965,0.9429376219355701,0.7921032596765561,0.8234992509280892,0.8851737109905453,0.00729467731634059,499.5745631858372,5.183338168439392,0.8261461398346645,0.15048376168985222,2.301723578040395,2.6186772137309546,5.370568677041197,0.7205860281380487,0.48086898172414655,0.164994211873698,0.48203307252474387,0.20329359796748864,2,12.0,0.29253435187116317,0.482411536435781,0.3420196231058876,0.8565419363736825,0.8557139984757522,0.8480074431790364,0.6632467884427609,0.3419383793138142,0.6300946166507737,0.8565419363736825,0.25,0.21773008276876654,78.87346195285618,4.260758190632981,0.23971704641390215,23.421704840640388,B,iso,0.3422881567223346,12.0,2
3.0,0.0,25.0,3,1,blend,obs,0.5973333333333334,0.7251107092392519,0.9302838640523202,0.9617346003995807,0.7619534268879762,0.94570958552989,0.8819033233851292,0.9007663542637414,0.9893293494234511,0.9787428386534718,0.7850332653497343,0.9596014432882335,0.8696043981176566,0.8312436345111015,0.9718378532128492,0.9341891889524204,0.9320942676354358,0.9958294035164403,0.9942229315170593,0.7178614670799125,0.9227346806273293,0.9090487485266334,0.7585633685355545,0.9492893787237889,0.8289893459589531,0.8342498339736863,0.9048056652895203,0.3947122200205307,45.501497307757745,4.428804336890885,0.8101454403677861,0.15477427807530164,1.924623565209535,2.5176750477760255,5.3554075991005,0.7209127223288625,0.46932406455369,0.16639204864592474,0.5084534028611933,0.20693534764651697,2,12.0,0.29685067661534903,0.49158300417403217,0.33848210217417923,0.8792114094307664,0.8773744887240345,0.869604390576,0.7966440991757964,0.4699495052245267,0.6323481878075143,0.8792114094307664,0.25,0.14216952354293766,100.94318328178748,3.756798826771903,0.25158865777517253,23.399045717640817,B,iso,0.3272513227556261,12.0,2
3.0,0.0,25.0,4,1,blend,obs,0.5943333333333334,0.7109070220142897,0.9236899459637992,0.9302902508048511,0.7347423270256548,0.9340060609328268,0.8641148421630496,0.8970081277770082,0.9887306441261695,0.9746581321547992,0.7680306590175195,0.9537047323683387,0.8512823010439294,0.8073538074822183,0.9650070940280827,0.9190886282745414,0.9250782467336267,0.9949013753448538,0.9901930417524581,0.6945347572524165,0.9113892695876813,0.8951424455394148,0.7602573767004844,0.9503707740499318,0.8298736121380627,0.8313406516746537,0.8881739250377931,0.2865235524042718,61.115800122980716,5.124551367268275,0.8243812764670994,0.15062395204665982,2.047229720358597,2.6021509022802487,5.640755596167354,0.7226250860027907,0.49327633309126007,0.16364962409098002,0.5390903406081288,0.20535291706503675,2,12.0,0.2862177171674166,0.49426239898139923,0.33109867234132595,0.861401799087586,0.859861284533609,0.8512855526251637,0.7673384935472523,0.5371642768024771,0.6418509627427784,0.861401799087586,0.25,0.32690986374734626,46.61441111794751,4.003186477441903,0.22934875291153065,23.60990935588929,B,iso,0.3035662332706104,12.0,2
3.0,0.0,25.0,5,1,blend,obs,0.6016666666666667,0.7355873789832889,0.9356347762416034,0.9517756724587911,0.7493530163047144,0.9410754824433352,0.869932553557475,0.8932598281893532,0.9876609792429379,0.9695379172532231,0.7806632901321255,0.9585948958080184,0.8597610511996749,0.8227948670984885,0.9702145406365091,0.9262138812527742,0.9291925217060518,0.9955784343005657,0.9897931980630756,0.7116114388494736,0.9203785549689094,0.900864807643663,0.7653292207937974,0.9526028335804247,0.8367790556127503,0.8432330382668995,0.8858206845868517,0.19351620226287056,77.01952542313285,5.610162664870992,0.8199082047775241,0.15328956166648242,2.252103929344027,2.6985175235022125,5.4050929424287535,0.7237119871845479,0.5032863555919324,0.1660088693411857,0.4780224520070459,0.20189015422359038,2,12.0,0.293849362656404,0.49054479798929645,0.3384173474505135,0.8678884841463885,0.8670584317750881,0.8597573561284066,0.7714851052219367,0.1176862043481182,0.5821526270530835,0.8678884841463885,0.25,0.2617675603446025,61.071902753366984,3.8473930742737332,0.22042563159261552,23.30872480404282,B,iso,0.34728257772030086,12.0,2
3.0,0.0,3.0,0,1,blend,obs,0.6023333333333334,0.9371396389662956,0.9956708370284789,0.9855787680616515,0.7389636800404095,0.9344992993611831,0.8506151999344844,0.8781950741190896,0.9839182751859114,0.9574547924468273,0.866993026327863,0.980917449689357,0.9491795727837934,0.8696155367787717,0.9816691224677583,0.9525147829142171,0.9396193567354422,0.99590125642658,0.9858686050439879,0.8972784677995105,0.9890359323155447,0.9758971808666989,0.9363869220626649,0.9955501316683315,0.9848282409255082,0.9803686363103322,0.840530299435783,0.044925290570923586,167.6022927584704,7.646913484389853,0.8895714300955908,0.12870470769615422,4.698481300582274,4.847788122001456,5.526220076489763,0.722128744115357,0.6990801283478033,0.1616069706333481,0.17633261543657752,0.9686449718357754,4,12.0,0.011236599010582098,0.18250670938371966,0.8854850935565886,0.8809526165274386,0.9051540837857223,0.9491719864137451,0.9339499408341658,0.6912888826112823,0.4036408332693424,0.9491719864137451,1.0,0.05707863596040746,144.55372867398353,7.855328046530149,0.023048615767553706,2.9846895176804704,B,iso,0.9164893870213939,12.0,4
3.0,0.0,3.0,1,1,blend,obs,0.598,0.9365131202296483,0.9956630761706181,0.9861754365860836,0.727942129779858,0.9301202244350584,0.847293851520188,0.86067252086456,0.9793969027447827,0.9480496164808463,0.8480395992738065,0.9757513512217757,0.9380636770037752,0.8508162640698813,0.9766193672976045,0.9413670352564631,0.9395865980072958,0.9959260132033567,0.9861496880382493,0.8976412405933795,0.9892514044508965,0.9754165029503368,0.9306484918520578,0.994950617473959,0.9830524629589137,0.9824841104183059,0.8515438502196173,0.23415518664336474,58.51929580868905,7.321173042902263,0.8823649311968585,0.1323198959923044,4.5731569855048475,4.747352109203703,5.505058223462647,0.7211097158199562,0.7037654542869074,0.16454328684507488,0.18329148503108075,0.9682722736388489,4,12.0,0.01114726606064318,0.18583576287398332,0.8854231516064697,0.8739523240438607,0.8961600167222186,0.938062461400662,0.9496789628238808,0.7426728078399125,0.41481109405965433,0.9496789628238808,2.0,0.23905278543351105,54.266948234778965,7.5223409040860245,0.01734426153304883,2.9800790168405102,B,iso,0.8977137525901613,12.0,4
3.0,0.0,3.0,2,1,blend,obs,0.604,0.9327981813966488,0.995250551922516,0.9858185176547116,0.7372502922396003,0.9345332540545532,0.8463750514437935,0.8777745521987546,0.9840145014521313,0.9584821697730571,0.8574993468829089,0.9785165898747012,0.9425852999339641,0.8595296212789862,0.9791469322177216,0.9455087195173373,0.936165161912557,0.9956163397567429,0.9859870298108604,0.9050565215765578,0.9905753816163418,0.9756220394744021,0.9265007222441878,0.9943903600788022,0.9823223943495785,0.9685129126388125,0.8509051587441244,0.24301820671869245,53.11189544138873,6.384013304072547,0.8814030202689144,0.13286579465119042,4.389758065830466,4.545725493029247,5.272774545219073,0.7217055357780741,0.6974577560900366,0.16604601532505955,0.18260172759351462,0.9685613610201546,4,12.0,0.011422269958430225,0.18682517136078058,0.8887775352519596,0.8757632935609345,0.8997085344086576,0.9425697280925319,0.9580627527672967,0.7659602384199524,0.4099721287352196,0.9580627527672967,2.0,0.22535539900764437,54.72660587646496,6.368832234121822,0.024247779688037496,2.9842399867330385,B,iso,0.9093343064896443,12.0,4
3.0,0.0,3.0,3,1,blend,obs,0.5993333333333334,0.9329795761162991,0.9951573416156296,0.9837169182855776,0.7526913897808208,0.940537386609293,0.8660765360387354,0.875181794180052,0.983274888453603,0.9615445398956074,0.8672306994954809,0.9811796541260734,0.9563020404812987,0.8676854079228691,0.9813150027163111,0.9575696139033619,0.9345042233138942,0.9953271709249344,0.9839377168708935,0.9101831956819517,0.9916337139050189,0.9814679932688131,0.9381075978839356,0.9957419480806853,0.9856651104324019,0.9873392492325149,0.8542800807413891,0.027360749728100597,186.53469102162208,7.252912365486816,0.8897302697210248,0.12842251501968083,4.715596346918935,4.80190161405833,5.473988889066332,0.7292842719287843,0.7132813134963032,0.16610549112726797,0.18223122019598675,0.9681550065367318,4,12.0,0.012090838659150921,0.18726336079702893,0.8870154333463365,0.8934836861040722,0.9158183962214284,0.9563025575826881,0.9578872606064222,0.7740582354148755,0.4060901948323349,0.9578872606064222,2.0,0.04434156076300579,143.4224009463825,7.281336218586124,0.01600295843248107,2.9813816961568538,B,iso,0.9115095149372548,12.0,4
3.0,0.0,3.0,4,1,blend,obs,0.595,0.9383994612335448,0.9958308876296219,0.9859995819564186,0.7284167871283396,0.9300369113743362,0.8494895146132097,0.8649154394785923,0.9808170500735208,0.9540171563701116,0.8547417487681843,0.9777552322636549,0.944476287002891,0.8558122685794209,0.9781108691435092,0.9468678803558873,0.9403957137702881,0.9959637274636934,0.9859791402524288,0.8902866913180572,0.987790806963997,0.9741481782349442,0.9365481575145477,0.9955872607128469,0.9848479485938624,0.9825280129148105,0.8461270925588126,0.03375873556434572,169.9953490440946,7.222429719177318,0.8876220447026547,0.13067018994888785,4.626213184956314,4.76380353574249,5.673817289549985,0.7289490199427218,0.705906931565186,0.16518626515762053,0.1811999098387385,0.9686343178052195,4,12.0,0.011428554973412646,0.18636855132286212,0.8863419497823658,0.8797950073450764,0.9026193165536397,0.9444758420908468,0.956630053439291,0.6972832534193523,0.4001830295531549,0.956630053439291,2.0,0.04045195223027285,143.64685333371722,7.19927672513198,0.02304208837753569,2.981006767146176,B,iso,0.9116244335034739,12.0,4
3.0,0.0,3.0,5,1,blend,obs,0.5996666666666667,0.9375814035804688,0.9957393143953938,0.9861993381601366,0.7386821452653596,0.9351640250780541,0.8527455260281535,0.872442113404581,0.9823756158914779,0.9519146088005661,0.8566792164853694,0.977942700374372,0.9413170229289994,0.860394577647704,0.9790600456244749,0.9451015974625656,0.9405695761513405,0.9960076407057963,0.9863428147355101,0.8994896426792373,0.9895841997661645,0.9768547216847898,0.9369494606171309,0.9956620163558078,0.9853657409774932,0.98096286659703,0.8459435845583523,0.1867690041163401,79.35489602698698,6.339446852741303,0.8863743341545562,0.1326498732245109,4.556168271713243,4.786730268592619,5.491374483766051,0.7323290137959888,0.7072282992902126,0.16442671081353363,0.17965065295537203,0.9684567213830078,4,12.0,0.011640897998105557,0.18553748393664332,0.8862182849783685,0.8841304122516921,0.9059440798970421,0.9413144706328141,0.9439706766170405,0.6883322706462177,0.41271373859874194,0.9439706766170405,2.0,0.17183256645021466,82.47404475623485,6.571138237863378,0.025100714505776167,2.9718097528139182,B,iso,0.9152580750952224,12.0,4
3.0,0.0,6.0,0,1,blend,obs,0.6023333333333334,0.9190005977699884,0.99332642263495,0.9847102394756744,0.7389636800404095,0.9344992993611831,0.8506151999344844,0.8781950741190896,0.9839182751859114,0.9574547924468273,0.8440676376732262,0.9740624661648266,0.9283359591006198,0.8492085906724653,0.975717882170713,0.9360364305201614,0.9303399332012479,0.994914417778471,0.985289898173926,0.8449734497515953,0.9756849037037604,0.9561759434106759,0.9021125182186471,0.9904371893269355,0.9730978231248205,0.9514079725628796,0.8645713324590363,0.07555755357638258,129.75627785890882,5.850422108433392,0.8617349591859171,0.14087697236858684,3.9090806066707686,3.993891292634915,5.526220076489763,0.722128744115357,0.6917838453592042,0.1616069706333481,0.20668805362545994,0.9139324634393899,4,12.0,0.030843741906238675,0.21738102835521883,0.7434272063947953,0.8718014008582928,0.8906505713632347,0.9283309357155407,0.9361760154626916,0.6354874019396042,0.3980373681607794,0.9361760154626916,2.0,0.10671773800840557,103.11820819075662,6.1132204773873875,0.03034489875615282,5.935641969376482,B,iso,0.7818882988089704,12.0,4
3.0,0.0,6.0,1,1,blend,obs,0.598,0.9188085713030272,0.9934442797957982,0.9854777019255018,0.727942129779858,0.9301202244350584,0.847293851520188,0.86067252086456,0.9793969027447827,0.9480496164808463,0.8282897010402793,0.9694121244884549,0.9186663576372351,0.8347664408055291,0.9716248227645249,0.9268436356878946,0.9282898960037553,0.9947634710227823,0.9858406515396666,0.8478718667478238,0.977041221657015,0.9571463051732058,0.889302843332578,0.9881894380229823,0.9668129129188099,0.9556168288071493,0.8706456198118498,0.26361267667097354,60.65788683904979,5.629262790581171,0.8565524292325071,0.14270793387197803,3.860571030271062,4.009450885235694,5.505058223462647,0.7211097158199562,0.6883613290868744,0.16454328684507488,0.21019343087513503,0.9129582132823187,4,12.0,0.03058138940973107,0.22131543423679512,0.7434785893378895,0.8658889383952931,0.8835375902818166,0.9186712500789902,0.9422675706732094,0.7038456686350664,0.4166129062018543,0.9422675706732094,2.0,0.30964735014250844,49.95489502383478,6.220669933813727,0.03274838673308174,5.929503112225786,B,iso,0.7828184075972454,12.0,4
3.0,0.0,6.0,2,1,blend,obs,0.604,0.9132270263009375,0.9925279254783004,0.9853453102026132,0.7372502922396003,0.9345332540545532,0.8463750514437935,0.8777745521987546,0.9840145014521313,0.9584821697730571,0.840101855383008,0.9735714270218776,0.9248018837578637,0.8439093376400012,0.974635093343563,0.9314935123511168,0.9256271036887044,0.9943960754255722,0.9858285232146874,0.8539852808166436,0.9785274837987776,0.9568917244348121,0.8893772046646905,0.988019631876408,0.9672579333727361,0.940415420910624,0.87482763937398,0.3757425326133628,39.9052147440355,5.173893128002401,0.8523059420548383,0.14413014063387297,3.6714615353946796,3.8116645941095046,5.272774545219073,0.7217055357780741,0.6840717128865721,0.16604601532505955,0.21492939617535967,0.9147321627337414,4,12.0,0.0309794662755942,0.22086216047867668,0.7518083449205896,0.8670864122781596,0.8865356993558478,0.9248186676432956,0.9612018640090202,0.7400406062778122,0.4679572089722235,0.9612018640090202,2.0,0.3530076772369766,40.3407818002849,5.370230701063168,0.037633822891501904,5.94458282208853,B,iso,0.7725607491568234,12.0,4
3.0,0.0,6.0,3,1,blend,obs,0.5993333333333334,0.9130191630440985,0.992326876692015,0.9813050431826937,0.7526913897808208,0.940537386609293,0.8660765360387354,0.875181794180052,0.983274888453603,0.9615445398956074,0.8463625154733131,0.9749625179755222,0.9391320700774881,0.8519885886278162,0.9767311313828188,0.9455783553303991,0.9261146912735896,0.9943122561730546,0.9835028510019357,0.8616158277565489,0.9805450204681834,0.9658752906265058,0.9144093672732346,0.9926455855418349,0.9821612527049762,0.9584492618696859,0.8796074970645791,0.08382059934572077,96.33328908555121,5.307815971163073,0.862439130925654,0.1397154541526863,3.8967426258377804,4.021843816391648,5.473988889066332,0.7292842719287843,0.7153923471197292,0.16610549112726797,0.21254689960055112,0.9135263767555636,4,12.0,0.032832119376211104,0.22196403156911598,0.7483441796989772,0.8865446961647102,0.9042410822143406,0.939143453220284,0.9736394304964887,0.7432635237073854,0.4109339178574355,0.9736394304964887,2.0,0.07699156702062142,104.82801172695045,5.876747045326667,0.01389192480905504,5.925163079608057,B,iso,0.7815004191519022,12.0,4
3.0,0.0,6.0,4,1,blend,obs,0.595,0.9197863426831259,0.9935647644155218,0.9857338843220769,0.7284167871283396,0.9300369113743362,0.8494895146132097,0.8649154394785923,0.9808170500735208,0.9540171563701116,0.8337996082880005,0.9713939288137298,0.9245734935725484,0.8376785556933801,0.972592952465505,0.931479241817618,0.931695537689743,0.9951606046632137,0.9860470376389413,0.8396820156054873,0.9746754698226636,0.956493549189656,0.8994569216393014,0.990154263461494,0.9720355075288005,0.953026850435456,0.8705218047733296,0.025878650934062587,226.93780163615662,5.729326098365403,0.856353701974617,0.14300493291592936,3.8496873916254764,3.916355895874684,5.673817289549985,0.7289490199427218,0.6814050619291332,0.16518626515762053,0.21656680439932702,0.9140811266789844,4,12.0,0.03130582529355294,0.22160222168409408,0.74541791098603,0.8686074227044136,0.8867905125123471,0.9245905167997632,0.9546393981646338,0.6702996180778645,0.39476162575300056,0.9546393981646338,2.0,0.043281147588279216,159.4856852787444,5.865415566774591,0.047543958013588676,5.934687177019982,B,iso,0.762749700332808,12.0,4
3.0,0.0,6.0,5,1,blend,obs,0.5996666666666667,0.9161966980145273,0.9929547142489433,0.9854754488580434,0.7386821452653596,0.9351640250780541,0.8527455260281535,0.872442113404581,0.9823756158914779,0.9519146088005661,0.8410065081319745,0.972888173573854,0.9216370677419656,0.843527110646549,0.9738942235536123,0.9294170895997733,0.9296955032006706,0.994894457174827,0.9861291440812793,0.8483748557642431,0.9770709125695152,0.9574251582742991,0.8974821982125982,0.989811931596576,0.9737594577798497,0.956597213769466,0.855203159954912,0.1711270588720069,86.32368099248437,6.213677889604784,0.856320862871824,0.14574181596475452,3.7337752494618295,3.8571661687926495,5.491374483766051,0.7323290137959888,0.684052681778387,0.16442671081353363,0.2134574316950529,0.9137238150461513,4,12.0,0.03183981858412182,0.22056273230595663,0.7454872774492423,0.872770158868372,0.8906165711543892,0.9216213725217557,0.9000123483720366,0.622593549969908,0.41184702627574754,0.9216213725217557,1.0,0.2144716948317613,73.91905406736397,5.649614206741437,0.04827633201760173,5.914065273882964,B,iso,0.7703021136712402,12.0,4
3.0,0.0,10.0,0,1,blend,obs,0.6023333333333334,0.8707202659358008,0.9836310763791237,0.9817481076006224,0.7389636800404095,0.9344992993611831,0.8506151999344844,0.8781950741190896,0.9839182751859114,0.9574547924468273,0.8205178338585246,0.9666770330336459,0.901226852920779,0.8250910988036404,0.9680845991071247,0.9145684514420431,0.9085669331542412,0.9916888381011764,0.984082002715377,0.7930063504331337,0.9574539356855336,0.9326555354061093,0.8468137337257008,0.9780799330360058,0.946704782640955,0.915944117317675,0.8878400811925614,0.23818688868338356,64.22546291669065,5.47974944866037,0.8149048753775366,0.15553038164744531,3.0150553890368377,3.204342949506453,5.526220076489763,0.722128744115357,0.6535210651104266,0.1616069706333481,0.2670216569186749,0.7905106171663531,4,12.0,0.07507402575264824,0.28860739676100516,0.5599543616935581,0.8610995763302707,0.873597744010652,0.9012286208158705,0.9079217496611879,0.5953959422392058,0.40221568991282863,0.9079217496611879,2.0,0.2317816694777956,63.909784791857476,4.631985664526317,0.06860767900493046,9.789714969662622,B,iso,0.6052204622584891,12.0,4
3.0,0.0,10.0,1,1,blend,obs,0.598,0.8649692147816395,0.9825308868222328,0.9829930916971198,0.727942129779858,0.9301202244350584,0.847293851520188,0.86067252086456,0.9793969027447827,0.9480496164808463,0.809507446037575,0.9636344788385778,0.8941576913326635,0.8128793641115308,0.964479819562577,0.9068234903287197,0.9039657168362842,0.9911188571916983,0.9849878468413552,0.7970443981783499,0.9597078265102614,0.9344570288471065,0.8260631959784354,0.9722949288825847,0.928131253063015,0.9222247366136486,0.8885249148315758,0.3307003652856129,54.67470951757162,5.51224722767375,0.8192997757403986,0.15286387960696163,3.064125492990013,3.2535860614393832,5.505058223462647,0.7211097158199562,0.65954643758162,0.16454328684507488,0.27570591485087226,0.7881951356672483,4,12.0,0.0744158326625822,0.2936809371565919,0.5602790853167965,0.8561437916175656,0.8677208256334485,0.8941564081979515,0.9088857084531017,0.6745929215243511,0.4360216210521676,0.9088857084531017,2.0,0.4815858472931261,35.596167874479946,4.643950359545664,0.06156327823833611,9.815293460484265,B,iso,0.5968072427248265,12.0,4
3.0,0.0,10.0,2,1,blend,obs,0.604,0.8651452724324251,0.9825120231564418,0.9831912560388009,0.7372502922396003,0.9345332540545532,0.8463750514437935,0.8777745521987546,0.9840145014521313,0.9584821697730571,0.8164591996053079,0.9667815988435751,0.8974425874006401,0.8265917871672821,0.9697147505682266,0.914351057806583,0.9048148001883625,0.9912371318786918,0.9849824719280392,0.8015749210560701,0.9610802877857578,0.9330069477026433,0.8288573482103049,0.9724968207518534,0.9237426615920158,0.9020579729381718,0.897241951503345,0.18759402704013003,82.22116567512784,4.703413983527623,0.815103992463264,0.1550724501742007,2.9728615723404417,3.161900703906341,5.272774545219073,0.7217055357780741,0.6494287725813077,0.16604601532505955,0.2764474042702235,0.7898296290369713,4,12.0,0.07635898983865429,0.2923445742237661,0.5679804927659262,0.8571443362053799,0.8692735462481102,0.8974422737409108,0.9478406762085549,0.6008027035646895,0.5606101462028872,0.9478406762085549,2.0,0.5460332102333002,26.09957680308067,4.322440141564057,0.07227676319676636,9.822703032945567,B,iso,0.6006423383261428,12.0,4
3.0,0.0,10.0,3,1,blend,obs,0.5993333333333334,0.8673709864786652,0.9827900509381969,0.9793445304729985,0.7526913897808208,0.940537386609293,0.8660765360387354,0.875181794180052,0.983274888453603,0.9615445398956074,0.8214807266639775,0.9670719187089724,0.913163889307512,0.8345802317413871,0.9713995340949864,0.9305019022590729,0.9087347675701237,0.9916637481521289,0.984068764954145,0.8078807853482791,0.9631466230905905,0.9446819695535962,0.8633478949544066,0.9825176355109708,0.9649822596858708,0.9198642964605962,0.9109924538481904,0.24619029499593095,45.746347425541366,3.93855241306438,0.816175164122088,0.15459463075492183,3.020713385426632,3.329452548022331,5.473988889066332,0.7292842719287843,0.6777981981913541,0.16610549112726797,0.27271212602125006,0.7908452073601663,4,12.0,0.07941144203761015,0.292549234253778,0.5677864498636023,0.877097778174706,0.8884585706664082,0.9131680643647883,0.9574138157008166,0.6907567600933109,0.460434091551408,0.9574138157008166,2.0,0.16875293521885348,65.00310473552429,4.681858620591246,0.051486073737430214,9.798809799892718,B,iso,0.6090872949093757,12.0,4
3.0,0.0,10.0,4,1,blend,obs,0.595,0.8701997246449922,0.9838437207715268,0.9847333440830184,0.7284167871283396,0.9300369113743362,0.8494895146132097,0.8649154394785923,0.9808170500735208,0.9540171563701116,0.8128711312057881,0.9650804285809695,0.9019228379510434,0.8173679117458744,0.9661205685757922,0.9146380779281683,0.9098587216544469,0.9921092132479327,0.9855226931109288,0.7850131559108479,0.9549911248104492,0.9310105265729739,0.8422310292112751,0.9773079756884923,0.9371608878901454,0.9209090069820636,0.8950160137322773,0.05561667777096783,161.9042063485631,5.149957797755311,0.8147539509631012,0.15593055713782736,3.0742351724058516,3.2074284349889455,5.673817289549985,0.7289490199427218,0.6437466928355522,0.16518626515762053,0.2833908227678481,0.7916613357354103,4,12.0,0.07591130531927154,0.2932360457447196,0.5633218274312208,0.8597193335707779,0.8722012479139268,0.9019165287876664,0.9465104310823091,0.65147196353402,0.4081769248469662,0.9465104310823091,2.0,0.0957718280087681,107.36770282631441,4.703628005155511,0.08520232710716946,9.811865740092733,B,iso,0.5828920765473765,12.0,4
3.0,0.0,10.0,5,1,blend,obs,0.5996666666666667,0.868380603354187,0.9831978286539732,0.9829302658638783,0.7386821452653596,0.9351640250780541,0.8527455260281535,0.872442113404581,0.9823756158914779,0.9519146088005661,0.8174028175301284,0.9656050835370672,0.8963890118194565,0.82304244021553,0.9675201190101866,0.9112211059485219,0.9076551114685828,0.991665276572608,0.985206874533227,0.796007263407642,0.9592877247667837,0.9340727207769107,0.8324890717956035,0.9741292364773411,0.9354042279006269,0.9213382399685828,0.8814024828445945,0.3264185928892056,52.51360497257459,5.34696425977711,0.8130287017627982,0.160149255391345,2.897757662515601,3.094955377313227,5.491374483766051,0.7323290137959888,0.6395191076771443,0.16442671081353363,0.27314995682039667,0.7894342542089063,4,12.0,0.07770829400494556,0.2925343137417774,0.5620766627694641,0.8629924205696665,0.8742338261322898,0.8963870087139003,0.8846395864199795,0.5687604324161111,0.42482170403227426,0.8963870087139003,1.0,0.35273229181132915,51.62671727927596,4.5080423259738165,0.09280990611884442,9.775046591986513,B,iso,0.601964989222563,12.0,4
3.0,0.0,16.0,0,1,blend,obs,0.6023333333333334,0.7956983751193291,0.9603629997210026,0.9732244332799558,0.7389636800404095,0.9344992993611831,0.8506151999344844,0.8781950741190896,0.9839182751859114,0.9574547924468273,0.7898616816839228,0.9593401938929695,0.8643160287164618,0.8107050510208135,0.9641449441844473,0.9016140346144327,0.8908316678526986,0.9885259639441973,0.9813591753039036,0.7484174957425922,0.9377511110950022,0.9099752606267276,0.7851045770446792,0.958333984091285,0.872726062508102,0.8638501074530444,0.8917042248020572,0.267350055912954,59.195493587921355,5.699798095904569,0.8115749453438732,0.15639144866481222,2.5966996360686436,2.759538017526916,5.526220076489763,0.722128744115357,0.588944726953179,0.1616069706333481,0.3670207955074935,0.5452845822551834,4,12.0,0.16295487876351522,0.3995179099142393,0.40450494614381305,0.8517724005855775,0.8555039172779296,0.8643160287164618,0.8856191003449484,0.6598956995454491,0.6115784161328639,0.8856191003449484,2.0,0.345274372753316,47.27812833289128,4.093360446644604,0.13318401716217804,15.422085941555602,B,iso,0.4403210188945508,12.0,4
3.0,0.0,16.0,1,1,blend,obs,0.598,0.7877182462613632,0.9579843992190323,0.9751160281790492,0.727942129779858,0.9301202244350584,0.847293851520188,0.86067252086456,0.9793969027447827,0.9480496164808463,0.7688371610630342,0.951833750199352,0.8458569078065844,0.7966652151494571,0.9594415160063924,0.8937013434572353,0.8852054083417851,0.9876487550292752,0.9828231381687705,0.745893910372872,0.9375250631969508,0.9083416532354945,0.7634600787183221,0.9499020501799461,0.8395752671210209,0.8607349593102162,0.8978167301157663,0.45547621965631513,41.89149030432251,4.854279249315244,0.803276676816586,0.15813408641289511,2.3642722626245294,2.722636752304541,5.505058223462647,0.7211097158199562,0.5931558120813492,0.16454328684507488,0.3875246289030748,0.5352283619106215,4,12.0,0.1632935511435526,0.407827900981626,0.4034625547909438,0.8460235686173081,0.847642137644997,0.8458598946235762,0.7912691920518509,0.4944944517899219,0.6385610589353066,0.847642137644997,0.5,0.7184482897522912,19.486225126592473,3.899541855643873,0.12795390373860707,15.476192610150866,B,iso,0.4246008500435966,12.0,4
3.0,0.0,16.0,2,1,blend,obs,0.604,0.7923417776936618,0.9595185801351968,0.9719883716858182,0.7372502922396003,0.9345332540545532,0.8463750514437935,0.8777745521987546,0.9840145014521313,0.9584821697730571,0.785531107496086,0.957474574696476,0.8636233428125155,0.8117222724288822,0.9652107959937994,0.9028404931602699,0.886445238878308,0.9879228632841227,0.9813622662278189,0.7542843344110142,0.9409870571894117,0.9088956362847909,0.772126374540649,0.9533896145783343,0.8497832311434261,0.8609125812656945,0.9113885469148187,0.007347272524254414,495.2937733688979,4.026761612438141,0.7995113942961625,0.15897682253865975,2.4344226276592416,2.7027698740788977,5.272774545219073,0.7217055357780741,0.5844142492725242,0.16604601532505955,0.3714392881451851,0.5416033490574143,4,12.0,0.16654443274287897,0.4033086192141092,0.41170956288665067,0.8494288836999847,0.853378838003832,0.8636250665334041,0.8959010174992246,0.7657726963948073,0.6112892090579924,0.8959010174992246,2.0,0.5521452391808935,28.512051377681267,3.7784107957942523,0.13729128650554986,15.454844922675317,B,iso,0.4470340661975339,12.0,4
3.0,0.0,16.0,3,1,blend,obs,0.5993333333333334,0.7976915946507477,0.9609272926704382,0.9764781267394278,0.7526913897808208,0.940537386609293,0.8660765360387354,0.875181794180052,0.983274888453603,0.9615445398956074,0.7990485730415393,0.9609269860641106,0.8834061436007697,0.8244667717828125,0.9684296177264595,0.9206299411406842,0.8957841215636136,0.9893567018033398,0.9850866445406281,0.7548777273550195,0.9404339988422271,0.9156961772452852,0.7998434790875293,0.9638657366326444,0.902329160464185,0.8784528697456928,0.924926601659283,0.34304215808502825,37.07110766748993,3.7026934279972354,0.8034939912900079,0.15580267569865533,2.563713267198002,2.9522622617682264,5.473988889066332,0.7292842719287843,0.6344058989435792,0.16610549112726797,0.36565273409366084,0.5447153362272914,4,12.0,0.1728615023900416,0.4035176481965773,0.4116436836644829,0.868972125130354,0.8733868859141931,0.8834105800068215,0.9042149977365698,0.6304213536325863,0.6035350264335717,0.9042149977365698,2.0,0.24106738603153505,51.86037703133021,4.233540088399918,0.09487837298520507,15.443263438916215,B,iso,0.45427115850505456,12.0,4
3.0,0.0,16.0,4,1,blend,obs,0.595,0.7912080598373624,0.9594600271004995,0.9773391375398122,0.7284167871283396,0.9300369113743362,0.8494895146132097,0.8649154394785923,0.9808170500735208,0.9540171563701116,0.7830433516839942,0.9570190250347794,0.8645153208163902,0.7992944748985591,0.9604043799420328,0.9001365752831436,0.8909611051007036,0.9888495910659817,0.9818763006227368,0.73260788426434,0.9309616319845975,0.9047642176852619,0.7877536642055201,0.9603051726371197,0.870464976058594,0.8718132210936138,0.8992212611406051,0.07057935189343345,147.85543495835265,5.023501992690046,0.8067279916081659,0.160240644047817,2.5576286761670453,2.6665385911022597,5.673817289549985,0.7289490199427218,0.5725211344580419,0.16518626515762053,0.39557349285489346,0.5432888203599233,4,12.0,0.1664095424762457,0.40697824667150667,0.4058847530761293,0.851036517689824,0.8550533848562173,0.8645153208163902,0.9042830243726804,0.9045275319737229,0.6514756487875766,0.9045275319737229,4.0,0.24829382049798782,57.38742381312575,3.9078922319240457,0.1564278854846799,15.455852976718809,B,iso,0.41758679017002565,12.0,4
3.0,0.0,16.0,5,1,blend,obs,0.5996666666666667,0.7927950752995356,0.9596646872658019,0.9731525139581453,0.7386821452653596,0.9351640250780541,0.8527455260281535,0.872442113404581,0.9823756158914779,0.9519146088005661,0.7849570073679757,0.957442132609516,0.8607250847750612,0.8085364674367642,0.9638715178246471,0.9006158856188239,0.8888740467729772,0.9883414184673022,0.9813366518390989,0.7427788836468937,0.9354671124167522,0.9047752629526252,0.7749496250178327,0.9544561628805244,0.8561515952651834,0.8699695380812689,0.8983719795232384,0.36178316664017546,43.57332220375089,4.899712750923791,0.801624919756049,0.1623457257176839,2.452334808760614,2.7276533627340442,5.491374483766051,0.7323290137959888,0.5626839755910269,0.16442671081353363,0.3784173513422732,0.5401098972349793,4,12.0,0.16972027041418455,0.40523820402460553,0.40575323150812764,0.8536417656409873,0.8566185307929867,0.8607250847750612,0.8529332585287999,0.5457273182273363,0.5911068870527993,0.8607250847750612,1.0,0.46220780136797074,40.743418199858006,3.8292658249547986,0.16964503820496188,15.42783412197229,B,iso,0.4345115524705736,12.0,4
3.0,0.0,25.0,0,1,blend,obs,0.6023333333333334,0.7235268951840641,0.9291206914324311,0.9430478945681245,0.7389636800404095,0.9344992993611831,0.8506151999344844,0.8781950741190896,0.9839182751859114,0.9574547924468273,0.7693828216150845,0.9526152434443741,0.838857220212041,0.8087614601902405,0.9641408297763412,0.9074182498409368,0.9085772880137729,0.9920775875957857,0.9794087452988218,0.7020211132638511,0.9134563785581816,0.882595352254507,0.7503030673433367,0.9451427538584778,0.8000667266099308,0.8376091069875514,0.883351459729875,0.3291673476163326,47.83312716592999,5.642502942305503,0.8268241554799233,0.1488917793408505,2.366272994053264,2.694888713287049,5.526220076489763,0.722128744115357,0.509843504495361,0.1616069706333481,0.48618007309214695,0.20793151662943854,4,12.0,0.2838509948050305,0.48555198916456016,0.3328314459413682,0.8479517151745695,0.8468611309954313,0.8388548657727976,0.7034292864084961,0.15935200995519294,0.5766016472247519,0.8479517151745695,0.25,0.3490013938081756,45.39573657885803,3.8825654454857803,0.21228523961999607,23.520433482403106,B,iso,0.332401469285884,12.0,4
3.0,0.0,25.0,1,1,blend,obs,0.598,0.7181211708749564,0.9274545439389964,0.9418590978605739,0.727942129779858,0.9301202244350584,0.847293851520188,0.86067252086456,0.9793969027447827,0.9480496164808463,0.7468072766360202,0.9445731359734858,0.8125319103170174,0.7945674797868056,0.9596336090590184,0.898979895281109,0.9074913367696044,0.991801984645368,0.979421365250637,0.6926195958806378,0.9093858129776229,0.8793889098914883,0.7423192088756077,0.9417734013629884,0.7870478276682368,0.8266192068443867,0.8728871061907582,0.43744211363988417,39.22405971029853,6.1730220268635945,0.822942145459991,0.1491439926030115,2.2094747306058204,2.787854995104296,5.505058223462647,0.7211097158199562,0.520471303246638,0.16454328684507488,0.5248932323958839,0.1970779634886908,4,12.0,0.2820998096448631,0.4922594447029369,0.3342613099975595,0.8418037603443811,0.8374345470548243,0.8125303226320747,0.4546714796337749,0.039216962950714446,0.5875874688990946,0.8418037603443811,0.25,0.7831228844417935,12.260087279107209,3.964723921878619,0.20063841257331808,23.50818259493824,B,iso,0.3134795358172448,12.0,4
3.0,0.0,25.0,2,1,blend,obs,0.604,0.730227631637935,0.9331049430425179,0.9327349129927793,0.7372502922396003,0.9345332540545532,0.8463750514437935,0.8777745521987546,0.9840145014521313,0.9584821697730571,0.761394615877194,0.9496077650278576,0.8332799462112173,0.811455229736316,0.9657926893253337,0.910452233128545,0.9057077269564099,0.9916561344203119,0.9775808505159781,0.7089416379067843,0.9179464187769981,0.8836414141928599,0.7397457286661155,0.9407236034363753,0.7833237453454757,0.8287615978677666,0.9012420394844755,0.007245607671235323,498.9038552151371,4.424477235150604,0.8027996577251544,0.15730312649157005,2.033876730095393,2.664933739536806,5.272774545219073,0.7217055357780741,0.48596760084480906,0.16604601532505955,0.48053437480579875,0.20744746142180615,4,12.0,0.28794977599643595,0.48734659963841176,0.3407144226475734,0.8438849373614882,0.8421014592705505,0.833278354063078,0.7136234438409751,0.136353820635174,0.6036851434241443,0.8438849373614882,0.25,0.4415952827529706,40.288139102386346,4.03069862148076,0.23573793493326498,23.472511970734423,B,iso,0.34554451050908636,12.0,4
3.0,0.0,25.0,3,1,blend,obs,0.5993333333333334,0.7310033845113633,0.9320666690322159,0.964096041242757,0.7526913897808208,0.940537386609293,0.8660765360387354,0.875181794180052,0.983274888453603,0.9615445398956074,0.7826226724348379,0.9560213996491527,0.85976490197342,0.8238798713466903,0.9685611960737056,0.9247250437273858,0.9196904728367802,0.9936620955881771,0.9850137640293593,0.7089122829652079,0.9170964077143184,0.8906460613373259,0.7530448230016966,0.946156162514167,0.8144970634924054,0.8514424110949694,0.910616991421732,0.526944516849019,24.355159251212623,4.438252950080979,0.8172592860619767,0.15028630958330116,2.14504730165888,2.8359786612005258,5.473988889066332,0.7292842719287843,0.5671475255716824,0.16610549112726797,0.4686457016127752,0.2085912481698727,4,12.0,0.3004803735587281,0.48899338923585434,0.3396886231669503,0.8640725527318325,0.863571007620064,0.8597601301753042,0.8202379049882217,0.4672718079634599,0.5977344612635582,0.8640725527318325,0.25,0.25432691397969015,53.17617123975943,4.3120802985037905,0.162136746357102,23.399189469980364,B,iso,0.35443724450184944,12.0,4
3.0,0.0,25.0,4,1,blend,obs,0.595,0.721478719022427,0.9291134183037595,0.9205108368349517,0.7284167871283396,0.9300369113743362,0.8494895146132097,0.8649154394785923,0.9808170500735208,0.9540171563701116,0.7555958845672367,0.9474788821773699,0.8284962998417431,0.7945107909108172,0.9592770235938869,0.9026988075398374,0.9065253012742049,0.9917205858619009,0.9754868678666299,0.6855758426376535,0.9049569078063504,0.8760004910294708,0.7484668890478111,0.9447123055616676,0.7973557213252565,0.8353701490460559,0.8860534094174459,0.1512349385928797,96.62629990528029,5.318649364846865,0.8176933983469932,0.15529792382476001,2.089625855491275,2.6205036147771823,5.673817289549985,0.7289490199427218,0.46437710276945293,0.16518626515762053,0.5091579667131828,0.20916019316393575,4,12.0,0.2881543003420793,0.49322520844167694,0.33491042698226875,0.8453272561829573,0.8423841219160004,0.8284962998417431,0.6716457763656473,0.2926763927481386,0.6196998539795049,0.8453272561829573,0.25,0.2841036519767021,44.93091093020204,3.8649991534540473,0.26457191717326883,23.446371769538946,B,iso,0.3244302867810624,12.0,4
3.0,0.0,25.0,5,1,blend,obs,0.5996666666666667,0.7256129177930541,0.9305093624620245,0.9279338199417225,0.7386821452653596,0.9351640250780541,0.8527455260281535,0.872442113404581,0.9823756158914779,0.9519146088005661,0.7623119527685156,0.9500815534536798,0.8318136026657993,0.8091966975142049,0.9647322149428919,0.9068020455842195,0.9054944942891041,0.9916266803558503,0.9758653518657071,0.7003565148554867,0.9132874452074471,0.8822377766495746,0.7437310421869759,0.9426239315953611,0.790569840706992,0.8393001403091156,0.8865842111396565,0.3492148686500106,30.238668934346304,5.149447278463577,0.8148724034399719,0.15359369456460475,2.179360829508396,2.7493863750303946,5.491374483766051,0.7323290137959888,0.4755378352713953,0.16442671081353363,0.48657543135379433,0.2059242571974012,4,12.0,0.2930499025473966,0.4900034702602494,0.33556233943854263,0.8489979819278735,0.8466603157094742,0.8318186138858066,0.6513282024241364,0.05039565913519718,0.5107505924294651,0.8489979819278735,0.25,0.43954973049195195,42.75644855818614,3.898499092617335,0.2567911785245934,23.496017978952366,B,iso,0.33792645542346994,12.0,4
3.0,0.0,3.0,0,1,blend,obs,0.5936666666666667,0.8751752463558427,0.983539689083601,0.9449236813952386,0.7130106813842927,0.9224528765889027,0.7934399499119189,0.8374880869119103,0.97191864447002,0.9111865245643769,0.8262822049957288,0.9682611605558396,0.899677251116526,0.82990771070658,0.9694701783651323,0.9085911410398232,0.8804038499610041,0.984340922625129,0.9449300544925521,0.8596281058430657,0.978771561988807,0.9311691685379335,0.8739372468272703,0.983342621110802,0.9438420095571524,0.977084976455604,0.8447729133954442,0.160597054779632,76.34656850481142,7.5377869259801376,0.8753449385294323,0.13718071013855845,4.246328664020663,4.449410839556492,5.669601380226031,0.759444124318635,0.7016924075271024,0.16914916066613742,0.19687499611353204,0.9413692521632611,8,12.0,0.02188321823108384,0.20868954705996473,0.8105301058396288,0.8230619428024633,0.8487894226346543,0.8996565561055492,0.9145343374580618,0.6909189268945795,0.409466946913866,0.9145343374580618,2.0,0.19587752066974984,65.21455996841081,7.583236130325053,0.05775171679153265,2.97992169013966,B,iso,0.8591703568521929,12.0,8
3.0,0.0,3.0,1,1,blend,obs,0.598,0.8773774051969928,0.9839515459235996,0.9449050307632106,0.7178227849032107,0.925431200653573,0.8126737683636686,0.8528480422330409,0.9766776789808069,0.9250538661282401,0.8426066283761069,0.9738148056037859,0.9124855120078886,0.8384590475555359,0.9723999700547139,0.9149984838521129,0.882129289791656,0.9844979093243871,0.9449557724684483,0.8592497287757115,0.9786317927467835,0.9331866846861394,0.8749478302838606,0.9834628316032956,0.9420833440105338,0.9746966664859029,0.8212786346891668,0.218843869594126,44.693644913443315,9.961421702917516,0.8701762462307563,0.13952577520641968,4.115109189177868,4.2474493713313946,5.435973435935604,0.7403693055939562,0.6806989075646401,0.1670560146622668,0.19785313244803954,0.9415328445747784,8,12.0,0.02186161950946255,0.2062949598721485,0.8097920315930158,0.8374280718140923,0.8626229115994164,0.9124855120078886,0.8097925813029371,0.6394250348575273,0.39194525333452046,0.9124855120078886,1.0,0.3099663713831877,35.49206735423866,7.753603678599717,0.05967039802931602,2.97693518012815,B,iso,0.8443435420772996,12.0,8
3.0,0.0,3.0,2,1,blend,obs,0.5966666666666667,0.8737967870785857,0.9832754237541689,0.9438646779019342,0.714385069192917,0.922905397321411,0.7956011414512374,0.8341472651701447,0.9706398186676087,0.9071228561310916,0.8214562918746151,0.9663687079856617,0.8938471696911408,0.8247629489080972,0.9675375778983341,0.9015128301268248,0.8786126366619847,0.9840844307554173,0.944347132840152,0.8602850594260186,0.9790093601656794,0.9304086270676397,0.8679886996729764,0.98204895932546,0.9396573681810366,0.9783199202873605,0.8480466212857733,0.5328313924185587,20.391630274960335,6.889870550385871,0.8688180433076319,0.14070779067741335,4.161615924749844,4.396455952078628,5.218779379688978,0.7317982880207979,0.6774768704141201,0.17315789646632201,0.1927456353742547,0.9415131906269167,8,12.0,0.021545362905298755,0.21182354267302422,0.8174629424152942,0.8238030713702799,0.8486580880413936,0.8938471696911408,0.9068871961384918,0.6852521181505672,0.40537039697771704,0.9068871961384918,2.0,0.5459653280428084,16.00853348357257,6.729403192192127,0.05432141760667795,2.982500262628642,B,iso,0.8983751882635416,12.0,8
3.0,0.0,3.0,3,1,blend,obs,0.6,0.8777449150083655,0.9837958882556797,0.943958879459814,0.7397747484765984,0.9347435725509846,0.8278802072986642,0.8578455114494394,0.9776658760196287,0.9288867900963753,0.8438545167108158,0.9736584490790782,0.9172543407569135,0.8454554798099619,0.9740977952422082,0.9227129942787475,0.8819120495734851,0.9843694369447253,0.9444546904731053,0.8691972825988874,0.9809223689811031,0.9391164648331939,0.8791124921772585,0.9841377545571315,0.9448251870993312,0.9664617132406234,0.8473987617482559,0.1052512732327744,104.81456482426944,7.227451081361403,0.8678254629629629,0.14014282441127554,4.042387926041399,4.135960130345765,5.18716360522958,0.7411718105545708,0.6894368015931485,0.1747109043437242,0.20271480010916335,0.9414372712691246,8,12.0,0.022965647945904607,0.21290878180849115,0.8205904089990732,0.8525978357534691,0.8746533972630033,0.9172543407569135,0.8814366232234832,0.6524581933177122,0.3939149543543473,0.9172543407569135,1.0,0.19818487596491072,67.52115822473229,7.51502774551175,0.05173500896142243,2.979327194788142,B,iso,0.8618556920838594,12.0,8
3.0,0.0,3.0,4,1,blend,obs,0.6026666666666667,0.8794273092270118,0.9842242017702095,0.9448976242611778,0.7119163823371353,0.9216371637950745,0.8127608129472731,0.8408071262564132,0.9729889847943788,0.9231357604012417,0.8326232797112805,0.9704316046365887,0.912127773203523,0.8315612854693248,0.969991097583457,0.9160987694263599,0.8826868773276746,0.9844132508325454,0.9447351099134741,0.8544186306065448,0.9772030930552605,0.9327237283440258,0.878758678418748,0.9839800775040086,0.9432463052262469,0.9764564276857732,0.8383936876367953,0.02670301620139309,191.06121219930986,8.364353982230842,0.8767961743481617,0.13503315006654637,4.365752866851335,4.5160037469058105,5.4302013760190695,0.742296575467899,0.6868555677181358,0.16918814629315082,0.19344713574402927,0.9408221423362069,8,12.0,0.02243675811090345,0.20787279483377413,0.8139023022634705,0.8373333532563053,0.8609287409901115,0.9121272039268412,0.888732421449597,0.7040749857175601,0.3866861690876333,0.9121272039268412,1.0,0.07396324992619026,115.76766623079975,7.9477642296830355,0.05544100774976314,2.9733728397118773,B,iso,0.8745962851423237,12.0,8
3.0,0.0,3.0,5,1,blend,obs,0.603,0.877600388828107,0.9839772834757816,0.9451952088400397,0.7283314339036445,0.9303368948661952,0.8181387840880064,0.8630023030615663,0.9792960042536731,0.9310775017169802,0.8403600953560236,0.972810822314271,0.9119958348638683,0.8457004905811425,0.9744017732662017,0.9197637685837123,0.8823109099215819,0.9845497997384408,0.9452056440075454,0.8594557468067037,0.9786241437821485,0.9337138748105758,0.8761157899544982,0.9835996715839249,0.9422131282907211,0.9550810209815456,0.8405108266575056,0.24671776670662537,60.34666945832651,6.837703503098107,0.8603692982053072,0.14506002658857972,3.7894490411575266,4.0949529365959565,5.3164728045243095,0.737568313784416,0.6687628129228282,0.17261097417605942,0.20000484208207114,0.9423881586518866,8,12.0,0.021836077837141334,0.21036902324290868,0.8205151667065981,0.8459682467020555,0.869270574819264,0.9119958348638683,0.8871965147474642,0.6177555366885265,0.38717287830398495,0.9119958348638683,1.0,0.2956310079445477,48.94409030309128,7.104260001554521,0.06880550086158789,2.973435896045312,B,iso,0.8630339764735757,12.0,8
3.0,0.0,6.0,0,1,blend,obs,0.5936666666666667,0.8582252932534612,0.9798898326138333,0.944431991137626,0.7130106813842927,0.9224528765889027,0.7934399499119189,0.8374880869119103,0.97191864447002,0.9111865245643769,0.8096206523701719,0.962345113114605,0.8775708191782073,0.8153509884790208,0.9645002649656359,0.8923452292054079,0.8739438061152307,0.9833280649226463,0.9450110544253044,0.8181627173852583,0.9661548120203746,0.9082063374688525,0.8488979428232885,0.9776829150444618,0.9351955950792963,0.950216603863784,0.8623607321441029,0.3785798713287234,39.956657297934896,6.686159761896566,0.8416355026326106,0.15198000164378064,3.508827583599393,3.793683955937759,5.669601380226031,0.759444124318635,0.6804431370346431,0.16914916066613742,0.23335060283753595,0.881049314317351,8,12.0,0.0443969062236551,0.2468766177426945,0.6851566673780017,0.8145966146602944,0.8354383628817115,0.8775708191782073,0.8704882404296032,0.6020541491239169,0.39812390900558237,0.8775708191782073,1.0,0.3207279630459345,45.63734374830632,6.0693435322972595,0.07900098728399195,5.927266713273736,B,iso,0.724871324990332,12.0,8
3.0,0.0,6.0,1,1,blend,obs,0.598,0.8632248822099231,0.9812027056145686,0.944604600350258,0.7178227849032107,0.925431200653573,0.8126737683636686,0.8528480422330409,0.9766776789808069,0.9250538661282401,0.8274051141296818,0.9690580888863063,0.8947564167043784,0.8243522382784685,0.9679400865616966,0.9012816265232768,0.8768023361901457,0.9838564752773654,0.9448719007921004,0.8220724650794142,0.9676341120846936,0.9142818928213222,0.8498973242764962,0.9780640164427822,0.9311428956134031,0.9460617784958361,0.8406608054046182,0.38369475705749356,30.279920396496127,8.759443536716928,0.838964319983139,0.15277256708892684,3.4385454566895817,3.602761598139493,5.435973435935604,0.7403693055939562,0.6507666867739892,0.1670560146622668,0.23429079731305025,0.8803135067268107,8,12.0,0.04475231533551889,0.2448482097334692,0.6822839948232273,0.8298206511386993,0.8505843608471432,0.8947564167043784,0.800292179017774,0.6000261371085527,0.38989532170390906,0.8947564167043784,1.0,0.4330001809786568,25.0663734651037,6.334189111607359,0.08960261881996691,5.922381911205548,B,iso,0.7130284952637429,12.0,8
3.0,0.0,6.0,2,1,blend,obs,0.5966666666666667,0.8575743118803264,0.9797867683051399,0.9443574434955497,0.714385069192917,0.922905397321411,0.7956011414512374,0.8341472651701447,0.9706398186676087,0.9071228561310916,0.809123005421402,0.9624652527860207,0.8775792790892947,0.8138963804664845,0.9639059234351759,0.8906861755881951,0.8733589058241862,0.9832531363334021,0.9444357881618236,0.8218630433861344,0.9673080920127606,0.9090318429941373,0.8445664750507098,0.9762297005131148,0.9250659296577692,0.9517585343898434,0.8696660347593683,0.6253775462498852,18.83067754922884,5.944833888907559,0.843701232743894,0.15048666540639832,3.5898604362182693,3.8588833319603335,5.218779379688978,0.7317982880207979,0.6737129831051524,0.17315789646632201,0.23139099170983646,0.8815131580996758,8,12.0,0.04364816675091375,0.24906883856604226,0.6952210379397102,0.8155992465784686,0.83591409233504,0.8775627503358473,0.9126043508498103,0.6390349853900322,0.5517337084518645,0.9126043508498103,2.0,0.611345849880182,15.350890340732038,5.761196680397464,0.05808530491564551,5.926529076756533,B,iso,0.7483346485824368,12.0,8
3.0,0.0,6.0,3,1,blend,obs,0.6,0.864253560726928,0.9811530964661394,0.9440867653881203,0.7397747484765984,0.9347435725509846,0.8278802072986642,0.8578455114494394,0.9776658760196287,0.9288867900963753,0.8298639126841799,0.9693449658074836,0.9024252802140394,0.8330839775255088,0.970258251605455,0.9112528088139242,0.877454398782791,0.9837873053138021,0.944370732828471,0.8328122057242602,0.9706926194901904,0.9241348568164215,0.8619006513336889,0.9808402730148772,0.9409987151472133,0.9408976329877938,0.8709881613093409,0.2975947411418337,51.376847379288506,6.256467694153736,0.8286511574074075,0.15581401923401994,3.2957769717666396,3.522387881109948,5.18716360522958,0.7411718105545708,0.6529032347055901,0.1747109043437242,0.24077597051429117,0.8813206298557877,8,12.0,0.04654067001725481,0.24972322725106183,0.6996181583384583,0.8453465436936928,0.8637386196919632,0.9024252802140394,0.8940863320445417,0.6199043748872294,0.39506428193722776,0.9024252802140394,1.0,0.3011425820028451,50.446562575525405,6.026839829297214,0.08826857584898073,5.928142789477167,B,iso,0.7256160320755691,12.0,8
3.0,0.0,6.0,4,1,blend,obs,0.6026666666666667,0.863444578228171,0.9811579953117686,0.944272930948058,0.7119163823371353,0.9216371637950745,0.8127608129472731,0.8408071262564132,0.9729889847943788,0.9231357604012417,0.8169771453936344,0.9652352386327536,0.895072879561854,0.8183091697961964,0.9655278056612486,0.9029195707147651,0.8784935293401124,0.9840897678575098,0.9449796592008275,0.8152059931700569,0.9651072781788707,0.9139333785788715,0.8530907581354885,0.9787490957582511,0.9345471600537818,0.9488121251386972,0.8616562093370669,0.08524685520945262,93.34223109368004,7.0634592922579085,0.8460990396893746,0.14866637269733818,3.6401267555187653,3.8219133512168026,5.4302013760190695,0.742296575467899,0.6647326609701276,0.16918814629315082,0.2314748084632866,0.8814510408204532,8,12.0,0.04494678290860537,0.24431312211772355,0.6925053588060106,0.8301704268444436,0.8500465093734638,0.8950671313596823,0.9053272550289575,0.677867915366505,0.3898439937896301,0.9053272550289575,2.0,0.12608716074901766,82.5087718311678,6.607912839976341,0.07756391449777138,5.909600017249892,B,iso,0.730913862360902,12.0,8
3.0,0.0,6.0,5,1,blend,obs,0.603,0.8682831324793185,0.9822641193528778,0.9442591725890125,0.7283314339036445,0.9303368948661952,0.8181387840880064,0.8630023030615663,0.9792960042536731,0.9310775017169802,0.8332527919054236,0.9707261319393754,0.9032789478604336,0.8330402370380228,0.9704373330127194,0.9073172831151679,0.8772736650593644,0.983923485852662,0.9444764281814331,0.8200892201077984,0.9668452658247378,0.9130179154817506,0.8520837615128964,0.9784037501823076,0.9290293921198748,0.9422951289821802,0.8508681799334568,0.3331390861246028,49.23334216693889,6.966085889816883,0.8306536168861821,0.15766049455345918,3.252800179527247,3.4420598429781752,5.3164728045243095,0.737568313784416,0.6316510036537846,0.17261097417605942,0.22398018693684618,0.8823960821705769,8,12.0,0.044574313953257325,0.2473064965613916,0.6979637679401208,0.8387941427192447,0.8597893834706146,0.9032885616600154,0.8733576738220035,0.6072996876760142,0.3865079193495343,0.9032885616600154,1.0,0.42786856304004695,35.96034392174649,5.898416102990496,0.10591731013063137,5.894451395792765,B,iso,0.7706528712949466,12.0,8
3.0,0.0,10.0,0,1,blend,obs,0.5936666666666667,0.8258028183978954,0.9707521181344805,0.9444698589775495,0.7130106813842927,0.9224528765889027,0.7934399499119189,0.8374880869119103,0.97191864447002,0.9111865245643769,0.788693929509257,0.9546902062625093,0.8546819373606602,0.8020402358584231,0.9598885891121499,0.8755788915041499,0.8579607184199768,0.9799138625948026,0.9447067487560981,0.7699306338173914,0.94773780813881,0.8784687045989245,0.8053622954802094,0.9645992080232616,0.9048631545487461,0.9215041680866123,0.8919435276939135,0.5812392033676902,23.667780105814757,4.867278019476362,0.811566028984279,0.16022630668988389,2.9667149946383935,3.1548153023571732,5.669601380226031,0.759444124318635,0.6727777248750038,0.16914916066613742,0.29201449242691335,0.7784705861881567,8,12.0,0.08268317710269685,0.3060119584188978,0.5527534333628564,0.805563336988941,0.8219954601598041,0.8546819373606602,0.8920535529549505,0.5844297364138554,0.3989763925245431,0.8920535529549505,2.0,0.5240484017942341,28.609529647336718,5.5816626473348485,0.08666639944363125,9.77780073974996,B,iso,0.5792491984228242,12.0,8
3.0,0.0,10.0,1,1,blend,obs,0.598,0.8309988635697612,0.9725009025944544,0.944145484703133,0.7178227849032107,0.925431200653573,0.8126737683636686,0.8528480422330409,0.9766776789808069,0.9250538661282401,0.8050904975260598,0.9616208858595484,0.8728801725430684,0.8142675181063195,0.9648773781393002,0.8886427975427444,0.8625595312681822,0.9811056330347352,0.9442652697912985,0.7709431381370784,0.9482910258769862,0.8886718985858559,0.8083496548171238,0.9657603394237964,0.8938184940949156,0.9134893214622579,0.8757075488371513,0.5379217954707664,20.241805826961976,6.082825301377577,0.814350996781237,0.15800107429885854,2.9029328150428517,3.0977704848874237,5.435973435935604,0.7403693055939562,0.64561250887505,0.1670560146622668,0.2876068083053001,0.7769570050859526,8,12.0,0.08339863729642723,0.3040577681169371,0.5494219591785565,0.8239395606732564,0.8382597441677353,0.8728801725430684,0.8712076769282726,0.5847715833075847,0.39473170669085456,0.8728801725430684,1.0,0.556564668490718,18.754557661746148,6.2464675277913235,0.09475679671890615,9.772158844243323,B,iso,0.5808486094144671,12.0,8
3.0,0.0,10.0,2,1,blend,obs,0.5966666666666667,0.8295904683323065,0.9720100483642853,0.9433609243436749,0.714385069192917,0.922905397321411,0.7956011414512374,0.8341472651701447,0.9706398186676087,0.9071228561310916,0.7903876960305747,0.9560510666692753,0.8531961878435054,0.8043369956428043,0.9610531655815588,0.8765744630822622,0.8599892781576997,0.980475434814447,0.9436041430909807,0.7784010641663851,0.9512655238922556,0.8858801358921687,0.8035323564555064,0.9635442545779176,0.8929186895855584,0.9191987549622267,0.894449411331357,0.3649416986550976,50.19957264510725,4.913907311465807,0.8163497853086478,0.1576363779685365,3.1024416648757085,3.305245575058088,5.218779379688978,0.7317982880207979,0.6562292883484314,0.17315789646632201,0.2821065972565063,0.7769574863751608,8,12.0,0.08216437092170732,0.3081137373712368,0.5619934312039108,0.8064520910944946,0.8210018617323909,0.8531569416728574,0.9096484491542931,0.45174625198919993,0.5502050525142246,0.9096484491542931,2.0,0.7151780739408101,12.978031219027429,5.322477916625752,0.07556899967236651,9.775828163651264,B,iso,0.6138030735554818,12.0,8
3.0,0.0,10.0,3,1,blend,obs,0.6,0.8338166535940903,0.9730386836236701,0.9428491196585651,0.7397747484765984,0.9347435725509846,0.8278802072986642,0.8578455114494394,0.9776658760196287,0.9288867900963753,0.8148628710042521,0.9644544136093829,0.8846708482071871,0.8193911856356233,0.9658428551269699,0.896285177464375,0.8657759196352437,0.9815741055424142,0.9449618448598658,0.7893645795687573,0.9550792390330994,0.9029961561439728,0.8183934925293913,0.9690067657612371,0.9142630280467792,0.9126447772141478,0.8931116048889443,0.5147692511799876,28.9439981803968,5.323905191370437,0.8000805555555556,0.16352541153983616,2.795898862468405,2.9888744341115494,5.18716360522958,0.7411718105545708,0.6374172171083068,0.1747109043437242,0.2929895076043679,0.7781395661777382,8,12.0,0.0870036066745206,0.3072488600002072,0.5686299514458943,0.8392430639833082,0.85276853388835,0.8846708482071871,0.9046241658256486,0.592163340177149,0.4077734307575117,0.9046241658256486,2.0,0.44798118226041345,35.63572105262774,4.819616735012069,0.10375459344626413,9.798973016131889,B,iso,0.5963043037692711,12.0,8
3.0,0.0,10.0,4,1,blend,obs,0.6026666666666667,0.8307064394859409,0.9723331325837666,0.9443119844911507,0.7119163823371353,0.9216371637950745,0.8127608129472731,0.8408071262564132,0.9729889847943788,0.9231357604012417,0.7881128662237493,0.9548774363929848,0.8646652975763361,0.7996078681595193,0.959029890441558,0.8845626546469532,0.863480664655464,0.9812451791997494,0.9446319537377603,0.7667570835555397,0.9461952129719071,0.8883635316246581,0.8145268570599358,0.9676524820373072,0.9073043121578757,0.9050265378897218,0.8995634959135447,0.2698073967450236,51.973531057471476,4.666706293018868,0.8156944619736295,0.1564025925580637,2.9166830014187783,3.1840856721586084,5.4302013760190695,0.742296575467899,0.66158481987197,0.16918814629315082,0.2906639477652905,0.7785712573622131,8,12.0,0.08395273728209299,0.3018356073808681,0.5605307728973888,0.8225698708145314,0.8347195366297006,0.8646652975763361,0.9212011088461577,0.6322031461489365,0.40228093588677794,0.9212011088461577,2.0,0.23965411556763372,53.75536195554966,5.071760532204091,0.08071175559592886,9.761525608725908,B,iso,0.5820747553796018,12.0,8
3.0,0.0,10.0,5,1,blend,obs,0.603,0.8357848411736208,0.9738390229953301,0.9395927037333051,0.7283314339036445,0.9303368948661952,0.8181387840880064,0.8630023030615663,0.9792960042536731,0.9310775017169802,0.811082297093111,0.9634860158825754,0.8763977505090256,0.8178707492994092,0.9656521048203388,0.8912196111850342,0.864098562504041,0.9814434646326178,0.9421282267802215,0.7700133408577154,0.947802470629716,0.8867406399857135,0.8033712529880686,0.9639000495223856,0.8878357895270608,0.9051007317978109,0.8765291819357727,0.522445449330269,29.293920558962288,5.917283459707151,0.7970013260500372,0.1678368337413826,2.630741251410291,2.7954206232140977,5.3164728045243095,0.737568313784416,0.5947741269143827,0.17261097417605942,0.27332328905147507,0.7773322229983755,8,12.0,0.08439568666190403,0.3061437130047988,0.5638233510722258,0.8299310657752117,0.845116894431551,0.8763977505090256,0.8685670714300902,0.4485009133385551,0.40791655604353316,0.8763977505090256,1.0,0.5642391653097558,27.26048284551614,5.19987255156962,0.1427941868700334,9.724126132619098,B,iso,0.6315267710083481,12.0,8
3.0,0.0,16.0,0,1,blend,obs,0.5936666666666667,0.7591517469154191,0.9456691247684776,0.9380723135286478,0.7130106813842927,0.9224528765889027,0.7934399499119189,0.8374880869119103,0.97191864447002,0.9111865245643769,0.7589389918401018,0.9440832302382192,0.8105152690324722,0.784672689656952,0.9537759573754803,0.8583333285348035,0.8430740224877398,0.9761862437454426,0.9419823729765379,0.7238920565464023,0.9266839983464122,0.8505359105309037,0.7544997287903766,0.9449623871221805,0.8232650605027918,0.8718481513220664,0.913015166584346,0.544502534710992,23.41802068677507,4.325288094038778,0.7844320161913259,0.16603434947723206,2.3732179466636945,2.6284131460381,5.669601380226031,0.759444124318635,0.6118875142076587,0.16914916066613742,0.39977121086192213,0.5404907802716521,8,12.0,0.17150626429856886,0.41505036824715413,0.40753887625853763,0.7950827775415235,0.8000167148388658,0.8105152690324722,0.8427877352346362,0.46887033513241755,0.5734315649694134,0.8427877352346362,2.0,0.7219586145989001,17.71178474115267,4.467328640438968,0.1475566101109763,15.333913461372239,B,iso,0.42311491190535033,12.0,8
3.0,0.0,16.0,1,1,blend,obs,0.598,0.7690351453216066,0.950137432614848,0.9369026156585766,0.7178227849032107,0.925431200653573,0.8126737683636686,0.8528480422330409,0.9766776789808069,0.9250538661282401,0.77558688927447,0.9519485265036314,0.833634287769325,0.796514871473845,0.9588496989007926,0.8737953077430461,0.8504510677347602,0.9782708621554184,0.9421366005856928,0.7256485744746524,0.9277250205527551,0.865700258834456,0.7588470678919652,0.9469113396189413,0.817534963810712,0.8647838014959803,0.8938505873332042,0.4478139886382402,38.104678635989224,5.382172372475475,0.802452573623891,0.16095454963084724,2.354203846349321,2.711923416806828,5.435973435935604,0.7403693055939562,0.5795229574380591,0.1670560146622668,0.39392113459412825,0.5333002322051416,8,12.0,0.17450503063613076,0.4144136975926802,0.4031141239604082,0.8150893232621547,0.8200061541980432,0.833634287769325,0.8852763867057948,0.850895132539979,0.6336468531768068,0.8852763867057948,2.0,0.6992848066665728,13.435768253637729,4.523638304535899,0.16084634815589702,15.358959157970796,B,iso,0.42408492459890706,12.0,8
3.0,0.0,16.0,2,1,blend,obs,0.5966666666666667,0.7697819801989119,0.9500737417348383,0.9329078009561372,0.714385069192917,0.922905397321411,0.7956011414512374,0.8341472651701447,0.9706398186676087,0.9071228561310916,0.764593086565614,0.9463706676408871,0.8162067767214853,0.789895041783224,0.9559737985375154,0.8628096042758697,0.8465780272272168,0.9772412689047795,0.9413402518593089,0.7365095533254076,0.9327858273088844,0.8617046093057987,0.7606774591240621,0.947320849041531,0.8269410962394418,0.8783094642242527,0.905627590053256,0.025378004105727322,262.42424767018963,4.514037113378258,0.7963964171937761,0.1628657974866641,2.489840849314334,2.8287263567632412,5.218779379688978,0.7317982880207979,0.6015345852271768,0.17315789646632201,0.3711926242563236,0.5381727142279464,8,12.0,0.1701278729030361,0.41504442896997357,0.417203278444316,0.7983329708826359,0.8036654149035231,0.8162067767214853,0.8412785491055277,0.21686998524300904,0.5459824298398435,0.8412785491055277,2.0,0.7994577478346548,8.97928779158609,4.287123676309443,0.13026370279362107,15.381356481412585,B,iso,0.4664906712875562,12.0,8
3.0,0.0,16.0,3,1,blend,obs,0.6,0.77297948395746,0.9511900857919714,0.9393693377549636,0.7397747484765984,0.9347435725509846,0.8278802072986642,0.8578455114494394,0.9776658760196287,0.9288867900963753,0.7879843691875603,0.9561129965166129,0.8462480515469974,0.8073743800084131,0.9619898995125518,0.885225269907832,0.8554584520354878,0.9793233554583056,0.9450402637298628,0.7473252474490498,0.9369293041777874,0.8834962555006488,0.7665370957424809,0.9503273184623597,0.8405816283327547,0.8633531812025766,0.9019944301407792,0.6590509226537162,17.7895557278708,5.196431953398012,0.7826703703703703,0.16662892241794539,2.2780507209212373,2.5565836821833505,5.18716360522958,0.7411718105545708,0.5688292064155609,0.1747109043437242,0.38872435092741286,0.5411563553959232,8,12.0,0.17993768105681432,0.4122887753290248,0.42375857602307293,0.8304956721085214,0.8348791027870366,0.8462480515469974,0.8774690344209648,0.38284557229672145,0.5856871713359493,0.8774690344209648,2.0,0.6198580206224528,24.253199184905743,4.124624401833076,0.17234260413900993,15.433088851259997,B,iso,0.449446771026568,12.0,8
3.0,0.0,16.0,4,1,blend,obs,0.6026666666666667,0.7655018299030872,0.9483305199865248,0.9342701180043411,0.7119163823371353,0.9216371637950745,0.8127608129472731,0.8408071262564132,0.9729889847943788,0.9231357604012417,0.7672536307533105,0.9477398182257293,0.8338700034261614,0.7855033664656154,0.9541093225807113,0.871439895534383,0.848967462083515,0.9778347042713055,0.9419813936796535,0.7191377303577168,0.9240136275681032,0.8640277295739252,0.77004465029731,0.9515524962815356,0.8458178580483819,0.8668911267672177,0.9129222188242939,0.38109809885688606,42.17115406324899,4.204143677026357,0.8033831739621072,0.15852933845389228,2.5138549042774687,2.7536928326172085,5.4302013760190695,0.742296575467899,0.607666641467868,0.16918814629315082,0.3865918864761514,0.5396806214243347,8,12.0,0.17452599601594962,0.4079052739951371,0.41477312768250163,0.8158287497219897,0.8212887476999307,0.8338700034261614,0.8839602443777281,0.8901070890918257,0.631964647948305,0.8901070890918257,4.0,0.3969677287914228,38.3896646819294,4.317280972233011,0.134629934000031,15.343771021778329,B,iso,0.43764018907724267,12.0,8
3.0,0.0,16.0,5,1,blend,obs,0.603,0.7730321868749626,0.9518016341309405,0.9232881132334183,0.7283314339036445,0.9303368948661952,0.8181387840880064,0.8630023030615663,0.9792960042536731,0.9310775017169802,0.7791275665231616,0.9532463008752657,0.8360493708035434,0.8006912644226138,0.960155546172976,0.8746610965058194,0.8500960644681708,0.9782433610209053,0.9373773861397913,0.7278812680368196,0.928667946171176,0.8638569381007395,0.7556353055514606,0.9454497790571613,0.8085271952828149,0.85418032395418,0.8994086876791716,0.6127637963074484,18.6467975299937,5.045788396041101,0.7762983292326501,0.17004661603317953,2.0494187232770846,2.376550767379037,5.3164728045243095,0.737568313784416,0.5075617730361226,0.17261097417605942,0.3788061234364804,0.5368811299399008,8,12.0,0.17553161742177908,0.4127675727475528,0.41817958961041657,0.8205738599673106,0.8244711704739833,0.8360493708035434,0.8621583495088753,0.5956042851521044,0.5966379741333294,0.8621583495088753,2.0,0.6926555931111915,20.21817818837126,4.169117100597236,0.23000654074829346,15.337766983222668,B,iso,0.45567102403243875,12.0,8
3.0,0.0,25.0,0,1,blend,obs,0.5936666666666667,0.7025227216661538,0.9186434277790279,0.8857233780779615,0.7130106813842927,0.9224528765889027,0.7934399499119189,0.8374880869119103,0.97191864447002,0.9111865245643769,0.7299571958952107,0.9331875500970414,0.7652178982411377,0.7785178727999913,0.9522517629148053,0.8591099899743077,0.8561785721743452,0.9795420467719796,0.9360367308566849,0.6780467536655803,0.9021804341935067,0.8239134994650862,0.7310765242527868,0.9352508293248819,0.7550887814510864,0.8282904690952361,0.8966367579291541,0.34752982794572673,38.87148547683388,4.560416441055095,0.8026097182040488,0.16084735890196253,2.0457623526497644,2.5404240312065087,5.669601380226031,0.759444124318635,0.5089390863288369,0.16914916066613742,0.5134232928039945,0.21669897993746665,8,12.0,0.2923576415977094,0.500218654234784,0.33815044527856636,0.7879154065509497,0.7837078172271275,0.7652178982411377,0.5570443050339363,-0.08063936747742033,0.5572845393168004,0.7879154065509497,0.25,0.7071581620248643,19.208838109445665,4.145076617658267,0.2505050379897981,23.20703463677782,B,iso,0.3294536166100905,12.0,8
3.0,0.0,25.0,1,1,blend,obs,0.598,0.7178348263856597,0.9268134650738815,0.9081433373177049,0.7178227849032107,0.925431200653573,0.8126737683636686,0.8528480422330409,0.9766776789808069,0.9250538661282401,0.7511463322710548,0.9430579592415096,0.7986077126166589,0.7910533832798707,0.9572207403897448,0.8772945221872477,0.8645665540405633,0.9813207716135345,0.9381292175303689,0.6826664912998233,0.9051400957287079,0.8431484530827374,0.7317762349661305,0.9354737244814093,0.7550252527185747,0.8297315571755284,0.885901546779521,0.25786438846464005,67.95078508522839,5.263694478032702,0.8124612907221602,0.1559048009541989,2.0012755008991174,2.6865301543954465,5.435973435935604,0.7403693055939562,0.5153744959439236,0.1670560146622668,0.4967589755628177,0.2081615358261012,8,12.0,0.2960785605324555,0.4977468940091739,0.3356244241258647,0.8094176743388286,0.8076114032814677,0.7986077126166589,0.6856119862035318,0.36988538791107206,0.6396989826578732,0.8094176743388286,0.25,0.7066350454081043,15.808894489882867,4.201683297373499,0.22499480965003257,23.27408489660311,B,iso,0.3362918897902062,12.0,8
3.0,0.0,25.0,2,1,blend,obs,0.5966666666666667,0.7175166664812871,0.9262619779511072,0.9070743730846473,0.714385069192917,0.922905397321411,0.7956011414512374,0.8341472651701447,0.9706398186676087,0.9071228561310916,0.7400130700248565,0.9370355499023261,0.7800662626468414,0.7871867998966131,0.9555552339619493,0.8682143635557567,0.8594846279392464,0.9804932967477087,0.9382689248304649,0.6848109399022545,0.9058198527106929,0.8305594548548885,0.7236278970678169,0.9317237292707781,0.7399324930634745,0.8418760272132227,0.9012121740567015,0.0073593375302148,492.01259677542237,4.625593237249504,0.795718869753913,0.16195327330658674,2.0421778604425564,2.7269733720800975,5.218779379688978,0.7317982880207979,0.5426585843747656,0.17315789646632201,0.4769170540513589,0.21863055146463856,8,12.0,0.28784077148778875,0.49738960553114625,0.34813332353701343,0.7921284110528314,0.7902042646575371,0.7800662626468414,0.6350028950126059,-0.2219142477753393,0.4452871882421513,0.7921284110528314,0.25,0.8108605929112093,8.860554083688244,4.32542247520698,0.18913970364603233,23.324338991970276,B,iso,0.36307759388213184,12.0,8
3.0,0.0,25.0,3,1,blend,obs,0.6,0.7217838553507716,0.9280090681137712,0.9160056025091653,0.7397747484765984,0.9347435725509846,0.8278802072986642,0.8578455114494394,0.9776658760196287,0.9288867900963753,0.7685074619015426,0.9500758605107207,0.8181357686977218,0.8064491258945554,0.9620772821123773,0.8884874183796971,0.8685644680274225,0.9823349455256446,0.9414074429873016,0.7015419983153071,0.9140398177994481,0.8576217530989141,0.7320274105249454,0.9353031915498337,0.7564815532453634,0.832331548958398,0.881080135588227,0.6215680280428297,14.674364260063832,6.325277956855389,0.8012659722222222,0.15989602773276618,2.0886327678918133,2.4532759541459375,5.18716360522958,0.7411718105545708,0.4749385264380359,0.1747109043437242,0.4851524426801477,0.2194339826986087,8,12.0,0.30610261407490713,0.4944991506702591,0.35330880570151785,0.8258410354278601,0.8252303487198009,0.8181033202472964,0.6348159981729167,-0.11499025616135793,0.5573112927119668,0.8258410354278601,0.25,0.6067164497484249,26.293737962967054,4.473761817764734,0.26623328411653496,23.419251386118216,B,iso,0.3601154791235545,12.0,8
3.0,0.0,25.0,4,1,blend,obs,0.6026666666666667,0.7142990210375679,0.9247761364164062,0.901820542392373,0.7119163823371353,0.9216371637950745,0.8127608129472731,0.8408071262564132,0.9729889847943788,0.9231357604012417,0.7478110639555695,0.9405568063698518,0.8025626192658882,0.7812890642383125,0.9528625500111083,0.8743133924160473,0.8630731347984338,0.9810976503322437,0.936558450825473,0.6719485203600579,0.8985647146512339,0.8361952644785672,0.7379943007369393,0.938109764985415,0.7658323952485826,0.8333210755579422,0.8997821237237525,0.524401777295117,31.220516382389402,4.828945910030393,0.8117427392053216,0.15448654732140887,2.178794337310647,2.6962038840518123,5.4302013760190695,0.742296575467899,0.5281577431238816,0.16918814629315082,0.49431552585615246,0.21904449473724513,8,12.0,0.2960923301162251,0.4898442613995677,0.3453917083967703,0.8103983858546224,0.8097014196715514,0.8025626192658882,0.7135190537812254,0.3147281103844311,0.6200656208603317,0.8103983858546224,0.25,0.36514421437247896,44.45791218346678,4.109857936926055,0.2141388323440173,23.235966634325592,B,iso,0.3422675142564411,12.0,8
3.0,0.0,25.0,5,1,blend,obs,0.603,0.7104100277999115,0.922866841876717,0.8655426840926465,0.7283314339036445,0.9303368948661952,0.8181387840880064,0.8630023030615663,0.9792960042536731,0.9310775017169802,0.7600229617244538,0.9469270794742589,0.8081738186136662,0.7984045128693783,0.959797095138564,0.8778609230970897,0.8591967865044873,0.9803001083607714,0.9328859163052112,0.6859090714387667,0.906726140782655,0.83972457230907,0.7352596204648685,0.937328345679986,0.7612124264008945,0.8267208210597927,0.8842797714545608,0.43562015753936306,34.42291098744199,5.5943671399106325,0.8092124042535713,0.1577689635312208,1.9591342262919427,2.329146950004061,5.3164728045243095,0.737568313784416,0.4367094578900942,0.17261097417605942,0.4903704000968639,0.21727924895485884,8,12.0,0.2966673316565871,0.49409458309312954,0.3493480399956637,0.8160570145651312,0.814959157938296,0.8081738186136662,0.6704041543808814,0.24015888477515196,0.6039340862298404,0.8160570145651312,0.25,0.7079229098594123,19.806617558335965,4.07539227869822,0.3008588558943218,23.382290351300096,B,iso,0.3520012099873141,12.0,8
