beta,rho,D,seed,fixed_magnitude,error_mode,propensity_on,retain_obs,D_ALL,I_ALL,rho_sp_ALL,D_FILTER,I_FILTER,rho_sp_FILTER,D_IPW_oracle,I_IPW_oracle,rho_sp_IPW_oracle,D_IPW_est,I_IPW_est,rho_sp_IPW_est,D_IPW_calib,I_IPW_calib,rho_sp_IPW_calib,D_ALL_calib,I_ALL_calib,rho_sp_ALL_calib,D_SMITH_env,I_SMITH_env,rho_sp_SMITH_env,D_SMITH_geo,I_SMITH_geo,rho_sp_SMITH_geo,D_IPWest_vs_IPWoracle,D_IPWest_vs_FILTER,diag_ess_frac,diag_w_max_over_mean,diag_w_p99,diag_propensity_auc,diag_prop_brier,diag_prop_coef_E1,diag_prop_coef_E1_calib,diag_prop_coef_E1_true,diag_eff_coef_obs,diag_eff_coef_true,cfg_niche_shape,cfg_quality_link,cfg_env_corr,cfg_propensity_learner,cfg_retain_rate,cfg_n_occ,diag_true_sep_E1,diag_obs_sep_E1,diag_pooled_var_E1_true,diag_pooled_var_E1_obs,diag_rho_D,diag_grain,diag_corr_len,pred_mu_delta,pred_pooled_var_obs,pred_reliability,rho_sp_IPW_k0.25,rho_sp_IPW_k0.5,rho_sp_IPW_k1,rho_sp_IPW_k2,rho_sp_IPW_k4,env_width_D,env_best_rec,env_best_kappa,diag_ess_frac_calib,diag_w_max_over_mean_calib,diag_w_p99_calib,diag_lowq_dE1_shift,diag_realised_disp,variant,regime
3.0,0.0,10.0,0,1,blend,obs,0.603,0.8922188269282564,0.9888265488460659,0.9979837959816686,0.7414519719977307,0.9367325700208131,0.8647008216080868,0.8868053627848371,0.9861937790888217,0.9679589706480353,0.8254512290922759,0.9693886754859143,0.91416212149373,0.8386720311912916,0.9734633857401566,0.9317787515707933,0.9373126783302229,0.9962241590871235,0.9994112965214806,0.8156850332313432,0.9665543866476726,0.9539867926899233,0.8750448043572522,0.985950365886208,0.9675221128328184,0.9139920007393694,0.8910019994394671,0.365334552768809,48.04360580788822,5.206748408857838,0.8119761301710497,0.1555789666188678,3.1181404193355813,3.3466142626336706,5.600444593701082,3.348307663427268,5.5501717284063945,gaussian,linear,0.0,logit_quad,0.6,3000,0.7170680376381457,0.6452115520657974,0.1597759990717959,0.2716641362526734,0.7969608706296997,1,12.0,0.0723433806375081,0.2830671668421225,0.5644455372703439,0.8745681864379016,0.8866256018281946,0.9141717480162858,0.9247456620875293,0.6506712820258846,0.41491620194961965,0.9247456620875293,2.0,0.2726667664663626,62.95098279201028,5.648965819922765,0.07185648557234829,9.739829918291601,base,iso
3.0,0.0,10.0,1,1,blend,obs,0.5963333333333334,0.8769599436426996,0.9856773871338119,0.9980416536413351,0.7308199767075563,0.9329669225930087,0.8583997261535545,0.8732083280383401,0.9831335730526714,0.9607928366379914,0.8180488260977534,0.9678444774167756,0.9091620087808696,0.8258409079134169,0.9698761776485062,0.9231684737580487,0.9213696626800969,0.9942305499203038,0.9993285318595654,0.8200693553684657,0.9689071890342584,0.9549073266235368,0.8418945856525277,0.9774605298461272,0.9475776485420458,0.9251420074604632,0.8856017053188381,0.6230939203767596,14.382973283563743,5.234801874002913,0.8334721915144343,0.1472192823080599,3.2282480229362562,3.3964109121912447,5.847996569214215,3.597908257731819,5.806251889622844,gaussian,linear,0.0,logit_quad,0.6,3000,0.729985653614518,0.7046164987734229,0.16101979802718194,0.27451225129657947,0.7933634057006311,1,12.0,0.07395892905460766,0.28914418898765865,0.5568840881462592,0.8688420912956214,0.8811897064954314,0.9091614044505675,0.9283498708916758,0.7021636622464293,0.43067389309842885,0.9283498708916758,2.0,0.6427223240438672,16.30358940479677,4.914942790667263,0.025369154841095004,9.816284545749628,base,iso
3.0,0.0,10.0,2,1,blend,obs,0.6073333333333333,0.8803185122543016,0.9862902387499944,0.9954445680646528,0.7414656368792716,0.9367643117403853,0.860295564453576,0.8942617582242086,0.9877084632705556,0.9710600977539504,0.8254580449610407,0.9701985654935853,0.9109082954494508,0.8359124096157318,0.9732092248748115,0.9262836010301626,0.9216341159014987,0.9941951642063435,0.9970157233657599,0.8196915384852328,0.9678442613486636,0.950846068000654,0.8386797903386858,0.9757784522316313,0.9382259051810851,0.903700459945851,0.8902426195168869,0.29982197018644074,58.20824036269942,5.262778310656296,0.8171373646750991,0.15520502762759167,2.9545019249574067,3.1528306707508853,5.4243195504617905,3.2287537588672275,5.370751172745311,gaussian,linear,0.0,logit_quad,0.6,3000,0.719560799939859,0.6538319348364503,0.1643026486538191,0.2767315041998236,0.7949891954634302,1,12.0,0.07473270498981315,0.28718064442704117,0.5721229889347941,0.8705705920981531,0.8831093653070688,0.9109104803289955,0.9484635413041511,0.4687450430746003,0.5372387682069613,0.9484635413041511,2.0,0.5915936980311226,20.680574603390593,4.994324167617572,0.06572886510340888,9.785541525108364,base,iso
3.0,0.0,10.0,3,1,blend,obs,0.5943333333333334,0.8931169086555774,0.9889318208668073,0.9968811282439326,0.7454894206281577,0.9385925576425056,0.8762757868125832,0.8867437674871208,0.9863687892014418,0.9755539934371817,0.8357438866849914,0.9728986909808107,0.9303038119873868,0.8420041261342882,0.9745393576089266,0.9432325471910689,0.9390418551897103,0.9964242740984743,0.9995468925829173,0.8141198423381457,0.9666319296205558,0.9605172296319748,0.8701980410451936,0.9846554765796662,0.9682741243126285,0.9247688899081506,0.8898789932517552,0.07770030015983759,135.82612533580377,4.975165610000817,0.8263834323158877,0.152730339332857,3.1321321739043686,3.3048765744131448,5.460530212082416,3.47886887698637,5.4818820968651085,gaussian,linear,0.0,logit_quad,0.6,3000,0.7245108764411987,0.6683657021508327,0.16626893420192923,0.2664603100047743,0.7976512547839484,1,12.0,0.07595171281668972,0.2909420768824878,0.5714846610828507,0.8881241931135642,0.9009678775735364,0.9303022126533828,0.964228718228117,0.6521396057969793,0.4144282451517042,0.964228718228117,2.0,0.0644989796409918,151.865421111504,4.811534932883859,0.056145174290366036,9.798882518205605,base,iso
3.0,0.0,10.0,4,1,blend,obs,0.5936666666666667,0.8964112674285317,0.9897982084584309,0.9990959747574839,0.7380527681961363,0.9360742157690665,0.8687595196669248,0.9013113201310766,0.9896209385328038,0.9785098633185537,0.8258091296132386,0.9707099612292521,0.9217806659720889,0.8376359645016599,0.9738645539477688,0.9372764955407547,0.9411683543988458,0.996735896050181,0.9995465184104675,0.8022137967144835,0.9625911049107471,0.9522903298384329,0.8531127255941409,0.98041543739492,0.9535211848791922,0.9053421769944863,0.8953748354419977,0.2224479199581648,53.803610038944704,4.789800625794392,0.8101404442757593,0.1584781774525432,2.9444882515906463,3.09025805387381,5.449983008354409,3.223925812353392,5.474815393125299,gaussian,linear,0.0,logit_quad,0.6,3000,0.7170443285018625,0.647838323690724,0.1653088686992228,0.28035682521549,0.7977346541514403,1,12.0,0.0720047937762812,0.29081533829769135,0.5684324274877324,0.8795351538157522,0.8919512510768146,0.9217777110045856,0.9675436716886233,0.6850520993975004,0.41017715270306454,0.9675436716886233,2.0,0.2417570221244442,57.23276444868743,5.209177424376766,0.06920600481113857,9.79324338033451,base,iso
3.0,0.0,10.0,5,1,blend,obs,0.6016666666666667,0.8783386230684638,0.9857670308073401,0.9954473128077658,0.7455467558336333,0.9396464971143258,0.8689783870295196,0.8886794534726488,0.986758771428108,0.9680614485076889,0.8313931209597734,0.971741384916117,0.9192351911080134,0.840929490241111,0.9744473018187512,0.9325720151678232,0.922484465324707,0.9942641678277669,0.997974669741878,0.8175314930943842,0.9675645771728969,0.9531605395119733,0.8451053387793795,0.9781455487936139,0.9501805684454812,0.9259374735969341,0.8859772288857723,0.1115403972288989,109.49305192459305,5.030030773354213,0.8278612408581463,0.15266298054046792,3.117565422948196,3.299129323337462,5.6242324748774735,3.3895890624512726,5.598849806575616,gaussian,linear,0.0,logit_quad,0.6,3000,0.7309525824269445,0.6695608968697161,0.16409333885007304,0.26969301063228457,0.7956799521284629,1,12.0,0.07612260878316267,0.28852919850887304,0.5687235111666757,0.8805438514219476,0.8928448369179266,0.9192348090641743,0.9262659515333419,0.6230178496084963,0.40515547543167574,0.9262659515333419,2.0,0.12030576574284053,100.0747015565576,4.930915928959745,0.06139168555722829,9.775662075282284,base,iso
3.0,1.0,10.0,0,1,blend,obs,0.603,0.7548933365775697,0.9448307128623387,0.8330889555589601,0.7414519719977307,0.9367325700208131,0.8647008216080868,0.8868053627848371,0.9861937790888217,0.9679589706480353,0.7408954326947993,0.938734027745307,0.8365448598057955,0.7591117588555827,0.9445317789828536,0.8684693354843149,0.7783337836792381,0.9528563244351757,0.8740952577987218,0.7319451745177403,0.9303067801787767,0.9082253657652479,0.7473531940968277,0.9430632001336523,0.8004135802313439,0.8181571019060632,0.943777269931135,0.9572624157141824,3.307026163818709,3.1396562575857843,0.5933899863496215,0.22835157945541923,0.5034245632731342,0.7628351799138415,5.600444593701082,0.02917865935620775,5.5501717284063945,gaussian,linear,0.0,logit_quad,0.6,3000,0.7170680376381457,0.004542144996627695,0.1597759990717959,0.19864287062372193,0.7969608706296997,1,12.0,0.0723433806375081,0.2830671668421225,0.5644455372703439,0.8568217598568582,0.8515273299862802,0.8365449575876922,0.7761438981076052,0.3999365087522492,0.6304934655435146,0.8568217598568582,0.25,0.9844072431284909,2.2811098153100677,2.5150974464999636,0.712525892641518,9.985355633014073,base,toward_HQ
3.0,1.0,10.0,1,1,blend,obs,0.5963333333333334,0.7466320959866617,0.9414555462821689,0.8167308952148147,0.7308199767075563,0.9329669225930087,0.8583997261535545,0.8732083280383401,0.9831335730526714,0.9607928366379914,0.7359466829801011,0.9377491092103875,0.8311578199189688,0.7545897888516023,0.9435835201521805,0.8648378493497282,0.7755112934876286,0.9526034174268201,0.8645167926323194,0.7364651030705942,0.9336291017521637,0.9113524127055778,0.7226775480302521,0.9321062066654044,0.7548251543178274,0.8322608699639319,0.9381942223413583,0.9482114837037932,3.8740508644937246,3.549855606827695,0.6009859777085307,0.2255624970438554,0.5506446526371778,0.797792028328459,5.847996569214215,0.18960238243677008,5.806251889622844,gaussian,linear,0.0,logit_quad,0.6,3000,0.729985653614518,0.032371783616905514,0.16101979802718194,0.204234957826052,0.7933634057006311,1,12.0,0.07395892905460766,0.28914418898765865,0.5568840881462592,0.8507257286981689,0.8456022743045937,0.8311582129848988,0.767646618736014,0.33566327477651714,0.5916686503922791,0.8507257286981689,0.25,0.9767007637720629,2.7518518850480995,2.7414736177626247,0.6976138699976124,9.967522794865953,base,toward_HQ
3.0,1.0,10.0,2,1,blend,obs,0.6073333333333333,0.7510630498664965,0.9423075215342365,0.8197993801137724,0.7414656368792716,0.9367643117403853,0.860295564453576,0.8942617582242086,0.9877084632705556,0.9710600977539504,0.7431691924191011,0.9399217273628205,0.83456127958803,0.7618147782425818,0.945944345157982,0.8645444387207232,0.7758682411092386,0.9516020699050622,0.8626192732309731,0.7421375340958526,0.9350638660579145,0.9075091032035489,0.7403824340811689,0.938469956713433,0.7800468005047558,0.8089300149885474,0.9413632661980986,0.8111891825463434,19.479816445137658,3.3733862206742375,0.6107199499048602,0.22483963369071053,0.49115910016745024,0.7288023129100184,5.4243195504617905,0.08501702349418262,5.370751172745311,gaussian,linear,0.0,logit_quad,0.6,3000,0.719560799939859,0.01668830219586931,0.1643026486538191,0.20511828484774336,0.7949891954634302,1,12.0,0.07473270498981315,0.28718064442704117,0.5721229889347941,0.8539713722253838,0.8490526645784229,0.8345612549725037,0.7720289850890603,0.24105143532102805,0.5491714078758655,0.8539713722253838,0.25,0.9798833446096351,2.2845017009865938,2.6407374631999962,0.7028724977439897,9.970419640756667,base,toward_HQ
3.0,1.0,10.0,3,1,blend,obs,0.5943333333333334,0.7624046069647072,0.9477447688916801,0.8416773997611368,0.7454894206281577,0.9385925576425056,0.8762757868125832,0.8867437674871208,0.9863687892014418,0.9755539934371817,0.7455648181061578,0.9413573450541292,0.8510582475683148,0.7638002965924587,0.9469602548717695,0.8802610573102644,0.7865648785648287,0.9561571607359886,0.8838373353198907,0.7310241792334972,0.9303509346708847,0.9187254356510265,0.7436314136316337,0.9422188646281614,0.7910532913324215,0.8236325856286852,0.943221712879807,0.923835203337564,8.250626490888001,3.1734476109161993,0.6044847000637353,0.2274344682770729,0.4402053458770558,0.6535571965239981,5.460530212082416,0.07525010792715722,5.4818820968651085,gaussian,linear,0.0,logit_quad,0.6,3000,0.7245108764411987,0.012216433257122183,0.16626893420192923,0.20525640769653425,0.7976512547839484,1,12.0,0.07595171281668972,0.2909420768824878,0.5714846610828507,0.8698852744773068,0.8650287380936584,0.8510582879931385,0.7952467536138486,0.4607908058767464,0.6492377663419726,0.8698852744773068,0.25,0.9791080751669382,3.424433938746815,2.666460813698173,0.7122944431840764,9.988415244625,base,toward_HQ
3.0,1.0,10.0,4,1,blend,obs,0.5936666666666667,0.7544682416333135,0.9459604946981643,0.8308605838948506,0.7380527681961363,0.9360742157690665,0.8687595196669248,0.9013113201310766,0.9896209385328038,0.9785098633185537,0.7409635252891579,0.9401998092180869,0.8412703527107549,0.7576491654356663,0.9454165823203092,0.8707799589862804,0.7798442161404437,0.9549117202660373,0.874027972413964,0.7328123924828686,0.931936386461893,0.9151769717805702,0.7342064513844762,0.9374042020503842,0.7768972627239565,0.8098748571012809,0.9379690972983044,0.9434460147393041,3.6396946042676834,3.5994242783380845,0.609325534916692,0.2260296303585397,0.48304266033851745,0.6977682193751069,5.449983008354409,0.04638041009245936,5.474815393125299,gaussian,linear,0.0,logit_quad,0.6,3000,0.7170443285018625,0.009737035250385773,0.1653088686992228,0.2127886336322268,0.7977346541514403,1,12.0,0.0720047937762812,0.29081533829769135,0.5684324274877324,0.8620956986826449,0.8567973061901338,0.8412712274191703,0.7764780282779836,0.398677560710558,0.5782559523458064,0.8620956986826449,0.25,0.9776950128930397,2.3703823001182793,2.7948315487666013,0.7073072932514767,9.981727536902874,base,toward_HQ
3.0,1.0,10.0,5,1,blend,obs,0.6016666666666667,0.7550864874995882,0.9458521662739603,0.83138356265303,0.7455467558336333,0.9396464971143258,0.8689783870295196,0.8886794534726488,0.986758771428108,0.9680614485076889,0.7478078287856358,0.9431702342250827,0.8448331555962402,0.7638410354343956,0.9477102820278803,0.8729722223019654,0.7785307095175054,0.9539082163698798,0.8724736036064221,0.7332278437039352,0.9315160353878501,0.9091940013117413,0.7353839281741006,0.9389486200740057,0.7797109120698333,0.8290378848090753,0.944305000512472,0.948114462433554,4.286050490121535,3.1218655991195186,0.5953256296433663,0.22735447173462112,0.5063840142398494,0.6978523872318378,5.6242324748774735,0.0427017091837475,5.598849806575616,gaussian,linear,0.0,logit_quad,0.6,3000,0.7309525824269445,0.005199068096077619,0.16409333885007304,0.20670376580666294,0.7956799521284629,1,12.0,0.07612260878316267,0.28852919850887304,0.5687235111666757,0.8622106228669043,0.857681992457429,0.8448339944839328,0.796096312121872,0.4531235830340364,0.6668612602430335,0.8622106228669043,0.25,0.9795752190117759,3.0036660875059904,2.5247857735359744,0.7257535143308668,9.987108062363742,base,toward_HQ
3.0,1.0,10.0,0,1,blend,obs,0.603,0.7608788083588047,0.9431730572592963,0.8053434692845818,0.7414519719977307,0.9367325700208131,0.8647008216080868,0.8868053627848371,0.9861937790888217,0.9679589706480353,0.8480585746167528,0.9771418129822009,0.9364911729060515,0.855017881488308,0.9790635102495385,0.9446662833883439,0.809475725623704,0.9628720961445391,0.8833734162265277,0.9283103137973794,0.9949464637546785,0.9958031075451708,0.871650681625424,0.9841141919108668,0.9715213103768198,0.9342568597262095,0.8808045012877628,0.02231698230209011,273.18364359471605,6.327006952032395,0.9772735817135983,0.052632861738151786,6.9933342772966895,6.8201806016170705,5.600444593701082,6.748232800949154,5.5501717284063945,gaussian,linear,0.0,logit_quad,0.6,3000,0.7170680376381457,1.2953427372130224,0.1597759990717959,0.2274274011982121,0.7969608706296997,1,12.0,0.0723433806375081,0.2830671668421225,0.5644455372703439,0.894403589653774,0.9067753515697389,0.9364460048194538,0.9625353759308402,0.6583221835816531,0.41808640929137175,0.9625353759308402,2.0,0.014729384063932155,339.3949052469329,6.382004228342772,-0.5782746995748766,9.723048361676913,base,away_HQ
3.0,1.0,10.0,1,1,blend,obs,0.5963333333333334,0.7682622706052171,0.9455872408326901,0.813083566799339,0.7308199767075563,0.9329669225930087,0.8583997261535545,0.8732083280383401,0.9831335730526714,0.9607928366379914,0.8286700613894087,0.9720119672982367,0.9253093118576955,0.8383450665125445,0.974937112602709,0.9359547044225001,0.8141901328517153,0.9638690138851413,0.8835225733529435,0.9119674589361276,0.9922383981794891,0.99001784110525,0.8669124451052104,0.9831499219138299,0.9701700828693124,0.9382158397054472,0.8910041058819802,0.24351737111441926,47.387151605023824,5.099872534331013,0.9789898725074188,0.05317323657200279,7.185529124112666,6.945786502108008,5.847996569214215,6.872862387543207,5.806251889622844,gaussian,linear,0.0,logit_quad,0.6,3000,0.729985653614518,1.303743119025947,0.16101979802718194,0.22576230422257126,0.7933634057006311,1,12.0,0.07395892905460766,0.28914418898765865,0.5568840881462592,0.8905913427128277,0.9010726648201621,0.9252936442222307,0.9802743595728293,0.7155426303766902,0.4307152668664511,0.9802743595728293,2.0,0.18718704954074705,62.0471888979738,5.63724919995903,-0.573757465411429,9.728864494696154,base,away_HQ
3.0,1.0,10.0,2,1,blend,obs,0.6073333333333333,0.7707242428835596,0.947290120886855,0.8319247374821469,0.7414656368792716,0.9367643117403853,0.860295564453576,0.8942617582242086,0.9877084632705556,0.9710600977539504,0.8447872924453135,0.9763539990131601,0.9354299622728233,0.8589587903698651,0.9802757050976632,0.9474153608366152,0.8183926915126128,0.9659818797120505,0.902023919793833,0.9277100978828275,0.9949391764631134,0.9937407423155168,0.8710110625819281,0.9840473898205094,0.9743359975802303,0.9277832521301745,0.8859977813148416,0.13570238569065904,79.73439614239707,5.853459146209432,0.9769269762700367,0.05473414441187663,6.95278925743311,6.757886139622708,5.4243195504617905,6.669533837154971,5.370751172745311,gaussian,linear,0.0,logit_quad,0.6,3000,0.719560799939859,1.2957032730702518,0.1643026486538191,0.2335434218387026,0.7949891954634302,1,12.0,0.07473270498981315,0.28718064442704117,0.5721229889347941,0.8918937407532024,0.9050388492162821,0.9353940880712324,0.9812558981425852,0.7522527575446171,0.4213810524339685,0.9812558981425852,2.0,0.13071440173194346,76.46381553402946,6.810936876151552,-0.5761424731303927,9.76961533916138,base,away_HQ
3.0,1.0,10.0,3,1,blend,obs,0.5943333333333334,0.764655403202657,0.9440997626193954,0.8008214272323267,0.7454894206281577,0.9385925576425056,0.8762757868125832,0.8867437674871208,0.9863687892014418,0.9755539934371817,0.8466158529862997,0.9769925095178583,0.9440528436863276,0.8577165887612493,0.9800208958518825,0.9534550249507694,0.8105199741322032,0.9626235046842787,0.8746881059267531,0.9190184638874564,0.9931976463225035,0.9935798434271601,0.8707906009176218,0.9839671026369116,0.9709875140786934,0.9380682990496886,0.8922926380674537,0.006939775946106773,480.1971219130016,5.067527254875717,0.9770753270525842,0.05350803166722432,6.9617348850143035,6.8320347888616935,5.460530212082416,6.761086670825643,5.4818820968651085,gaussian,linear,0.0,logit_quad,0.6,3000,0.7245108764411987,1.295998240665013,0.16626893420192923,0.2351272196853611,0.7976512547839484,1,12.0,0.07595171281668972,0.2909420768824878,0.5714846610828507,0.9070569284613526,0.918392582493952,0.944078408406282,0.9964983337410901,0.7362622728643604,0.41085555074839464,0.9964983337410901,2.0,0.007364956819873588,462.8872139915366,5.552236051895697,-0.5714873642238142,9.743167208913292,base,away_HQ
3.0,1.0,10.0,4,1,blend,obs,0.5936666666666667,0.7647187463809817,0.944463689927734,0.8124972355945068,0.7380527681961363,0.9360742157690665,0.8687595196669248,0.9013113201310766,0.9896209385328038,0.9785098633185537,0.8533087113127793,0.9795103953520947,0.9467902027372019,0.8644598723302339,0.9823092576043279,0.9551414399912131,0.8135526263273829,0.9638596217575051,0.886616321813427,0.9119427754322518,0.9920662649525238,0.9906649969814434,0.8669175121218475,0.9830937047831674,0.9722068599794206,0.9350528954982412,0.8784057285520082,0.04124515323358463,149.33371500340849,6.060261951192113,0.9764672583035128,0.055819161128465584,7.1895436969550675,6.766682713843293,5.449983008354409,6.622694970749187,5.474815393125299,gaussian,linear,0.0,logit_quad,0.6,3000,0.7170443285018625,1.3001562987917559,0.1653088686992228,0.24039685061629482,0.7977346541514403,1,12.0,0.0720047937762812,0.29081533829769135,0.5684324274877324,0.9055651658605616,0.9178124096138477,0.9468166310619418,0.9879710830690895,0.7078575080073566,0.40513393671766884,0.9879710830690895,2.0,0.02800836478159464,204.40627690904324,6.745136562297889,-0.5831119702898935,9.73033326397407,base,away_HQ
3.0,1.0,10.0,5,1,blend,obs,0.6016666666666667,0.761789850624621,0.9428361691798574,0.8006376143396092,0.7455467558336333,0.9396464971143258,0.8689783870295196,0.8886794534726488,0.986758771428108,0.9680614485076889,0.8390073052064635,0.9750733092730014,0.9326478835313192,0.8488914373627457,0.9778489539316342,0.9420123441378782,0.8095683234553902,0.9622531861837129,0.878055435274018,0.926161518857048,0.9944359385738276,0.9931737225449828,0.8651307125194534,0.9826332806535356,0.9698872624862859,0.9324552290704591,0.8962961166493587,0.009919434829551743,379.3414543840613,4.6725618168955805,0.9758353712954484,0.05573101079924076,6.672777177030087,6.563623000997874,5.6242324748774735,6.4652768393533275,5.598849806575616,gaussian,linear,0.0,logit_quad,0.6,3000,0.7309525824269445,1.3052844899525073,0.16409333885007304,0.24048936380836716,0.7956799521284629,1,12.0,0.07612260878316267,0.28852919850887304,0.5687235111666757,0.8984631232500467,0.9097788437997305,0.9325788772269499,0.9814270384974797,0.669333294653829,0.4332309479934898,0.9814270384974797,2.0,0.009493148429293418,363.8216725657885,4.973249643005227,-0.5743319075255631,9.70057182554567,base,away_HQ
3.0,0.0,10.0,0,1,blend,obs,0.6013333333333334,0.623593360663242,0.885707997486764,0.646919926061222,0.6464901821914943,0.8190726105066307,0.5564627245496181,0.6359018469808184,0.8941435749090727,0.6434919281500215,0.6305714896773188,0.8895051275577401,0.6296626795794585,0.6308834122001896,0.8916279987411535,0.629075148515959,0.6327060393862185,0.8924612629870401,0.646998206278512,0.6214521362735153,0.8690293459324461,0.6185386554283254,0.6070107866982606,0.8751921420696627,0.5929895856957753,0.9507845171906608,0.7177416341559092,0.1929078276805684,67.77242639914834,11.957377392657001,0.9326376168900029,0.08962074394117815,2.865001055073862,3.0564440087639,3.450309258833692,3.0531187833548286,3.425018884253846,bimodal,linear,0.0,logit_quad,0.6,3000,1.472860123787176,1.3417860791101006,0.2359024133180838,0.3456490530170435,0.7969608706296997,1,12.0,0.14221953229822692,0.3433752117545914,0.6870106089273622,0.5791236295319536,0.6003446365097059,0.6296793077626103,0.3399439280270674,0.16678769449983627,0.3035804778567571,0.6296793077626103,1.0,0.2874089749953202,36.02420693684259,13.455319048114257,0.13107404467707556,9.713968333230877,niche_bimodal,iso
3.0,0.0,10.0,1,1,blend,obs,0.594,0.6290650404387753,0.8885137720102598,0.6407882197859395,0.641413858977415,0.8143864430760235,0.5509891768458678,0.6386803998376966,0.8952553881709546,0.6467751022988226,0.6350990702078704,0.8923759196529394,0.6406732768870137,0.6354238977562725,0.8942747444467681,0.6386920858873437,0.6364849696088102,0.8942367020886812,0.649188535012676,0.6253469128117759,0.8676139693844845,0.625731994586631,0.6196792209768771,0.8830908407392808,0.6191781651398517,0.9598568696633766,0.693859043740302,0.17481441240814635,42.15592683594919,14.390558119263716,0.9327200577200576,0.08913748007142687,2.8924170772907125,3.082118463838951,3.3822817747336686,3.0405101573776,3.3608557861209043,bimodal,linear,0.0,logit_quad,0.6,3000,1.4656778907929384,1.364255016825557,0.24349998094975478,0.3503326723968523,0.7933634057006311,1,12.0,0.1404934055652378,0.3498469076764543,0.6960186744738891,0.5746784335534435,0.5979724888963757,0.6406596698010497,0.29171484994077085,0.2576561665303706,0.27933949461117014,0.6406596698010497,1.0,0.24426209253826303,26.821963471688935,16.31745013980334,0.10142287396738166,9.764398830515628,niche_bimodal,iso
3.0,0.0,10.0,2,1,blend,obs,0.5976666666666667,0.6249935601607515,0.8862630862741605,0.633247214364,0.6305372071041879,0.8027935469261924,0.5213536594628485,0.633181152709912,0.890775928778614,0.6364189779629901,0.6260232983853462,0.888112402491028,0.619869959252636,0.6295822616357016,0.8907318563619477,0.6254491278428732,0.6333567397107249,0.8920954509342851,0.6471720185549024,0.6274549033161991,0.8639520787924408,0.6188947039449039,0.609338742514226,0.8755527239610329,0.5933221823392539,0.9514914713367092,0.6170071198243012,0.0975373163307547,65.12564694487021,22.55962740423904,0.9405244828110424,0.07684449113914343,3.275670870021001,3.417022989750236,3.526817247504324,3.51791232002916,3.537422828170218,bimodal,linear,0.0,logit_quad,0.6,3000,1.4625204946861863,1.3754980799321332,0.2298527989830083,0.3166525422780655,0.7949891954634302,1,12.0,0.131286293797117,0.3298631945045632,0.6968125053425098,0.5452855430182999,0.5711349504607353,0.6199075837708494,0.21220645448735267,0.24515134913133826,0.25388042445747716,0.6199075837708494,1.0,0.15961910391504025,39.85729892479818,21.631944470419526,0.08702241475405317,9.74613998454831,niche_bimodal,iso
3.0,0.0,10.0,3,1,blend,obs,0.5973333333333334,0.6244381539621421,0.8858120795656947,0.644600679630624,0.6458659839630644,0.8178203766470276,0.5501003052510361,0.6383709336820512,0.8946815250790265,0.6491450915106604,0.634126953950203,0.8929062734887021,0.6379534317712551,0.6335611785633828,0.8939572484725193,0.6328007092079937,0.6337340213033522,0.8928065206695475,0.64929680586946,0.6250804133149572,0.8716364983167093,0.6227654757854221,0.6181020830160578,0.8829195892040047,0.619425709161359,0.9576434756118694,0.6925390678431274,0.24118137884729368,29.784268752225262,14.441190841413501,0.9405467918489829,0.0842568527543676,2.9427960261680766,3.1517200623506576,3.5479038308827455,3.1164580696720283,3.557016316914182,bimodal,linear,0.0,logit_quad,0.6,3000,1.5108545084680605,1.3942180986705313,0.22966385903068465,0.34391837274702186,0.7976512547839484,1,12.0,0.14595127374944394,0.3405245054889413,0.6744415022376211,0.5764718882888366,0.6010295819772695,0.6379356394378634,0.3020870910411733,0.25887956935306294,0.2935672397370921,0.6379356394378634,1.0,0.2810992449603899,20.653576170204463,14.993152681495097,0.11663640979752926,9.720088352077735,niche_bimodal,iso
3.0,0.0,10.0,4,1,blend,obs,0.605,0.6262939800235058,0.886981980194601,0.6389770594497808,0.6422331309375053,0.8150104713887203,0.5554340545949407,0.6382215985924267,0.8955024473594551,0.6474109583123757,0.6350077803778011,0.8927480185832628,0.6409463513083593,0.6352013897258366,0.8939940479980389,0.639372569639679,0.6348442133112949,0.8932703050709689,0.6502072063737694,0.6234428564330597,0.8671368204827853,0.6245084594752441,0.6159954320289751,0.880857434035589,0.6054765401706815,0.9611297495697462,0.6918647824788271,0.18986305947220736,39.34991366235953,16.74700809189484,0.9361806790575491,0.08619908530408851,2.9402205127090735,3.1064455570181955,3.4858135843826683,3.152251477750177,3.489714760418141,bimodal,linear,0.0,logit_quad,0.6,3000,1.4922227861401738,1.3804095350068162,0.23222432089305783,0.3422393316162968,0.7977346541514403,1,12.0,0.14299982328995114,0.3379652341459084,0.6871248798117517,0.5779487760264569,0.6002249276457882,0.6409530855841875,0.2548397336273132,0.27559002476829914,0.2835159855719078,0.6409530855841875,1.0,0.23765628773448572,25.32775380026071,17.13707280308844,0.11181325113335748,9.732388475020445,niche_bimodal,iso
3.0,0.0,10.0,5,1,blend,obs,0.5933333333333334,0.628313263448508,0.888533466743018,0.644071703072562,0.6387171280134059,0.8099358687211726,0.5415276787149375,0.637931861124282,0.8933792593680029,0.6483353757842414,0.6328272236556974,0.8917398690661531,0.6345497122240348,0.6331863529101154,0.8934819233648352,0.632099251185521,0.6358603031201717,0.8941049650843019,0.6485754926566799,0.6239974175050569,0.8659260442133271,0.6246316888958555,0.6146905160184245,0.8796086737036632,0.6019032577715351,0.947930259958647,0.6620104856655235,0.17952484070653543,33.6660517908431,18.560604857167988,0.937043654448333,0.08509944560381577,3.104552495826043,3.2971508023158784,3.571458626974377,3.259785366995208,3.553889363639191,bimodal,linear,0.0,logit_quad,0.6,3000,1.4661581767476877,1.3442278083995203,0.2284361857168993,0.331902350666529,0.7956799521284629,1,12.0,0.13764299538618965,0.33498352875462334,0.6819325910326464,0.5654573860139673,0.5903237079737358,0.6345719385564949,0.24864068079359541,0.23572206017365963,0.28691544110676637,0.6345719385564949,1.0,0.21382021981519297,25.47825303171681,20.099166701618017,0.12193036834816719,9.645732851759316,niche_bimodal,iso
3.0,1.0,10.0,0,1,blend,obs,0.6013333333333334,0.6025413367160237,0.8567512120766057,0.5477616693031012,0.6464901821914943,0.8190726105066307,0.5564627245496181,0.6359018469808184,0.8941435749090727,0.6434919281500215,0.6253569525584,0.881229817060599,0.615574635077638,0.6256961209756142,0.8813835619532453,0.6194778691152713,0.6088521281245043,0.8626284300591203,0.5619715107521099,0.6232770870823068,0.8377247727352013,0.6018864505634482,0.5732976232292221,0.8344522003645358,0.4699618356310739,0.9152488733804254,0.7526956411952028,0.40365626383257414,31.86615438334091,9.981126317259038,0.8298902846888001,0.15805219874830903,2.0070297600712323,2.05411178674148,3.450309258833692,2.2629204929767663,3.425018884253846,bimodal,linear,0.0,logit_quad,0.6,3000,1.472860123787176,0.6775489805765635,0.2359024133180838,0.27966841748510995,0.7969608706296997,1,12.0,0.14221953229822692,0.3433752117545914,0.6870106089273622,0.5727052467311177,0.5886306596966353,0.6155653838619276,0.3440755690448484,0.15268062861064818,0.3080937534038726,0.6155653838619276,1.0,0.5500324511992283,12.646380134358736,8.520317775185406,0.7953111432106125,9.983827048905257,niche_bimodal,toward_HQ
3.0,1.0,10.0,1,1,blend,obs,0.594,0.6023805867421094,0.8534128344496628,0.5468917781679886,0.641413858977415,0.8143864430760235,0.5509891768458678,0.6386803998376966,0.8952553881709546,0.6467751022988226,0.6305361048396743,0.8862277137249662,0.62975167904053,0.6305688892812052,0.8853301006497438,0.6300472575338608,0.6104007897737456,0.8597425671751233,0.5633484901255204,0.6301949713227517,0.8339957439308938,0.6016173846505526,0.5779080644520194,0.8368410389552786,0.4862408073308328,0.9231334809796865,0.722294624157823,0.23626840187631157,37.13269694224359,13.358537200347103,0.8324694675269388,0.1594931657660242,2.1094355454505704,2.1190246129262893,3.3822817747336686,2.2937540059633488,3.3608557861209043,bimodal,linear,0.0,logit_quad,0.6,3000,1.4656778907929384,0.6576197956351815,0.24349998094975478,0.28233562217907116,0.7933634057006311,1,12.0,0.1404934055652378,0.3498469076764543,0.6960186744738891,0.5678531769750739,0.5857673987750796,0.6297514900105976,0.30557646797911864,0.18294805003472983,0.31249841327719985,0.6297514900105976,1.0,0.408061869478687,20.503589593810805,10.909727895774612,0.8080580951577572,9.982985530725506,niche_bimodal,toward_HQ
3.0,1.0,10.0,2,1,blend,obs,0.5976666666666667,0.6073236571757641,0.849895368303027,0.5501313757049657,0.6305372071041879,0.8027935469261924,0.5213536594628485,0.633181152709912,0.890775928778614,0.6364189779629901,0.6146045872383832,0.8838620117014482,0.565734135083842,0.6247628460451196,0.889125637138489,0.6054492410535515,0.6144408547662313,0.8556419959790803,0.5661332012591964,0.6326381244334305,0.82511393466335,0.589718006625699,0.5751275763654276,0.8292730275704541,0.4698398832895697,0.8753060898850112,0.5399066895646432,0.023209743298390723,205.3873421325378,44.100937828176924,0.8378096075551105,0.14949219286859503,3.125061999215349,2.8972625807077437,3.526817247504324,2.65319536631836,3.537422828170218,bimodal,linear,0.0,logit_quad,0.6,3000,1.4625204946861863,0.6731434023772049,0.2298527989830083,0.2552102209595982,0.7949891954634302,1,12.0,0.131286293797117,0.3298631945045632,0.6968125053425098,0.5441853104238,0.5724278820234628,0.5657259805440059,0.23796393172692518,0.09544681644460193,0.28736780677061424,0.5724278820234628,0.5,0.10808831419386335,63.46145122209449,29.359317114116624,0.7893770923089813,9.972461712676147,niche_bimodal,toward_HQ
3.0,1.0,10.0,3,1,blend,obs,0.5973333333333334,0.6054638000519761,0.8587890425287441,0.5563275440703621,0.6458659839630644,0.8178203766470276,0.5501003052510361,0.6383709336820512,0.8946815250790265,0.6491450915106604,0.62873118050145,0.8825853594177232,0.6233227786501088,0.628909206847954,0.8823218933796324,0.6255417227200191,0.6121821177394433,0.8643235708935071,0.5708707636255199,0.6293221131656546,0.8376387586854301,0.6035064992755512,0.5814514466082129,0.8421720009472676,0.5013392941793374,0.926448014425941,0.7536498168499903,0.4430041648619754,17.999854832290843,9.362179797484867,0.8369944418164618,0.15489672355665365,1.9228249919680025,1.9753414757119727,3.5479038308827455,2.319525123217841,3.557016316914182,bimodal,linear,0.0,logit_quad,0.6,3000,1.5108545084680605,0.6878925981701026,0.22966385903068465,0.2787223372903879,0.7976512547839484,1,12.0,0.14595127374944394,0.3405245054889413,0.6744415022376211,0.5680450806761952,0.5852179950860489,0.6233234499598194,0.3995364556069454,0.19171777247929422,0.3020237279987793,0.6233234499598194,1.0,0.5617284964801766,10.239254812289506,7.763009622541562,0.8229619102979578,9.974161720338083,niche_bimodal,toward_HQ
3.0,1.0,10.0,4,1,blend,obs,0.605,0.6033120236520296,0.8551613407433496,0.5491623231615159,0.6422331309375053,0.8150104713887203,0.5554340545949407,0.6382215985924267,0.8955024473594551,0.6474109583123757,0.6304859419431257,0.885316199003641,0.6292603973024526,0.6292526354009848,0.8825107603746193,0.6274354826234787,0.6106898192543975,0.8612110209723568,0.5649606508786078,0.6279920832133836,0.8353286006195115,0.6026959947035919,0.5738403546353825,0.8326745535136684,0.46354894790690265,0.9237113425860017,0.7317505469810461,0.2512577792162385,39.066517674198295,12.589231996623724,0.8415136404319374,0.1512966740775503,2.1441066222251313,2.137438343711197,3.4858135843826683,2.397059314312058,3.489714760418141,bimodal,linear,0.0,logit_quad,0.6,3000,1.4922227861401738,0.7011472253451723,0.23222432089305783,0.27816532160451135,0.7977346541514403,1,12.0,0.14299982328995114,0.3379652341459084,0.6871248798117517,0.571732589384577,0.5887385312740627,0.6292607698820278,0.33565413738016764,0.23280806878828325,0.3120868288111813,0.6292607698820278,1.0,0.434819931783137,19.95470066270304,9.405203083629079,0.7910755607950014,9.975046333503585,niche_bimodal,toward_HQ
3.0,1.0,10.0,5,1,blend,obs,0.5933333333333334,0.6039172181570873,0.8534900763869631,0.5476869335799686,0.6387171280134059,0.8099358687211726,0.5415276787149375,0.637931861124282,0.8933792593680029,0.6483353757842414,0.6287566931452275,0.8898596882358842,0.623845737432626,0.6297615701599877,0.8881434566086038,0.627613870498831,0.6107457011943924,0.8589360380032335,0.562773099523961,0.6305366870977178,0.8305201016946442,0.5970421327133345,0.5752455512960941,0.8310490860632423,0.4690602326264347,0.93226432655795,0.6524585086058721,0.11519915890542086,56.54602304846569,22.754772450119354,0.8414864615951372,0.15175119183619903,2.572498392720053,2.4707284193427235,3.571458626974377,2.543686422769172,3.553889363639191,bimodal,linear,0.0,logit_quad,0.6,3000,1.4661581767476877,0.6823662525227648,0.2284361857168993,0.2619226177467784,0.7956799521284629,1,12.0,0.13764299538618965,0.33498352875462334,0.6819325910326464,0.5611619455062,0.58399986117115,0.623829394928338,0.22569295290790437,0.16920532287810183,0.29736765225816064,0.623829394928338,1.0,0.2943639781592808,22.926207498072756,15.759674587340822,0.7837919242249226,9.977621705570753,niche_bimodal,toward_HQ
3.0,1.0,10.0,0,1,blend,obs,0.6013333333333334,0.5854226652260555,0.8453067880187066,0.5122835773543394,0.6464901821914943,0.8190726105066307,0.5564627245496181,0.6359018469808184,0.8941435749090727,0.6434919281500215,0.6352455629765634,0.8880525154970434,0.6408801932939608,0.6367846927626457,0.8919162266454197,0.6470264234335348,0.6068062679644233,0.8644225964732579,0.5473291178159491,0.6343426568095347,0.8932909561709257,0.6413518722347383,0.6249145342548728,0.8858526671932745,0.6136034826979786,0.925290777452449,0.7634092456219227,0.37016688619889665,26.52449750532484,9.798579570354976,0.9874280676905279,0.04226321454709288,4.004337265470579,4.099496719909004,3.450309258833692,3.9372467694361033,3.425018884253846,bimodal,linear,0.0,logit_quad,0.6,3000,1.472860123787176,2.030002610365471,0.2359024133180838,0.28443576880143157,0.7969608706296997,1,12.0,0.14221953229822692,0.3433752117545914,0.6870106089273622,0.5865182454780857,0.6085990035376628,0.6409206822676403,0.5571892899725465,0.20582726634700169,0.27067167012007787,0.6409206822676403,1.0,0.328809613763162,21.805331860224957,12.214157013582872,-0.5571424865782952,9.702560954297446,niche_bimodal,away_HQ
3.0,1.0,10.0,1,1,blend,obs,0.594,0.5832398941755234,0.843575496819018,0.5034050824183923,0.641413858977415,0.8143864430760235,0.5509891768458678,0.6386803998376966,0.8952553881709546,0.6467751022988226,0.6380261322125964,0.8918639110349263,0.6439118900768843,0.6391732962066252,0.8947158717428083,0.649710044986044,0.6042755990404193,0.8621647778921308,0.5379037415832482,0.6350791404711112,0.8924886711367583,0.642139488382743,0.6230713267103134,0.8844659020143157,0.6063317655354794,0.9445724114213608,0.7229840330794999,0.2294550050696703,35.355577743617246,12.482381182896448,0.9871514359062252,0.043855613342471365,4.028414460304178,4.128532574379872,3.3822817747336686,3.712445958766649,3.3608557861209043,bimodal,linear,0.0,logit_quad,0.6,3000,1.4656778907929384,2.0293516449965123,0.24349998094975478,0.2963761989128858,0.7933634057006311,1,12.0,0.1404934055652378,0.3498469076764543,0.6960186744738891,0.5831299769346789,0.607578135481,0.6439201932418559,0.4429692704958924,0.21471641905908231,0.23614448698927792,0.6439201932418559,1.0,0.22744711079899177,28.08297491748439,15.461784040466771,-0.5636737542035741,9.750074535624355,niche_bimodal,away_HQ
3.0,1.0,10.0,2,1,blend,obs,0.5976666666666667,0.5963299038596956,0.8566642774991926,0.5276197356166282,0.6305372071041879,0.8027935469261924,0.5213536594628485,0.633181152709912,0.890775928778614,0.6364189779629901,0.6331569396672376,0.8897784390970842,0.6354147164630065,0.6357798223166882,0.893071652269014,0.6433285021665817,0.6154052657157625,0.8731962584973553,0.5633074874387188,0.635652931831477,0.8917112567708891,0.6457047194126868,0.6263260650665367,0.8872714893625435,0.6314851555331957,0.981413699214477,0.6551727698179587,0.1900604841497743,35.118644534034594,16.565666726203485,0.9894984222450282,0.03675408374038533,4.487369048403825,4.60099631893154,3.526817247504324,4.028958196641323,3.537422828170218,bimodal,linear,0.0,logit_quad,0.6,3000,1.4625204946861863,1.9864042229152552,0.2298527989830083,0.26516351581394565,0.7949891954634302,1,12.0,0.131286293797117,0.3298631945045632,0.6968125053425098,0.555543397688026,0.5832419561063644,0.6353863895884688,0.3517345254659893,0.2469407822297623,0.24890419445591672,0.6353863895884688,1.0,0.1811866142642369,39.7654567411737,19.63504259954637,-0.5238837282290688,9.697880778978144,niche_bimodal,away_HQ
3.0,1.0,10.0,3,1,blend,obs,0.5973333333333334,0.5806890094546335,0.8418182560313571,0.49841601088735166,0.6458659839630644,0.8178203766470276,0.5501003052510361,0.6383709336820512,0.8946815250790265,0.6491450915106604,0.6366119518072821,0.8898345030442828,0.6385311762579917,0.6385167102968465,0.8934380871835708,0.648287207174787,0.6033444346323085,0.8618032265759997,0.5347737163144474,0.6361820982358686,0.8946642200674826,0.6430229453457228,0.621473396143306,0.8833191947448709,0.6038115891402708,0.9459962326272912,0.7522631593570659,0.2517745928083813,47.23460657471625,9.716233831830424,0.9884052836004021,0.04017961558351496,4.100069489822821,4.234616164386727,3.5479038308827455,3.938348837381461,3.557016316914182,bimodal,linear,0.0,logit_quad,0.6,3000,1.5108545084680605,2.0726562860025086,0.22966385903068465,0.28457137641268926,0.7976512547839484,1,12.0,0.14595127374944394,0.3405245054889413,0.6744415022376211,0.5831286092219408,0.6052957739183648,0.6385433840376562,0.5539777194019454,0.20697431280008213,0.27815768186739365,0.6385433840376562,1.0,0.22135179152749287,47.093008677068184,11.780685419106263,-0.561801777534448,9.705532582073959,niche_bimodal,away_HQ
3.0,1.0,10.0,4,1,blend,obs,0.605,0.5871200564807088,0.8476112075426032,0.509712706406155,0.6422331309375053,0.8150104713887203,0.5554340545949407,0.6382215985924267,0.8955024473594551,0.6474109583123757,0.6371580468353067,0.8901881260008793,0.6415162508558521,0.6385897988887235,0.893569673365037,0.6484941511741549,0.6076960116737892,0.8657157680954215,0.5452991824788844,0.6352253536839731,0.8923985277607892,0.6437176542436583,0.6235240161764461,0.8848434926879885,0.6069807038768951,0.9331397418750637,0.7359823050336893,0.28600691127228545,25.193303354165856,11.767189280660864,0.9891041601283259,0.040376454027418324,4.25067581730665,4.293688696506894,3.4858135843826683,3.9763664817418425,3.489714760418141,bimodal,linear,0.0,logit_quad,0.6,3000,1.4922227861401738,2.039953813875612,0.23222432089305783,0.2777191811749508,0.7977346541514403,1,12.0,0.14299982328995114,0.3379652341459084,0.6871248798117517,0.5870205171577767,0.6101548931698778,0.641514577654527,0.508318485008535,0.21345594081285427,0.26271216750658966,0.641514577654527,1.0,0.25604356683700696,28.199380842955364,14.505428528600522,-0.5477310277354382,9.653293078193206,niche_bimodal,away_HQ
3.0,1.0,10.0,5,1,blend,obs,0.5933333333333334,0.584800105066369,0.8447170097692854,0.5114767972270134,0.6387171280134059,0.8099358687211726,0.5415276787149375,0.637931861124282,0.8933792593680029,0.6483353757842414,0.6368030830917872,0.8903582525249527,0.6414949949931069,0.6384218230701808,0.8937342650124477,0.6488849995832119,0.6051605551709861,0.8628399966216389,0.5435703035614132,0.6352474413056347,0.8931371012337999,0.6420970272129585,0.622073705077949,0.8841538307409812,0.6076758971145453,0.9690886814514263,0.7093353951250426,0.19469197758836135,40.00355225838153,13.932312654251822,0.9884981119911586,0.03784159901098552,4.3010814519535385,4.386887032767256,3.571458626974377,3.9582747704633094,3.553889363639191,bimodal,linear,0.0,logit_quad,0.6,3000,1.4661581767476877,2.0408940076293978,0.2284361857168993,0.2793705642830423,0.7956799521284629,1,12.0,0.13764299538618965,0.33498352875462334,0.6819325910326464,0.5739795532311127,0.5994760753754728,0.641505753400716,0.4589519410501224,0.25013102421327554,0.26298694945649703,0.641505753400716,1.0,0.1690904020739823,46.28029091213238,17.93089781088313,-0.57473583088171,9.657439354204648,niche_bimodal,away_HQ
3.0,0.0,10.0,0,1,blend,obs,0.5893333333333334,0.823193782045548,0.969179772456831,0.9956225129742584,0.7081669531356245,0.9359895155929805,0.9428969547661639,0.8710047127353611,0.9882543588873545,0.9909148680817735,0.7941612493817594,0.9700587768015442,0.9630913886858904,0.8068209430620905,0.9732132962889513,0.9716808920766729,0.8639421727739076,0.9806391730070599,0.9928667233801716,0.7830199465983857,0.9638762235421036,0.9812740431585678,0.8349851032936848,0.9758915464379732,0.9888386961933535,0.8997847245807153,0.9046129277551412,0.7802990857259611,9.783656899785267,4.634086520616459,0.827499017526591,0.14784562373469023,5.750804416337519,5.743271066591578,7.589365303817475,4.106217629131574,7.015810593051749,skewed,linear,0.0,logit_quad,0.6,3000,0.5652892954770353,0.583711411423413,0.09750300462272041,0.2133695663359417,0.7969608706296997,1,12.0,-0.012023333880669132,0.23808315181034956,0.4095334083126915,0.9461784564439158,0.9512516420283343,0.963080947742395,0.984599481314048,0.8739194677522385,0.4912858468135729,0.984599481314048,2.0,0.7571141654140076,11.075090546882926,4.886330416163876,-0.018422115946377642,9.866137897139593,niche_skewed,iso
3.0,0.0,10.0,1,1,blend,obs,0.6033333333333334,0.825546084370122,0.9707686075026467,0.9961773939679945,0.7093367289685427,0.9363693535194257,0.9345784403720622,0.8689420538436046,0.9877428617579145,0.9849781730305815,0.7841887074931941,0.9653353624848084,0.9465835770688379,0.7942450100953266,0.9687248811788315,0.958994609702722,0.8652091918976539,0.9820035353946646,0.9951217215377758,0.7822787379812838,0.9639599332317843,0.9777507259389412,0.81792311220285,0.9709194365410752,0.9847276214709895,0.8926853640683307,0.9005692371533904,0.35251337322900206,53.22107969680176,4.767898916783205,0.8217709735828033,0.1496113240301069,5.68780388843776,5.619834302382573,7.899830844190971,3.9451928923948096,6.677989565648522,skewed,linear,0.0,logit_quad,0.6,3000,0.5690556514389377,0.573213371588264,0.09905052389014543,0.21409957354019793,0.7933634057006311,1,12.0,-0.009994787222918354,0.23683631993429366,0.41822353901473125,0.9360845018105365,0.939644400660449,0.9465799875786572,0.9495062368731118,0.7744941569632918,0.5083837948564836,0.9495062368731118,2.0,0.35216518557735793,54.064855897362996,4.1248252635956275,-0.0041577201493263605,9.859688191072603,niche_skewed,iso
3.0,0.0,10.0,2,1,blend,obs,0.5973333333333334,0.8349033018907535,0.973820977678838,0.995644431540042,0.7130470959375459,0.9374706054160948,0.9396518006898812,0.928563315484018,0.9963972235859047,0.9951308503052801,0.8115898312356985,0.9739078258421814,0.9579071078299536,0.8269430541006195,0.9781893503146709,0.9690569364669238,0.8745528498210539,0.9846031826371981,0.9962260442335241,0.7838903360648095,0.9640900414428154,0.9805984804465366,0.8102529020119018,0.9684334884971104,0.9765172162687087,0.8665008493915735,0.8749105934074676,0.5953192298130638,15.182355344220822,6.064046059186361,0.8147471562352177,0.15526938061869414,5.473816836352203,5.3534405476710445,5.9930094430373275,3.7692737871499906,6.897404476164079,skewed,linear,0.0,logit_quad,0.6,3000,0.5567570483701836,0.5293918257427885,0.10113774909289386,0.20505988226202784,0.7949891954634302,1,12.0,-0.010371514697171166,0.23868833238624315,0.42372305374874264,0.9421684445471474,0.9468450252956887,0.9579085795065438,0.943007833204329,0.8098983289380907,0.4941749775283396,0.9579085795065438,1.0,0.5999414148993376,15.896058988841688,6.0512551705869555,0.027365222627395047,9.862335257676177,niche_skewed,iso
3.0,0.0,10.0,3,1,blend,obs,0.601,0.820706571983133,0.9680768821372027,0.9957957506563886,0.7316997550071425,0.9465258128926319,0.9450530657509182,0.9083290543670829,0.9940841463132033,0.9921781976785519,0.8135303200956855,0.9753202047106251,0.9610695683207142,0.8226548123100736,0.977610714009128,0.9695568017073067,0.8601454307771015,0.9794569263851299,0.9928720950480416,0.8004266720451927,0.969676673141907,0.9823113749382003,0.8184109658830045,0.9704132193798889,0.9867144968690807,0.8867844528886822,0.8992560074941517,0.7539242600257681,14.428820915422644,4.865024826192581,0.8088890186271744,0.15488406644278313,5.2441253078525785,5.28896169543279,7.027036126624234,3.767683800580333,7.0619184350189075,skewed,linear,0.0,logit_quad,0.6,3000,0.5649400554280342,0.557342906732507,0.10191925157431443,0.22110231217963316,0.7976512547839484,1,12.0,-0.008351521558629074,0.23762167385493535,0.4289139535164401,0.947338176952592,0.9514997011677261,0.961071210568632,0.972387826307364,0.8981645991898187,0.6392723634224966,0.972387826307364,2.0,0.7414661084020543,16.38537087006696,4.420333080952151,0.0075971486955272016,9.837663838795942,niche_skewed,iso
3.0,0.0,10.0,4,1,blend,obs,0.5953333333333334,0.8366508056274449,0.9729632942720632,0.9954893824336843,0.7158159757975173,0.936618490808808,0.9478873224414536,0.8675741454925523,0.9865090887202587,0.9904497622010419,0.7928587713834376,0.9677775632552228,0.9617107424552319,0.8037248658824798,0.9707192357176242,0.9711972170168548,0.8781676699882418,0.9836588910991791,0.9932923134648969,0.7879654877977567,0.9644681272161801,0.9856586735992945,0.8440150955765284,0.9783267011301542,0.9915090111996312,0.8930127877259384,0.9113958162100256,0.7453802469627676,13.194066636815336,4.285205769929323,0.8210140743214198,0.14820201005903316,5.969948385943856,5.861146283995192,7.3282925164693875,4.293444665795182,7.7853775393674045,skewed,linear,0.0,logit_quad,0.6,3000,0.5677604546908254,0.5720615317928847,0.09172579283327416,0.20580273762246026,0.7977346541514403,1,12.0,-0.005468953994665678,0.22979977863636308,0.3991552706341887,0.9498354855232114,0.953411026061256,0.9617099667067395,0.9805252185343174,0.9846588110487023,0.6767014190089468,0.9846588110487023,4.0,0.7323230233114981,14.345117266729574,4.534364223979832,-0.004301077102059325,9.830273789728343,niche_skewed,iso
3.0,0.0,10.0,5,1,blend,obs,0.6026666666666667,0.81615874126412,0.9671476474465854,0.994352993850436,0.7043865885261993,0.9348051208442504,0.9309948730595987,0.8529568260725835,0.9845015175933534,0.9797732720176098,0.7774514530452054,0.9640045891018779,0.9486725907524836,0.7863109881116623,0.9669914252228707,0.9578272890539395,0.853419209549194,0.9783774626664085,0.9917237892556268,0.7854019774461254,0.9655083476979599,0.9765271647414622,0.7981337648060933,0.9638073497967478,0.9797786722227534,0.9107473410593115,0.9130183378632816,0.6653195185598624,18.019985857314524,3.766369715888982,0.8200914002642989,0.1474318269681634,5.779884788050238,5.919758857976274,7.5943017182872525,3.9859491330346852,7.209598807008852,skewed,linear,0.0,logit_quad,0.6,3000,0.597900535678424,0.600014618879038,0.10299921519424811,0.22230019889597225,0.7956799521284629,1,12.0,-0.006408786240587328,0.2392125696303343,0.4305760995478512,0.9334525875787966,0.9382836324667967,0.9486672470353771,0.9671233438855623,0.8369417491625374,0.4732898604545027,0.9671233438855623,2.0,0.6513014789869579,19.136362594563067,3.6897704906268385,-0.0021140832006138898,9.872595517409898,niche_skewed,iso
3.0,1.0,10.0,0,1,blend,obs,0.5893333333333334,0.7052203684938939,0.9369749062483741,0.9021336620203627,0.7081669531356245,0.9359895155929805,0.9428969547661639,0.8710047127353611,0.9882543588873545,0.9909148680817735,0.6912314422792882,0.9313116441038891,0.9149854767758625,0.7166980276742112,0.9408923070888903,0.935175458109885,0.7364933329590849,0.9493721729754694,0.9335531053931092,0.6968249036409984,0.9264412763737891,0.9643234634944607,0.73520847895438,0.9480663884450458,0.9064253903172308,0.7858657916826001,0.9106634754233823,0.8941737640199725,5.549595900783461,4.133214562631403,0.6500666153699243,0.2222114808936129,1.3481008165331336,1.5390213031512312,7.589365303817475,-0.555340145108637,7.015810593051749,skewed,linear,0.0,logit_quad,0.6,3000,0.5652892954770353,-0.07391877836862792,0.09750300462272041,0.15637864338187363,0.7969608706296997,1,12.0,-0.012023333880669132,0.23808315181034956,0.4095334083126915,0.9367198780033607,0.9313755115499027,0.91498780025981,0.8403355116489285,0.6006055348751248,0.406892170850936,0.9367198780033607,0.25,0.9531506268072675,3.201946573067271,3.3087884929895903,0.6392080738456634,9.918179081190356,niche_skewed,toward_HQ
3.0,1.0,10.0,1,1,blend,obs,0.6033333333333334,0.6950778242282006,0.9317185667821747,0.8917820144301426,0.7093367289685427,0.9363693535194257,0.9345784403720622,0.8689420538436046,0.9877428617579145,0.9849781730305815,0.685346112597492,0.9272391109144054,0.9000325076258678,0.7132497162056338,0.9388280979559387,0.9250675299449997,0.7282193165483999,0.9455940533773238,0.9256279075224443,0.7043923378048317,0.9302541007299792,0.9588472213672692,0.7308046491576909,0.9464377714840584,0.9011890714477563,0.7842583632791373,0.915743009357142,0.880491308286433,8.863037341485,4.247028461068543,0.637932355262547,0.22259511507826032,1.2398148704426448,1.4078406599465436,7.899830844190971,-0.6549495349903266,6.677989565648522,skewed,linear,0.0,logit_quad,0.6,3000,0.5690556514389377,-0.08930764844562566,0.09905052389014543,0.15545845550531112,0.7933634057006311,1,12.0,-0.009994787222918354,0.23683631993429366,0.41822353901473125,0.9267987867194444,0.9201813604560282,0.9000327338455224,0.8088807424976437,0.5621859138739085,0.33691228455876154,0.9267987867194444,0.25,0.9685424065571328,3.515475296192321,2.938723418011718,0.6583632998845633,9.939009960525746,niche_skewed,toward_HQ
3.0,1.0,10.0,2,1,blend,obs,0.5973333333333334,0.7004537086604182,0.9323519156190333,0.8892303948462187,0.7130470959375459,0.9374706054160948,0.9396518006898812,0.928563315484018,0.9963972235859047,0.9951308503052801,0.6937709158199612,0.9305425266168879,0.9073606077351827,0.7190782178505302,0.9406697639016844,0.9279422920093133,0.7360604071171345,0.9477731222961354,0.9238486836232259,0.714493445745056,0.9347979873009484,0.9651289686612667,0.7159450741298133,0.937997400964868,0.8802295953875706,0.7449045322175415,0.91106967473281,0.8075575106181878,14.118130350147013,4.110323501367122,0.6565682836151845,0.21880062959021568,1.2381655821582107,1.3701344222517633,5.9930094430373275,-0.6413301331582913,6.897404476164079,skewed,linear,0.0,logit_quad,0.6,3000,0.5567570483701836,-0.08681774670786202,0.10113774909289386,0.15663114507765483,0.7949891954634302,1,12.0,-0.010371514697171166,0.23868833238624315,0.42372305374874264,0.9328115680253491,0.9263284194782976,0.9073627415697865,0.8245999579783534,0.5725052510192474,0.3669242354112927,0.9328115680253491,0.25,0.9416987673038293,5.3736852957394445,3.253703014925506,0.6435747950780456,9.922002699001261,niche_skewed,toward_HQ
3.0,1.0,10.0,3,1,blend,obs,0.601,0.7179018299220367,0.9407748773967693,0.9031862982221586,0.7316997550071425,0.9465258128926319,0.9450530657509182,0.9083290543670829,0.9940841463132033,0.9921781976785519,0.7063765167617955,0.9369271840472548,0.9121288733231125,0.7325531359586567,0.9468118469913384,0.9330225347989426,0.7521375166570398,0.9544089586027416,0.9351198457867544,0.7203260788104006,0.9376536226128829,0.9653133238923562,0.7432753472504511,0.9496583355506751,0.9048925077763349,0.7734994895438542,0.9111886944493977,0.7741311026398208,20.09100976548087,3.8163386632725724,0.6510966823603657,0.22332129014786134,0.9346505970619672,1.1497058853324365,7.027036126624234,-0.5398533898855107,7.0619184350189075,skewed,linear,0.0,logit_quad,0.6,3000,0.5649400554280342,-0.07687888941653243,0.10191925157431443,0.1558570072539179,0.7976512547839484,1,12.0,-0.008351521558629074,0.23762167385493535,0.4289139535164401,0.9378354592779033,0.9312064494170478,0.9121306359349814,0.8257768607029847,0.5846812505731487,0.4028839177175546,0.9378354592779033,0.25,0.9618374457594124,4.8740694220683425,2.971771975540634,0.6418189448445666,9.907368170233216,niche_skewed,toward_HQ
3.0,1.0,10.0,4,1,blend,obs,0.5953333333333334,0.7214734309786589,0.9423308861143682,0.9165288802544558,0.7158159757975173,0.936618490808808,0.9478873224414536,0.8675741454925523,0.9865090887202587,0.9904497622010419,0.7016758255602658,0.9332171049513001,0.9215738158550435,0.7243966420849757,0.9415430203820271,0.94232593742201,0.7501771042542913,0.9527005766013106,0.9443084132141052,0.706079643161662,0.9291804181136637,0.9702620782427018,0.7482862841174731,0.9530904127470967,0.9151616837685191,0.7845502403660027,0.9137254453536116,0.8668506462991658,8.290713164846471,4.0837865283047,0.6525368461639218,0.22268803665076753,1.9089904222089322,1.8607755422366776,7.3282925164693875,-0.620800636431501,7.7853775393674045,skewed,linear,0.0,logit_quad,0.6,3000,0.5677604546908254,-0.07533791347311203,0.09172579283327416,0.1466857232834689,0.7977346541514403,1,12.0,-0.005468953994665678,0.22979977863636308,0.3991552706341887,0.9422455526405267,0.9372887308498974,0.921572711971537,0.849406120020437,0.6174086311198271,0.4211309727399556,0.9422455526405267,0.25,0.9701865493054643,2.77989540589035,2.7603529566540512,0.6430983681639374,9.905838230255261,niche_skewed,toward_HQ
3.0,1.0,10.0,5,1,blend,obs,0.6026666666666667,0.7070335627479976,0.9373550085747786,0.8984701397378942,0.7043865885261993,0.9348051208442504,0.9309948730595987,0.8529568260725835,0.9845015175933534,0.9797732720176098,0.6915476597726649,0.9307863705146495,0.9045554231806171,0.7145351155461639,0.9400038668206944,0.9254206564988356,0.7385719590887887,0.9502550570093291,0.9293310316490456,0.7021855854597976,0.9296937303256756,0.9567895195299274,0.7307893217445204,0.9452755499408998,0.8953764152034304,0.81058128310785,0.9222280828489039,0.930335097738228,4.528029477297976,3.8017666080907806,0.630468796400784,0.22385098315072818,1.8078373557939729,1.891433298726933,7.5943017182872525,-0.35519118622693613,7.209598807008852,skewed,linear,0.0,logit_quad,0.6,3000,0.597900535678424,-0.05178317964291623,0.10299921519424811,0.1634718919652216,0.7956799521284629,1,12.0,-0.006408786240587328,0.2392125696303343,0.4305760995478512,0.9242413471567976,0.9194271425073942,0.9045555668633355,0.8362055672807016,0.5844509216135707,0.4548393257089698,0.9242413471567976,0.25,0.9715834899425905,2.595038613483692,2.809747555033079,0.6496837153213403,9.901205466247736,niche_skewed,toward_HQ
3.0,1.0,10.0,0,1,blend,obs,0.5893333333333334,0.6962366210712249,0.9008120553437299,0.8404853122236982,0.7081669531356245,0.9359895155929805,0.9428969547661639,0.8710047127353611,0.9882543588873545,0.9909148680817735,0.8179920689398881,0.9771130667382568,0.974523196934211,0.8212457147310016,0.9777498461981221,0.9768759709117427,0.7338320833611967,0.921404748780771,0.8698594927830936,0.9019980878603302,0.9904860866951988,0.9891837818571987,0.7828311035029996,0.9501425359578684,0.9696005778211221,0.9281561207180157,0.8860395685956057,0.16293837145410187,73.20089552600979,6.280375414947776,0.9882966298407475,0.040492167938663136,12.37914828788078,10.753423775885722,7.589365303817475,8.573396097251027,7.015810593051749,skewed,linear,0.0,logit_quad,0.6,3000,0.5652892954770353,1.1610714559660547,0.09750300462272041,0.17718644920584067,0.7969608706296997,1,12.0,-0.012023333880669132,0.23808315181034956,0.4095334083126915,0.9579890185730767,0.9628797780676914,0.9745514623918843,0.9885608067504856,0.8498562092578601,0.43847248340303757,0.9885608067504856,2.0,0.259240686490144,51.310094687348396,6.12994040424344,-0.5957821604890192,9.891733366273955,niche_skewed,away_HQ
3.0,1.0,10.0,1,1,blend,obs,0.6033333333333334,0.7012968816776186,0.9047901769352902,0.8725330093963649,0.7093367289685427,0.9363693535194257,0.9345784403720622,0.8689420538436046,0.9877428617579145,0.9849781730305815,0.7981044322213083,0.9712545302926513,0.9637898300772321,0.8056412011843611,0.9734803405430033,0.9678813230308153,0.7408819446387718,0.9258459361704175,0.8968703495330741,0.9146117942394005,0.9939378355715903,0.993088682996456,0.7739219523341339,0.9474926196668771,0.9735732732767747,0.9126191609833395,0.9092613905046472,0.00653195801181611,521.890313779299,4.482964680060173,0.9886183202562794,0.039132253878184454,11.786960585988046,10.813954305007808,7.899830844190971,8.861585402144794,6.677989565648522,skewed,linear,0.0,logit_quad,0.6,3000,0.5690556514389377,1.1651760059241631,0.09905052389014543,0.17330313486666615,0.7933634057006311,1,12.0,-0.009994787222918354,0.23683631993429366,0.41822353901473125,0.9523700956583425,0.9558488195658761,0.9637855173976962,0.9903057567005055,0.9035693101834877,0.5367036649313983,0.9903057567005055,2.0,0.006171326725952729,537.4991898696704,4.8870555249238254,-0.5961203544852255,9.847967601665943,niche_skewed,away_HQ
3.0,1.0,10.0,2,1,blend,obs,0.5973333333333334,0.7014457715934356,0.9048912251821382,0.8711458054629166,0.7130470959375459,0.9374706054160948,0.9396518006898812,0.928563315484018,0.9963972235859047,0.9951308503052801,0.8522949837209671,0.9851084597547896,0.9776916402917448,0.851564997089207,0.9850548412684734,0.9795744694588844,0.7393936676120179,0.9249571802375914,0.8947676798456938,0.9108147723780826,0.9928040472581127,0.9921699184560507,0.7807361745578983,0.9498524227339731,0.9767416110568395,0.909710823849528,0.8539730955879065,0.196281154679994,45.01408047771534,7.466440816037183,0.9843847009519867,0.04801465533980969,9.514265193033056,8.9513225874527,5.9930094430373275,8.247319870797538,6.897404476164079,skewed,linear,0.0,logit_quad,0.6,3000,0.5567570483701836,1.1409345744532133,0.10113774909289386,0.17418557153439465,0.7949891954634302,1,12.0,-0.010371514697171166,0.23868833238624315,0.42372305374874264,0.9579009723683753,0.9637257626988518,0.9776917532792634,0.9687423149039628,0.7477303185626207,0.4018717027461344,0.9776917532792634,1.0,0.18514403481379874,49.06070978777408,6.992666851699957,-0.5841775260830299,9.87165272601721,niche_skewed,away_HQ
3.0,1.0,10.0,3,1,blend,obs,0.601,0.697014459560151,0.9016021012750899,0.8476476869125236,0.7316997550071425,0.9465258128926319,0.9450530657509182,0.9083290543670829,0.9940841463132033,0.9921781976785519,0.8416280511040857,0.9827697365934392,0.9759725883029042,0.8420740352383088,0.9828305670578414,0.977854244157378,0.7349251374663478,0.9220980403353004,0.8780771189390881,0.9168636695975595,0.9930550333373123,0.9906900955771007,0.7720757139286354,0.9450111145229994,0.9635622229818817,0.9188713781555762,0.8854541601535317,0.0704582958301609,144.57252226025875,6.003750044825944,0.9865924749014336,0.04386842955103315,11.21877341508892,10.196107468782982,7.027036126624234,8.571535576085772,7.0619184350189075,skewed,linear,0.0,logit_quad,0.6,3000,0.5649400554280342,1.1514416465761794,0.10191925157431443,0.17413694821540596,0.7976512547839484,1,12.0,-0.008351521558629074,0.23762167385493535,0.4289139535164401,0.9606515535345483,0.9650066024670702,0.9759328606359888,0.9887243998441306,0.8071616996175849,0.4353810374746422,0.9887243998441306,2.0,0.09926065897792291,118.03291127071999,5.801854470469954,-0.5865015911481453,9.848014284669246,niche_skewed,away_HQ
3.0,1.0,10.0,4,1,blend,obs,0.5953333333333334,0.6887852788001443,0.8976696570033071,0.8452581857844954,0.7158159757975173,0.936618490808808,0.9478873224414536,0.8675741454925523,0.9865090887202587,0.9904497622010419,0.7991742790358275,0.9699088388170286,0.969719204350043,0.8030995829579157,0.9710349337693412,0.9723523388409746,0.7282363185056541,0.9193006958506988,0.8750602651511158,0.9114339336297209,0.9919428103639967,0.9924827445661758,0.7799759164943308,0.9489931511863012,0.9603343499656057,0.9070852247652648,0.9128672561355117,0.1980429242745072,64.80676048101907,4.5201458526232665,0.9904859044628642,0.03592995823493547,12.050487769203631,10.960701230077541,7.3282925164693875,8.90740904841051,7.7853775393674045,skewed,linear,0.0,logit_quad,0.6,3000,0.5677604546908254,1.1845593218253532,0.09172579283327416,0.16341367863701722,0.7977346541514403,1,12.0,-0.005468953994665678,0.22979977863636308,0.3991552706341887,0.9599484820989775,0.9626563872017864,0.9697388762675115,0.9922760489293496,0.8489949789170188,0.4716999137165905,0.9922760489293496,2.0,0.22099523144130465,62.28073734288388,4.5804444205065655,-0.6167988671345278,9.852043652588423,niche_skewed,away_HQ
3.0,1.0,10.0,5,1,blend,obs,0.6026666666666667,0.6874932658837434,0.8968675680674485,0.8614797764939,0.7043865885261993,0.9348051208442504,0.9309948730595987,0.8529568260725835,0.9845015175933534,0.9797732720176098,0.7851750857418123,0.9669565890766908,0.9556468961482383,0.7877308365029411,0.9679579010723367,0.9598945853718104,0.7267645116095782,0.9184594950103563,0.8879534632947211,0.9156299803400209,0.9941537261071755,0.9916642672087315,0.7661842672031849,0.9436261764332102,0.9725760687109201,0.9188811693885124,0.9111538663104484,0.031608613702227464,176.3672685016975,4.321047005542385,0.988792122631704,0.040051081403015505,12.466218802724656,10.938438929260478,7.5943017182872525,8.512477837909817,7.209598807008852,skewed,linear,0.0,logit_quad,0.6,3000,0.597900535678424,1.209173316781286,0.10299921519424811,0.18156111097429933,0.7956799521284629,1,12.0,-0.006408786240587328,0.2392125696303343,0.4305760995478512,0.9451382713467801,0.9487010531737058,0.9556491693926227,0.9749381736587535,0.850535657718999,0.5118351297691637,0.9749381736587535,2.0,0.05951070804317951,124.42262405682213,4.015988592208188,-0.611272781102862,9.858991557767679,niche_skewed,away_HQ
3.0,0.0,10.0,0,1,blend,obs,0.6013333333333334,0.8890919514438053,0.9881673477329341,0.997004510687072,0.8928590670083447,0.9901235973117359,0.9672096635752062,0.9683515537310362,0.9990874189425563,0.9968365297634015,0.8925268240555668,0.9889027892077588,0.9966894219104795,0.9279507271624814,0.9949692104096257,0.9977842205798195,0.9271537795653314,0.9948804949827953,0.998612388684778,0.9063106102906495,0.9918140988728734,0.986718296891927,0.8703692665675513,0.9846391104074034,0.9853994998649493,0.8977127976571012,0.8708663332603046,0.829919053099996,7.988458900991326,4.955371707504509,0.7175810999710788,0.20739833183576115,1.076717783127757,1.2769566038713784,3.6155255449728396,1.2030145199674431,3.804052368956186,gaussian,quadratic,0.0,logit_quad,0.6,3000,0.4288133295316782,0.41444118613129965,0.2387855890130781,0.3530053412816615,0.7969608706296997,1,12.0,0.036906498891615146,0.3702105771809861,0.6449993699027734,0.9840082735520966,0.993708267748769,0.9966932630734054,0.7865000443853379,-0.1907794051308604,0.3038987332626025,0.9966932630734054,1.0,0.9115971505303423,3.3330860726605316,3.382714315595969,0.014372143400378592,9.804181730590146,quality_quadratic,iso
3.0,0.0,10.0,1,1,blend,obs,0.596,0.8848409002163172,0.9874916217982722,0.9994958775753435,0.8763419621775084,0.98713882085231,0.9552015627291894,0.985308505857384,0.9998072955284694,0.9993646185765108,0.9071571031631771,0.9918716116400553,0.9992089061934798,0.9340589702128923,0.9957576466624007,0.9982888267684098,0.9250452969846595,0.9946833462997609,0.9995848165436608,0.8841801223475323,0.9874481599838879,0.9784883244491399,0.8441815645759796,0.9783805062151981,0.9735335912460363,0.9025874158336082,0.8729745620442034,0.0939248082041942,116.93849379780633,4.886219103913338,0.7233947807532431,0.20503914086199354,1.0522807350893062,1.2292207335835406,3.4729249793961405,1.2250437643345353,3.8692604462802183,gaussian,quadratic,0.0,logit_quad,0.6,3000,0.44069564819021384,0.42470057896707936,0.24253108505244153,0.36147672422993915,0.7933634057006311,1,12.0,0.03828101918599929,0.3767295917547234,0.6437802879322146,0.9743589838740582,0.9868625128006744,0.9992088149819223,0.8515892911289148,-0.005167954492109992,0.39901930390553564,0.9992088149819223,1.0,0.7097307810348078,20.767599403758748,3.765056329922876,0.015995069223134522,9.846402556376146,quality_quadratic,iso
3.0,0.0,10.0,2,1,blend,obs,0.6003333333333334,0.8733860849089637,0.9847877244844071,0.9987136652595442,0.884237342116979,0.9883528363775359,0.9609120637943357,0.986092459699554,0.9998220385020721,0.9996282984870962,0.8928859960845952,0.9891177876545686,0.9990747046075054,0.9208653852866796,0.9939920235489615,0.9988511005696409,0.9115444898603763,0.9926159997332529,0.9999652951657243,0.9039501867308374,0.9916591925632716,0.983289432798875,0.8354994067993653,0.9754406307351373,0.9702006466317854,0.9015481102586014,0.8802941661650863,0.8413355606889855,6.946961605577897,4.772220646440343,0.7102471567320352,0.20853828717229234,0.914549832024765,1.0537512199441785,3.302201000029555,1.060203253794864,3.6180001278665723,gaussian,quadratic,0.0,logit_quad,0.6,3000,0.41429210483112994,0.3772606180092223,0.24659802436779188,0.3682978742684716,0.7949891954634302,1,12.0,0.03612919122288295,0.3788661241572434,0.6508843326025227,0.9773755281301031,0.9883979588546149,0.9990743573887529,0.8311973423790129,-0.15622332850547535,0.30535256032883973,0.9990743573887529,1.0,0.911732825595279,3.92014218588221,3.637300138841285,0.03703148682190764,9.815911599802499,quality_quadratic,iso
3.0,0.0,10.0,3,1,blend,obs,0.5963333333333334,0.8873667430886152,0.9875906656060218,0.9920748271711538,0.9045291138931701,0.9915769880450098,0.9728661039901598,0.9711160529984427,0.9993250705973903,0.9976818143902215,0.9097824065319698,0.9920733442952312,0.9945001098079206,0.9390192525734403,0.9963339392109896,0.9959641458247115,0.9267259844018028,0.9947637951828457,0.9961542879854173,0.9071504573127211,0.9914575252216994,0.9872660795432335,0.8698559245762076,0.9843629437214928,0.9855321428693308,0.9130060135170577,0.8886349568599984,0.8434966450002666,7.236780464974468,4.203808577170029,0.7159303182721826,0.2073193540378153,1.026838007189997,1.236979272695923,3.7018038061817573,1.1797754451649733,3.759789408395034,gaussian,quadratic,0.0,logit_quad,0.6,3000,0.43366321448989,0.3873775598137782,0.24755613270398755,0.34833582927892603,0.7976512547839484,1,12.0,0.04114911796788561,0.3795229952549159,0.652282301202093,0.9867365729406152,0.9938616455349242,0.9945022834028755,0.8846296314298224,0.07772346914778476,0.4886845173118908,0.9945022834028755,1.0,0.9208977171888496,2.8522951822382923,3.1293652817151623,0.04628565467611183,9.89862391838512,quality_quadratic,iso
3.0,0.0,10.0,4,1,blend,obs,0.599,0.8866097725624089,0.9877580492415959,0.9990068187920198,0.8882574691245972,0.9890295807280015,0.9623233445083783,0.9897784642970345,0.9998889918813019,0.9996148925603713,0.9053980383070876,0.9913811357953702,0.9968656506826735,0.9325989346606314,0.9955559999966223,0.9973695916498103,0.9265467164021928,0.9948600291712945,0.9997713183609335,0.8915190649625583,0.9885899038310447,0.981310224390837,0.8589872382578213,0.9819119941574522,0.9828096317872957,0.908190510990991,0.8765009538395416,0.8424838200554068,6.469597313889197,4.965045493000361,0.7172605954969746,0.20728960186508866,0.9508697633509321,1.1321746022668162,3.6319527484687795,1.1030560716931581,3.801876758260828,gaussian,quadratic,0.0,logit_quad,0.6,3000,0.4096048593165116,0.3914255776115709,0.2490364607198005,0.3695267240215988,0.7977346541514403,1,12.0,0.03552987829131019,0.38131561860024066,0.6530979812313498,0.9790041091765466,0.9892987797392636,0.9968630973577317,0.8407797851784207,0.05101673489701917,0.3849086067126176,0.9968630973577317,1.0,0.9090276928626982,3.2516239158858586,3.7906314759808515,0.018179281704940733,9.794422493611506,quality_quadratic,iso
3.0,0.0,10.0,5,1,blend,obs,0.5973333333333334,0.8849173568272032,0.987399974703785,0.9988362899800665,0.8899494109588361,0.9894474103856252,0.9641846125616507,0.9844778534024273,0.9997870855983702,0.9993161931959685,0.9114330841074386,0.9925288160090215,0.99927997928438,0.939953576482323,0.9964671882140775,0.9984708071373017,0.9259205932441482,0.9948140847975087,0.9999915162973274,0.8945558907670309,0.9894510821229342,0.9819100896754801,0.8572173219653964,0.9816476890320393,0.9794516904083469,0.9152450871719305,0.8888951289569734,0.845895727214747,8.590152289542752,4.515785357240102,0.7019216200035479,0.21161821391617294,0.856403453112585,1.0327356214596333,3.407593237451965,1.029919999487314,3.621944706191183,gaussian,quadratic,0.0,logit_quad,0.6,3000,0.42629008306521377,0.35977400586077635,0.24843455695694527,0.3638082024653466,0.7956799521284629,1,12.0,0.03829223550574581,0.3806056254907061,0.652734852872036,0.9795736519809416,0.9895819297672092,0.9992799160715083,0.8952286220854434,0.094349057877501,0.44250492015898846,0.9992799160715083,1.0,0.9241000428210604,3.4585301304356117,3.1660189179812326,0.0665160772044374,9.77795048701007,quality_quadratic,iso
3.0,1.0,10.0,0,1,blend,obs,0.6013333333333334,0.8014719992385406,0.9680056130927391,0.8842710130787693,0.8928590670083447,0.9901235973117359,0.9672096635752062,0.9683515537310362,0.9990874189425563,0.9968365297634015,0.815255995605412,0.9727283476914479,0.9018903887257811,0.8390839595612207,0.9793439293011102,0.9275466731785057,0.8367452778477166,0.9786503760737654,0.924393775275736,0.8735983233895842,0.985645737298443,0.9741639457978366,0.7906878539785422,0.9635963172712421,0.8703955314902142,0.8163315717009008,0.9186807910714575,0.9231906462698796,4.899534084064641,3.4968724732708587,0.6508115095403006,0.21938054196064194,-1.426882777027576,-1.2749502299768147,3.6155255449728396,-1.1281142310292482,3.804052368956186,gaussian,quadratic,0.0,logit_quad,0.6,3000,0.4288133295316782,-0.2524286961940274,0.2387855890130781,0.28611456472614544,0.7969608706296997,1,12.0,0.036906498891615146,0.3702105771809861,0.6449993699027734,0.9532327962302423,0.9362561609811877,0.9018900934610596,0.8054816363105971,0.4603874474703025,0.6790156065979839,0.9532327962302423,0.25,0.9615223040599405,2.7476888462618465,2.7727014844419897,0.6812420257257058,9.965860020307092,quality_quadratic,toward_HQ
3.0,1.0,10.0,1,1,blend,obs,0.596,0.7954853166247355,0.9658699238031091,0.8765560415990253,0.8763419621775084,0.98713882085231,0.9552015627291894,0.985308505857384,0.9998072955284694,0.9993646185765108,0.8090929615599967,0.9705867369515917,0.894098551226671,0.8350918201479246,0.9780516712857372,0.9241985408281972,0.8320350586682701,0.9770617399430512,0.9188905714783429,0.8521289964236275,0.9803940283005073,0.9655881410428915,0.7587990364899229,0.9511095523509565,0.8221929450802886,0.8126392785296803,0.9167410923768148,0.9189345915465106,4.509421361036268,3.8651657190164204,0.6537320678376562,0.2183684356383081,-1.565690660612466,-1.4068010448204933,3.4729249793961405,-1.0811301500017738,3.8692604462802183,gaussian,quadratic,0.0,logit_quad,0.6,3000,0.44069564819021384,-0.2242040711895853,0.24253108505244153,0.28459709615128,0.7933634057006311,1,12.0,0.03828101918599929,0.3767295917547234,0.6437802879322146,0.9421339275762217,0.9264525272994748,0.8940936723413943,0.7905876199697878,0.23409140961269975,0.5251457651891851,0.9421339275762217,0.25,0.9539292894733166,3.3935856360059713,3.033189323227055,0.6648997193797991,9.936261934083564,quality_quadratic,toward_HQ
3.0,1.0,10.0,2,1,blend,obs,0.6003333333333334,0.7885509334908627,0.9632151481952501,0.8678014047655889,0.884237342116979,0.9883528363775359,0.9609120637943357,0.986092459699554,0.9998220385020721,0.9996282984870962,0.8082638513755271,0.9703372202697974,0.892347132486587,0.8336542281615661,0.977762083766966,0.92095949359468,0.8286315791342683,0.9761257598188421,0.9154809320869631,0.8692322759500244,0.9849537853453492,0.9701222559990365,0.7708518192532806,0.9554849262643206,0.8466859514946438,0.8043031169381022,0.9115119719406687,0.8877175758252609,5.525743898599742,3.911444440474512,0.6726012654446909,0.2147410070952197,-1.4255002643965498,-1.2601574699532654,3.302201000029555,-1.094221658469989,3.6180001278665723,gaussian,quadratic,0.0,logit_quad,0.6,3000,0.41429210483112994,-0.254875828760765,0.24659802436779188,0.29801740196202414,0.7949891954634302,1,12.0,0.03612919122288295,0.3788661241572434,0.6508843326025227,0.9474909835505348,0.9303056108305351,0.8923569761457645,0.7682740334079154,0.38580282072547384,0.5838862365703716,0.9474909835505348,0.25,0.9437616864775975,3.6703654832566652,3.1907667512794866,0.6691679335918949,9.963081305515246,quality_quadratic,toward_HQ
3.0,1.0,10.0,3,1,blend,obs,0.5963333333333334,0.8226873219263261,0.9744552347564173,0.90990065002164,0.9045291138931701,0.9915769880450098,0.9728661039901598,0.9711160529984427,0.9993250705973903,0.9976818143902215,0.8308091044143503,0.9771295359881481,0.9181424947419433,0.8572432959517216,0.9838077648519581,0.9433205140445832,0.8577632271236482,0.9838628150826447,0.9431205928802423,0.8801689561921234,0.9865088563459427,0.9779138866740821,0.7875661204286173,0.9614973403003189,0.8715948208525675,0.8122621621864479,0.9178455846547366,0.9006233976743817,9.058316428851516,3.5895098834241996,0.647956199898545,0.22030785707400313,-1.446649151602796,-1.3314197484610186,3.7018038061817573,-1.1173077765203765,3.759789408395034,gaussian,quadratic,0.0,logit_quad,0.6,3000,0.43366321448989,-0.24402805414322698,0.24755613270398755,0.29113815507590995,0.7976512547839484,1,12.0,0.04114911796788561,0.3795229952549159,0.652282301202093,0.9623923595903663,0.9483892072443225,0.9181429079995428,0.823365396958718,0.43280666036318843,0.6576365083934692,0.9623923595903663,0.25,0.9531840086239601,4.808179651078817,2.8328013965278047,0.6776912686331171,9.967274230438855,quality_quadratic,toward_HQ
3.0,1.0,10.0,4,1,blend,obs,0.599,0.8034643278131967,0.9685326853987987,0.8869190767973143,0.8882574691245972,0.9890295807280015,0.9623233445083783,0.9897784642970345,0.9998889918813019,0.9996148925603713,0.8171653012083402,0.9732568982058414,0.9037034348208193,0.8416546196647667,0.9800016455623436,0.9299520399591191,0.8398767690442737,0.9794203984891979,0.9269838355004064,0.864545085074055,0.9831597081271458,0.9707052374845775,0.781147469435713,0.9597414566015058,0.8593221936422973,0.8122775795287023,0.9149132751065019,0.9042804677323578,5.490813630177085,4.010115674127144,0.6654926401303363,0.21550113910778548,-1.5100149259860942,-1.3514790133981658,3.6319527484687795,-1.1335407368530157,3.801876758260828,gaussian,quadratic,0.0,logit_quad,0.6,3000,0.4096048593165116,-0.2548372874561371,0.2490364607198005,0.30131640778075114,0.7977346541514403,1,12.0,0.03552987829131019,0.38131561860024066,0.6530979812313498,0.9515122998518176,0.9364327165937827,0.9037012100779266,0.7891098079007395,0.34804567059767066,0.5592445383613951,0.9515122998518176,0.25,0.9478821552902627,3.8055178024239362,3.033280681893172,0.6644421467726487,9.955048439051424,quality_quadratic,toward_HQ
3.0,1.0,10.0,5,1,blend,obs,0.5973333333333334,0.8091833045644304,0.970448783080291,0.8937241651672923,0.8899494109588361,0.9894474103856252,0.9641846125616507,0.9844778534024273,0.9997870855983702,0.9993161931959685,0.8239774578179528,0.975099949796484,0.9107476757490123,0.8472103858521309,0.9813064782046207,0.9351433424176974,0.8437623262691945,0.9804048498424807,0.9307818809299478,0.8643278655112203,0.9832815601818473,0.9709475495441113,0.7800371804491217,0.9592478113937456,0.8556561489961622,0.8118682491566178,0.9221749484591781,0.9153394220604837,7.077105379530851,3.284619058183356,0.650728310519158,0.2192498719347312,-1.4394070980810607,-1.3287763722883852,3.407593237451965,-1.0954840368103012,3.621944706191183,gaussian,quadratic,0.0,logit_quad,0.6,3000,0.42629008306521377,-0.24783450509079402,0.24843455695694527,0.29166329040194466,0.7956799521284629,1,12.0,0.03829223550574581,0.3806056254907061,0.652734852872036,0.9530790165011181,0.938832673629887,0.9107428281168352,0.8376760254028145,0.5526066466855246,0.7260408288742888,0.9530790165011181,0.25,0.9551885026549155,3.8737143174445183,2.7509726471928904,0.6741245881560078,9.959334951998846,quality_quadratic,toward_HQ
3.0,1.0,10.0,0,1,blend,obs,0.6013333333333334,0.7783046391388573,0.9515589758129407,0.8394270787967046,0.8928590670083447,0.9901235973117359,0.9672096635752062,0.9683515537310362,0.9990874189425563,0.9968365297634015,0.7976399398901788,0.9592059087603377,0.8617694261966524,0.8258013239647235,0.9691961385450801,0.8974218530741931,0.8223141173855026,0.9681042834680791,0.8995116047730146,0.9441411790066774,0.9965714255920997,0.9952915835590044,0.8652490722768403,0.9824975003261441,0.9690475529067288,0.8011816350783101,0.7494069084839896,0.44623865421492875,18.15085346520783,9.328819019092535,0.9048141346988113,0.12062096439284954,4.260501938138846,4.356155634297698,3.6155255449728396,3.5778045145537782,3.804052368956186,gaussian,quadratic,0.0,logit_quad,0.6,3000,0.4288133295316782,1.0248855109232418,0.2387855890130781,0.31540512386258895,0.7969608706296997,1,12.0,0.036906498891615146,0.3702105771809861,0.6449993699027734,0.9958950176336117,0.9818346320382934,0.8616983545241044,0.3517204953269985,0.041790241862406145,0.27737523689140653,0.9958950176336117,0.25,0.571040834926827,8.904493095728752,7.20778143543653,-0.5960721813915634,9.782351057326169,quality_quadratic,away_HQ
3.0,1.0,10.0,1,1,blend,obs,0.596,0.7854398871105993,0.9540437720374566,0.8518965824156136,0.8763419621775084,0.98713882085231,0.9552015627291894,0.985308505857384,0.9998072955284694,0.9993646185765108,0.8259012624936152,0.9688945965683843,0.9010733836171316,0.8420534622725242,0.9740141066274596,0.9152850133349477,0.8289208077055563,0.9697687957160319,0.9057831524271993,0.9235379658373682,0.9936314455015027,0.9884856966539165,0.8688534014192032,0.9835210489227134,0.9699074223326225,0.8220869273876824,0.7616470457916026,0.11813472601536205,93.70241503293101,8.325918896114965,0.9066671558095407,0.12112573253190442,4.198780260692409,4.274696635853382,3.4729249793961405,3.6432309241754695,3.8692604462802183,gaussian,quadratic,0.0,logit_quad,0.6,3000,0.44069564819021384,1.0279871572714216,0.24253108505244153,0.31312746832933924,0.7933634057006311,1,12.0,0.03828101918599929,0.3767295917547234,0.6437802879322146,0.9907759747908035,0.9844530127323865,0.9010567119628818,0.4421987024634056,0.03998977391217578,0.28227627106404973,0.9907759747908035,0.25,0.4890208133594303,22.23936616244249,6.997060977593566,-0.587291509081208,9.791943321903945,quality_quadratic,away_HQ
3.0,1.0,10.0,2,1,blend,obs,0.6003333333333334,0.7830590056391622,0.9531999996715027,0.8483788859809934,0.884237342116979,0.9883528363775359,0.9609120637943357,0.986092459699554,0.9998220385020721,0.9996282984870962,0.8143708062249663,0.964752059879078,0.8811229104335752,0.8343810616222977,0.9716178288495685,0.904224078314074,0.8242489225436356,0.9683224579668893,0.901727050850404,0.9396934257034968,0.99606960513309,0.9913330584746676,0.8549280395702934,0.9798427033280322,0.9666573428987519,0.8246333178242389,0.7621041184035479,0.5113409124626224,11.10123782238924,8.91077342070115,0.899994165043144,0.12512782709479683,4.118822061764788,4.178539573023436,3.302201000029555,3.4754170552444172,3.6180001278665723,gaussian,quadratic,0.0,logit_quad,0.6,3000,0.41429210483112994,1.0108322133898275,0.24659802436779188,0.3241774329125086,0.7949891954634302,1,12.0,0.03612919122288295,0.3788661241572434,0.6508843326025227,0.9923141874439265,0.980577431455778,0.8810412817372474,0.45196406965770003,0.11682508029214872,0.2901732271048566,0.9923141874439265,0.25,0.6001685790566093,6.473393895691272,6.879383253547949,-0.5965401085586977,9.829068696158505,quality_quadratic,away_HQ
3.0,1.0,10.0,3,1,blend,obs,0.5963333333333334,0.7779056508170928,0.951315682661974,0.8286729360650793,0.9045291138931701,0.9915769880450098,0.9728661039901598,0.9711160529984427,0.9993250705973903,0.9976818143902215,0.7889163237757757,0.9558791056058491,0.8395251824147609,0.8176609729357192,0.9666412882615091,0.8812861969600275,0.8186689580980004,0.9667712276270861,0.8870595787921384,0.9326862030782515,0.9950669943711196,0.9910630247835645,0.8670031605336688,0.9830099533704781,0.9657086671387041,0.804609021352267,0.7543294922948239,0.4083255456962868,21.002771017037578,9.541169555694692,0.9032757760402939,0.12138906946734504,4.275985125848818,4.408528634587888,3.7018038061817573,3.598159946429667,3.759789408395034,gaussian,quadratic,0.0,logit_quad,0.6,3000,0.43366321448989,1.0153371374951206,0.24755613270398755,0.32179489388997906,0.7976512547839484,1,12.0,0.04114911796788561,0.3795229952549159,0.652282301202093,0.9905563784388449,0.9669226921897662,0.8395040775317731,0.35923321259763064,0.08906226367020573,0.2531928514048979,0.9905563784388449,0.25,0.5801591427681376,9.310117744806952,6.897902977823876,-0.5816739230052306,9.806267925567829,quality_quadratic,away_HQ
3.0,1.0,10.0,4,1,blend,obs,0.599,0.7895248306259952,0.9560879070846258,0.8626028733610293,0.8882574691245972,0.9890295807280015,0.9623233445083783,0.9897784642970345,0.9998889918813019,0.9996148925603713,0.8175620310826491,0.9661483591632788,0.8839311285386464,0.8373455609437366,0.9727828065959292,0.9072853857540194,0.8336802710503645,0.9716223751234114,0.9136760974618261,0.9240005337669931,0.9936386257979988,0.9891103114572302,0.8649839456163632,0.9825044011167395,0.9710483722333216,0.8244365452312343,0.7628903284469954,0.5370407515225626,10.229548383127366,8.219407328388739,0.8946297306261335,0.1273834519059918,4.027284011807801,4.1231477727311745,3.6319527484687795,3.4476013073866376,3.801876758260828,gaussian,quadratic,0.0,logit_quad,0.6,3000,0.4096048593165116,0.9952811559766466,0.2490364607198005,0.326475755539053,0.7977346541514403,1,12.0,0.03552987829131019,0.38131561860024066,0.6530979812313498,0.9899984184129214,0.9776269715277701,0.8838813783285239,0.4891238109444124,0.10968709161686833,0.3202797465417133,0.9899984184129214,0.25,0.6143234560260223,6.052140055083836,6.51737798619883,-0.5856762966601349,9.760302460494023,quality_quadratic,away_HQ
3.0,1.0,10.0,5,1,blend,obs,0.5973333333333334,0.7865333833852434,0.9546149429309241,0.8533037187605247,0.8899494109588361,0.9894474103856252,0.9641846125616507,0.9844778534024273,0.9997870855983702,0.9993161931959685,0.8220029122049484,0.9676917226284151,0.8895273580717981,0.8392502309298508,0.9734238320000108,0.9090047195214344,0.8299036074933387,0.9702084071013601,0.9067825155025502,0.9281309824510049,0.9943728766208524,0.9895215680258127,0.8721932970560647,0.9843290609476331,0.9737549081499652,0.8343120635902876,0.7677273963737004,0.5209463087164236,16.228054404032623,7.999536334378474,0.8927645218631741,0.130472766925596,3.8718235927389544,3.8899259341442547,3.407593237451965,3.323457373496573,3.621944706191183,gaussian,quadratic,0.0,logit_quad,0.6,3000,0.42629008306521377,0.9870770562168136,0.24843455695694527,0.32991228501787545,0.7956799521284629,1,12.0,0.03829223550574581,0.3806056254907061,0.652734852872036,0.9921866438038336,0.9810421735238243,0.8895167069732921,0.5074796153952764,0.14076251823827748,0.31754371526665504,0.9921866438038336,0.25,0.6185346617164055,7.14094630845644,6.595808683468927,-0.5607869731515998,9.775204640794778,quality_quadratic,away_HQ
3.0,0.0,10.0,0,1,blend,obs,0.604,0.8862475584709122,0.9874408931122663,0.9963354908005112,0.7462555122319507,0.9404866833508789,0.8670891053830077,0.9583093510855263,0.9986473777393404,0.9955017802653817,0.9226931396389073,0.9946583888577798,0.9845662599416313,0.9466089604402684,0.9975966558441673,0.9925646662634406,0.9305668547850054,0.9953066116614829,0.9988257072979174,0.8197287534125203,0.9683917954095814,0.9549185199795911,0.8572768709047887,0.9814504158704218,0.9585135971659391,0.9207970947047227,0.7874825704709695,0.009601405751270565,423.48332779786296,11.590169900989421,0.8381970923361651,0.14914199073257006,2.799909583401947,3.030635672246038,8.336319567962985,3.1845712617941158,7.09065403139031,gaussian,threshold,0.0,logit_quad,0.6,3000,0.7416137805309659,0.6879625518262705,0.15131858917677887,0.2636663079357738,0.7969608706296997,1,12.0,0.07549915625265953,0.278527385421565,0.5432808301695385,0.8907473670782525,0.9181086530303706,0.9845794971488258,0.579277262959808,0.45043204007572296,0.33387659669267666,0.9845794971488258,1.0,0.009576247181692666,426.5747312676075,11.859466944113654,0.053651228704695464,9.78045364239654,quality_threshold,iso
3.0,0.0,10.0,1,1,blend,obs,0.596,0.8836262635444825,0.9871560311125379,0.9988292757309694,0.7349652139955563,0.9370197446520873,0.8632386878804512,0.988885515488598,0.999877392372315,0.9998156718341876,0.9307371240289118,0.995667168758006,0.995596595286326,0.9478665797322157,0.9976191162821517,0.9940075041429157,0.9283377656174135,0.9951869959617405,0.9997155515933465,0.8142601328796513,0.9676858253687703,0.9529992416861524,0.838552026475532,0.976877625424015,0.9446582003969699,0.940649460030435,0.7592353864555118,0.010434912626036543,306.93723266110936,14.895471194568687,0.8288175294039472,0.15354469984324537,2.6635080213465527,2.896957006042238,9.04383074521786,3.0579517319241,7.241879763996646,gaussian,threshold,0.0,logit_quad,0.6,3000,0.7509505296478249,0.6748142942309414,0.15350985876753076,0.27338207442581236,0.7933634057006311,1,12.0,0.07649058637921578,0.2861321337253725,0.5364998917418635,0.8885217562884186,0.9197930584017456,0.9956038084208643,0.48855341424339815,0.46041832009593897,0.32608615718690925,0.9956038084208643,1.0,0.026041389153701435,188.7353389273525,12.280556218858088,0.07613623541688352,9.779244221163115,quality_threshold,iso
3.0,0.0,10.0,2,1,blend,obs,0.6003333333333334,0.8725745282002405,0.9844523112508933,0.9968014333258937,0.7481820100711294,0.9430980655720028,0.8627943131780348,0.9788045729496395,0.9995976499587758,0.9986290287082733,0.9377965856277279,0.996708188772823,0.9935881387400541,0.9592479788007137,0.9985472112135411,0.9969348750964124,0.9141295041840355,0.9929835306133372,0.9988381423086081,0.8280159152329553,0.9720161755074763,0.9543908115985634,0.8365928679575456,0.975575466523321,0.9404220113269569,0.922990687053129,0.7866187082670674,0.08614151581717866,120.99179435602733,11.459198879819137,0.8301258822477922,0.15575334625271148,2.595657748337764,2.843699493221912,7.714524153697937,2.952021974819851,6.713931613094932,gaussian,threshold,0.0,logit_quad,0.6,3000,0.7357768545899341,0.6774946108405698,0.15788760250100659,0.27152343263280887,0.7949891954634302,1,12.0,0.07569586882185522,0.2874586278641437,0.5492533088122374,0.8920186410620021,0.923886695852965,0.9935824459581202,0.6709942622168931,0.5051811915855788,0.3387559381490004,0.9935824459581202,1.0,0.18395379684602817,66.01643126685867,11.444466296650678,0.0582822437493643,9.77874699985307,quality_threshold,iso
3.0,0.0,10.0,3,1,blend,obs,0.6053333333333333,0.8936383899464343,0.9889635391810357,0.9962298106236149,0.7529506000731214,0.9432883181433176,0.8796147987309777,0.9742779842988648,0.9993657107887517,0.9989982532919857,0.9481627316866044,0.9977787565151895,0.9943383194369709,0.9661787683297968,0.998981245765665,0.9966662114862593,0.9393475696894983,0.9964408013742133,0.9991528061045594,0.8123335793639945,0.9662510353145063,0.9574595128609515,0.8569211413172622,0.981348415314234,0.9614181319935503,0.928970901197527,0.7804677530318935,0.11279000259955507,95.72202356017833,12.664599600880404,0.8295914134123109,0.15403050164625948,2.6263572196997527,2.884919266084939,9.424559723135014,3.006474158093023,7.247641894437777,gaussian,threshold,0.0,logit_quad,0.6,3000,0.757381110868009,0.6632824304079796,0.15578473486000835,0.2629030717550621,0.7976512547839484,1,12.0,0.08159057910261891,0.28213713338382906,0.552159628871232,0.9049225095688114,0.9330460265003431,0.9943423004953362,0.6245262613615914,0.4755656754831362,0.34396575168250754,0.9943423004953362,1.0,0.19832201906519692,60.003418459894185,13.112736077350005,0.09409868046002931,9.837827562312503,quality_threshold,iso
3.0,0.0,10.0,4,1,blend,obs,0.5943333333333334,0.8836645990986588,0.9869768456265079,0.996321989459386,0.7422040989433472,0.9398687080193115,0.8685281196955633,0.9889554341336095,0.9998685551387172,0.9995749340489577,0.9403512748451102,0.9967487974873801,0.9968139671713374,0.9559301247070987,0.9981849874972312,0.9976845280626252,0.9281548914672006,0.9951147406792931,0.9984768072260026,0.8094819246216176,0.9656998250942175,0.9529235344039705,0.8367001839393434,0.9759995166915334,0.9377514586884044,0.9394871251814703,0.7628556568387984,0.08376703636733482,84.40169693112303,14.138999158113199,0.8317901056771452,0.1545937883200549,2.615191562145059,2.7930764071066143,8.873808283684303,2.975372791501219,7.090612938209265,gaussian,threshold,0.0,logit_quad,0.6,3000,0.7439173856457969,0.6675474514593672,0.15590755278003116,0.27055558484483194,0.7977346541514403,1,12.0,0.0753319744075613,0.2860338310086705,0.545066827340802,0.8961748409270093,0.9274870056993763,0.9968135475794332,0.5271088904975646,0.5068547372340847,0.33913008244419696,0.9968135475794332,1.0,0.11938208529532517,67.90510192600837,13.863629236168554,0.07636993418642969,9.782306257522587,quality_threshold,iso
3.0,0.0,10.0,5,1,blend,obs,0.6016666666666667,0.8942815904902368,0.9893571903143551,0.998953487990213,0.7511661096296386,0.9440121743176462,0.8734309780292411,0.9827160134438648,0.999744403550835,0.9991694653426849,0.9396888007154975,0.9968167251916119,0.9949569272980033,0.9627381026266539,0.9987824167166348,0.9974007335685169,0.9382904488722267,0.9964155114713434,0.9998846946209102,0.8133071507547465,0.967095382781499,0.9531362943272763,0.8503752368335997,0.9799157468952728,0.959515924323297,0.9345314116420369,0.777636632317938,0.053307441705575984,147.55322885111383,12.627370801912708,0.8246402948573812,0.15843692504892487,2.6157954025961003,2.8762850721631383,8.58767974208479,2.9509223599163636,6.996967235067836,gaussian,threshold,0.0,logit_quad,0.6,3000,0.752529842155524,0.6585423743589749,0.156421821055117,0.26760556075881625,0.7956799521284629,1,12.0,0.07877515660547178,0.2853447818350623,0.5481853218031982,0.8998114409226879,0.9293046490262865,0.9949596070501188,0.5784434338445754,0.45876734666898517,0.3298726465214893,0.9949596070501188,1.0,0.11892131958249348,87.8179736346178,12.272832098077853,0.09398746779654912,9.774467846404464,quality_threshold,iso
3.0,1.0,10.0,0,1,blend,obs,0.604,0.7586802916205364,0.9461567646188703,0.8361478771067491,0.7462555122319507,0.9404866833508789,0.8670891053830077,0.9583093510855263,0.9986473777393404,0.9955017802653817,0.761835180678863,0.9486603910666516,0.8574610762225987,0.7822529013943114,0.9553888927669766,0.8879104247476165,0.7834025454998975,0.9549491681614575,0.8777407615803577,0.7396742811873133,0.9349803369240635,0.9111668619867487,0.7444683847116834,0.9421446265627826,0.7950214642002911,0.758102453538595,0.9445625839430901,0.9548444237950492,4.092848422460754,3.227093897310574,0.5871648791074839,0.22898366147391297,0.3505612187672139,0.6283465932245255,8.336319567962985,0.20441592257066177,7.09065403139031,gaussian,threshold,0.0,logit_quad,0.6,3000,0.7416137805309659,0.03611702246589282,0.15131858917677887,0.19296646351623445,0.7969608706296997,1,12.0,0.07549915625265953,0.278527385421565,0.5432808301695385,0.8657653589229342,0.8634656754041148,0.85746136104101,0.829247446151062,0.6038522987045418,0.6025798238985411,0.8657653589229342,0.25,0.9781919766243307,2.425747727560379,2.636683436594737,0.7054967580650732,9.990370529735438,quality_threshold,toward_HQ
3.0,1.0,10.0,1,1,blend,obs,0.596,0.7496968733861518,0.9432566853699229,0.8222538724359095,0.7349652139955563,0.9370197446520873,0.8632386878804512,0.988885515488598,0.999877392372315,0.9998156718341876,0.7592382231106365,0.9495826333454219,0.8547089328120082,0.778447040166848,0.9555364060692182,0.8862425826263314,0.778726826018489,0.9544533428460967,0.8696321300870528,0.7360183311821602,0.934754564963172,0.9121095514746906,0.7183031045246178,0.9306906585668482,0.7472441096428304,0.7668347408014138,0.9318942154685541,0.9403839987844522,4.097916857659578,3.64259829466404,0.6009766245080884,0.2263489897135298,0.32321998165974397,0.5826976334279504,9.04383074521786,0.29180539643742426,7.241879763996646,gaussian,threshold,0.0,logit_quad,0.6,3000,0.7509505296478249,0.04924568714692784,0.15350985876753076,0.2011128311851218,0.7933634057006311,1,12.0,0.07649058637921578,0.2861321337253725,0.5364998917418635,0.8617100227870808,0.8600311337175844,0.8547089344542353,0.8312744355657474,0.46120944784635076,0.563206995170753,0.8617100227870808,0.25,0.9710101369323184,2.8282336620475155,2.9030186236443054,0.7017048425008972,9.993220886168858,quality_threshold,toward_HQ
3.0,1.0,10.0,2,1,blend,obs,0.6003333333333334,0.7525659158534594,0.9441435549289764,0.8179009038683334,0.7481820100711294,0.9430980655720028,0.8627943131780348,0.9788045729496395,0.9995976499587758,0.9986290287082733,0.7622289283945909,0.950541186593132,0.8510741484822927,0.7866189076019359,0.9584832780085326,0.8851039762932458,0.782615750207722,0.9556724957381386,0.8660840098376126,0.7524625363045432,0.9417521458055441,0.9118143420146969,0.7317643832905092,0.9349594378730179,0.7635315874485021,0.7429678506956601,0.9388862204499607,0.9500142323533712,3.731330470111302,3.4060086339182765,0.6076568063613996,0.22703130007214714,0.30921858184965184,0.5777977068334675,7.714524153697937,0.25369270623121,6.713931613094932,gaussian,threshold,0.0,logit_quad,0.6,3000,0.7357768545899341,0.04573433390959247,0.15788760250100659,0.20433898858632238,0.7949891954634302,1,12.0,0.07569586882185522,0.2874586278641437,0.5492533088122374,0.8619499528154086,0.8592815022598271,0.8510742720119656,0.808216467602631,0.36186911770891245,0.5509567276155397,0.8619499528154086,0.25,0.9755832109406847,2.3944369145592304,2.721716119558943,0.6900425206803418,9.991210785243812,quality_threshold,toward_HQ
3.0,1.0,10.0,3,1,blend,obs,0.6053333333333333,0.7713384297385641,0.9508354938885635,0.8530133553841796,0.7529506000731214,0.9432883181433176,0.8796147987309777,0.9742779842988648,0.9993657107887517,0.9989982532919857,0.7672267072948287,0.9509376609521147,0.8704175535542183,0.7869603275149106,0.9568426628585114,0.8998662257743225,0.7945541703724482,0.9588750694806291,0.8923484056510996,0.740485543786185,0.9356220611501501,0.921373693851898,0.7503706181970609,0.9443626081809151,0.8003377702277092,0.7545326072303224,0.9447043521247249,0.9265464720396929,9.45469246662042,3.2366636997424565,0.5912378426747231,0.2269736933601089,0.29303049767600503,0.5578713017656364,9.424559723135014,0.26945362645983173,7.247641894437777,gaussian,threshold,0.0,logit_quad,0.6,3000,0.757381110868009,0.0492598785533826,0.15578473486000835,0.19558693279467904,0.7976512547839484,1,12.0,0.08159057910261891,0.28213713338382906,0.552159628871232,0.8791361374522378,0.8772147400284229,0.8704181599466028,0.8327454735492636,0.5476256857060919,0.6231030988213757,0.8791361374522378,0.25,0.973807235520652,3.7502447557394785,2.617369663232849,0.7081212323146264,9.998373505919206,quality_threshold,toward_HQ
3.0,1.0,10.0,4,1,blend,obs,0.5943333333333334,0.7578273416823339,0.9464403997352673,0.8329914313366759,0.7422040989433472,0.9398687080193115,0.8685281196955633,0.9889554341336095,0.9998685551387172,0.9995749340489577,0.7632934781612286,0.9504185995295994,0.8591852397236313,0.7835393437182359,0.9569741031255381,0.8906972662640722,0.7844421788700469,0.9561727737993233,0.8772929987358272,0.7392993708937932,0.9359829692094118,0.9161422595175053,0.7336425585627464,0.9377196349985527,0.7769338049264851,0.7576683927227653,0.935788289266796,0.9375490623264917,4.900483383061108,3.6517549430889304,0.6061084993808501,0.22706005321109682,0.27410766451855223,0.5388135530706967,8.873808283684303,0.2770010365989253,7.090612938209265,gaussian,threshold,0.0,logit_quad,0.6,3000,0.7439173856457969,0.04921059492481461,0.15590755278003116,0.20261131676012725,0.7977346541514403,1,12.0,0.0753319744075613,0.2860338310086705,0.545066827340802,0.868156072124767,0.8653154649303005,0.8591852149528945,0.8238858900379824,0.48638318230649286,0.4702810147612755,0.868156072124767,0.25,0.9710918299350901,3.255587477630371,2.766117072405734,0.6947067907209822,9.993635824609806,quality_threshold,toward_HQ
3.0,1.0,10.0,5,1,blend,obs,0.6016666666666667,0.760173416676013,0.9477925612309671,0.8374736701087551,0.7511661096296386,0.9440121743176462,0.8734309780292411,0.9827160134438648,0.999744403550835,0.9991694653426849,0.7685108367276031,0.9526645203966244,0.8668794937307903,0.7856915435964007,0.9576222605394412,0.8928239278147396,0.78501928145407,0.9565298996085434,0.8792782703367188,0.7401081712668367,0.9360348550709809,0.9128754663938052,0.7367184409688382,0.9400332158647864,0.782631645179711,0.7545458728833405,0.9480618512225597,0.955015530802236,3.972552682710685,3.0547077630653927,0.5812886102064233,0.22908983433859528,0.26971306430352476,0.4977027307120339,8.58767974208479,0.19389845688319934,6.996967235067836,gaussian,threshold,0.0,logit_quad,0.6,3000,0.752529842155524,0.03303169767939257,0.156421821055117,0.20041963684778452,0.7956799521284629,1,12.0,0.07877515660547178,0.2853447818350623,0.5481853218031982,0.8725956469298869,0.8710764616687033,0.8668795305085251,0.8496327094470618,0.6928328020420385,0.6898926171590645,0.8725956469298869,0.25,0.9797822747702826,2.471648649853509,2.549511309610213,0.7194981444761314,9.992462926581013,quality_threshold,toward_HQ
3.0,1.0,10.0,0,1,blend,obs,0.604,0.7605219907979603,0.9429415769505857,0.8045802937799248,0.7462555122319507,0.9404866833508789,0.8670891053830077,0.9583093510855263,0.9986473777393404,0.9955017802653817,0.9287417703503805,0.9946523101684076,0.9884733401675772,0.9157724821814899,0.9923716086788759,0.9765622945485113,0.8094911649864392,0.9628179625313261,0.8837166110696284,0.9273507688228834,0.9948005849651351,0.9953110734395959,0.8701135121900835,0.9836727133101518,0.9721119328771869,0.9229601636109028,0.7089269084422309,0.056171956854733855,113.47865608004113,20.050945142181657,0.9806492537590771,0.04492135039779668,8.575916097079597,8.662782681626359,8.336319567962985,5.9101491120874945,7.09065403139031,gaussian,threshold,0.0,logit_quad,0.6,3000,0.7416137805309659,1.3188708364819173,0.15131858917677887,0.2206718834168579,0.7969608706296997,1,12.0,0.07549915625265953,0.278527385421565,0.5432808301695385,0.9331276269319096,0.9666870229670518,0.9884655772653055,0.5853780947111653,0.4277279266294142,0.34531735972780053,0.9884655772653055,1.0,0.08587195368783541,61.949477826279264,23.595635532532363,-0.5772570559509514,9.700908619398128,quality_threshold,away_HQ
3.0,1.0,10.0,1,1,blend,obs,0.596,0.7674941655898779,0.9452847879279737,0.8130471776422267,0.7349652139955563,0.9370197446520873,0.8632386878804512,0.988885515488598,0.999877392372315,0.9998156718341876,0.8798725521629719,0.9847519477758034,0.9633393884926729,0.883494602560197,0.9854874398514568,0.9590740577545342,0.8141232434530683,0.9638357617446146,0.8840800644607811,0.9073464123717386,0.9912586915443395,0.9881699289959163,0.8663382958771675,0.9830551233099254,0.9707915602355159,0.884638152365557,0.6602386726739522,0.0596079955628779,103.3732857284395,28.851475056315444,0.9805392661749397,0.04751122300604957,8.520655380769787,8.684940509992275,9.04383074521786,5.828320854771878,7.241879763996646,gaussian,threshold,0.0,logit_quad,0.6,3000,0.7509505296478249,1.320878713805304,0.15350985876753076,0.22091142188939256,0.7933634057006311,1,12.0,0.07649058637921578,0.2861321337253725,0.5364998917418635,0.9344428580843053,0.969659186090903,0.9633049070806865,0.40224946305236736,0.46908408489755116,0.3367617589397367,0.969659186090903,0.5,0.08822720919566386,53.98180141416559,28.240474269466414,-0.569928184157479,9.704483473820392,quality_threshold,away_HQ
3.0,1.0,10.0,2,1,blend,obs,0.6003333333333334,0.7613538363208381,0.943255511996749,0.8119333973236975,0.7481820100711294,0.9430980655720028,0.8627943131780348,0.9788045729496395,0.9995976499587758,0.9986290287082733,0.901219989224655,0.9894780725796807,0.9709488498182469,0.8915067524286564,0.9874660458184918,0.9595455004391888,0.8077326487904607,0.9620526532787068,0.8861345861323503,0.934647823405169,0.9958271310508593,0.9936720757640602,0.8578680643578316,0.980755096156193,0.969680488604058,0.91531301386003,0.68274716567515,0.06053571435560069,134.9871743287469,23.471293441219135,0.9778510131754252,0.05214640203564286,7.867215191551987,7.86143523064429,7.714524153697937,5.589802875949935,6.713931613094932,gaussian,threshold,0.0,logit_quad,0.6,3000,0.7357768545899341,1.3129353601403757,0.15788760250100659,0.23423366185733116,0.7949891954634302,1,12.0,0.07569586882185522,0.2874586278641437,0.5492533088122374,0.9365050620717126,0.9741878722517019,0.9710134948600497,0.5444336225284041,0.5239913737563001,0.33245208195688225,0.9741878722517019,0.5,0.10991966203713441,70.15845645172116,26.022369907897712,-0.5771585055504416,9.764631834178832,quality_threshold,away_HQ
3.0,1.0,10.0,3,1,blend,obs,0.6053333333333333,0.7643020792149837,0.9439361296848024,0.8021424041606693,0.7529506000731214,0.9432883181433176,0.8796147987309777,0.9742779842988648,0.9993657107887517,0.9989982532919857,0.8820579884900721,0.9851564968168529,0.94875828749801,0.8558508748987326,0.9787362459937219,0.9242311097057054,0.8107126219189713,0.9626762063763897,0.8766647620255124,0.9214851782347817,0.99359534702005,0.9934037469493827,0.8675472574831605,0.9831324471996756,0.9707202399715447,0.8867032181481276,0.6653976141588155,0.08167192122360369,53.49644988386524,29.407093221740062,0.9822463053637337,0.04541456926417453,8.92513518055103,9.209563109647638,9.424559723135014,5.9537058947990555,7.247641894437777,gaussian,threshold,0.0,logit_quad,0.6,3000,0.757381110868009,1.3335453288512098,0.15578473486000835,0.22416704731159617,0.7976512547839484,1,12.0,0.08159057910261891,0.28213713338382906,0.552159628871232,0.9465129702173908,0.9791136785672491,0.9487185811793325,0.5548948589406794,0.592944979078495,0.355642583157631,0.9791136785672491,0.5,0.09115776003619852,40.33349090286194,36.25276639392473,-0.5761642179832009,9.720935464423663,quality_threshold,away_HQ
3.0,1.0,10.0,4,1,blend,obs,0.5943333333333334,0.7657266102447777,0.9447559275676526,0.8125811066647814,0.7422040989433472,0.9398687080193115,0.8685281196955633,0.9889554341336095,0.9998685551387172,0.9995749340489577,0.8736197307456327,0.9831240692019881,0.9524211389192332,0.8602332230500541,0.9797179154177185,0.9338403463934847,0.8141130241116584,0.9639669730287372,0.886309072173924,0.9128398696063583,0.9921815528738462,0.9898787943676054,0.8669760762214966,0.9830903322265284,0.9725579452806403,0.8818431519139518,0.6532281212920643,0.07058445715430364,56.34250475067488,30.306594320400027,0.9797961759721943,0.04738349281710776,8.382599391114669,8.494248430994386,8.873808283684303,5.732373846238948,7.090612938209265,gaussian,threshold,0.0,logit_quad,0.6,3000,0.7439173856457969,1.3271353404763473,0.15590755278003116,0.23009706478475267,0.7977346541514403,1,12.0,0.0753319744075613,0.2860338310086705,0.545066827340802,0.9404815859680371,0.976447846725289,0.9523170008208345,0.3860595053877308,0.487271855716834,0.3355740236597373,0.976447846725289,0.5,0.08374521101376643,43.630049635575816,34.62049521475661,-0.5832179548305503,9.696097334707359,quality_threshold,away_HQ
3.0,1.0,10.0,5,1,blend,obs,0.6016666666666667,0.7615183924013759,0.9426849070824096,0.8006917280460423,0.7511661096296386,0.9440121743176462,0.8734309780292411,0.9827160134438648,0.999744403550835,0.9991694653426849,0.8950406531351014,0.9883520798992962,0.9730601591447795,0.8868434173995988,0.9863186360449585,0.9579538777940048,0.8095234069532286,0.9621862632297279,0.8782165798355547,0.9222045257042214,0.9936403187289825,0.9910853030772081,0.8614171343463571,0.9816966968359235,0.9697916842152279,0.9031223464232511,0.6836530967208104,0.08389185452033762,66.37030375981041,25.542404256772333,0.9780525968080298,0.05190395095929817,7.805514347047652,7.99605184607408,8.58767974208479,5.556349061721544,6.996967235067836,gaussian,threshold,0.0,logit_quad,0.6,3000,0.752529842155524,1.322591964611932,0.156421821055117,0.23649630815934963,0.7956799521284629,1,12.0,0.07877515660547178,0.2853447818350623,0.5481853218031982,0.9386433970366281,0.9730215423451276,0.9731192749965103,0.4450329157608058,0.4496527641078896,0.34012662145305317,0.9731192749965103,1.0,0.09847142572452128,50.60669540381549,28.78983637342097,-0.570062122456408,9.68932315776747,quality_threshold,away_HQ
3.0,0.0,10.0,0,1,blend,obs,0.6053333333333333,0.8766960700034974,0.9842352079252492,0.9948255300280769,0.7616586576723183,0.9467027790897774,0.881882057073604,0.9221280002568739,0.9933503038809216,0.9866290314029278,0.844737783617851,0.9771557214788295,0.9323873997746182,0.8562300505374614,0.9799184773559805,0.9471940127704243,0.9136600459040056,0.9923285177033163,0.9965756003809174,0.8233158554175598,0.969237441260807,0.958268291595916,0.8678299487956256,0.9830614561617096,0.9664975375348531,0.8917725935420737,0.9044917351044043,0.37545372578514724,30.35264304955635,4.687472137032364,0.810348516192404,0.1577523993985253,3.0523876305392474,3.238280095175979,5.651194259389853,3.3421463619986693,5.653679695255202,gaussian,linear,0.6,logit_quad,0.6,3000,0.6721772291819244,0.6251484099827693,0.14967643727619911,0.2739895232263607,0.7969608706296997,1,12.0,0.076194199784707,0.2743839364934168,0.5454999997049399,0.8921978684544722,0.9041786768295154,0.9323842745941304,0.9887976027405988,0.6832057873066705,0.5621636258491391,0.9887976027405988,2.0,0.36571040424355167,35.52589449522178,4.797661203152809,0.0470288191991551,9.780156769385009,env_corr_0.6,iso
3.0,0.0,10.0,1,1,blend,obs,0.5973333333333334,0.8735019495965873,0.9832880783558594,0.9959952508905815,0.7264639665034509,0.9292403933161196,0.8509801222596818,0.8540790827553133,0.977461083672668,0.9514934272140403,0.7929689454465634,0.9587257158197896,0.8887255926296339,0.8029354107340838,0.9616195510623036,0.9072650139287701,0.9108521808064378,0.9917738276770798,0.9963168721214363,0.8178367983067615,0.9673590394050275,0.9501816593406588,0.8563437521226298,0.9797851791527842,0.9624758548152078,0.9089368166750539,0.9161195005522824,0.29546553081917143,62.07771159618726,4.057659501555579,0.8130236204322374,0.15306048469694858,3.3462652723087216,3.5335282761926234,6.240308802522299,3.6876105284993783,6.1882232694679145,gaussian,linear,0.6,logit_quad,0.6,3000,0.6794811964519689,0.6390597887992715,0.1407200956893531,0.2647584881780707,0.7933634057006311,1,12.0,0.07613455465679986,0.2697917063231583,0.5215879227984779,0.8578961964513148,0.8674238121939928,0.8887336840345611,0.9447032585602048,0.9595615186629758,0.6660882184415349,0.9595615186629758,4.0,0.2555941274019489,70.41250296809432,4.01323828817181,0.040421407652697486,9.756850279021142,env_corr_0.6,iso
3.0,0.0,10.0,2,1,blend,obs,0.6056666666666667,0.8807792920935404,0.9852179618428274,0.9955153743687386,0.7233406302459751,0.9304599044089965,0.8527341666778322,0.8791187756212393,0.9855858821823865,0.9701803952312837,0.8067987630225368,0.9649776971094122,0.9021561820883273,0.814415459241692,0.9673555254673895,0.9203776331730883,0.9121787394138225,0.9922246819036696,0.9943969767146446,0.7941525699710942,0.9596622985002699,0.9379301659740813,0.8432555667102177,0.9765268343736135,0.9385177945133482,0.9029381018625964,0.8967178732447855,0.6201376795132195,18.846698298125563,4.766814097161032,0.8064255079411086,0.1588529580794739,3.1251583405415215,3.311544316315607,5.874497480824253,3.469639448213724,5.941360142373404,gaussian,linear,0.6,logit_quad,0.6,3000,0.682344735495749,0.6078087700319069,0.1423100262531201,0.2541713523144607,0.7949891954634302,1,12.0,0.07318234586911157,0.26961445109575266,0.5278278878404005,0.8627823230027692,0.8747801300369723,0.9021632098207103,0.926643354806785,0.6483620925766271,0.4183264725805049,0.926643354806785,2.0,0.5979267469299465,23.451459482978738,4.416945125530335,0.07453596546384214,9.786879701471639,env_corr_0.6,iso
3.0,0.0,10.0,3,1,blend,obs,0.6006666666666667,0.880576579975601,0.9851823854224699,0.9976800101182824,0.7383370432640375,0.9354240632707426,0.8665374100374792,0.8770559219401749,0.9838906049635243,0.9710921176040147,0.8106845562127762,0.9649533958957015,0.9082458688585218,0.821074799479977,0.9681915313018883,0.926623491738651,0.9186617347258724,0.9931274733734526,0.9988003391931826,0.8056550205611928,0.9627062460965932,0.9481362374708825,0.8650638078936356,0.982006474461245,0.9700124518192005,0.9037730726026603,0.9110774316275962,0.7096073611443768,20.490325954235185,4.380878634535156,0.8113867637331179,0.15564744072847989,3.3622060178841755,3.489308681076595,5.9523913267306,3.6861738459880495,5.831486411627564,gaussian,linear,0.6,logit_quad,0.6,3000,0.6817874813869838,0.6201436699436809,0.13987855893632212,0.25987875487083956,0.7976512547839484,1,12.0,0.07445526854374622,0.26611960392260875,0.5256229036662805,0.8745257878909026,0.8845855766216153,0.9082493157910814,0.9539091480832144,0.7289904053965899,0.5022854511349395,0.9539091480832144,2.0,0.6732765659354131,23.086808705687634,4.7615336546100275,0.06164381144330298,9.830990440207456,env_corr_0.6,iso
3.0,0.0,10.0,4,1,blend,obs,0.593,0.88147697765956,0.9854841740869602,0.9991304090963447,0.7260568179830879,0.9294793533411913,0.8551309340474219,0.8755228671934537,0.9835961492073886,0.9653309583266063,0.8127947306776158,0.9655095616054149,0.9056576307356856,0.8234335084957118,0.9691339781837935,0.9243766174142386,0.9191699188358678,0.9933127010883349,0.9982941214540201,0.7933121494369829,0.9582336988655279,0.9415890544550823,0.856493620015381,0.9801152387585681,0.9603649433754291,0.9145847743624927,0.8910133934565164,0.3654278501916606,50.615745266504334,5.018881851968461,0.815187562236466,0.15796727406132888,3.2529172567682387,3.416225147921995,5.874931812755511,3.593169029308474,5.815421185840275,gaussian,linear,0.6,logit_quad,0.6,3000,0.6821592978697186,0.6218113736391198,0.14291997767911024,0.266877864316888,0.7977346541514403,1,12.0,0.07410067975806275,0.27099054756203544,0.527398387009764,0.8649198780306547,0.876799265711192,0.9056578382041957,0.9422643923500759,0.717844580701877,0.47512819442498444,0.9422643923500759,2.0,0.2939436252529376,60.62723632107192,5.430250010590321,0.06034792423059888,9.795647600779754,env_corr_0.6,iso
3.0,0.0,10.0,5,1,blend,obs,0.598,0.8764851020116206,0.9841376252650506,0.9973325051991768,0.741066189598969,0.9375040985310544,0.8721638994288085,0.8924111550222763,0.9878728771446653,0.9768986885033015,0.8211949402187022,0.9691853030854553,0.920188730161478,0.8297350746692688,0.9715382667725877,0.9337120884940047,0.9142373638254385,0.992407004709229,0.9976231798784228,0.8092044718592184,0.9647076030829734,0.952101003970491,0.8569833595652472,0.9799867654896363,0.960749396707963,0.9080249020916434,0.9029502985656721,0.14175390859006248,97.03198650929654,4.304650402580018,0.8167246265883513,0.1554744851383246,3.2128259632810496,3.3299383421146125,6.110989077495675,3.5853340059322187,6.0951024911055685,gaussian,linear,0.6,logit_quad,0.6,3000,0.6772973686224146,0.6278064878430332,0.14385635279329229,0.26684598854808483,0.7956799521284629,1,12.0,0.07577653208235842,0.2720537394275642,0.5287791783196379,0.8823065361329941,0.8939180909807863,0.9201999904511643,0.964552379923376,0.6952170804255936,0.439564880631644,0.964552379923376,2.0,0.14621050252120144,94.0239919921645,4.522143380432882,0.04949088077938157,9.758369417983893,env_corr_0.6,iso
3.0,1.0,10.0,0,1,blend,obs,0.6053333333333333,0.7619171717838776,0.9484630935627825,0.8358655911141729,0.7616586576723183,0.9467027790897774,0.881882057073604,0.9221280002568739,0.9933503038809216,0.9866290314029278,0.752156448965474,0.9455716675317081,0.8371838101093713,0.7713718794037879,0.9520236920953368,0.8722425550859815,0.78312118598006,0.9558823728335725,0.8760850440201626,0.7476562104393407,0.9370502605168908,0.9175663582058966,0.7546369438833702,0.945102974274343,0.7976793988635894,0.7866327102433907,0.9146095409917288,0.7265409586877752,20.207769837101225,4.400416668402301,0.6476408091737113,0.21997358285911492,0.7437371248118679,0.9271086866997897,5.651194259389853,-0.18934806922121747,5.653679695255202,gaussian,linear,0.6,logit_quad,0.6,3000,0.6721772291819244,-0.032181858598328505,0.14967643727619911,0.19264692792351262,0.7969608706296997,1,12.0,0.076194199784707,0.2743839364934168,0.5454999997049399,0.8738736451651552,0.8656957869642862,0.8371832512493068,0.6694793684407874,0.07899700073256036,0.24701056061232873,0.8738736451651552,0.25,0.9535770629385549,4.828162127727456,3.1307855448291995,0.7043590877802529,9.987628141304759,env_corr_0.6,toward_HQ
3.0,1.0,10.0,1,1,blend,obs,0.5973333333333334,0.7396011354360624,0.938718258985918,0.8033057419135944,0.7264639665034509,0.9292403933161196,0.8509801222596818,0.8540790827553133,0.977461083672668,0.9514934272140403,0.7220466606634935,0.9306097676463067,0.8035502776173882,0.7364058146626903,0.9360474334520139,0.8346868502101888,0.7625980049517691,0.9476500887291962,0.8501386352688998,0.7231079896155739,0.9248170219702836,0.8985261991845531,0.7401031613870407,0.9378378868904942,0.7702070110073864,0.8119777822594036,0.9049509666655345,0.828627716440763,8.175034028066209,4.641805566036765,0.6821963509638127,0.21374109313373887,1.2381549878442015,1.4018793477149438,6.240308802522299,-0.18709486412640955,6.1882232694679145,gaussian,linear,0.6,logit_quad,0.6,3000,0.6794811964519689,-0.02796676162930123,0.1407200956893531,0.1919981465825598,0.7933634057006311,1,12.0,0.07613455465679986,0.2697917063231583,0.5215879227984779,0.8407834593899283,0.8320874904664421,0.8035519017063933,0.6527258236588109,0.084352754967894,0.20544089969017254,0.8407834593899283,0.25,0.9286976579552365,4.254321660089765,3.598619044472857,0.7074479580812703,9.985333408917745,env_corr_0.6,toward_HQ
3.0,1.0,10.0,2,1,blend,obs,0.6056666666666667,0.732392066023389,0.9363797281018955,0.7991052264238055,0.7233406302459751,0.9304599044089965,0.8527341666778322,0.8791187756212393,0.9855858821823865,0.9701803952312837,0.7230663319288217,0.9326763207739555,0.8152910320796639,0.7395782464910816,0.9392641437453741,0.8467284974708706,0.7566403139141802,0.9463197979922634,0.8481523595247686,0.7156682834003544,0.9228029302234807,0.8959725439985333,0.726860064093769,0.9314068866998404,0.749364812447294,0.8144434201149895,0.92224882392222,0.04998751327717994,185.77800739174566,3.697226381836729,0.6408994883022231,0.21892439597276667,0.8907218487576096,1.104566622265097,5.874497480824253,-0.10059839789336189,5.941360142373404,gaussian,linear,0.6,logit_quad,0.6,3000,0.682344735495749,-0.014740687239723382,0.1423100262531201,0.1910319689813742,0.7949891954634302,1,12.0,0.07318234586911157,0.26961445109575266,0.5278278878404005,0.844409030444674,0.8374845601927998,0.8152931350116434,0.709161538209828,0.29401839250176376,0.44375007424458257,0.844409030444674,0.25,0.8072456049717187,19.468163969197416,3.0212121853611937,0.6970854227354725,9.979311588369978,env_corr_0.6,toward_HQ
3.0,1.0,10.0,3,1,blend,obs,0.6006666666666667,0.7433882381690329,0.9410174755021957,0.8133908080045464,0.7383370432640375,0.9354240632707426,0.8665374100374792,0.8770559219401749,0.9838906049635243,0.9710921176040147,0.7296212399013859,0.9340973026646462,0.8213309667450233,0.7451125236586064,0.940225511951803,0.852315145011143,0.7652723211946363,0.9490725279704447,0.8594035415199238,0.721024790644954,0.923819977374588,0.9040839088709681,0.7426044356769972,0.9391240089391825,0.7757013472422335,0.8073417160485292,0.9208307330311589,0.7871495719017628,12.294298148267007,4.1830024267366195,0.6598251988608466,0.2163316299530414,0.9536358425011988,1.1624524069122832,5.9523913267306,-0.2998573133612743,5.831486411627564,gaussian,linear,0.6,logit_quad,0.6,3000,0.6817874813869838,-0.04687242015051579,0.13987855893632212,0.18874882169852525,0.7976512547839484,1,12.0,0.07445526854374622,0.26611960392260875,0.5256229036662805,0.8571158262738088,0.8484711374080693,0.8213332754496415,0.6883583894909605,0.15023615898764406,0.31879572762058817,0.8571158262738088,0.25,0.9417045954666713,4.714003289258811,3.2862324485982906,0.7286599015374995,9.987005206087298,env_corr_0.6,toward_HQ
3.0,1.0,10.0,4,1,blend,obs,0.593,0.7327804425290629,0.9360885583485752,0.7997628521169382,0.7260568179830879,0.9294793533411913,0.8551309340474219,0.8755228671934537,0.9835961492073886,0.9653309583266063,0.7254864838565654,0.9326845585780358,0.8155942295178897,0.7389633918930232,0.9378919253455359,0.843017816786841,0.754025032624784,0.9445334115617449,0.8472246540093988,0.7077073697259428,0.9167309518130994,0.8943522872528682,0.7380742607174868,0.9376880776496915,0.7696211438204229,0.8104544596838588,0.9079393799876715,0.8188819479112641,11.187139339879401,4.43787926471124,0.6720334469069713,0.21656562171126326,1.1301213646452175,1.294857380135795,5.874931812755511,-0.24096681483674756,5.815421185840275,gaussian,linear,0.6,logit_quad,0.6,3000,0.6821592978697186,-0.035739281242155196,0.14291997767911024,0.19289351547091335,0.7977346541514403,1,12.0,0.07410067975806275,0.27099054756203544,0.527398387009764,0.8473562576921178,0.8399274002515162,0.8155965516793294,0.6867935627726267,0.18022401882253497,0.43673553166358015,0.8473562576921178,0.25,0.9256110500701977,4.866239003789299,3.739543406947481,0.7178985791118739,9.988423379384148,env_corr_0.6,toward_HQ
3.0,1.0,10.0,5,1,blend,obs,0.598,0.7473116280217202,0.9412610748892593,0.8117980643612165,0.741066189598969,0.9375040985310544,0.8721638994288085,0.8924111550222763,0.9878728771446653,0.9768986885033015,0.7429818962372651,0.9419325472770687,0.835839525951236,0.7563787115983106,0.9459924538222955,0.8628140576009775,0.7701747996810144,0.9499706927540286,0.857295867380546,0.7303658521292689,0.9292257337382013,0.9109698407953278,0.7421694372611147,0.938059294885949,0.7733018381414728,0.811976027451015,0.9040413611041671,0.7432640447892707,19.704128718311022,5.07090403904596,0.6754549437871955,0.21237978332640065,0.9977081795359901,1.1266015451700897,6.110989077495675,-0.1571412490474482,6.0951024911055685,gaussian,linear,0.6,logit_quad,0.6,3000,0.6772973686224146,-0.021820829735402503,0.14385635279329229,0.19085147439452793,0.7956799521284629,1,12.0,0.07577653208235842,0.2720537394275642,0.5287791783196379,0.8654335691151084,0.8584804785428704,0.835850199466572,0.689940100779442,0.17318490446409784,0.3899330628440125,0.8654335691151084,0.25,0.9092931155053475,6.771078729521815,3.992338048489672,0.6991181983578172,9.985831594482347,env_corr_0.6,toward_HQ
3.0,1.0,10.0,0,1,blend,obs,0.6053333333333333,0.7358676883817754,0.9286714005232063,0.7148426559662803,0.7616586576723183,0.9467027790897774,0.881882057073604,0.9221280002568739,0.9933503038809216,0.9866290314029278,0.8666009471987862,0.982936506301671,0.9524765958552003,0.872946456885963,0.9843314524363297,0.9585597486884074,0.776492273922196,0.948885801267162,0.8130825261694737,0.9349873333332531,0.995591148418053,0.9951138571478675,0.8546995970190635,0.9776645078380451,0.9483727594222034,0.9223045297445152,0.887136283483271,0.047269354991799205,118.62714403850389,5.624093509755956,0.9743768324354092,0.05729561048094077,6.633134218683251,6.395153540524442,5.651194259389853,6.6005452477472275,5.653679695255202,gaussian,linear,0.6,logit_quad,0.6,3000,0.6721772291819244,1.2554095164157502,0.14967643727619911,0.22464191169694747,0.7969608706296997,1,12.0,0.076194199784707,0.2743839364934168,0.5454999997049399,0.9133599478479633,0.9257403450850817,0.9525332817972215,0.9769465840896269,0.6876805290334594,0.4016779690198028,0.9769465840896269,2.0,0.056072236594659416,122.80609287823097,5.549709853380102,-0.5832322872338259,9.743567032651418,env_corr_0.6,away_HQ
3.0,1.0,10.0,1,1,blend,obs,0.5973333333333334,0.7407206963202544,0.9312445383339231,0.7349594924167969,0.7264639665034509,0.9292403933161196,0.8509801222596818,0.8540790827553133,0.977461083672668,0.9514934272140403,0.8051834473192379,0.9628187188225407,0.9058166104884687,0.8181673644707093,0.9674002078947411,0.9199344305917216,0.77954667344909,0.9504083468620084,0.8269485374730755,0.9322361879595449,0.9953730158414372,0.9933921422418857,0.8479807423810155,0.9757458464466527,0.9462294676584884,0.9328479019099363,0.9058141585595839,0.0078357901616892,473.41706111024286,4.521871915070336,0.9779180925526253,0.05110920984512293,7.176763505142984,6.973340013709763,6.240308802522299,6.846428026401646,6.1882232694679145,gaussian,linear,0.6,logit_quad,0.6,3000,0.6794811964519689,1.264940970966502,0.1407200956893531,0.21884361467158747,0.7933634057006311,1,12.0,0.07613455465679986,0.2697917063231583,0.5215879227984779,0.876139584478925,0.8854457858533509,0.9058114675307735,0.9456601446936667,0.7307726240064966,0.4273960577687682,0.9456601446936667,2.0,0.005998750436458876,543.9563570349615,5.02741464061603,-0.585459774514533,9.798410691840738,env_corr_0.6,away_HQ
3.0,1.0,10.0,2,1,blend,obs,0.6056666666666667,0.7507252965735004,0.9359342405431597,0.7751567996947774,0.7233406302459751,0.9304599044089965,0.8527341666778322,0.8791187756212393,0.9855858821823865,0.9701803952312837,0.8249395332716194,0.9719639085791272,0.9259353896515338,0.8313306423240857,0.9739344407664252,0.9339136742079371,0.788266692108723,0.9537742743009848,0.8571719742011787,0.9139278278429099,0.9929262144422958,0.9874913023407327,0.8569103532629444,0.9780917652373711,0.9601871024096483,0.9247202160515795,0.8925774206618605,0.132292226339342,82.6967726183785,5.372224623582151,0.9769980242017836,0.053176556030374314,7.127650394782676,6.861941042306655,5.874497480824253,7.02629931560626,5.941360142373404,gaussian,linear,0.6,logit_quad,0.6,3000,0.682344735495749,1.255713511324023,0.1423100262531201,0.21446500326633153,0.7949891954634302,1,12.0,0.07318234586911157,0.26961445109575266,0.5278278878404005,0.8853385255484979,0.8973877218414024,0.9260160638304956,0.9919940170936016,0.7428389673040318,0.43019932971701647,0.9919940170936016,2.0,0.09126253560730002,106.6922681398232,5.386389326633307,-0.5733687758282741,9.769721989685168,env_corr_0.6,away_HQ
3.0,1.0,10.0,3,1,blend,obs,0.6006666666666667,0.7376084077751621,0.9296636220458734,0.7185308005155556,0.7383370432640375,0.9354240632707426,0.8665374100374792,0.8770559219401749,0.9838906049635243,0.9710921176040147,0.8303984536358616,0.9717654375594833,0.9300157506644966,0.8449867585500328,0.9762852319943957,0.9437520080118211,0.7776740256949815,0.9494372078842142,0.8142049925136355,0.9326340198123503,0.9952664521028134,0.9946302859317384,0.8483075452153828,0.975420394800099,0.948073999599379,0.9280155147718046,0.8995682806038146,0.10771600549292486,117.94844629281553,5.3211931421452014,0.9818669758513543,0.0468157765160053,7.5965850713865875,7.420735840488274,5.9523913267306,7.1370884630809215,5.831486411627564,gaussian,linear,0.6,logit_quad,0.6,3000,0.6817874813869838,1.27923265885421,0.13987855893632212,0.2113388836743377,0.7976512547839484,1,12.0,0.07445526854374622,0.26611960392260875,0.5256229036662805,0.8931977633932747,0.9037101895722734,0.9299397033275638,0.9828185259187314,0.7615336666650332,0.4411992484761871,0.9828185259187314,2.0,0.09603232791104274,125.94867367734594,6.198353678026667,-0.5974451774672263,9.758727088538196,env_corr_0.6,away_HQ
3.0,1.0,10.0,4,1,blend,obs,0.593,0.7452733311505029,0.9334291368056975,0.7493824467241877,0.7260568179830879,0.9294793533411913,0.8551309340474219,0.8755228671934537,0.9835961492073886,0.9653309583266063,0.8227223196069934,0.9695624389954033,0.9253334984093032,0.8348118110688401,0.973435036409053,0.9362458748884138,0.7856060263230271,0.952903928149591,0.8427229392062251,0.9183882831706278,0.9934465088074224,0.9912945267039026,0.8638479884275148,0.9801655343561484,0.9617269031379347,0.9305603740363919,0.8961746485512341,0.030726437139905406,232.85576956636396,4.7746001235793205,0.9765783720252523,0.053596604649293646,6.733203104707888,6.612279160033308,5.874931812755511,6.659804229904741,5.815421185840275,gaussian,linear,0.6,logit_quad,0.6,3000,0.6821592978697186,1.2595857764167353,0.14291997767911024,0.2171441003981851,0.7977346541514403,1,12.0,0.07410067975806275,0.27099054756203544,0.527398387009764,0.8845973207932527,0.8968362575635319,0.9253042967519635,0.9941208666478093,0.8095125842528059,0.4273208142442899,0.9941208666478093,2.0,0.02377439734632812,266.1404551090943,5.419318899941834,-0.5774264785470166,9.707475751112979,env_corr_0.6,away_HQ
3.0,1.0,10.0,5,1,blend,obs,0.598,0.7463497321681234,0.9341521644503769,0.751939389160493,0.741066189598969,0.9375040985310544,0.8721638994288085,0.8924111550222763,0.9878728771446653,0.9768986885033015,0.8400117123020077,0.9757145083417031,0.9410538140649187,0.8550041908408402,0.9799150000051535,0.9523210485660685,0.7855820073490144,0.9531490856409259,0.8400719492140915,0.9221755023861375,0.9939229840869325,0.9931466802447173,0.8534797558204235,0.9770437108578484,0.9491702953941084,0.9316394221584574,0.8964128431795109,0.014111177573827204,337.482104997684,4.937875216804232,0.9765911708643701,0.053086390624112086,7.124086810753003,7.201132549547675,6.110989077495675,6.967087833538434,6.0951024911055685,gaussian,linear,0.6,logit_quad,0.6,3000,0.6772973686224146,1.2374494113489127,0.14385635279329229,0.21060296586946775,0.7956799521284629,1,12.0,0.07577653208235842,0.2720537394275642,0.5287791783196379,0.9042226833679736,0.9154357672640774,0.9410980894565649,0.9995177323696407,0.7608821504553904,0.4093013428123181,0.9995177323696407,2.0,0.01578709050858443,313.8291244085322,5.786463491025518,-0.5601520427264981,9.65531216855709,env_corr_0.6,away_HQ
3.0,0.0,10.0,0,1,blend,obs,0.603,0.8922188269282564,0.9888265488460659,0.9979837959816686,0.7414519719977307,0.9367325700208131,0.8647008216080868,0.8868053627848371,0.9861937790888217,0.9679589706480353,0.8123754659081004,0.9637299721751337,0.9250925009719353,0.8211928050638074,0.9668083369883601,0.9310559479517361,0.9373126783302229,0.9962241590871235,0.9994112965214806,0.8156850332313432,0.9665543866476726,0.9539867926899233,0.8750448043572522,0.985950365886208,0.9675221128328184,0.9140192024959535,0.9010380512405782,0.8891919098896118,6.987992970904895,3.323092321915155,0.8019256270193023,0.16623962020770988,2.4908353495088633,2.8006554595215873,5.591891929584046,2.5004848782965476,5.593895269075987,gaussian,linear,0.0,logit_linear,0.6,3000,0.7170680376381457,0.6452115520657974,0.1597759990717959,0.2716641362526734,0.7969608706296997,1,12.0,0.0723433806375081,0.2830671668421225,0.5644455372703439,0.8832693256282624,0.8995324260699766,0.9250919118865939,0.9679514335026478,0.9249482885650799,0.6119803011379936,0.9679514335026478,2.0,0.8459817344170092,9.435297799967227,3.7167787978748077,0.07185648557234829,9.739829918291601,prop_linear,iso
3.0,0.0,10.0,1,1,blend,obs,0.5963333333333334,0.8769599436426996,0.9856773871338119,0.9980416536413351,0.7308199767075563,0.9329669225930087,0.8583997261535545,0.8732083280383401,0.9831335730526714,0.9607928366379914,0.810439607969933,0.963638220125349,0.9245200857112238,0.8180968930165861,0.9663080189165293,0.9296486813144093,0.9213696626800969,0.9942305499203038,0.9993285318595654,0.8200693553684657,0.9689071890342584,0.9549073266235368,0.8418945856525277,0.9774605298461272,0.9475776485420458,0.9310077149611093,0.8949189015266859,0.8813189762705016,5.199465584963082,3.51808647343753,0.82033013013281,0.15893665395290313,2.7324801183498466,2.9933092233485072,5.80388465458469,2.715867919025568,5.780524740175793,gaussian,linear,0.0,logit_linear,0.6,3000,0.729985653614518,0.7046164987734229,0.16101979802718194,0.27451225129657947,0.7933634057006311,1,12.0,0.07395892905460766,0.28914418898765865,0.5568840881462592,0.8804132807323085,0.8978680389107122,0.9245212102420176,0.9703305129976547,0.9246583487159762,0.591992004088943,0.9703305129976547,2.0,0.8502709850428345,6.280630651327614,3.88100275861395,0.025369154841095004,9.816284545749628,prop_linear,iso
3.0,0.0,10.0,2,1,blend,obs,0.6073333333333333,0.8803185122543016,0.9862902387499944,0.9954445680646528,0.7414656368792716,0.9367643117403853,0.860295564453576,0.8942617582242086,0.9877084632705556,0.9710600977539504,0.8152327560222048,0.96473587507561,0.9232560869519327,0.8235494868867095,0.9676195150406766,0.9290352715158047,0.9216341159014987,0.9941951642063435,0.9970157233657599,0.8196915384852328,0.9678442613486636,0.950846068000654,0.8386797903386858,0.9757784522316313,0.9382259051810851,0.9087795481668606,0.8995394525920104,0.8896852570031981,4.964886467302688,3.4406933816494707,0.8031557328930129,0.16542397725100455,2.4876344316856787,2.76505514846916,5.380783031145888,2.48750606765955,5.347864197489407,gaussian,linear,0.0,logit_linear,0.6,3000,0.719560799939859,0.6538319348364503,0.1643026486538191,0.2767315041998236,0.7949891954634302,1,12.0,0.07473270498981315,0.28718064442704117,0.5721229889347941,0.8799347320491272,0.896154560913417,0.9232554368245208,0.970039024493277,0.9259714217536968,0.5926287597388535,0.970039024493277,2.0,0.854737451522803,6.1520289675944175,3.8438517172419195,0.06572886510340888,9.785541525108364,prop_linear,iso
3.0,0.0,10.0,3,1,blend,obs,0.5943333333333334,0.8931169086555774,0.9889318208668073,0.9968811282439326,0.7454894206281577,0.9385925576425056,0.8762757868125832,0.8867437674871208,0.9863687892014418,0.9755539934371817,0.823516644659844,0.9678409207482427,0.9412198576862352,0.8313566623740305,0.9704677146024232,0.9463848983752401,0.9390418551897103,0.9964242740984743,0.9995468925829173,0.8141198423381457,0.9666319296205558,0.9605172296319748,0.8701980410451936,0.9846554765796662,0.9682741243126285,0.9324925321171458,0.8945942779924503,0.8103574020441059,12.40851876011557,3.5325348708673445,0.8143055175995697,0.16319188984105673,2.672174225003218,2.941549328363143,5.443149926865109,2.6638518235021302,5.436776081598333,gaussian,linear,0.0,logit_linear,0.6,3000,0.7245108764411987,0.6683657021508327,0.16626893420192923,0.2664603100047743,0.7976512547839484,1,12.0,0.07595171281668972,0.2909420768824878,0.5714846610828507,0.8976161167580469,0.9146744119636812,0.9412199995457668,0.9845570325382149,0.9349118762351122,0.5872380340213472,0.9845570325382149,2.0,0.7316630519298547,16.886525416523423,3.905862399848306,0.056145174290366036,9.798882518205605,prop_linear,iso
3.0,0.0,10.0,4,1,blend,obs,0.5936666666666667,0.8964112674285317,0.9897982084584309,0.9990959747574839,0.7380527681961363,0.9360742157690665,0.8687595196669248,0.9013113201310766,0.9896209385328038,0.9785098633185537,0.8174308302802304,0.9661729003472151,0.9338102655774082,0.8262756569754395,0.9691552538115633,0.9396190486039071,0.9411683543988458,0.996735896050181,0.9995465184104675,0.8022137967144835,0.9625911049107471,0.9522903298384329,0.8531127255941409,0.98041543739492,0.9535211848791922,0.910228370021595,0.8964538767811028,0.871766474943592,7.377460643684659,3.576443402928848,0.7990070652807248,0.1695948200205607,2.422913937316197,2.682963066458596,5.4081756734741715,2.419498315685957,5.402353422643341,gaussian,linear,0.0,logit_linear,0.6,3000,0.7170443285018625,0.647838323690724,0.1653088686992228,0.28035682521549,0.7977346541514403,1,12.0,0.0720047937762812,0.29081533829769135,0.5684324274877324,0.8894746897892088,0.9067719553902961,0.9338100827709161,0.9802624474963378,0.9195113665842706,0.5782217745236646,0.9802624474963378,2.0,0.8253225786455656,9.632415783453132,3.991941096042827,0.06920600481113857,9.79324338033451,prop_linear,iso
3.0,0.0,10.0,5,1,blend,obs,0.6016666666666667,0.8783386230684638,0.9857670308073401,0.9954473128077658,0.7455467558336333,0.9396464971143258,0.8689783870295196,0.8886794534726488,0.986758771428108,0.9680614485076889,0.8241469354242967,0.9682622320269382,0.9323256888706409,0.8319256143441485,0.9708078314720101,0.937384740287128,0.922484465324707,0.9942641678277669,0.997974669741878,0.8175314930943842,0.9675645771728969,0.9531605395119733,0.8451053387793795,0.9781455487936139,0.9501805684454812,0.9290475712524282,0.8956883279248183,0.8500763044580828,9.242706669973083,3.3450330182455597,0.8119862307166287,0.16241526722235342,2.6357129362975047,2.8995678901513204,5.568785975298391,2.637534639830078,5.556790424402244,gaussian,linear,0.0,logit_linear,0.6,3000,0.7309525824269445,0.6695608968697161,0.16409333885007304,0.26969301063228457,0.7956799521284629,1,12.0,0.07612260878316267,0.28852919850887304,0.5687235111666757,0.8896849107577761,0.9065862903471357,0.9323113887876969,0.9739937767266179,0.9099807430052463,0.5980603277488901,0.9739937767266179,2.0,0.7941461748346836,12.044797004044469,3.686823915544033,0.06139168555722829,9.775662075282284,prop_linear,iso
3.0,1.0,10.0,0,1,blend,obs,0.603,0.7548933365775697,0.9448307128623387,0.8330889555589601,0.7414519719977307,0.9367325700208131,0.8647008216080868,0.8868053627848371,0.9861937790888217,0.9679589706480353,0.7380529823317201,0.9353080211615331,0.8611781671737527,0.7542837260985333,0.9414637089597881,0.8778624975019264,0.7783337836792381,0.9528563244351757,0.8740952577987218,0.7319451745177403,0.9303067801787767,0.9082253657652479,0.7473531940968277,0.9430632001336523,0.8004135802313439,0.8205579354333261,0.9885275751290746,0.999168207200272,1.0983033182410546,1.787272292600788,0.5347439498096791,0.23893609504381785,0.015166437454544848,0.4595489843763485,5.591891929584046,0.022473735556020974,5.593895269075987,gaussian,linear,0.0,logit_linear,0.6,3000,0.7170680376381457,0.004542144996627695,0.1597759990717959,0.19864287062372193,0.7969608706296997,1,12.0,0.0723433806375081,0.2830671668421225,0.5644455372703439,0.8614023138911663,0.8613645767022927,0.8611782064913607,0.8600017277088192,0.8565849798083648,0.956922519094401,0.8614023138911663,0.25,0.9938266798075849,1.328488878066829,1.9791766258183183,0.712525892641518,9.985355633014073,prop_linear,toward_HQ
3.0,1.0,10.0,1,1,blend,obs,0.5963333333333334,0.7466320959866617,0.9414555462821689,0.8167308952148147,0.7308199767075563,0.9329669225930087,0.8583997261535545,0.8732083280383401,0.9831335730526714,0.9607928366379914,0.7337831578368875,0.9340083101140919,0.8613077195359157,0.7513683551289244,0.9408236428917878,0.8785966155662581,0.7755112934876286,0.9526034174268201,0.8645167926323194,0.7364651030705942,0.9336291017521637,0.9113524127055778,0.7226775480302521,0.9321062066654044,0.7548251543178274,0.8383247130970799,0.9872833760626455,0.9983398639385167,1.1540796234344086,1.8483205478296607,0.524589206726675,0.23981437771628983,0.15619948854594964,0.5898190679406871,5.80388465458469,0.1591288766530551,5.780524740175793,gaussian,linear,0.0,logit_linear,0.6,3000,0.729985653614518,0.032371783616905514,0.16101979802718194,0.204234957826052,0.7933634057006311,1,12.0,0.07395892905460766,0.28914418898765865,0.5568840881462592,0.8566117639299191,0.8582939252007201,0.8613128074818617,0.8675152261417145,0.8768753523199563,0.9403371890306819,0.8768753523199563,4.0,0.9898115308442943,1.4206439262848967,2.134511957191422,0.6976138699976124,9.967522794865953,prop_linear,toward_HQ
3.0,1.0,10.0,2,1,blend,obs,0.6073333333333333,0.7510630498664965,0.9423075215342365,0.8197993801137724,0.7414656368792716,0.9367643117403853,0.860295564453576,0.8942617582242086,0.9877084632705556,0.9710600977539504,0.7417121616977914,0.9367488824673368,0.8601631443922625,0.7578468862672509,0.9429142913078723,0.8764267298038318,0.7758682411092386,0.9516020699050622,0.8626192732309731,0.7421375340958526,0.9350638660579145,0.9075091032035489,0.7403824340811689,0.938469956713433,0.7800468005047558,0.8155768220373222,0.9871471063979489,0.9987385580064544,1.124008252248852,1.8049933256770914,0.5354593638588168,0.23775929675297175,0.08392873332878292,0.5014579151048936,5.380783031145888,0.08108286662610371,5.347864197489407,gaussian,linear,0.0,logit_linear,0.6,3000,0.719560799939859,0.01668830219586931,0.1643026486538191,0.20511828484774336,0.7949891954634302,1,12.0,0.07473270498981315,0.28718064442704117,0.5721229889347941,0.8586960137092243,0.85895010836751,0.8601634111304391,0.86220085550048,0.8637223030576283,0.9472062925997724,0.8637223030576283,4.0,0.9925967683414587,1.3121674797532976,2.012050525629033,0.7028724977439897,9.970419640756667,prop_linear,toward_HQ
3.0,1.0,10.0,3,1,blend,obs,0.5943333333333334,0.7624046069647072,0.9477447688916801,0.8416773997611368,0.7454894206281577,0.9385925576425056,0.8762757868125832,0.8867437674871208,0.9863687892014418,0.9755539934371817,0.7432852035527131,0.9377262606771961,0.8741334116490969,0.7596591044361198,0.944100862237122,0.8903084360814033,0.7865648785648287,0.9561571607359886,0.8838373353198907,0.7310241792334972,0.9303509346708847,0.9187254356510265,0.7436314136316337,0.9422188646281614,0.7910532913324215,0.8331529835004149,0.9781948192904791,0.9968826747394961,1.2678017103731902,1.9139797279333461,0.5478856045247938,0.23939618527534648,0.055147595307513134,0.47080637483877713,5.443149926865109,0.05825351312991629,5.436776081598333,gaussian,linear,0.0,logit_linear,0.6,3000,0.7245108764411987,0.012216433257122183,0.16626893420192923,0.20525640769653425,0.7976512547839484,1,12.0,0.07595171281668972,0.2909420768824878,0.5714846610828507,0.8742130608744534,0.8743307019361773,0.8741331779199725,0.872471647346215,0.8641959813327443,0.9191855627890846,0.8743307019361773,0.5,0.9907849338917554,1.4142549375072213,2.126336642565015,0.7122944431840764,9.988415244625,prop_linear,toward_HQ
3.0,1.0,10.0,4,1,blend,obs,0.5936666666666667,0.7544682416333135,0.9459604946981643,0.8308605838948506,0.7380527681961363,0.9360742157690665,0.8687595196669248,0.9013113201310766,0.9896209385328038,0.9785098633185537,0.7360186724139939,0.9351771484451846,0.8667168634765121,0.75290866346721,0.9417877179595842,0.8831110170256878,0.7798442161404437,0.9549117202660373,0.874027972413964,0.7328123924828686,0.931936386461893,0.9151769717805702,0.7342064513844762,0.9374042020503842,0.7768972627239565,0.8141857480541752,0.9876894208789101,0.9988511965435468,1.1209155136951612,1.83721867333278,0.53560967813107,0.24056052729140961,0.03937138940789155,0.43454612886093996,5.4081756734741715,0.045408368972779375,5.402353422643341,gaussian,linear,0.0,logit_linear,0.6,3000,0.7170443285018625,0.009737035250385773,0.1653088686992228,0.2127886336322268,0.7977346541514403,1,12.0,0.0720047937762812,0.29081533829769135,0.5684324274877324,0.8665202010180305,0.8666357092214747,0.8667167276229828,0.866342231941364,0.8638109619546867,0.9500627329587583,0.8667167276229828,1.0,0.99375972944483,1.3111904194246895,2.025067100256942,0.7073072932514767,9.981727536902874,prop_linear,toward_HQ
3.0,1.0,10.0,5,1,blend,obs,0.6016666666666667,0.7550864874995882,0.9458521662739603,0.83138356265303,0.7455467558336333,0.9396464971143258,0.8689783870295196,0.8886794534726488,0.986758771428108,0.9680614485076889,0.742899122983858,0.938599517234124,0.865876825499442,0.7589526988072975,0.9444612762406193,0.8814158102204945,0.7785307095175054,0.9539082163698798,0.8724736036064221,0.7332278437039352,0.9315160353878501,0.9091940013117413,0.7353839281741006,0.9389486200740057,0.7797109120698333,0.8291926212859777,0.9842290681309853,0.9981817088069938,1.1631149778909846,1.8533494867122877,0.5361988432874744,0.23865973754631342,0.021158298087105242,0.4261796393278529,5.568785975298391,0.02435628697270433,5.556790424402244,gaussian,linear,0.0,logit_linear,0.6,3000,0.7309525824269445,0.005199068096077619,0.16409333885007304,0.20670376580666294,0.7956799521284629,1,12.0,0.07612260878316267,0.28852919850887304,0.5687235111666757,0.866066818332631,0.8660783164555792,0.8658767427093056,0.8645513462901423,0.8581338963909284,0.9364252466461418,0.8660783164555792,0.5,0.9930235494692121,1.4312262865054433,2.017576023373344,0.7257535143308668,9.987108062363742,prop_linear,toward_HQ
3.0,1.0,10.0,0,1,blend,obs,0.603,0.7608788083588047,0.9431730572592963,0.8053434692845818,0.7414519719977307,0.9367325700208131,0.8647008216080868,0.8868053627848371,0.9861937790888217,0.9679589706480353,0.8440686163895506,0.9760750516382068,0.9395365232780061,0.851544349243953,0.978083195879473,0.9446408690430406,0.809475725623704,0.9628720961445391,0.8833734162265277,0.9283103137973794,0.9949464637546785,0.9958031075451708,0.871650681625424,0.9841141919108668,0.9715213103768198,0.9302548755085049,0.8902008211073617,0.040371649941605886,199.71250313931253,5.447897486371317,0.9769018049968462,0.05308329197983134,7.420333653197353,7.162088733304074,5.591891929584046,6.802281115943081,5.593895269075987,gaussian,linear,0.0,logit_linear,0.6,3000,0.7170680376381457,1.2953427372130224,0.1597759990717959,0.2274274011982121,0.7969608706296997,1,12.0,0.0723433806375081,0.2830671668421225,0.5644455372703439,0.8997343947818995,0.9122278477335592,0.9395300905525666,0.993752050900701,0.7157215677422567,0.42337293725547,0.993752050900701,2.0,0.0453540134935746,186.46601317013756,5.790707095670145,-0.5782746995748766,9.723048361676913,prop_linear,away_HQ
3.0,1.0,10.0,1,1,blend,obs,0.5963333333333334,0.7682622706052171,0.9455872408326901,0.813083566799339,0.7308199767075563,0.9329669225930087,0.8583997261535545,0.8732083280383401,0.9831335730526714,0.9607928366379914,0.8301998001018126,0.9725683202657708,0.9316994529215995,0.8398683875468919,0.9753923135833238,0.9382811268773077,0.8141901328517153,0.9638690138851413,0.8835225733529435,0.9119674589361276,0.9922383981794891,0.99001784110525,0.8669124451052104,0.9831499219138299,0.9701700828693124,0.9389626216491567,0.8942654208804247,0.2954805536906613,43.81724497712501,5.189942283886918,0.9782342685989571,0.05415861091503848,7.471515095363406,7.2726289423045065,5.80388465458469,6.840663325956525,5.780524740175793,gaussian,linear,0.0,logit_linear,0.6,3000,0.729985653614518,1.303743119025947,0.16101979802718194,0.22576230422257126,0.7933634057006311,1,12.0,0.07395892905460766,0.28914418898765865,0.5568840881462592,0.8952128983417422,0.9060215379408688,0.9316896751095805,0.9965431899425689,0.7711861678749541,0.42859305608661313,0.9965431899425689,2.0,0.27676943740366516,45.79325633642111,5.736745121565176,-0.573757465411429,9.728864494696154,prop_linear,away_HQ
3.0,1.0,10.0,2,1,blend,obs,0.6073333333333333,0.7707242428835596,0.947290120886855,0.8319247374821469,0.7414656368792716,0.9367643117403853,0.860295564453576,0.8942617582242086,0.9877084632705556,0.9710600977539504,0.8503866116678853,0.9780669298570552,0.9426789195564138,0.8582383228627809,0.9800550121238878,0.9481387365465372,0.8183926915126128,0.9659818797120505,0.902023919793833,0.9277100978828275,0.9949391764631134,0.9937407423155168,0.8710110625819281,0.9840473898205094,0.9743359975802303,0.9316779328564949,0.882985528059694,0.16952006162141217,63.880449656453486,6.18233217287191,0.9763869812273681,0.05563068677707115,7.2324389566663765,6.970105113289787,5.380783031145888,6.654230912439875,5.347864197489407,gaussian,linear,0.0,logit_linear,0.6,3000,0.719560799939859,1.2957032730702518,0.1643026486538191,0.2335434218387026,0.7949891954634302,1,12.0,0.07473270498981315,0.28718064442704117,0.5721229889347941,0.8962587471335067,0.9102993868231573,0.9426004718913181,0.9868335455827082,0.7790289684812511,0.4146315448877508,0.9868335455827082,2.0,0.18020667707099494,59.005509856606736,6.53265177076142,-0.5761424731303927,9.76961533916138,prop_linear,away_HQ
3.0,1.0,10.0,3,1,blend,obs,0.5943333333333334,0.764655403202657,0.9440997626193954,0.8008214272323267,0.7454894206281577,0.9385925576425056,0.8762757868125832,0.8867437674871208,0.9863687892014418,0.9755539934371817,0.8457950155129134,0.976801031213091,0.9485574205138129,0.8576371981650626,0.9800620403255009,0.9563788533105433,0.8105199741322032,0.9626235046842787,0.8746881059267531,0.9190184638874564,0.9931976463225035,0.9935798434271601,0.8707906009176218,0.9839671026369116,0.9709875140786934,0.94070747455911,0.893523863966275,0.008691311634661258,433.36914091548886,4.858713441521876,0.9757568397966553,0.05514242646328741,7.28327570740414,7.0906906006076165,5.443149926865109,6.711472014110462,5.436776081598333,gaussian,linear,0.0,logit_linear,0.6,3000,0.7245108764411987,1.295998240665013,0.16626893420192923,0.2351272196853611,0.7976512547839484,1,12.0,0.07595171281668972,0.2909420768824878,0.5714846610828507,0.9123999842694664,0.9240457907590612,0.9485141542414404,0.9988719005655718,0.7974384718810573,0.4296509003023167,0.9988719005655718,2.0,0.008912542340626838,428.24642525163506,5.606962446150165,-0.5714873642238142,9.743167208913292,prop_linear,away_HQ
3.0,1.0,10.0,4,1,blend,obs,0.5936666666666667,0.7647187463809817,0.944463689927734,0.8124972355945068,0.7380527681961363,0.9360742157690665,0.8687595196669248,0.9013113201310766,0.9896209385328038,0.9785098633185537,0.857111769475976,0.9805650130476327,0.9526213280190889,0.8673754516455272,0.9830733008122525,0.9588027099870056,0.8135526263273829,0.9638596217575051,0.886616321813427,0.9119427754322518,0.9920662649525238,0.9906649969814434,0.8669175121218475,0.9830937047831674,0.9722068599794206,0.9398968372526035,0.8754878344658247,0.026042115415601776,222.42358608562367,6.359399838158091,0.9757768054834576,0.057528656775906066,7.171903108956401,6.885491580247028,5.4081756734741715,6.587284666957631,5.402353422643341,gaussian,linear,0.0,logit_linear,0.6,3000,0.7170443285018625,1.3001562987917559,0.1653088686992228,0.24039685061629482,0.7977346541514403,1,12.0,0.0720047937762812,0.29081533829769135,0.5684324274877324,0.9066825862121032,0.9205178383711135,0.9526212844700279,0.9862585128779541,0.7213451511625311,0.3996578134353199,0.9862585128779541,2.0,0.03150857161212863,201.94037074876562,7.062658738611543,-0.5831119702898935,9.73033326397407,prop_linear,away_HQ
3.0,1.0,10.0,5,1,blend,obs,0.6016666666666667,0.761789850624621,0.9428361691798574,0.8006376143396092,0.7455467558336333,0.9396464971143258,0.8689783870295196,0.8886794534726488,0.986758771428108,0.9680614485076889,0.8400694855475357,0.9753868707079716,0.9373905318794964,0.8492124000302252,0.9778939845501098,0.9435103576875845,0.8095683234553902,0.9622531861837129,0.878055435274018,0.926161518857048,0.9944359385738276,0.9931737225449828,0.8651307125194534,0.9826332806535356,0.9698872624862859,0.9323219946969681,0.8987873504659791,0.028066087731966706,202.04475466237278,4.398771286329571,0.9750884919853036,0.056618365892135876,7.044579745788271,6.892664593097644,5.568785975298391,6.463504203070723,5.556790424402244,gaussian,linear,0.0,logit_linear,0.6,3000,0.7309525824269445,1.3052844899525073,0.16409333885007304,0.24048936380836716,0.7956799521284629,1,12.0,0.07612260878316267,0.28852919850887304,0.5687235111666757,0.9038410369371374,0.915321716268315,0.9373352067587245,0.9910898990151823,0.7586037554028188,0.4804258676681986,0.9910898990151823,2.0,0.028922299937008667,193.78316205083576,4.793055379432537,-0.5743319075255631,9.70057182554567,prop_linear,away_HQ
3.0,0.0,10.0,0,1,blend,obs,0.603,0.8922188269282564,0.9888265488460659,0.9979837959816686,0.7414519719977307,0.9367325700208131,0.8647008216080868,0.8868053627848371,0.9861937790888217,0.9679589706480353,0.8145484884401322,0.9655525262786356,0.9071768627524214,0.8214117373142945,0.9676583565992196,0.9196221780344443,0.9373126783302229,0.9962241590871235,0.9994112965214806,0.8156850332313432,0.9665543866476726,0.9539867926899233,0.8750448043572522,0.985950365886208,0.9675221128328184,0.9046200229347081,0.9032884466305066,0.7138558249833784,16.736408282875455,4.348828659368212,0.8788722680097043,0.13721900566032022,,,,2.457479147628989,4.268483479284241,gaussian,linear,0.0,rf,0.6,3000,0.7170680376381457,0.6452115520657974,0.1597759990717959,0.2716641362526734,0.7969608706296997,1,12.0,0.0723433806375081,0.2830671668421225,0.5644455372703439,0.8723092289628456,0.882712980928746,0.9072476058486424,0.9459452862618087,0.685617984775294,0.417090635809952,0.9459452862618087,2.0,0.7320820955605073,15.854777904566085,4.337944395262283,0.07185648557234829,9.739829918291601,prop_rf,iso
3.0,0.0,10.0,1,1,blend,obs,0.5963333333333334,0.8769599436426996,0.9856773871338119,0.9980416536413351,0.7308199767075563,0.9329669225930087,0.8583997261535545,0.8732083280383401,0.9831335730526714,0.9607928366379914,0.8153206365982034,0.9670349001917097,0.9090559475092788,0.8195250242567438,0.9680041618817253,0.9187997460344597,0.9213696626800969,0.9942305499203038,0.9993285318595654,0.8200693553684657,0.9689071890342584,0.9549073266235368,0.8418945856525277,0.9774605298461272,0.9475776485420458,0.9244638736582798,0.8923602484794376,0.7416012115872319,10.192063198385211,5.322877677001514,0.8921475813982043,0.12940895383941128,,,,2.7311737786152346,4.5062106786231,gaussian,linear,0.0,rf,0.6,3000,0.729985653614518,0.7046164987734229,0.16101979802718194,0.27451225129657947,0.7933634057006311,1,12.0,0.07395892905460766,0.28914418898765865,0.5568840881462592,0.8671294316789219,0.8789946061657823,0.9090794754205009,0.9537244759473411,0.7433500983959295,0.43781321907688986,0.9537244759473411,2.0,0.7433674533440242,10.181845793270632,4.746010580659432,0.025369154841095004,9.816284545749628,prop_rf,iso
3.0,0.0,10.0,2,1,blend,obs,0.6073333333333333,0.8803185122543016,0.9862902387499944,0.9954445680646528,0.7414656368792716,0.9367643117403853,0.860295564453576,0.8942617582242086,0.9877084632705556,0.9710600977539504,0.8131472585209968,0.9653642008279242,0.9047451625872538,0.8212511379730868,0.9678565790262841,0.9170349502325116,0.9216341159014987,0.9941951642063435,0.9970157233657599,0.8196915384852328,0.9678442613486636,0.950846068000654,0.8386797903386858,0.9757784522316313,0.9382259051810851,0.8964553640753739,0.9062799135203843,0.7844296683182163,8.424408690519394,4.294362639672308,0.8771252695316067,0.13726467937444645,,,,2.5156512313763693,4.302942871946674,gaussian,linear,0.0,rf,0.6,3000,0.719560799939859,0.6538319348364503,0.1643026486538191,0.2767315041998236,0.7949891954634302,1,12.0,0.07473270498981315,0.28718064442704117,0.5721229889347941,0.8687867294979655,0.8797360145886685,0.9047185335524557,0.9562979241078632,0.7426529813206145,0.4461554788001718,0.9562979241078632,2.0,0.7629532812068663,9.947794345062016,4.278654388930705,0.06572886510340888,9.785541525108364,prop_rf,iso
3.0,0.0,10.0,3,1,blend,obs,0.5943333333333334,0.8931169086555774,0.9889318208668073,0.9968811282439326,0.7454894206281577,0.9385925576425056,0.8762757868125832,0.8867437674871208,0.9863687892014418,0.9755539934371817,0.8250531326852326,0.9695731346278489,0.9241252761844163,0.8293810582669401,0.9707638021409262,0.9350812958864021,0.9390418551897103,0.9964242740984743,0.9995468925829173,0.8141198423381457,0.9666319296205558,0.9605172296319748,0.8701980410451936,0.9846554765796662,0.9682741243126285,0.9158219319021924,0.9032815942714616,0.6214102595069975,18.867460068781785,4.389986532632841,0.8824412614157907,0.1344332373875822,,,,2.6676522076298204,4.344909475267475,gaussian,linear,0.0,rf,0.6,3000,0.7245108764411987,0.6683657021508327,0.16626893420192923,0.2664603100047743,0.7976512547839484,1,12.0,0.07595171281668972,0.2909420768824878,0.5714846610828507,0.8863930994953908,0.8975551317256337,0.9241861838454704,0.9740789665732635,0.6959361968505362,0.4249081955093721,0.9740789665732635,2.0,0.6384984156380688,16.324123494625564,4.243892854901679,0.056145174290366036,9.798882518205605,prop_rf,iso
3.0,0.0,10.0,4,1,blend,obs,0.5936666666666667,0.8964112674285317,0.9897982084584309,0.9990959747574839,0.7380527681961363,0.9360742157690665,0.8687595196669248,0.9013113201310766,0.9896209385328038,0.9785098633185537,0.8263840305388427,0.9710754912557952,0.9240484673990988,0.8339230769642042,0.9729713949397996,0.9351156998555042,0.9411683543988458,0.996735896050181,0.9995465184104675,0.8022137967144835,0.9625911049107471,0.9522903298384329,0.8531127255941409,0.98041543739492,0.9535211848791922,0.9069083955332897,0.8987042542798094,0.7267416216226835,10.516984674658657,5.115388759082776,0.8738256198990437,0.13933001613416482,,,,2.4450514023411034,4.3748598650021835,gaussian,linear,0.0,rf,0.6,3000,0.7170443285018625,0.647838323690724,0.1653088686992228,0.28035682521549,0.7977346541514403,1,12.0,0.0720047937762812,0.29081533829769135,0.5684324274877324,0.8785204367624595,0.8910148398405301,0.9239484598460842,0.9814757384775745,0.7369658418153718,0.40446663315249554,0.9814757384775745,2.0,0.716855021660348,10.955980511883542,5.269547340667949,0.06920600481113857,9.79324338033451,prop_rf,iso
3.0,0.0,10.0,5,1,blend,obs,0.6016666666666667,0.8783386230684638,0.9857670308073401,0.9954473128077658,0.7455467558336333,0.9396464971143258,0.8689783870295196,0.8886794534726488,0.986758771428108,0.9680614485076889,0.8208344555438968,0.9683040466810008,0.9117966453417538,0.8193357977957157,0.9675801871541395,0.9183348839271888,0.922484465324707,0.9942641678277669,0.997974669741878,0.8175314930943842,0.9675645771728969,0.9531605395119733,0.8451053387793795,0.9781455487936139,0.9501805684454812,0.9161385716585253,0.8977320606042192,0.6843652986392469,15.460481432696056,4.4916349265803,0.877209517959179,0.13540797506739002,,,,2.676885633543956,4.403601199061127,gaussian,linear,0.0,rf,0.6,3000,0.7309525824269445,0.6695608968697161,0.16409333885007304,0.26969301063228457,0.7956799521284629,1,12.0,0.07612260878316267,0.28852919850887304,0.5687235111666757,0.8789704652710941,0.8893860714149644,0.9118158681630186,0.9447153261275716,0.6593538301245844,0.4337711166266436,0.9447153261275716,2.0,0.6694802031164485,18.39767303319832,3.84706164932401,0.06139168555722829,9.775662075282284,prop_rf,iso
3.0,1.0,10.0,0,1,blend,obs,0.603,0.7548933365775697,0.9448307128623387,0.8330889555589601,0.7414519719977307,0.9367325700208131,0.8647008216080868,0.8868053627848371,0.9861937790888217,0.9679589706480353,0.7411349002646104,0.9380110467227066,0.8414815668426708,0.7581251082521213,0.9438543064195901,0.8708215419378895,0.7783337836792381,0.9528563244351757,0.8740952577987218,0.7319451745177403,0.9303067801787767,0.9082253657652479,0.7473531940968277,0.9430632001336523,0.8004135802313439,0.8205834239082496,0.9550265707802749,0.9424692870765241,4.1653277587932775,2.96391962331348,0.7725694226878481,0.19662413430774148,,,,0.013685665179520589,4.268483479284242,gaussian,linear,0.0,rf,0.6,3000,0.7170680376381457,0.004542144996627695,0.1597759990717959,0.19864287062372193,0.7969608706296997,1,12.0,0.0723433806375081,0.2830671668421225,0.5644455372703439,0.8569766016041398,0.8522751195968534,0.841451728999684,0.8127632640744888,0.710528606487604,0.7634828229418669,0.8569766016041398,0.25,0.9557894726228173,2.8990467200203236,2.923292180639459,0.712525892641518,9.985355633014073,prop_rf,toward_HQ
3.0,1.0,10.0,1,1,blend,obs,0.5963333333333334,0.7466320959866617,0.9414555462821689,0.8167308952148147,0.7308199767075563,0.9329669225930087,0.8583997261535545,0.8732083280383401,0.9831335730526714,0.9607928366379914,0.7324220935191653,0.9351165460881057,0.8323041005570284,0.7513201211824589,0.9420185400413633,0.8634658903642135,0.7755112934876286,0.9526034174268201,0.8645167926323194,0.7364651030705942,0.9336291017521637,0.9113524127055778,0.7226775480302521,0.9321062066654044,0.7548251543178274,0.8313320110317173,0.9485509558387857,0.9178670123762257,5.0116679745456905,3.292303276187059,0.7802526588072167,0.19464749185541025,,,,0.19776358796089918,4.5062106786231,gaussian,linear,0.0,rf,0.6,3000,0.729985653614518,0.032371783616905514,0.16101979802718194,0.204234957826052,0.7933634057006311,1,12.0,0.07395892905460766,0.28914418898765865,0.5568840881462592,0.850373070931527,0.8454970222118333,0.8323234098877597,0.7933376700421241,0.631246537884707,0.7069785867168821,0.850373070931527,0.25,0.9385335161215171,4.328992280355395,3.1313070612730716,0.6976138699976124,9.967522794865953,prop_rf,toward_HQ
3.0,1.0,10.0,2,1,blend,obs,0.6073333333333333,0.7510630498664965,0.9423075215342365,0.8197993801137724,0.7414656368792716,0.9367643117403853,0.860295564453576,0.8942617582242086,0.9877084632705556,0.9710600977539504,0.7420296819730781,0.9387467331214302,0.8426618232719982,0.7560802267753519,0.9430799651438445,0.867643819468241,0.7758682411092386,0.9516020699050622,0.8626192732309731,0.7421375340958526,0.9350638660579145,0.9075091032035489,0.7403824340811689,0.938469956713433,0.7800468005047558,0.8102716072112697,0.9590779942852897,0.9507125812087548,4.320141217679022,2.753392312368047,0.7768751199730143,0.19265926676822906,,,,0.09602656416866492,4.302942871946674,gaussian,linear,0.0,rf,0.6,3000,0.719560799939859,0.01668830219586931,0.1643026486538191,0.20511828484774336,0.7949891954634302,1,12.0,0.07473270498981315,0.28718064442704117,0.5721229889347941,0.8542816655226714,0.8505920362920258,0.8426612767222005,0.8247331552201014,0.7798747344029423,0.809623667156353,0.8542816655226714,0.25,0.964542080181434,2.1981930456434173,2.6156455495013335,0.7028724977439897,9.970419640756667,prop_rf,toward_HQ
3.0,1.0,10.0,3,1,blend,obs,0.5943333333333334,0.7624046069647072,0.9477447688916801,0.8416773997611368,0.7454894206281577,0.9385925576425056,0.8762757868125832,0.8867437674871208,0.9863687892014418,0.9755539934371817,0.7463287662493999,0.9412077563077467,0.8560180319310463,0.7582292518986645,0.944306354302312,0.8823490628960214,0.7865648785648287,0.9561571607359886,0.8838373353198907,0.7310241792334972,0.9303509346708847,0.9187254356510265,0.7436314136316337,0.9422188646281614,0.7910532913324215,0.8268287154177414,0.9505282439496998,0.9397097341428349,3.0736224284313574,3.2778199357222335,0.7712339354010372,0.1966252253714718,,,,0.05870508159716743,4.344909475267475,gaussian,linear,0.0,rf,0.6,3000,0.7245108764411987,0.012216433257122183,0.16626893420192923,0.20525640769653425,0.7976512547839484,1,12.0,0.07595171281668972,0.2909420768824878,0.5714846610828507,0.8696162773555624,0.8651176243447669,0.8559738192701893,0.8375620530758852,0.7821874066011903,0.7032335000369959,0.8696162773555624,0.25,0.9443454087954309,3.418011766031056,2.9641967104432085,0.7122944431840764,9.988415244625,prop_rf,toward_HQ
3.0,1.0,10.0,4,1,blend,obs,0.5936666666666667,0.7544682416333135,0.9459604946981643,0.8308605838948506,0.7380527681961363,0.9360742157690665,0.8687595196669248,0.9013113201310766,0.9896209385328038,0.9785098633185537,0.7423587125131149,0.9402853151579724,0.8501055240308464,0.7502331833196698,0.9418608978039024,0.8697918855511352,0.7798442161404437,0.9549117202660373,0.874027972413964,0.7328123924828686,0.931936386461893,0.9151769717805702,0.7342064513844762,0.9374042020503842,0.7768972627239565,0.8143404641877272,0.9539438211626814,0.9396788167564232,4.069881893885794,3.4119333971439385,0.771468637827326,0.19601403092697636,,,,0.06325603291238888,4.3748598650021835,gaussian,linear,0.0,rf,0.6,3000,0.7170443285018625,0.009737035250385773,0.1653088686992228,0.2127886336322268,0.7977346541514403,1,12.0,0.0720047937762812,0.29081533829769135,0.5684324274877324,0.8616773978950347,0.8572601453875219,0.8501422686414505,0.842263772353527,0.8550254019091518,0.7101814582848596,0.8616773978950347,0.25,0.9466938337147334,3.0307313795038753,2.887789874320682,0.7073072932514767,9.981727536902874,prop_rf,toward_HQ
3.0,1.0,10.0,5,1,blend,obs,0.6016666666666667,0.7550864874995882,0.9458521662739603,0.83138356265303,0.7455467558336333,0.9396464971143258,0.8689783870295196,0.8886794534726488,0.986758771428108,0.9680614485076889,0.7511027474920929,0.9434618259799958,0.8477912549039993,0.7621460283972161,0.9466076183733012,0.8705391224342466,0.7785307095175054,0.9539082163698798,0.8724736036064221,0.7332278437039352,0.9315160353878501,0.9091940013117413,0.7353839281741006,0.9389486200740057,0.7797109120698333,0.8350550740478822,0.9468161897092198,0.9303805765690437,4.194281982349467,3.609221371862896,0.7766017223194519,0.1971676717979932,,,,0.04485305006734004,4.403601199061126,gaussian,linear,0.0,rf,0.6,3000,0.7309525824269445,0.005199068096077619,0.16409333885007304,0.20670376580666294,0.7956799521284629,1,12.0,0.07612260878316267,0.28852919850887304,0.5687235111666757,0.862114199567683,0.8577658508984332,0.8477682057971279,0.8203962828699437,0.6849103693393294,0.6646388688785528,0.862114199567683,0.25,0.9429944959013289,3.5402748119530365,3.1679461039647414,0.7257535143308668,9.987108062363742,prop_rf,toward_HQ
3.0,1.0,10.0,0,1,blend,obs,0.603,0.7608788083588047,0.9431730572592963,0.8053434692845818,0.7414519719977307,0.9367325700208131,0.8647008216080868,0.8868053627848371,0.9861937790888217,0.9679589706480353,0.8269178015511349,0.9706176553751003,0.9228389327865051,0.8227757251106769,0.9690995935264906,0.9226347794775636,0.809475725623704,0.9628720961445391,0.8833734162265277,0.9283103137973794,0.9949464637546785,0.9958031075451708,0.871650681625424,0.9841141919108668,0.9715213103768198,0.9140949632093877,0.9041911992294608,0.6195800717098529,23.52757688061167,4.350524091065381,0.9874466180154364,0.04447257199050935,,,,4.948799951384105,4.268483479284241,gaussian,linear,0.0,rf,0.6,3000,0.7170680376381457,1.2953427372130224,0.1597759990717959,0.2274274011982121,0.7969608706296997,1,12.0,0.0723433806375081,0.2830671668421225,0.5644455372703439,0.8878530024541043,0.9004619430677788,0.9226477675554623,0.9781443980689345,0.7987729065628402,0.5302685523592232,0.9781443980689345,2.0,0.5617418898489877,26.529580090615113,3.945612466512519,-0.5782746995748766,9.723048361676913,prop_rf,away_HQ
3.0,1.0,10.0,1,1,blend,obs,0.5963333333333334,0.7682622706052171,0.9455872408326901,0.813083566799339,0.7308199767075563,0.9329669225930087,0.8583997261535545,0.8732083280383401,0.9831335730526714,0.9607928366379914,0.8149537611436619,0.9675719348618677,0.9167561546857927,0.812588215673006,0.9665704047651178,0.9163827298106788,0.8141901328517153,0.9638690138851413,0.8835225733529435,0.9119674589361276,0.9922383981794891,0.99001784110525,0.8669124451052104,0.9831499219138299,0.9701700828693124,0.9244949617614338,0.9071570816659598,0.7212103603338779,16.42843565479082,4.2475334925465855,0.9854547401567243,0.04705248729594622,,,,5.046307903181848,4.5062106786231,gaussian,linear,0.0,rf,0.6,3000,0.729985653614518,1.303743119025947,0.16101979802718194,0.22576230422257126,0.7933634057006311,1,12.0,0.07395892905460766,0.28914418898765865,0.5568840881462592,0.8835366106781087,0.8953605218389767,0.916667579729002,0.9855907706033661,0.8150878110135942,0.46578505628135614,0.9855907706033661,2.0,0.6573721247870372,17.795869623239025,3.8848871825612,-0.573757465411429,9.728864494696154,prop_rf,away_HQ
3.0,1.0,10.0,2,1,blend,obs,0.6073333333333333,0.7707242428835596,0.947290120886855,0.8319247374821469,0.7414656368792716,0.9367643117403853,0.860295564453576,0.8942617582242086,0.9877084632705556,0.9710600977539504,0.833243675753648,0.9728665240569179,0.9282154130581804,0.8245408959914428,0.9697870784133954,0.9234424308772162,0.8183926915126128,0.9659818797120505,0.902023919793833,0.9277100978828275,0.9949391764631134,0.9937407423155168,0.8710110625819281,0.9840473898205094,0.9743359975802303,0.9155476355819987,0.8991192215449988,0.6819509231052141,12.409574856255647,4.679935967517244,0.9850953913589611,0.04849859002638402,,,,4.606944995815222,4.302942871946674,gaussian,linear,0.0,rf,0.6,3000,0.719560799939859,1.2957032730702518,0.1643026486538191,0.2335434218387026,0.7949891954634302,1,12.0,0.07473270498981315,0.28718064442704117,0.5721229889347941,0.885426874089654,0.9007439579719928,0.9278608472467207,0.9899040663455453,0.8663288040705931,0.5104980679663069,0.9899040663455453,2.0,0.6411788775645924,14.239337579969074,3.8257101022747215,-0.5761424731303927,9.76961533916138,prop_rf,away_HQ
3.0,1.0,10.0,3,1,blend,obs,0.5943333333333334,0.764655403202657,0.9440997626193954,0.8008214272323267,0.7454894206281577,0.9385925576425056,0.8762757868125832,0.8867437674871208,0.9863687892014418,0.9755539934371817,0.8322725768740575,0.9726895614339601,0.9344324816504402,0.8295827098238742,0.9716434858627677,0.9351529583830783,0.8105199741322032,0.9626235046842787,0.8746881059267531,0.9190184638874564,0.9931976463225035,0.9935798434271601,0.8707906009176218,0.9839671026369116,0.9709875140786934,0.923266329663779,0.9073891499885984,0.48255589687198297,28.337170128370186,4.217799535666724,0.9850659773603618,0.04638946384336064,,,,4.818625164927726,4.344909475267475,gaussian,linear,0.0,rf,0.6,3000,0.7245108764411987,1.295998240665013,0.16626893420192923,0.2351272196853611,0.7976512547839484,1,12.0,0.07595171281668972,0.2909420768824878,0.5714846610828507,0.9008231509843512,0.9126883458202375,0.9342891798270823,0.9944615944401154,0.830446205928768,0.4821522900999159,0.9944615944401154,2.0,0.47622270227985886,25.300015394298352,4.159570816726221,-0.5714873642238142,9.743167208913292,prop_rf,away_HQ
3.0,1.0,10.0,4,1,blend,obs,0.5936666666666667,0.7647187463809817,0.944463689927734,0.8124972355945068,0.7380527681961363,0.9360742157690665,0.8687595196669248,0.9013113201310766,0.9896209385328038,0.9785098633185537,0.8417192689038344,0.9762400397499705,0.939885966538732,0.8284012897185153,0.9718932129675762,0.9327196751945986,0.8135526263273829,0.9638596217575051,0.886616321813427,0.9119427754322518,0.9920662649525238,0.9906649969814434,0.8669175121218475,0.9830937047831674,0.9722068599794206,0.9239742615053972,0.8905588501429847,0.6046726842489709,17.164791706726444,5.272151168688569,0.984429114354924,0.0489329997694494,,,,4.999330040844778,4.3748598650021835,gaussian,linear,0.0,rf,0.6,3000,0.7170443285018625,1.3001562987917559,0.1653088686992228,0.24039685061629482,0.7977346541514403,1,12.0,0.0720047937762812,0.29081533829769135,0.5684324274877324,0.8992089885015339,0.9132776702337211,0.9396426103545934,0.997450137692137,0.7250428267362771,0.40672924303524216,0.997450137692137,2.0,0.561113124857135,17.704120054837162,4.290166829248236,-0.5831119702898935,9.73033326397407,prop_rf,away_HQ
3.0,1.0,10.0,5,1,blend,obs,0.6016666666666667,0.761789850624621,0.9428361691798574,0.8006376143396092,0.7455467558336333,0.9396464971143258,0.8689783870295196,0.8886794534726488,0.986758771428108,0.9680614485076889,0.8315909621908161,0.9729678591428862,0.9267101463417876,0.818427090928624,0.968365080838541,0.9193374332866096,0.8095683234553902,0.9622531861837129,0.878055435274018,0.926161518857048,0.9944359385738276,0.9931737225449828,0.8651307125194534,0.9826332806535356,0.9698872624862859,0.9239780031109821,0.9039129975011082,0.5871803796946904,21.43501209411466,4.642751692029668,0.9842997716709744,0.048427708476773225,,,,4.879760099326674,4.403601199061126,gaussian,linear,0.0,rf,0.6,3000,0.7309525824269445,1.3052844899525073,0.16409333885007304,0.24048936380836716,0.7956799521284629,1,12.0,0.07612260878316267,0.28852919850887304,0.5687235111666757,0.8928667816513413,0.904549517982034,0.9265382840542424,0.9847935395335385,0.6664797210308242,0.39816674070905345,0.9847935395335385,2.0,0.5610770868519377,23.29796329693393,3.7259778345445653,-0.5743319075255631,9.70057182554567,prop_rf,away_HQ
3.0,0.0,10.0,0,1,blend,obs,0.28633333333333333,0.8272651538416078,0.9717615816366209,0.9956100616192589,0.524992273221824,0.8107684790740095,0.6640126433655456,0.8094431412022471,0.9635302970641252,0.9421634411694636,0.7148343473640337,0.9272946247917041,0.8102179829574573,0.7374544769202027,0.9362798407969173,0.8518357628983853,0.8891657511743896,0.9883439616840705,0.9986995146865074,0.7172474529146224,0.9290214094835614,0.9060056207254973,0.7970413835027901,0.9625963631611408,0.9321898664372004,0.8365271709635584,0.763081979294746,0.3555326746460028,19.149389097349033,18.460304986098084,0.8479005436842315,0.1407028448399631,4.561096466032145,4.569295979141882,5.565698801918145,4.081696069239674,5.5842013781075295,gaussian,linear,0.0,logit_quad,0.3,3000,0.7681220481725836,0.7246242764907231,0.16230082253696426,0.3603108216940843,0.7969608706296997,1,12.0,0.029207092194409204,0.37784666924693777,0.4295414932740726,0.6894721833256774,0.7218378726159959,0.8102064570940306,0.8926960571218145,0.8318303565069949,0.4683912995016134,0.8926960571218145,2.0,0.375349000325854,14.185126860475535,20.491400816896114,0.04349777168186048,9.794650509765663,retain_0.30,iso
3.0,0.0,10.0,1,1,blend,obs,0.3006666666666667,0.8242050228404282,0.9705288663671033,0.9935903699138112,0.5327730458465834,0.8172521156997943,0.67372899857947,0.7920721620791309,0.9574740245279266,0.9306971468378215,0.7012332780361935,0.9228331585321494,0.80005743336281,0.7210594718502106,0.9300159297542284,0.8460025897341767,0.8819134169521208,0.9867296149182904,0.9987885346861473,0.7179207413934257,0.9291635633581142,0.9052230347515172,0.7916329818510872,0.9605770494110433,0.9388220027445462,0.8384315185948938,0.8021934312853174,0.12309572992759853,61.05788749557259,14.129935625561897,0.8537026605425081,0.1407348995445041,4.761194631037325,4.719961442151454,5.92218844373828,4.212961588116146,5.76984520105937,gaussian,linear,0.0,logit_quad,0.3,3000,0.7777026144111668,0.7464704203372444,0.16212088307097228,0.34492387776107947,0.7933634057006311,1,12.0,0.032324646291015176,0.3773557751043035,0.4296234316969471,0.6942750878735449,0.7223142205481079,0.8000483375650189,0.937284363286643,0.9076659283349662,0.5290964037260747,0.937284363286643,2.0,0.10828392116328313,64.98409166830514,15.503608646506555,0.031232194073922352,9.84913261212062,retain_0.30,iso
3.0,0.0,10.0,2,1,blend,obs,0.30933333333333335,0.8244336827106594,0.9707175287090586,0.9927909828371674,0.5424207974797162,0.8236616286818836,0.6772367559555328,0.8459983416349187,0.9743572800593657,0.9508779415952251,0.7325110117097884,0.9396861976934343,0.8058890826925493,0.7514406644841465,0.9440684452389329,0.85308305673116,0.8810411216556684,0.9866124474936813,0.9979820578236783,0.7289241696510118,0.9343183621136474,0.9044315816934972,0.7873292439215883,0.9592667144352462,0.9128929366353785,0.8036093565332376,0.7714727235873745,0.17945405721308288,56.963133473174686,19.05319780591865,0.8365865480628412,0.1484289408461636,4.045587558808436,4.031671411347664,5.445684203203116,3.9077477536103444,5.496955599243221,gaussian,linear,0.0,logit_quad,0.3,3000,0.7651216620041722,0.7202563966689222,0.16270878803462008,0.3533006399724489,0.7949891954634302,1,12.0,0.03366173732093837,0.3735983674034402,0.43551793110197035,0.6992260674703232,0.7285478485309378,0.8058716213816591,0.890873736396454,0.7718091253663489,0.7065368907090213,0.890873736396454,2.0,0.43274153110087726,12.250551826261681,18.413520100174427,0.04486526533525004,9.817821441807224,retain_0.30,iso
3.0,0.0,10.0,3,1,blend,obs,0.3,0.8301965456886797,0.9726049771433503,0.9952895632490762,0.5497396626858013,0.8286925342956293,0.6856355059101741,0.8536581160166008,0.9769154799422433,0.9496876255488397,0.7495476997322832,0.9431124148747526,0.8385736387688808,0.7693525100213718,0.9500095613716999,0.8730076814835666,0.890889441185923,0.9887185458389488,0.9993917443285244,0.7138328287726307,0.9265796243999155,0.9087067618300255,0.7902679454146497,0.9605007473133723,0.9220942058080204,0.8449116227566807,0.7587654857510103,0.20472694441408124,37.99493599748267,17.33064251022003,0.8386494708994708,0.14691746031916375,4.008403023481652,4.0556422441373785,4.974000156809463,3.913961496754363,5.051355456574761,gaussian,linear,0.0,logit_quad,0.3,3000,0.7701621081509261,0.7213546137029878,0.16826539450200328,0.3501460716452996,0.7976512547839484,1,12.0,0.03557254887479983,0.3780104636128993,0.44513422431161864,0.7145534289203029,0.7486379347716052,0.8385506844562827,0.9057994334130565,0.8438244238380137,0.411325665046396,0.9057994334130565,2.0,0.2134091440450903,38.17051067483919,17.667130779270327,0.048807494447938284,9.843729626560247,retain_0.30,iso
3.0,0.0,10.0,4,1,blend,obs,0.30533333333333335,0.8187396653916033,0.9692032968443343,0.9962135385670107,0.5378376626546209,0.8209047610101298,0.6756650908022539,0.8268935729542248,0.9688510188055647,0.9437680445132531,0.7210833979107314,0.9303725733635866,0.8048306644427576,0.7361253834834811,0.9360797951270469,0.8408224369588527,0.8809938612185572,0.9866992697982981,0.9985712500428809,0.7135011644586191,0.9270018796672935,0.9041512031091614,0.7809765105799944,0.9572050898737043,0.9119077849419618,0.8299027479645311,0.7678321987089227,0.04616031412987581,134.76730060809646,16.578913936438465,0.8456277397346387,0.1455107875197426,4.228959147430499,4.269381732181547,5.4052248704826775,3.904056466403205,5.41510010803316,gaussian,linear,0.0,logit_quad,0.3,3000,0.7663484942047437,0.7141103156674405,0.16476903867208476,0.36776738822946464,0.7977346541514403,1,12.0,0.03323182630472966,0.37392180855823004,0.4406510529765627,0.6987591213760515,0.7276796823137165,0.8048331539232569,0.8695086820792808,0.8313124069365023,0.465214716478243,0.8695086820792808,2.0,0.09912307512922768,84.27017460136655,14.549118960807244,0.052238178537303205,9.796210328153,retain_0.30,iso
3.0,0.0,10.0,5,1,blend,obs,0.298,0.8283890409664535,0.972208268419431,0.9968554014470279,0.5275090101932378,0.8130329009646216,0.6656489712925323,0.791348017592264,0.9571631428733458,0.9175454439407088,0.7112991175370671,0.9264793159091068,0.8071826149735376,0.7317438711545133,0.9348282817149557,0.8474524603027572,0.8891839100087026,0.988432695068219,0.9994205655163029,0.7157026062932843,0.9287247287846372,0.9014272805013978,0.7887245508972097,0.960067081521136,0.9152617582294167,0.8693140193826275,0.7769906798824975,0.031924646683428703,162.86362138424502,15.442769434771762,0.8522934897841683,0.13980862036695885,4.892481831624326,4.881615075211508,5.974624081346407,4.193726528562296,5.908685270000311,gaussian,linear,0.0,logit_quad,0.3,3000,0.7865931493776965,0.7416517449611589,0.16270817372737845,0.35196736886989,0.7956799521284629,1,12.0,0.034158326506472,0.37607133848375396,0.43265241744660987,0.6868933339486403,0.7184374038581847,0.8071742038786207,0.9143082315141136,0.8481917657400198,0.430371315965665,0.9143082315141136,2.0,0.03118743615452853,164.5318698291048,18.108578624933447,0.04494140441653764,9.829311364088838,retain_0.30,iso
3.0,1.0,10.0,0,1,blend,obs,0.28633333333333333,0.6220240579237859,0.8810909046928255,0.6191197566588799,0.524992273221824,0.8107684790740095,0.6640126433655456,0.8094431412022471,0.9635302970641252,0.9421634411694636,0.5785893977584208,0.8533709945228503,0.6433662599154816,0.6161175262095542,0.8747993965936354,0.7238635813423936,0.6671209472893207,0.9068718728161536,0.7322441921404274,0.5555123926593701,0.8269661032512278,0.8187676057868273,0.641331038016959,0.8919330575432973,0.5844229444525973,0.6792306518830338,0.8653288501145748,0.6969360126874222,10.364635783624427,11.351851689145787,0.6627958821587945,0.19004122440977012,2.2923685577919666,2.419442701746693,5.565698801918145,0.6237336409625539,5.5842013781075295,gaussian,linear,0.0,logit_quad,0.3,3000,0.7681220481725836,0.08814676927342713,0.16230082253696426,0.23360430050840372,0.7969608706296997,1,12.0,0.029207092194409204,0.37784666924693777,0.4295414932740726,0.6589851853221668,0.6557154405332992,0.6433702924128937,0.5758177260327896,0.44411718773277997,0.6097022630845972,0.6589851853221668,0.25,0.769983520767303,7.193263978823283,11.264034095225409,0.6799752788991565,9.947902613945377,retain_0.30,toward_HQ
3.0,1.0,10.0,1,1,blend,obs,0.3006666666666667,0.6323584794874704,0.8871459311512955,0.6263403955758997,0.5327730458465834,0.8172521156997943,0.67372899857947,0.7920721620791309,0.9574740245279266,0.9306971468378215,0.5833011860685214,0.8574495125355863,0.6456903659688039,0.6075974277317648,0.869735335704643,0.7196355110880536,0.678098322651066,0.9127395199137524,0.7363678921036135,0.5794495065653512,0.8452110655357716,0.8307439571988012,0.6374920604861067,0.8888260230041489,0.5677393104587869,0.7000616371627104,0.870439578822772,0.7925855934124001,6.117252123680544,11.472728009530925,0.6476630684064013,0.19643898448570218,2.107303691733294,2.233005621043524,5.92218844373828,0.6800260876038722,5.76984520105937,gaussian,linear,0.0,logit_quad,0.3,3000,0.7777026144111668,0.09916169554422227,0.16212088307097228,0.24211714867265688,0.7933634057006311,1,12.0,0.032324646291015176,0.3773557751043035,0.4296234316969471,0.6656510242202678,0.6610249340137385,0.6456904038451716,0.5608971734508853,0.3551965269861836,0.5863462651281278,0.6656510242202678,0.25,0.7985798944531369,8.017870316423599,8.249069858458304,0.6785409188669446,9.930783276986565,retain_0.30,toward_HQ
3.0,1.0,10.0,2,1,blend,obs,0.30933333333333335,0.6323342309726738,0.8861213921693079,0.6305940602876667,0.5424207974797162,0.8236616286818836,0.6772367559555328,0.8459983416349187,0.9743572800593657,0.9508779415952251,0.5977751512476395,0.8676130604008171,0.6474157260082867,0.6317522375931957,0.8865674688970222,0.725981297622986,0.6758241421775006,0.9102462670354838,0.7337283924073843,0.5798847475617237,0.844751040028371,0.8233299725929051,0.644766144692354,0.8928804011550847,0.5818922607932354,0.6583047879307002,0.8602342455151888,0.02760674504485278,181.27638316799278,10.868555557227316,0.6535107883437624,0.1991809621165689,2.06542047754008,2.159242531974806,5.445684203203116,0.621378227633496,5.496955599243221,gaussian,linear,0.0,logit_quad,0.3,3000,0.7651216620041722,0.0886483774462633,0.16270878803462008,0.2370586773670307,0.7949891954634302,1,12.0,0.03366173732093837,0.3735983674034402,0.43551793110197035,0.670250442494536,0.6656204768614701,0.647415803464761,0.5049440788680654,0.19498867750809848,0.585341359538255,0.670250442494536,0.25,0.7004336065387,15.885853328246501,9.298676268872317,0.6764732845579089,9.945184070106773,retain_0.30,toward_HQ
3.0,1.0,10.0,3,1,blend,obs,0.3,0.6369094249352967,0.8901134470148806,0.6482557408883182,0.5497396626858013,0.8286925342956293,0.6856355059101741,0.8536581160166008,0.9769154799422433,0.9496876255488397,0.6060591299396609,0.8708438669598315,0.6791787283200607,0.6360575841652696,0.8866716031968248,0.7450760072210995,0.6788718456280457,0.913066288000423,0.7518380266370209,0.569391179293636,0.8358307394326376,0.8269806286942186,0.6409277622757732,0.8916261393064404,0.5781900033927956,0.6762029394063296,0.8821144645355985,0.8084057041897942,6.704705531523171,9.12416229069266,0.6307314814814815,0.199235070903311,1.816398995684016,1.948343610608754,4.974000156809463,0.5644638447494669,5.051355456574761,gaussian,linear,0.0,logit_quad,0.3,3000,0.7701621081509261,0.08253567619339097,0.16826539450200328,0.23893614401135316,0.7976512547839484,1,12.0,0.03557254887479983,0.3780104636128993,0.44513422431161864,0.6841697607340066,0.6832460167025981,0.6791798146168592,0.6499661095237215,0.5067971059721712,0.5951614013555945,0.6841697607340066,0.25,0.8081153491461839,7.715283868752771,8.533970208352072,0.6876264319575351,9.958658542464134,retain_0.30,toward_HQ
3.0,1.0,10.0,4,1,blend,obs,0.30533333333333335,0.6301511545951612,0.8861730572208872,0.6253732089808914,0.5378376626546209,0.8209047610101298,0.6756650908022539,0.8268935729542248,0.9688510188055647,0.9437680445132531,0.5869621981072105,0.8586767711445533,0.6494953061103272,0.6202113658810506,0.8774371000388623,0.7246637653333777,0.675457378520782,0.9117875934249854,0.7369688704499248,0.5788043052710394,0.8440914094819886,0.8297445590744891,0.6361256525110289,0.8886778240608206,0.5717453428063798,0.674964084982159,0.8879760538591057,0.7696663071932118,11.288610001817672,9.029539201593234,0.6444995243443495,0.19887890056974955,1.9025645587784865,1.9816020025109902,5.4052248704826775,0.5673703565189128,5.41510010803316,gaussian,linear,0.0,logit_quad,0.3,3000,0.7663484942047437,0.08972365242311087,0.16476903867208476,0.243063367335446,0.7977346541514403,1,12.0,0.03323182630472966,0.37392180855823004,0.4406510529765627,0.668982874809382,0.6641279933107898,0.6494954811090877,0.5916444468613922,0.38334969736276575,0.626537321893609,0.668982874809382,0.25,0.8464713936057412,7.495065088163769,8.238381943557465,0.6766248417816328,9.94609372608021,retain_0.30,toward_HQ
3.0,1.0,10.0,5,1,blend,obs,0.298,0.6312531755875359,0.8857439502377904,0.6387481511347265,0.5275090101932378,0.8130329009646216,0.6656489712925323,0.791348017592264,0.9571631428733458,0.9175454439407088,0.5846317289786228,0.8572946855207534,0.6608697446192661,0.6162907051029853,0.8742230629974278,0.7267364260785849,0.6734484442600351,0.9092057996732108,0.7412426453034767,0.5599081576854633,0.8303047704987998,0.8163139611035369,0.6360711268386189,0.8885450803456245,0.5662430908076658,0.7234384107689644,0.8866192302507745,0.7587280359923662,11.148561732325613,9.481526883052597,0.6355868287262768,0.1971418933058686,2.1507918912830513,2.322325098040786,5.974624081346407,0.7914337434033248,5.908685270000311,gaussian,linear,0.0,logit_quad,0.3,3000,0.7865931493776965,0.11039193587871432,0.16270817372737845,0.22455359540400288,0.7956799521284629,1,12.0,0.034158326506472,0.37607133848375396,0.43265241744660987,0.6593637617251702,0.660016518083836,0.660869799945728,0.6576631498675451,0.5640385831606023,0.5839195009706439,0.660869799945728,1.0,0.7178569082488832,14.35610375294714,10.019963952399461,0.6762012134989822,9.946718456244021,retain_0.30,toward_HQ
3.0,1.0,10.0,0,1,blend,obs,0.28633333333333333,0.6827742080008102,0.9050970562946044,0.5856237492165546,0.524992273221824,0.8107684790740095,0.6640126433655456,0.8094431412022471,0.9635302970641252,0.9421634411694636,0.794455605056545,0.9614906471061866,0.8977963416712037,0.796804617512461,0.9615678230357699,0.9044932554191962,0.7410498777153314,0.9352766083825373,0.7450097820027023,0.8808667395299239,0.9853273116270205,0.9839576142240354,0.8066839150212645,0.9641662660881344,0.9145803913794314,0.9058453092230005,0.6788965528163498,0.13041750525620785,42.35484319060714,24.30051940969534,0.9859503381782255,0.040128222163862234,8.029841758293141,7.470170476659744,5.565698801918145,6.500493885959814,5.5842013781075295,gaussian,linear,0.0,logit_quad,0.3,3000,0.7681220481725836,1.3581714579427315,0.16230082253696426,0.2814319734859463,0.7969608706296997,1,12.0,0.029207092194409204,0.37784666924693777,0.4295414932740726,0.7617457998426373,0.8046348193649441,0.8976481632664082,0.9010778786360976,0.8816068552141866,0.4136732958774132,0.9010778786360976,2.0,0.144421740383116,34.90665076358805,25.755945247992386,-0.590049409770148,9.813105436702344,retain_0.30,away_HQ
3.0,1.0,10.0,1,1,blend,obs,0.3006666666666667,0.6817818611921753,0.9037451751125345,0.5788137476576348,0.5327730458465834,0.8172521156997943,0.67372899857947,0.7920721620791309,0.9574740245279266,0.9306971468378215,0.7651180100980978,0.9516650984457139,0.8745101771368659,0.7677933856746839,0.952281227001628,0.887229663905208,0.7387407995275785,0.9333463382409252,0.7355837755760518,0.8753726039669636,0.983984264862974,0.9799714117323917,0.7966901784205911,0.9604782392459182,0.8952075367596932,0.9011443940255608,0.7397408614735546,0.02048325490377305,165.36156831488458,16.565619735766163,0.9870270281695797,0.03927255927269602,8.644142533733149,8.002201027895765,5.92218844373828,6.786407691238251,5.76984520105937,gaussian,linear,0.0,logit_quad,0.3,3000,0.7777026144111668,1.3738758705426648,0.16212088307097228,0.2789815248753998,0.7933634057006311,1,12.0,0.032324646291015176,0.3773557751043035,0.4296234316969471,0.7617898649634016,0.7940095890268472,0.8746061728447627,0.9604242622174539,0.8801326704587576,0.4157490478631005,0.9604242622174539,2.0,0.015356480494634294,195.5548044820391,17.22187357861888,-0.596173256131498,9.801734796406812,retain_0.30,away_HQ
3.0,1.0,10.0,2,1,blend,obs,0.30933333333333335,0.6931870694717883,0.909956966649878,0.6124987382137757,0.5424207974797162,0.8236616286818836,0.6772367559555328,0.8459983416349187,0.9743572800593657,0.9508779415952251,0.83127096550148,0.97391375342312,0.923046393586754,0.8419471614525779,0.9767075704786841,0.9362780011756848,0.7507487938898575,0.9389090085241383,0.7646643855952864,0.8875040754201932,0.9875004606194067,0.9840522303166233,0.8099053897922223,0.9652272741750523,0.920379060191256,0.9134190896824318,0.6821001280092565,0.13494474132465745,32.38294274734331,27.062120686009237,0.985315027542937,0.042652755682696976,8.042529881749974,7.647054396843762,5.445684203203116,6.53835703186257,5.496955599243221,gaussian,linear,0.0,logit_quad,0.3,3000,0.7651216620041722,1.3537457963100301,0.16270878803462008,0.2792767670304389,0.7949891954634302,1,12.0,0.03366173732093837,0.3735983674034402,0.43551793110197035,0.7695368842039194,0.8133108829522585,0.9228793114312716,0.8996713754033797,0.8507204045805002,0.4110326638770959,0.9228793114312716,1.0,0.12793726111334644,37.319778470752986,31.46302661859269,-0.588624134305858,9.842097165799107,retain_0.30,away_HQ
3.0,1.0,10.0,3,1,blend,obs,0.3,0.6903030149627901,0.90859752185526,0.6053543312240286,0.5497396626858013,0.8286925342956293,0.6856355059101741,0.8536581160166008,0.9769154799422433,0.9496876255488397,0.8243336125294953,0.9719612258628175,0.9134091093139215,0.8339377591854055,0.9747262917198068,0.9263648545069063,0.745780928908678,0.9367317054052412,0.752057799956839,0.8791779675782595,0.9845037194085151,0.9807905454392575,0.8067374793038784,0.9641241414561355,0.9169220336545232,0.9113008483049938,0.6908564317133614,0.0361216277482379,113.80259036308203,21.750741197862254,0.9830415343915344,0.045648496508402824,7.461782595653753,7.115421693761473,4.974000156809463,6.309180493375545,5.051355456574761,gaussian,linear,0.0,logit_quad,0.3,3000,0.7701621081509261,1.360099744320184,0.16826539450200328,0.2830716879584857,0.7976512547839484,1,12.0,0.03557254887479983,0.3780104636128993,0.44513422431161864,0.7765594306251956,0.8188662923032628,0.9133287251911887,0.8970034628159576,0.8563510140279881,0.3981857316662525,0.9133287251911887,1.0,0.034517290260190396,120.50859084508343,24.234611652464217,-0.589937636169258,9.81129811321747,retain_0.30,away_HQ
3.0,1.0,10.0,4,1,blend,obs,0.30533333333333335,0.6811884173851501,0.9028759864817347,0.5795938218158246,0.5378376626546209,0.8209047610101298,0.6756650908022539,0.8268935729542248,0.9688510188055647,0.9437680445132531,0.7680709407517721,0.953058132981886,0.8783228037741819,0.7829083178862849,0.9583685028693024,0.8965017755116489,0.739054226300017,0.9329442408588764,0.7347212135913886,0.8756128570215058,0.9836686112712186,0.9779367683817852,0.7989574345059007,0.961279660528216,0.9063606575013896,0.8807565813663891,0.7507420885083372,0.026672035443440073,154.69331550908575,13.39236785460872,0.9850658269703041,0.04354665666438819,8.069938616324905,7.7297348791391665,5.4052248704826775,6.429966362040703,5.41510010803316,gaussian,linear,0.0,logit_quad,0.3,3000,0.7663484942047437,1.3767001438595343,0.16476903867208476,0.28442654645734794,0.7977346541514403,1,12.0,0.03323182630472966,0.37392180855823004,0.4406510529765627,0.7568767865242986,0.7934953172090935,0.8783237660813981,0.9777743987967387,0.884414630193294,0.38493033458525405,0.9777743987967387,2.0,0.03454129058273915,120.07078139196216,15.6556968973695,-0.6103516496547905,9.800600940517752,retain_0.30,away_HQ
3.0,1.0,10.0,5,1,blend,obs,0.298,0.6959515258292375,0.9115920132435728,0.6265754660279949,0.5275090101932378,0.8130329009646216,0.6656489712925323,0.791348017592264,0.9571631428733458,0.9175454439407088,0.7859974050556637,0.9594347344007856,0.892471168624834,0.782596689686116,0.957701356463403,0.8952830639447718,0.7554851853474992,0.9408070986964342,0.7724526262385123,0.870100669456718,0.9824186180065374,0.9760699896349546,0.8211969610091466,0.9693226365872634,0.9366350770469819,0.9219474922516192,0.6914688590991459,0.013048198952959774,255.85225485655204,22.741090355167255,0.9862744348202962,0.0400808580639032,8.422143193188871,7.783644215709561,5.974624081346407,6.555221203781222,5.908685270000311,gaussian,linear,0.0,logit_quad,0.3,3000,0.7865931493776965,1.3536890033683981,0.16270817372737845,0.2890060028844631,0.7956799521284629,1,12.0,0.034158326506472,0.37607133848375396,0.43265241744660987,0.7608632912186445,0.7990207786242326,0.8923222033049731,0.9191808787249941,0.9070224810869559,0.4110373890248643,0.9191808787249941,2.0,0.009352061771886374,304.9663561785467,21.896941050782303,-0.5670958539907016,9.791552542248274,retain_0.30,away_HQ
3.0,0.0,10.0,0,1,blend,obs,0.851,0.9483480800392838,0.9972285710341262,0.9962773965678633,0.863971769618874,0.9805704467153104,0.9578675915826208,0.9218366002038747,0.993345103521349,0.9854978795595613,0.8973704234334192,0.9885513854943571,0.9698385493419092,0.8999853129314868,0.9891247924863353,0.9739787912977849,0.9655277755110149,0.9986553946004701,0.9961889491518996,0.8886911299603383,0.9866326274012197,0.9781762548471279,0.9217821638993889,0.9932181994462869,0.9777795121628735,0.966702786425374,0.9531475511601594,0.7955147340588329,20.290539591785837,2.3817523879418796,0.8270166869524909,0.07941820542356073,2.432866638614475,2.6468823268328587,5.877620336086141,2.6118137837790427,5.661749033593553,gaussian,linear,0.0,logit_quad,0.85,3000,0.8507336031128216,0.7174724003647249,0.1910971564150926,0.23453898529227646,0.7969608706296997,1,12.0,0.13154599078740797,0.23791582613296852,0.8032133024571914,0.9605028520703837,0.963719379495574,0.9698428421773896,0.9729286317333564,0.5261077245779251,0.5050291480715108,0.9729286317333564,2.0,0.8135766946299705,19.45359621927838,2.2475015726200924,0.1332612027480966,9.819574062792224,retain_0.85,iso
3.0,0.0,10.0,1,1,blend,obs,0.8473333333333334,0.9543802177674072,0.9979349881491516,0.9988005105834777,0.874443190073706,0.983616767401002,0.9665737510156803,0.9326695322269547,0.9950825870800726,0.9913969722204067,0.9114076074304731,0.9915847618937567,0.9802995089072983,0.9149268315157959,0.9921785325231729,0.983532704117205,0.9767451313544485,0.9994525370844439,0.9991267184983279,0.8991401174604257,0.98920445624232,0.9849022436686455,0.9220014946889473,0.9929949542270016,0.97740682100854,0.9708564340560512,0.9562443712122662,0.8474196931065875,14.680279758602204,2.2750109125469145,0.8349643027702287,0.07903316377023357,2.4893324624846174,2.713722894244015,4.978404150368071,2.597353071043818,4.826748160477151,gaussian,linear,0.0,logit_quad,0.85,3000,0.842230087302485,0.7252055564620568,0.19753298745918285,0.23926880800928063,0.7933634057006311,1,12.0,0.13147309436857485,0.24616703510656235,0.8024347670014936,0.9696940753295522,0.9731813849731352,0.9803017419056729,0.9932256795071709,0.6772543604076929,0.5558094518830741,0.9932256795071709,2.0,0.8436357693609402,13.171338353254473,2.35163166785916,0.11702453084042828,9.746899949621465,retain_0.85,iso
3.0,0.0,10.0,2,1,blend,obs,0.846,0.9358120678036623,0.9957967466102611,0.9942107639093278,0.8758902667100104,0.9838783121917479,0.9619922028931975,0.950511576386055,0.9973039262161081,0.9940882126055156,0.9089556175221961,0.9910300028111041,0.9745784768400914,0.9126609681687632,0.9917194901355688,0.9781122736727997,0.9555749752075435,0.9979109998950648,0.9950901341785375,0.9028788318141188,0.9897619305962186,0.9811229174874273,0.9162833241864848,0.9923977745057277,0.9763479899574821,0.9509515868318885,0.9563230414792225,0.8773617705923189,13.920008840054473,2.1920723732643985,0.8003046336379669,0.08777943305278357,2.022079658024084,2.21308953872123,4.685837587892259,2.2031913244313657,4.642304154075265,gaussian,linear,0.0,logit_quad,0.85,3000,0.8078073529028826,0.6599889235955154,0.20276249182230585,0.25080364562519036,0.7949891954634302,1,12.0,0.1252456782240443,0.2506610227254622,0.8089111327227869,0.9646284878281646,0.9675158491544966,0.9745769415100317,0.9875951804629824,0.5944509880465236,0.5938632018128389,0.9875951804629824,2.0,0.9246467523564996,11.362256457680946,2.159310578783165,0.1478184293073672,9.788170939071446,retain_0.85,iso
3.0,0.0,10.0,3,1,blend,obs,0.851,0.9581722970768616,0.9982611752012313,0.9979223822578677,0.8927163646546216,0.9876776803738948,0.9751891561620738,0.9678679481580985,0.9989021987322872,0.9988869679362479,0.934336283371363,0.9952562518111855,0.9895026285051862,0.9385134306203665,0.9958348141633062,0.9919185067928501,0.9800955301654235,0.9996160428980375,0.9991237994051916,0.9124498816778333,0.9918344348272928,0.9910144640279991,0.9535359410524833,0.9976447819293086,0.9936842332197616,0.9562473337319006,0.9500284912738843,0.855978329228195,13.176407273388973,2.68138369748452,0.8296258032178662,0.0802802710814013,2.3713579033548724,2.5493257186079887,6.382525283828063,2.526072083206662,5.819830151574888,gaussian,linear,0.0,logit_quad,0.85,3000,0.8646171454822649,0.7282980581008226,0.19803660927181319,0.2375477406724485,0.7976512547839484,1,12.0,0.13770616751862133,0.2446172091382342,0.8095775843796087,0.978283235069278,0.9818181725660887,0.9895000891499043,0.9802222657815033,0.4897713734763948,0.41046438220114534,0.9895000891499043,1.0,0.8192945962097121,15.725215735510602,2.883931835662451,0.13631908738144224,9.804508434918372,retain_0.85,iso
3.0,0.0,10.0,4,1,blend,obs,0.8533333333333334,0.9564052348742671,0.9981798871440243,0.9996904868736314,0.8810730490987873,0.9855452318746124,0.968231105134649,0.9551463178957276,0.9978288640343337,0.9954577131483385,0.9164243424654361,0.9926129719449495,0.9810926839520915,0.9208371601402264,0.9933158249387923,0.9844251637666992,0.9789422817949406,0.9995891875882679,0.9996940467772583,0.9084944909117079,0.9914541437967049,0.9875747788172909,0.9376713585493939,0.9961027013736031,0.9891346090809016,0.9568802929454236,0.9578545742518605,0.9011903341116776,9.019936720716458,2.125634517707214,0.8019873046874999,0.08263431309121823,2.1348405271893394,2.350723688361893,5.943907580728421,2.326027324171415,5.595649821039808,gaussian,linear,0.0,logit_quad,0.85,3000,0.8486943130497908,0.7033970949753302,0.19918882346017805,0.2477828318173032,0.7977346541514403,1,12.0,0.13238784230687406,0.24515351784851044,0.8125064865814583,0.970972956406409,0.9744427631827434,0.9810921729068732,0.9920203595461679,0.6020771202188239,0.5366058662750486,0.9920203595461679,2.0,0.9008312116305124,9.658802947688384,2.2469213706952584,0.1452972180744606,9.686807090040325,retain_0.85,iso
3.0,0.0,10.0,5,1,blend,obs,0.856,0.9582015337039974,0.9982833791168817,0.9994598729311331,0.8858930448620495,0.9864595748016852,0.9700203812845064,0.9501478379637681,0.9972618529780024,0.9944194418967449,0.9229279759843378,0.9936178571433882,0.9831823103402536,0.9252067417780805,0.9939441850254642,0.9856182135798828,0.98020442462095,0.9996218411884361,0.9996154599691722,0.9101100222923324,0.99142638712537,0.98663883499634,0.9403516419084722,0.9961608427996149,0.9878913582969916,0.9670099541530125,0.9549375839905638,0.739337202627096,27.531909681151546,2.34527094807868,0.8172752069631938,0.07948069119736927,2.2976922590566526,2.504245963277719,5.849793846358491,2.416834287636371,5.535295113398147,gaussian,linear,0.0,logit_quad,0.85,3000,0.8643866847697859,0.712878692096115,0.20004529483692218,0.2435088742506064,0.7956799521284629,1,12.0,0.13744420368826205,0.2458403244998419,0.8137204311128008,0.9727816805049903,0.9761340298658031,0.9831884822712914,0.9904686579151152,0.5476037024768982,0.5013446400133499,0.9904686579151152,2.0,0.7642830310956482,24.981925309355212,2.306608987206536,0.15150799267367077,9.799521960040659,retain_0.85,iso
3.0,1.0,10.0,0,1,blend,obs,0.851,0.8722808610674352,0.9826941278961123,0.9513614690055164,0.863971769618874,0.9805704467153104,0.9578675915826208,0.9218366002038747,0.993345103521349,0.9854978795595613,0.8678512870035232,0.9816708930719925,0.9530009216094507,0.8711721238611961,0.9823214982896938,0.9594182913942998,0.8768838690123206,0.9837636610426759,0.9600064818449118,0.8585899643384676,0.9787825782296073,0.9670646762559925,0.8610149464466891,0.9793062585026193,0.930500837240745,0.9341634506644222,0.9787262401661269,0.9933224267513436,2.4219966453277046,1.5852731669547062,0.568676496747696,0.12198365591545095,0.3683635102950211,0.59614553151387,5.877620336086141,0.15511459845592993,5.661749033593553,gaussian,linear,0.0,logit_quad,0.85,3000,0.8507336031128216,0.04065407600183224,0.1910971564150926,0.2094983833767226,0.7969608706296997,1,12.0,0.13154599078740797,0.23791582613296852,0.8032133024571914,0.9565430007109345,0.9556771516218983,0.953001166072418,0.9408674248203163,0.824857235837957,0.801670379637257,0.9565430007109345,0.25,0.9974772925493994,1.4875801552397363,1.3995258996956301,0.8100795271109894,9.999999999989999,retain_0.85,toward_HQ
3.0,1.0,10.0,1,1,blend,obs,0.8473333333333334,0.8851654893406711,0.9859664737934606,0.958093713025999,0.874443190073706,0.983616767401002,0.9665737510156803,0.9326695322269547,0.9950825870800726,0.9913969722204067,0.883169527283329,0.9858597993294145,0.9648182695686428,0.8868682121545522,0.9864458029614734,0.9699122800255867,0.8939556450596366,0.9879619738428334,0.9679273377684915,0.8735125886913839,0.9832000916530286,0.9763586863266697,0.8640348271691385,0.9798969627662202,0.9314110339744165,0.9391637518226914,0.97690596760664,0.9917897971030476,2.245745583046071,1.6473602332715291,0.587734359700267,0.12060489712630669,0.5263134004667973,0.7928673586749163,4.978404150368071,0.3421687412335383,4.826748160477151,gaussian,linear,0.0,logit_quad,0.85,3000,0.842230087302485,0.08709243187093929,0.19753298745918285,0.2163028670654888,0.7933634057006311,1,12.0,0.13147309436857485,0.24616703510656235,0.8024347670014936,0.9659622818818471,0.9657997113678737,0.9648177815847001,0.9579062494286538,0.8515497850024506,0.7814119338839189,0.9659622818818471,0.25,0.9943710847408284,1.8123425668453832,1.546026072320027,0.7551376554315457,9.992733437250708,retain_0.85,toward_HQ
3.0,1.0,10.0,2,1,blend,obs,0.846,0.8784583299587942,0.9844402443263802,0.9517259022312274,0.8758902667100104,0.9838783121917479,0.9619922028931975,0.950511576386055,0.9973039262161081,0.9940882126055156,0.8773374648322145,0.9844408234359069,0.9548866530347524,0.8822420948561742,0.9853265871494024,0.9614998764511584,0.8862359596696495,0.9861789666309997,0.9614986666282633,0.8742448040714457,0.983063343883374,0.9708405902510594,0.8596941279474198,0.9788700483259498,0.9274869021296303,0.9153979829701381,0.9717139037786181,0.9690022502595076,8.42411922230486,1.8047575684950592,0.617145790904656,0.12293636422291551,0.26940237223671326,0.4756591836401738,4.685837587892259,0.0719319275076095,4.642304154075265,gaussian,linear,0.0,logit_quad,0.85,3000,0.8078073529028826,0.02195733042861142,0.20276249182230585,0.22339188153008668,0.7949891954634302,1,12.0,0.1252456782240443,0.2506610227254622,0.8089111327227869,0.9602500280896664,0.9590822536697688,0.9548887091074676,0.9331234840183235,0.6337887328734989,0.6996296019208202,0.9602500280896664,0.25,0.9960385248893728,1.5693705381833338,1.5137314637890102,0.7858500224742713,9.999999999989999,retain_0.85,toward_HQ
3.0,1.0,10.0,3,1,blend,obs,0.851,0.9016776618784756,0.9893421318415451,0.9677617989803972,0.8927163646546216,0.9876776803738948,0.9751891561620738,0.9678679481580985,0.9989021987322872,0.9988869679362479,0.8995128586730344,0.9892441605938018,0.9727623556231687,0.9026106987371575,0.9897479230500777,0.9769026760075514,0.9070724228401547,0.9905572877799742,0.9754979543667285,0.8853958065033622,0.9859522961523702,0.9824607451307175,0.8853214779449265,0.984879776550247,0.9484609231090905,0.9144830699590945,0.9760438794288608,0.9826546568440833,4.97829165245926,1.7074146244690853,0.6134082725853954,0.1174336007281653,0.4610037128851048,0.695576196254266,6.382525283828063,0.28996660741609664,5.819830151574888,gaussian,linear,0.0,logit_quad,0.85,3000,0.8646171454822649,0.07788520928683271,0.19803660927181319,0.21887024987508763,0.7976512547839484,1,12.0,0.13770616751862133,0.2446172091382342,0.8095775843796087,0.9743579581193664,0.9742657851479771,0.9727604443089168,0.9619451840945362,0.749942731476458,0.732562727262752,0.9743579581193664,0.25,0.9925044086024436,2.5721172822351352,1.5681174381286227,0.7867319361954321,9.999959333796257,retain_0.85,toward_HQ
3.0,1.0,10.0,4,1,blend,obs,0.8533333333333334,0.8915042973684786,0.9877483193364478,0.9630130209928235,0.8810730490987873,0.9855452318746124,0.968231105134649,0.9551463178957276,0.9978288640343337,0.9954577131483385,0.888383896100283,0.9872995996042764,0.9650099199798258,0.8928061411433807,0.988002371758854,0.9706703106942869,0.8983724626372104,0.9891194019490892,0.9712245653163999,0.8791417440099896,0.9849501494125534,0.9775913048554861,0.871375444198962,0.9821336032075169,0.939138146708604,0.9251434034133675,0.9731708675457221,0.9882301324547129,2.967186570204281,1.7517458071344716,0.617862215909091,0.11754496550953021,0.4559380949441126,0.6875201814394706,5.943907580728421,0.2748618532789728,5.595649821039808,gaussian,linear,0.0,logit_quad,0.85,3000,0.8486943130497908,0.0762467423554856,0.19918882346017805,0.21948162980446706,0.7977346541514403,1,12.0,0.13238784230687406,0.24515351784851044,0.8125064865814583,0.9674340257955976,0.9669473071788461,0.9650106766116782,0.9518240206944164,0.7011825685063764,0.7138848322123366,0.9674340257955976,0.25,0.9945684934596025,2.165831850467087,1.5521779834157818,0.772447570694305,9.99571115341205,retain_0.85,toward_HQ
3.0,1.0,10.0,5,1,blend,obs,0.856,0.8910982619099357,0.9875781957796882,0.9633545136953517,0.8858930448620495,0.9864595748016852,0.9700203812845064,0.9501478379637681,0.9972618529780024,0.9944194418967449,0.8901920158954961,0.987607219590696,0.9670630145180711,0.8932461484243889,0.9879585773901992,0.9715617400529374,0.8963532934142746,0.9885724470058521,0.9703936314054773,0.8816249728655138,0.9852145717905894,0.9771824097437781,0.8805514585613897,0.9852742190161659,0.9499004010303884,0.9309729633351196,0.9793422538574276,0.9915034056266059,2.2081668918478683,1.5789182701473745,0.6006732613649476,0.11750108197573651,0.330656084096731,0.537971167175526,5.849793846358491,0.1698006626144676,5.535295113398147,gaussian,linear,0.0,logit_quad,0.85,3000,0.8643866847697859,0.04527167772967228,0.20004529483692218,0.21886711441340348,0.7956799521284629,1,12.0,0.13744420368826205,0.2458403244998419,0.8137204311128008,0.9691821922370829,0.9687049541248588,0.9670648034434831,0.9585134183684554,0.8458875036045742,0.8050225875654546,0.9691821922370829,0.25,0.9963260325961492,1.6670086731197027,1.4321257221559716,0.8191150070401134,9.999112467699685,retain_0.85,toward_HQ
3.0,1.0,10.0,0,1,blend,obs,0.851,0.8578344644410865,0.9793640052833007,0.9598844201465274,0.863971769618874,0.9805704467153104,0.9578675915826208,0.9218366002038747,0.993345103521349,0.9854978795595613,0.8923115831401868,0.9876504254124601,0.9718671060049413,0.900004719623833,0.9893232960076793,0.9763706041466645,0.8951273703323224,0.9886001821138183,0.9784448467457406,0.9518702262744342,0.997541124810089,0.9968194649452315,0.9503010221710342,0.9975139459924326,0.9959356704587908,0.9631810413924792,0.9695174687842304,0.3367753988982297,65.14268977831954,2.0625229828718776,0.9796309294412592,0.028368419060986482,5.356455506201188,5.538476082421739,5.877620336086141,5.884670070649268,5.661749033593553,gaussian,linear,0.0,logit_quad,0.85,3000,0.8507336031128216,1.399215594515594,0.1910971564150926,0.21601089856702085,0.7969608706296997,1,12.0,0.13154599078740797,0.23791582613296852,0.8032133024571914,0.9644624863439942,0.967262721664305,0.971900270389357,0.9874018066087655,0.9375698217424027,0.7435411025778398,0.9874018066087655,2.0,0.3497169984174557,62.086583451384456,2.4188371038648278,-0.5484819914027724,9.665247166372142,retain_0.85,away_HQ
3.0,1.0,10.0,1,1,blend,obs,0.8473333333333334,0.8557465407471707,0.9780382896033879,0.9431003209218602,0.874443190073706,0.983616767401002,0.9665737510156803,0.9326695322269547,0.9950825870800726,0.9913969722204067,0.905175982437079,0.9905258758785193,0.9807902787647386,0.9095610588456517,0.9913730869408314,0.9834902207244248,0.8879087037500596,0.9864927126573674,0.9637299636254005,0.9524004415621484,0.9977625414848982,0.9985182481557171,0.9429962516581589,0.996927021976355,0.9943497291285607,0.9671379956269371,0.9678791464504515,0.5590338189917968,35.583482726599456,2.20173389890489,0.9756548500475849,0.029711010432332225,4.841286916654355,4.9440868812452425,4.978404150368071,5.465616475439572,4.826748160477151,gaussian,linear,0.0,logit_quad,0.85,3000,0.842230087302485,1.382811835595498,0.19753298745918285,0.2202936792361531,0.7933634057006311,1,12.0,0.13147309436857485,0.24616703510656235,0.8024347670014936,0.9729938538105871,0.9757171293965792,0.9807841660368487,0.9962531024982977,0.8694760346595398,0.6769636375607775,0.9962531024982977,2.0,0.48798905129697984,42.838078650099604,2.3839325133330025,-0.5405817482930129,9.676351587227055,retain_0.85,away_HQ
3.0,1.0,10.0,2,1,blend,obs,0.846,0.8525191866797839,0.9775809539516619,0.9531726972015632,0.8758902667100104,0.9838783121917479,0.9619922028931975,0.950511576386055,0.9973039262161081,0.9940882126055156,0.9152766388055815,0.9923629351850983,0.9807084345718704,0.9231654117528464,0.9936931926639633,0.984685802340505,0.887359786934283,0.9867278760139432,0.9733008929925264,0.9624504189811883,0.9984859459448935,0.9978162429311334,0.937324145305089,0.9961612188828088,0.9943562770516587,0.9587420318187414,0.9587751911963289,0.3921223817506499,61.7643692477198,2.5283398697337702,0.9759717233121489,0.03400226130672654,5.247580862901499,5.1289617906126725,4.685837587892259,5.673679431726359,4.642304154075265,gaussian,linear,0.0,logit_quad,0.85,3000,0.8078073529028826,1.3930905089903898,0.20276249182230585,0.22891024346792893,0.7949891954634302,1,12.0,0.1252456782240443,0.2506610227254622,0.8089111327227869,0.9696078370102621,0.9734443496780499,0.9807102336088527,0.9985089796343941,0.8379980271146744,0.6344198061262878,0.9985089796343941,2.0,0.40955460764004376,58.564419868635156,2.871611335232739,-0.5852831560875074,9.710656184886762,retain_0.85,away_HQ
3.0,1.0,10.0,3,1,blend,obs,0.851,0.849934907440833,0.9761991126599341,0.93413074907957,0.8927163646546216,0.9876776803738948,0.9751891561620738,0.9678679481580985,0.9989021987322872,0.9988869679362479,0.9400816112177979,0.9960861769918066,0.9920566947343737,0.9500502824668633,0.997269277422487,0.9950155449998616,0.8815880282876738,0.9849607560175613,0.9571149540623511,0.9639881411119038,0.9987614498087165,0.9999463445679323,0.9339815254587979,0.9958395202626109,0.990596568268971,0.959240694589489,0.9504776106924867,0.6148619379410566,29.378528442312685,3.011915910213067,0.9813690258685881,0.02987274449374324,6.553097922334629,6.272069294358748,6.382525283828063,5.99648608074612,5.819830151574888,gaussian,linear,0.0,logit_quad,0.85,3000,0.8646171454822649,1.431016311852179,0.19803660927181319,0.2223536332326767,0.7976512547839484,1,12.0,0.13770616751862133,0.2446172091382342,0.8095775843796087,0.982837579645672,0.9857809627439972,0.9920670389130661,0.9957005573567113,0.67692440215166,0.5482181955375531,0.9957005573567113,2.0,0.546138962371272,33.74481053398754,3.600463485914066,-0.5663991663699143,9.709180265263612,retain_0.85,away_HQ
3.0,1.0,10.0,4,1,blend,obs,0.8533333333333334,0.8546731061989297,0.9778704082175858,0.9480473486891993,0.8810730490987873,0.9855452318746124,0.968231105134649,0.9551463178957276,0.9978288640343337,0.9954577131483385,0.9176550396303202,0.9929707384487011,0.9830389700683234,0.9261982439678773,0.9943304004273223,0.9866219779649689,0.8880976270243072,0.9865918571127662,0.9680475911601792,0.9579963285181745,0.9982864638413548,0.9982798494062403,0.9433994380812095,0.9969360202240842,0.9959557669627945,0.9575824721386798,0.9618638997705802,0.5814903515135383,29.796910951612187,2.299113382326951,0.9782239879261364,0.031178497957938367,5.353128327520117,5.268073593806236,5.943907580728421,5.741671890015373,5.595649821039808,gaussian,linear,0.0,logit_quad,0.85,3000,0.8486943130497908,1.3914985420637398,0.19918882346017805,0.22486069131249592,0.7977346541514403,1,12.0,0.13238784230687406,0.24515351784851044,0.8125064865814583,0.9755093232472561,0.9782003921834189,0.9830063531320669,0.996278826514288,0.8855080743334893,0.7123772953902009,0.996278826514288,2.0,0.5568241284075361,30.832148065321128,2.726198498304596,-0.542804229013949,9.596725298660978,retain_0.85,away_HQ
3.0,1.0,10.0,5,1,blend,obs,0.856,0.8571071840315666,0.9783945762426461,0.9451754979389008,0.8858930448620495,0.9864595748016852,0.9700203812845064,0.9501478379637681,0.9972618529780024,0.9944194418967449,0.9195429320519262,0.9931802390486486,0.984114550722917,0.9273239479635864,0.9944078589270562,0.9876685356874654,0.8895438612929,0.9868669375987171,0.965923024068572,0.9651209058801409,0.9987969941079754,0.999090407188935,0.940259201148294,0.9966122973177429,0.9944940700754552,0.9635171872612103,0.9654641655670333,0.12412169037873562,131.76701381998726,2.2293695949456644,0.978856582439137,0.02843056536175632,5.342019097083929,5.714545875789172,5.849793846358491,5.777168009273208,5.535295113398147,gaussian,linear,0.0,logit_quad,0.85,3000,0.8643866847697859,1.414226117524272,0.20004529483692218,0.2276078255253288,0.7956799521284629,1,12.0,0.13744420368826205,0.2458403244998419,0.8137204311128008,0.9766342483667039,0.9793938130018998,0.9840917701988667,0.9960437971135808,0.9377078133669687,0.7624053465521204,0.9960437971135808,2.0,0.18579597266191114,101.0539184514073,2.5488013294280436,-0.5498394327544863,9.681059918032624,retain_0.85,away_HQ
3.0,0.0,10.0,0,1,blend,obs,0.63,0.887221067749449,0.9875548663068162,0.9948039188985216,0.7665255636972654,0.9457065036738415,0.9009632968461908,0.8953193393586207,0.988369418872874,0.992912643137608,0.8351395377566045,0.9722416040033428,0.9361102422023071,0.8429515431351293,0.9742257289636806,0.947612193041019,0.9305366511050471,0.9952298283151404,0.9977762637924595,0.8054216764555816,0.9620317876721518,0.9660845875532487,0.8681350950854068,0.9841801725853092,0.96382548553073,0.8554254605849972,0.9221131500312734,0.8261646336665246,7.14406989673759,3.616888725668083,0.8276371609704943,0.1408296998625558,3.082942360137495,3.182060660909386,5.379251409215945,3.589267135114845,5.417512097679164,gaussian,linear,0.0,logit_quad,0.6,600,0.6951022017371661,0.6763032052610156,0.15790969154538098,0.2759989378580822,0.7969608706296997,1,12.0,0.07611262189435074,0.27228947070328563,0.5799331539979211,0.9080371813202949,0.9160299780072193,0.9361098673389204,0.9833292453137178,0.7245713321691172,0.43842969032657475,0.9833292453137178,2.0,0.8411631409711455,5.372949323828119,4.106974333246209,0.01879899647615044,9.845523728289832,n_occ_600,iso
3.0,0.0,10.0,1,1,blend,obs,0.61,0.9089390141323906,0.9916078805341598,0.9930841051551672,0.7321559645187368,0.928954601553404,0.8833147651765859,0.8278132237648501,0.9678614900856252,0.950242506350172,0.7967122610369294,0.956873129002276,0.9144457197159416,0.8010601081393218,0.9584912250086164,0.9246782024872161,0.9471034738249491,0.9971191065571993,0.9960750914125157,0.7986360407632753,0.9599081989783412,0.9639662073064765,0.8575689164352461,0.9798586611047518,0.9437425138974076,0.939508160163651,0.9090832790147017,0.5256222502846996,17.76698843506664,3.8034229092929643,0.8099866890850498,0.14961614014770117,3.316876790778246,3.5170345310268525,7.0394879063248785,3.740276852385969,6.93319983051253,gaussian,linear,0.0,logit_quad,0.6,600,0.7386758523974967,0.6366819055321349,0.14394274008079253,0.248745585329885,0.7933634057006311,1,12.0,0.0816351247598397,0.26786177819867596,0.5373769301793727,0.8894973711659392,0.8980659100040489,0.914446165458311,0.9364165550112883,0.6543770080382854,0.384727853997881,0.9364165550112883,2.0,0.4203244789439908,22.514691350679463,4.144121137111579,0.10199394686536176,9.828825255888958,n_occ_600,iso
3.0,0.0,10.0,2,1,blend,obs,0.5933333333333334,0.8730165166451812,0.9844232758695772,0.9926983829789805,0.7484334323753883,0.940676109910901,0.8733651658903449,0.9132928986050768,0.9914546873881126,0.9749731494905539,0.8424574073540019,0.9765108844739391,0.9263051056431181,0.8573169006248205,0.9799109873517834,0.9396685336444088,0.9181815661034349,0.9936431644583663,0.9963714664539759,0.8135236724705659,0.9660567609969875,0.9590482042794011,0.8508237997309168,0.9783706087664089,0.9409396271569762,0.9014977940225221,0.8769261762337898,0.3186232237880318,20.34563586634127,6.4602283744474756,0.8350524958555904,0.15111221901369432,3.175151766203192,3.2624861810080765,5.549284958780186,3.3759383633375895,5.529970676322934,gaussian,linear,0.0,logit_quad,0.6,600,0.7348095494905462,0.6489231816790835,0.16836918689539082,0.2833016444905674,0.7949891954634302,1,12.0,0.07500838007556614,0.2946057444415884,0.5715068021315296,0.8856172157337546,0.896829213920285,0.9263013677252123,0.8741126773186496,0.5569083409030946,0.3604549746445941,0.9263013677252123,1.0,0.4370136380651905,17.4451517091825,6.955228001836565,0.08588636781146275,9.840427672018627,n_occ_600,iso
3.0,0.0,10.0,3,1,blend,obs,0.6166666666666667,0.8787719645844447,0.9861992102233255,0.9965161944143065,0.7202589106242909,0.9257406919311733,0.8611774841023769,0.8651028923434471,0.9811596021594896,0.9649452552177071,0.8120482281547663,0.9648177671525096,0.9172872031630607,0.8248099493821031,0.9690457329759717,0.9317908573735861,0.9206214345801051,0.9941783490155623,0.9971213146327917,0.783412486789252,0.9541736997475381,0.9455200390699693,0.8579717162562457,0.9823231384346022,0.9667441735842616,0.9219100217150672,0.8900706193494613,0.4135284085195516,17.206254002157902,5.157296437554455,0.8456345475910694,0.14004133839745517,3.453885004573134,3.6213984270886574,6.318915105344302,3.952313618893986,6.339824985660661,gaussian,linear,0.0,logit_quad,0.6,600,0.7534912081145891,0.7166841535913657,0.15216872885141916,0.27110435198675026,0.7976512547839484,1,12.0,0.07593612846485966,0.27151072403107596,0.5604520020137495,0.8756454986672715,0.887692983761605,0.9172780257817696,0.9619032794330551,0.6384478548917928,0.32353929065245046,0.9619032794330551,2.0,0.4268700439336586,20.0985811164688,5.820913046699574,0.03680705452322329,9.831558512076219,n_occ_600,iso
3.0,0.0,10.0,4,1,blend,obs,0.59,0.8772840154469529,0.9858245787132335,0.9993610592207696,0.7366036032933425,0.936828825409176,0.8848901749661677,0.8860545008408469,0.9872820749441541,0.9851968341148518,0.8432689971875882,0.9764689407680743,0.9414878232818895,0.8556786433025374,0.9796480768197993,0.954359847385145,0.9238460195676451,0.9944710155367071,0.9989303880107772,0.7942667784700471,0.9598473028378758,0.9598358741259454,0.8556296782306948,0.9810070611091448,0.9578423151350476,0.9013872087608623,0.8787020385937496,0.6259947791585824,9.767219922510526,5.8579893497043365,0.8449428138349181,0.1427434409084625,3.2194410286306687,3.3404320876953353,5.211459615416493,3.6011646125474988,5.192716604264853,gaussian,linear,0.0,logit_quad,0.6,600,0.7070973012650618,0.7136389237369998,0.1664431978307171,0.287791876856641,0.7977346541514403,1,12.0,0.06963466861991184,0.29302339380139775,0.5680201695552239,0.8990913467309916,0.9112514877898715,0.9415034407457403,0.9501400227420083,0.616122432007595,0.34770458609008503,0.9501400227420083,2.0,0.6470007521831458,9.354872173904116,6.450554058898846,-0.006541622471938039,9.837605861960057,n_occ_600,iso
3.0,0.0,10.0,5,1,blend,obs,0.5916666666666667,0.8625628208024461,0.9823236643017512,0.9943237418684177,0.734715932844014,0.9354430510303824,0.8534825318740101,0.877633631495733,0.984735153152557,0.9626734231829905,0.8230523986305084,0.9689707805349572,0.9170210286013923,0.8392217846507712,0.9738893189205517,0.9354911140492305,0.9100336556086669,0.9925474916507988,0.9963346080776552,0.8117811534598665,0.9656293804304894,0.9488197645748726,0.8758746166572081,0.9863780661215253,0.977961971615781,0.9323984591103386,0.8894449029192764,0.4639281545185485,19.95072823743612,4.03349614027652,0.8475021557918943,0.14671410658875714,3.2098276606780303,3.4683247634347065,6.276028906768983,3.643520975706723,6.187190011527796,gaussian,linear,0.0,logit_quad,0.6,600,0.7480313309725497,0.7702925056304695,0.16097174211907334,0.2759536431099046,0.7956799521284629,1,12.0,0.07475466004024675,0.2912536625824017,0.5526857265650045,0.8720128959548195,0.8867014356112215,0.9170228301060072,0.9681996285191721,0.7371110095521237,0.39226457108070756,0.9681996285191721,2.0,0.40975862734635327,22.19694134696375,4.529390360797808,-0.02226117465791973,9.822034923830635,n_occ_600,iso
3.0,1.0,10.0,0,1,blend,obs,0.63,0.7762209697577985,0.9539494841688132,0.8607090925685259,0.7665255636972654,0.9457065036738415,0.9009632968461908,0.8953193393586207,0.988369418872874,0.992912643137608,0.7656600465411993,0.948703699947367,0.8681449106855695,0.783497014061956,0.9541020570694356,0.8966541730076281,0.7984687625876845,0.9604782893561435,0.8968230748831433,0.7260362550827454,0.9262304392334396,0.9356764347918818,0.7711703791057505,0.9525409733553246,0.8319681344102849,0.7667716200853447,0.9271094640499106,0.9451024999796315,2.894783343519013,3.544773992529231,0.6261320844654178,0.21648306359300287,0.5099272111871485,0.8359610731183754,5.379251409215945,-0.29277613917307926,5.417512097679164,gaussian,linear,0.0,logit_quad,0.6,600,0.6951022017371661,-0.04593056839749493,0.15790969154538098,0.20949428652796437,0.7969608706296997,1,12.0,0.07611262189435074,0.27228947070328563,0.5799331539979211,0.8944814540771678,0.8881320672230829,0.8681451236880132,0.756128688593441,0.23459235262760902,0.4823339072781281,0.8944814540771678,0.25,0.9796869695799182,1.8411975994137117,2.677982996497625,0.7410327701346608,9.999501586785117,n_occ_600,toward_HQ
3.0,1.0,10.0,1,1,blend,obs,0.61,0.7755017304747631,0.951030101795285,0.8547186707664012,0.7321559645187368,0.928954601553404,0.8833147651765859,0.8278132237648501,0.9678614900856252,0.950242506350172,0.7522986409819159,0.9408607259562632,0.8634698735361593,0.7573740230172269,0.9415231746274524,0.8850283685439065,0.7940606000495504,0.9573197521219915,0.8902038980828059,0.7200762071447591,0.9228452999204946,0.9272904595271727,0.7434918208578685,0.9351039857315793,0.7734581757982093,0.8589870494719146,0.9296244877041352,0.9157110958699427,4.907561975337309,3.5610439544654304,0.6325778805287002,0.21558238660009668,1.0513079363102757,1.2588042202831145,7.0394879063248785,0.22475813121532676,6.93319983051253,gaussian,linear,0.0,logit_quad,0.6,600,0.7386758523974967,0.040005368248757334,0.14394274008079253,0.1945766170715572,0.7933634057006311,1,12.0,0.0816351247598397,0.26786177819867596,0.5373769301793727,0.8782859474499297,0.874693967279444,0.863471195505432,0.8094640442046094,0.44465145677489504,0.5820089675549847,0.8782859474499297,0.25,0.9589500612038158,3.285340020117727,2.6072086388106888,0.6986704841487394,9.972295642209861,n_occ_600,toward_HQ
3.0,1.0,10.0,2,1,blend,obs,0.5933333333333334,0.753300306797815,0.9433357322223145,0.8142845474668553,0.7484334323753883,0.940676109910901,0.8733651658903449,0.9132928986050768,0.9914546873881126,0.9749731494905539,0.7578117574092224,0.9477046349710901,0.8484517321880081,0.7725208149244007,0.9511597723774453,0.8739621730974574,0.7825499669713977,0.9544474714163036,0.8642319012527667,0.7278112905513769,0.9283268358590775,0.919705478418616,0.748714345118312,0.940623316193357,0.7872129620836169,0.8070695834898013,0.9218693015770216,0.8195923309519836,7.702638341132022,4.573461434803222,0.6539130134463069,0.2162642956411393,0.6264235427764091,0.7832754997525372,5.549284958780186,0.24214957355020772,5.529970676322934,gaussian,linear,0.0,logit_quad,0.6,600,0.7348095494905462,0.03673559032277679,0.16836918689539082,0.21522218530122417,0.7949891954634302,1,12.0,0.07500838007556614,0.2946057444415884,0.5715068021315296,0.8684472230212836,0.8637361208979871,0.8484504711463648,0.7609679275634753,0.394655836914491,0.4225682731866084,0.8684472230212836,0.25,0.9217689206614086,4.967985099252721,3.580904133205395,0.6980739591677695,9.967485219611673,n_occ_600,toward_HQ
3.0,1.0,10.0,3,1,blend,obs,0.6166666666666667,0.7435121983992125,0.9417970123317844,0.8215676337466318,0.7202589106242909,0.9257406919311733,0.8611774841023769,0.8651028923434471,0.9811596021594896,0.9649452552177071,0.730153693194791,0.9341122658000331,0.843752281971935,0.7418460455172512,0.9374272877335661,0.8672994199377814,0.7658387643633969,0.949339465633166,0.8641239826887592,0.6929553495693652,0.9097341359707516,0.9031542561011762,0.7523361533467652,0.9473654986681801,0.8107062191172885,0.8264483681623204,0.943734124458161,0.942496389466418,4.025367835437182,3.0574699721215066,0.6226498237367804,0.21798870112897045,0.8684853234828496,1.046440718027134,6.318915105344302,-0.07563672993212274,6.339824985660661,gaussian,linear,0.0,logit_quad,0.6,600,0.7534912081145891,-0.010501815772193501,0.15216872885141916,0.2126598287824853,0.7976512547839484,1,12.0,0.07593612846485966,0.27151072403107596,0.5604520020137495,0.8581102578518165,0.8538431164816846,0.8437514167499564,0.7971212335735741,0.4047174055605391,0.6145831933196715,0.8581102578518165,0.25,0.9696495931773126,3.094359365840325,2.3810529539679037,0.7639930238867826,9.999999999989999,n_occ_600,toward_HQ
3.0,1.0,10.0,4,1,blend,obs,0.59,0.7594733433855009,0.9497972112350889,0.8417725381248817,0.7366036032933425,0.936828825409176,0.8848901749661677,0.8860545008408469,0.9872820749441541,0.9851968341148518,0.743420579471827,0.9427349070319516,0.8561093506796599,0.7581504121648792,0.9471320387174188,0.882647141479955,0.7832433954110871,0.9576643968372139,0.8832821213853372,0.7047646272593694,0.9183966907343679,0.9250092713186882,0.7419008673468832,0.9428881642028676,0.7958656150201654,0.795857534796703,0.9267648342097617,0.891405976289103,5.939794182901483,3.7560860817729385,0.6319358320701851,0.22137112145394439,0.67732440447295,0.8174591909365552,5.211459615416493,0.06962645489291922,5.192716604264853,gaussian,linear,0.0,logit_quad,0.6,600,0.7070973012650618,0.005040138408587802,0.1664431978307171,0.22270854102588905,0.7977346541514403,1,12.0,0.06963466861991184,0.29302339380139775,0.5680201695552239,0.8784759304791083,0.8733314337287715,0.8561085531523454,0.7680901939370102,0.4625090476439137,0.5768576833481013,0.8784759304791083,0.25,0.9567441298522668,3.7653079804619027,2.991138714817106,0.7020571628564739,9.961081899409022,n_occ_600,toward_HQ
3.0,1.0,10.0,5,1,blend,obs,0.5916666666666667,0.7521026271987891,0.9450720573085005,0.834261487257069,0.734715932844014,0.9354430510303824,0.8534825318740101,0.877633631495733,0.984735153152557,0.9626734231829905,0.7465444703453382,0.9424369910514004,0.8423326680886577,0.762198790692596,0.9464917525103661,0.8733361137908341,0.7726558864979095,0.9515387159023952,0.8745533065092901,0.7040126513660828,0.9165481415364386,0.898823059141509,0.7643988731306327,0.9521046917229585,0.8310307614246838,0.838052301254399,0.9523523149696467,0.9615905763086918,3.3632823838739636,2.954240666027171,0.5893187697614257,0.23188594463596113,0.6537601912603814,0.8203685509406219,6.276028906768983,0.2076783315023698,6.187190011527796,gaussian,linear,0.0,logit_quad,0.6,600,0.7480313309725497,0.03482713225817624,0.16097174211907334,0.20986335623474905,0.7956799521284629,1,12.0,0.07475466004024675,0.2912536625824017,0.5526857265650045,0.8509283225900987,0.8491260513943211,0.8423295905542157,0.8149354916922061,0.624560452248141,0.720343261910417,0.8509283225900987,0.25,0.9837906910656075,2.0159810510989695,2.3636994394771853,0.7132041987143736,9.973429751795488,n_occ_600,toward_HQ
3.0,1.0,10.0,0,1,blend,obs,0.63,0.7647552036246834,0.9445407593297432,0.813977185439218,0.7665255636972654,0.9457065036738415,0.9009632968461908,0.8953193393586207,0.988369418872874,0.992912643137608,0.841490689364949,0.9739386514018147,0.9494520929299577,0.8532310748987818,0.9775021402661948,0.9580651095685044,0.8116569583283563,0.9634380848127523,0.8862914021313822,0.9095476391433203,0.9919045245746577,0.9968224151147993,0.8761322748665047,0.9850767016979654,0.9685119262727442,0.8733106423836765,0.9169989076011554,0.7723292959768465,6.712970933825513,4.127893795330601,0.972627389294056,0.05292327794882314,5.815581840366189,5.764960322153565,5.379251409215945,6.1784124985956685,5.417512097679164,gaussian,linear,0.0,logit_quad,0.6,600,0.6951022017371661,1.3285217977764792,0.15790969154538098,0.22920693767120776,0.7969608706296997,1,12.0,0.07611262189435074,0.27228947070328563,0.5799331539979211,0.9181193023657712,0.9273585949440228,0.949457277761585,0.9914727439800324,0.6657792801256149,0.3653870334130558,0.9914727439800324,2.0,0.7266863655324766,8.785272259551297,4.8501411328337545,-0.6334195960393131,9.771759550338407,n_occ_600,away_HQ
3.0,1.0,10.0,1,1,blend,obs,0.61,0.7750549207298324,0.9496317892210404,0.836160046128851,0.7321559645187368,0.928954601553404,0.8833147651765859,0.8278132237648501,0.9678614900856252,0.950242506350172,0.8064643817327921,0.9610942790685808,0.9219673858822801,0.8152345149965574,0.9645460959942427,0.9367147011074958,0.8239780114995428,0.9680902077047168,0.9016925195607739,0.8965882012221693,0.9894192440040359,0.9956741066795146,0.8829729910246691,0.9868162599611302,0.9768181307801331,0.9445813991528865,0.908093529715266,0.04960044883493524,84.3428221071669,4.093692939248147,0.9814347765167437,0.04837023986857235,7.899412024870876,7.99015327720413,7.0394879063248785,7.331857579348117,6.93319983051253,gaussian,linear,0.0,logit_quad,0.6,600,0.7386758523974967,1.2755523567300582,0.14394274008079253,0.20999162605413352,0.7933634057006311,1,12.0,0.0816351247598397,0.26786177819867596,0.5373769301793727,0.9020687085095023,0.9092493980067243,0.9220157542540791,0.9603882129512988,0.6810983413603375,0.3984509239001941,0.9603882129512988,2.0,0.03371171455895909,103.0668680246766,4.756787260494901,-0.5368765043325615,9.73757890268088,n_occ_600,away_HQ
3.0,1.0,10.0,2,1,blend,obs,0.5933333333333334,0.7551622935896989,0.9398092616018863,0.789085995403564,0.7484334323753883,0.940676109910901,0.8733651658903449,0.9132928986050768,0.9914546873881126,0.9749731494905539,0.8777758009876329,0.9856815623883071,0.9537830175374058,0.8925859155112106,0.9887379421062019,0.9644616762074363,0.8027345741831629,0.9596223305348208,0.8705620354851716,0.9185656510934891,0.9930119093256357,0.9926822313421169,0.8505305516958948,0.978700420695537,0.9734012480704232,0.938551689443066,0.8494486274714834,0.2639368332834231,27.670714674084376,7.971947471498789,0.9809702523484988,0.051900248154568666,8.143507291909062,8.075602233641499,5.549284958780186,6.735526734359045,5.529970676322934,gaussian,linear,0.0,logit_quad,0.6,600,0.7348095494905462,1.3314249592795608,0.16836918689539082,0.24383198598562228,0.7949891954634302,1,12.0,0.07500838007556614,0.2946057444415884,0.5715068021315296,0.9154123261241052,0.926697926099507,0.9538528725306173,0.8705300169576149,0.5036422246437813,0.3148454716015491,0.9538528725306173,1.0,0.26148209237891895,27.57007762513248,9.09081132958108,-0.5966154097890145,9.835332210370314,n_occ_600,away_HQ
3.0,1.0,10.0,3,1,blend,obs,0.6166666666666667,0.765466652970036,0.9449785874805992,0.829957865531857,0.7202589106242909,0.9257406919311733,0.8611774841023769,0.8651028923434471,0.9811596021594896,0.9649452552177071,0.827306677676855,0.9713113787923052,0.930593409520101,0.8399345632127905,0.9751419546072614,0.9401501095638181,0.8153019090327399,0.9647203645263903,0.9015637809958477,0.9092133477972456,0.9917589221739721,0.9917171520264124,0.8655100517210151,0.9829249530521746,0.9840314536888126,0.9312497282531935,0.8843576853043352,0.17362883214861377,40.38064513476339,6.588280766038928,0.9824618096357227,0.045712165912151895,7.523636761047549,6.972522118863638,6.318915105344302,6.955967402494527,6.339824985660661,gaussian,linear,0.0,logit_quad,0.6,600,0.7534912081145891,1.3552365326320635,0.15216872885141916,0.2319934257543717,0.7976512547839484,1,12.0,0.07593612846485966,0.27151072403107596,0.5604520020137495,0.8944787560466919,0.9035861685337905,0.9305979729718751,0.9509845496547941,0.597791171611038,0.3155712004443558,0.9509845496547941,2.0,0.11786346364661426,51.56673330661482,7.218935855449087,-0.6017453245174748,9.823442230789496,n_occ_600,away_HQ
3.0,1.0,10.0,4,1,blend,obs,0.59,0.7586570525186316,0.9399946521350191,0.7763509081300844,0.7366036032933425,0.936828825409176,0.8848901749661677,0.8860545008408469,0.9872820749441541,0.9851968341148518,0.857670241636418,0.9815540906961218,0.9602219136324931,0.8634324468799355,0.9829236657582021,0.9669103346248212,0.8012267523765984,0.9581584083585185,0.850998331833217,0.8878713568232149,0.986457086461449,0.9821302389558872,0.8542931632903348,0.9799180458526932,0.9572359415868069,0.9354139112834379,0.8730437515208784,0.39192336646392484,17.209380920391563,6.654715589999442,0.9770049607275735,0.05698122761224783,7.53781745960422,7.6784081276056195,5.211459615416493,6.554873785198663,5.192716604264853,gaussian,linear,0.0,logit_quad,0.6,600,0.7070973012650618,1.3292622733817898,0.1664431978307171,0.2511552447136681,0.7977346541514403,1,12.0,0.06963466861991184,0.29302339380139775,0.5680201695552239,0.9258785527648027,0.935503401572042,0.960186874609994,0.9678944679056465,0.6159789937692323,0.3418521422553171,0.9678944679056465,2.0,0.33568227742903245,20.634506981689384,6.829764904417792,-0.622164972116728,9.723278369797697,n_occ_600,away_HQ
3.0,1.0,10.0,5,1,blend,obs,0.5916666666666667,0.7623014198910387,0.9431397396337777,0.8098805529125298,0.734715932844014,0.9354430510303824,0.8534825318740101,0.877633631495733,0.984735153152557,0.9626734231829905,0.8279261729017768,0.9724760144429058,0.9264953168302941,0.8377732583575257,0.9753656659773039,0.9348839716010707,0.8110012164790931,0.9629520239316729,0.8857167154487579,0.9112645583517706,0.9924172924183662,0.9899498836161326,0.860846355598814,0.9817079143793579,0.9684994865048878,0.933419980182582,0.8995828630867425,0.0729943679140477,67.64198108219964,4.315210679557136,0.9760103478010923,0.055910111217531845,6.752189029531868,6.30288562642058,6.276028906768983,6.545060842145972,6.187190011527796,gaussian,linear,0.0,logit_quad,0.6,600,0.7480313309725497,1.3156726180166174,0.16097174211907334,0.23406372065489023,0.7956799521284629,1,12.0,0.07475466004024675,0.2912536625824017,0.5526857265650045,0.8909210658328282,0.9024142225736264,0.9264789996925511,0.9916356433392687,0.7616165149024356,0.3844904903925158,0.9916356433392687,2.0,0.04719492920704406,85.19947147940162,4.77620086218336,-0.5676412870440678,9.830810425101562,n_occ_600,away_HQ
