regime,beta,rho,D,seed,fixed_magnitude,error_mode,propensity_on,retain_obs,D_ALL,I_ALL,rho_sp_ALL,D_FILTER,I_FILTER,rho_sp_FILTER,D_IPW_oracle,I_IPW_oracle,rho_sp_IPW_oracle,D_IPW_est,I_IPW_est,rho_sp_IPW_est,D_IPW_calib,I_IPW_calib,rho_sp_IPW_calib,D_ALL_calib,I_ALL_calib,rho_sp_ALL_calib,D_SMITH_env,I_SMITH_env,rho_sp_SMITH_env,D_SMITH_geo,I_SMITH_geo,rho_sp_SMITH_geo,D_IPWest_vs_IPWoracle,D_IPWest_vs_FILTER,diag_ess_frac,diag_w_max_over_mean,diag_w_p99,diag_propensity_auc,diag_prop_brier,diag_prop_coef_E1,diag_prop_coef_E1_calib,diag_prop_coef_E1_true,diag_true_sep_E1,diag_obs_sep_E1,diag_pooled_var_E1_true,diag_pooled_var_E1_obs,rho_sp_IPW_k0.25,rho_sp_IPW_k0.5,rho_sp_IPW_k1,rho_sp_IPW_k2,rho_sp_IPW_k4,env_width_D,env_best_rec,env_best_kappa,diag_ess_frac_calib,diag_w_max_over_mean_calib,diag_w_p99_calib,diag_lowq_dE1_shift,diag_realised_disp
iso,0.5,0.0,10.0,0,1,blend,obs,0.601,0.8958172671438067,0.9895618474591308,0.9980840807792517,0.9259372388476391,0.995336832515242,0.9858340655473085,0.9698691972040842,0.9992727760407697,0.9980798149232176,0.9334717982941428,0.9957950690089176,0.9954607247884152,0.9588017843399228,0.9984154794961694,0.997641290866829,0.9378314593727097,0.9962649292517738,0.999100222098408,0.8914749739983843,0.9884362927510489,0.9937332228076202,0.8773397470555695,0.986108461104602,0.9871970501969007,0.9243741432355463,0.9139906661218318,0.7630733069573513,13.73393437039043,4.334617490615866,0.6648586709888049,0.21442248032215305,0.6029728949874396,0.6705093624490819,0.9647406951190648,0.2602060534406907,0.23001084014225137,0.2666315198807488,0.3621307356847151,0.9883606512504836,0.9910207919420082,0.9954609354326607,0.94001809174302,-0.18999938034605884,0.4012662201214279,0.9954609354326607,1.0,0.8904072762474045,8.66131648572796,3.6583893981383855,0.030195213298439348,9.799146368904658
iso,0.5,0.0,10.0,1,1,blend,obs,0.6016666666666667,0.8963440754902143,0.9897462912087089,0.9989506199341498,0.9232402797341468,0.9951129164258633,0.9842207744505436,0.9938634430067032,0.9999623012663723,0.9999318297230156,0.9370826653654808,0.9963525813016401,0.997823880191582,0.9611166107879489,0.9985969875586106,0.9990313361243726,0.9379533489363472,0.996336842446629,0.9998594527116061,0.8890488992338641,0.9878337810584704,0.9916708788475261,0.8680066423763613,0.9841722474148398,0.9846872911045548,0.9335808571960929,0.9176504836125361,0.1599727571420707,96.22589326853027,3.9430549619130812,0.6719410285237427,0.21302051149838105,0.7098934683166045,0.7693296793364739,0.9393313292273066,0.2564045191807393,0.2486484938535425,0.27353809527007,0.3617032812770614,0.9879873068445012,0.9916509243253627,0.9978235502169301,0.9539303629167448,0.006752723023943288,0.4821983655863097,0.9978235502169301,1.0,0.7794297324541476,18.456880161031638,3.5275131234016204,0.007756025327196809,9.87302591260402
iso,0.5,0.0,10.0,2,1,blend,obs,0.6073333333333333,0.8885914274018423,0.9880872805896221,0.9965216596776816,0.9273855786203093,0.9954771703352394,0.9848994109054461,0.9854349360824064,0.9997524518426394,0.9991196795950809,0.9261214978818506,0.9949773570373106,0.9952096157062867,0.9522634031371234,0.9979442479586419,0.9974512680122108,0.9300912392646221,0.995316711280557,0.9986809328066248,0.9068049640656884,0.9912662900302109,0.9938108880122636,0.8653173836127221,0.9830750207512701,0.9754230818137426,0.9296290917818799,0.9215970094148154,0.7207573338740347,21.18500069727364,4.061822783216,0.6608647095767818,0.21384598841617689,0.6053603654556029,0.6707805783946247,0.8419134029574545,0.23417965685855674,0.23942470180278905,0.274701424855544,0.36828378003088047,0.9878053022477518,0.9904578308543993,0.9952100637124406,0.9713038983085978,-0.14720800021436956,0.3563993411944273,0.9952100637124406,1.0,0.9292098496004167,5.28526983041656,3.2499272606778247,-0.005245044944232297,9.823846362510269
iso,0.5,0.0,10.0,3,1,blend,obs,0.598,0.8914684365849241,0.9886321820187893,0.9955924630829791,0.9520226515150687,0.9981181817926632,0.9936186053357503,0.969938420998898,0.9992643145625311,0.997473747619589,0.9378208740024481,0.996310111400701,0.9973099447514495,0.9604438132155182,0.9985462489394097,0.9981744017933168,0.9333407761198127,0.9956674106062794,0.9973239775883849,0.9056612119464751,0.9912979618620398,0.9976940415046791,0.8880138848159614,0.9883158006847627,0.9947295227680847,0.934047635852939,0.9263533027844632,0.7643655745394863,20.36984581310627,4.0334945494352725,0.6557927105461174,0.2176061638323449,0.5485249158052904,0.6204697225018609,0.9222906525956999,0.2558107019438454,0.22877525456229372,0.27709552425202244,0.3737420479640329,0.9954670285139058,0.9970168517853994,0.9973105389859169,0.9237236256377295,0.07943602385148776,0.43360915800162325,0.9973105389859169,1.0,0.9232805189589848,8.712532153282494,3.4069708597787813,0.02703544738155169,9.851360508958026
iso,0.5,0.0,10.0,4,1,blend,obs,0.6003333333333334,0.8990568034386313,0.9902878791826161,0.998092711172293,0.9365297666671868,0.996695886566539,0.9892747042075059,0.9826427101477284,0.9997287042278465,0.9991426757830413,0.9382506921797571,0.9964858913810357,0.9968334033541044,0.9609257622648625,0.998636095539361,0.9979256957337199,0.9408551683159195,0.9966781823035037,0.9989698447624223,0.891349017509557,0.9883584883270544,0.9931057360987369,0.8813776845298196,0.9871672220787345,0.9896177772318253,0.928715663546719,0.9283907585765525,0.9228570827047006,4.530271502555577,3.692344518890762,0.6407643978718153,0.21980360453298523,0.4677160780908609,0.5309618198577382,0.7752043446078762,0.2147408027657121,0.18326473760927298,0.2782719343531513,0.3725318668900859,0.9914692755075463,0.9934764838317036,0.996832867508824,0.9716681000625316,0.2146124986673641,0.5610778034828318,0.996832867508824,1.0,0.9599551419534749,3.61901459805707,3.164189273604937,0.031476065156439116,9.805840505838708
iso,0.5,0.0,10.0,5,1,blend,obs,0.599,0.8941561619371002,0.9893289640556808,0.9991595196258118,0.9385976063294804,0.9968845410455563,0.9893931273720541,0.9871168630751941,0.999862853653805,0.9995462734024755,0.9388499124949825,0.9964983951808296,0.9987494220268717,0.9640325365302221,0.998786149461476,0.9993967203076218,0.9373980498143719,0.9962398956400036,0.999561732528733,0.9036509226573635,0.9908342982318552,0.9949114790028175,0.880916246127665,0.9870605071044825,0.9891725649456273,0.9371493414832205,0.9283081860474981,0.8672381892212547,11.560782596697104,3.769868577923172,0.6423053847481093,0.2195521480675355,0.580146678139825,0.6365285456211309,0.8854472553360502,0.24206218568808036,0.21724323775965154,0.2780695154983253,0.374801973222468,0.9921425797552377,0.9947398133970106,0.998749123790978,0.9589246697786135,0.24940763066487523,0.5254998132914076,0.998749123790978,1.0,0.9438484053011021,5.349508650284128,3.175479180331995,0.024818947928428804,9.808603397816684
iso,0.5,0.0,10.0,6,1,blend,obs,0.616,0.8782135607820836,0.985764150804108,0.9964025631942692,0.9326290534892536,0.9962915259141574,0.9872306265378656,0.9910211003909676,0.9999122365078535,0.9998289413537753,0.9347237852954572,0.9959765648795894,0.9987625325086308,0.9558300354983816,0.9981558054999334,0.9994791635965505,0.9208627477353699,0.9939641176553686,0.9984032071737718,0.913017322529332,0.992537616550124,0.9943570894076551,0.8775016471258399,0.9860638228805446,0.9895005189821252,0.9386803507103979,0.9247845252461969,0.6677539844828406,26.562592010062613,3.790790655958179,0.6710924347643097,0.20876395483042323,0.7114968609160397,0.766805682337081,0.9030680539952484,0.2553416873322203,0.28033639676533506,0.2841564749385873,0.3809314383419281,0.9908015503282857,0.9940965810626073,0.9987629495320518,0.9480428789266286,0.11658473848751601,0.49786743997511296,0.9987629495320518,1.0,0.8547579259013021,13.95093410402503,3.3644167635357847,-0.024994709433114777,9.851660843317498
iso,0.5,0.0,10.0,7,1,blend,obs,0.5973333333333334,0.8964205655861699,0.9898291856217827,0.9995678710666263,0.9108719452850226,0.9931440740384782,0.9788654641522739,0.976073690587762,0.999424190303706,0.998661113453491,0.9228591950566623,0.9946060594092231,0.9930821070768179,0.9506165570421732,0.9978677492411984,0.9966243741675368,0.9407383570438943,0.9966748992173494,0.9998668892391082,0.8814665621043716,0.9860818038947187,0.9888735457403162,0.8692926027557462,0.9843804690665992,0.9864035149121242,0.9197630167728099,0.909309144458198,0.8216232795790639,10.281289731085083,4.479654138969762,0.6712790843779564,0.21401946809707414,0.701134771552503,0.7586329365845382,0.9551499811070296,0.2533139970129781,0.2481010269123461,0.2716474236456885,0.366517835647967,0.9821592916397618,0.9857147096935687,0.9930803622004305,0.9517410664024692,-0.39461592768848947,0.1981107240246679,0.9930803622004305,1.0,0.8943825127508428,8.697974891512015,3.9828031377903548,0.0052129701006319975,9.811456047762384
iso,1.0,0.0,10.0,0,1,blend,obs,0.602,0.8864525433847421,0.9876797522474529,0.9981527595744557,0.8616424943736767,0.9828022915005776,0.9533261150112837,0.952936385433316,0.997916641396699,0.9951914390173495,0.926381049268648,0.9951248197017131,0.9859712009263553,0.9468180122648026,0.9974873791653582,0.9916555147923459,0.932085684917586,0.9955715470877448,0.9993909707279449,0.8662705500347099,0.982467538615929,0.9826317462453469,0.8752882337138439,0.9856516240682572,0.9807130961688908,0.9289391115335693,0.8921291059891808,0.2602532450061326,68.85610826855925,5.387478916268399,0.7248759949618895,0.19423467020438429,1.377213106965708,1.4816811680612,1.9614191779164032,0.45094288433068896,0.4344114688488061,0.23414591320390782,0.34714189862469885,0.960444553396188,0.9687180114151942,0.985972038773351,0.8768924005091456,0.23693836836395396,0.38722063425836306,0.985972038773351,1.0,0.36117158607727656,53.46647402696863,5.07506923458144,0.0165314154818829,9.784884425711784
iso,1.0,0.0,10.0,1,1,blend,obs,0.596,0.8843885148378361,0.987286063051812,0.9984515394058442,0.8535237546379304,0.9813694213896573,0.9473165223626675,0.9669851185698557,0.9988904878474958,0.9975414661710895,0.926074505389921,0.9953968817048677,0.9880340807667776,0.946387575538713,0.9976315341491551,0.9925257842770018,0.9280926212173416,0.9951166535202277,0.999736470755175,0.8622825937908338,0.9817090958952964,0.9794324372552319,0.8536230484918675,0.9806047020017661,0.9675985889991834,0.9316636682726398,0.8892761113994196,0.35625985227597406,43.071110584045265,5.607120457665905,0.7315902311707682,0.1943859208276684,1.373352193096907,1.4498869311179545,1.9736798969793354,0.45893307698084773,0.43500233519918796,0.2385805624760321,0.3384295312602447,0.9565311159250257,0.9665219353708602,0.9880348078228051,0.8962624219794463,0.32479134003702753,0.41035200779167336,0.9880348078228051,1.0,0.5424238703094182,25.456463263986368,5.194056084397081,0.023930741781659777,9.806820222459825
iso,1.0,0.0,10.0,2,1,blend,obs,0.6066666666666667,0.8813552653359772,0.9865822855590768,0.998562086754989,0.8645962469483989,0.9841366048922603,0.9513984658288837,0.9887882836835458,0.9998588592588381,0.9996033060175087,0.9242982425010904,0.9951348542907941,0.9884462409215107,0.9466315209930389,0.9976371856310383,0.993948519336765,0.9232166068182954,0.9944032623733472,0.9997991573745523,0.8807342599349589,0.9861126858205745,0.98279613329718,0.8546000968152769,0.980450484217276,0.9691996036395735,0.9274281163675918,0.9018893127941714,0.6775839111164706,19.13518170557221,4.4983597044466865,0.7243236636245111,0.19580494566978474,1.2989029156111367,1.3868255797568223,1.868819980460654,0.44417514370909317,0.42904479646118066,0.2407015202525269,0.34170021493701064,0.960488918970854,0.9698216156408449,0.98844588074447,0.9468654864914272,0.02150863425198919,0.1725555767219773,0.98844588074447,1.0,0.7998869453910861,11.61206834794277,4.6036190382055775,0.015130347247912557,9.774214784189391
iso,1.0,0.0,10.0,3,1,blend,obs,0.5996666666666667,0.887416617686905,0.9878224833090914,0.9964080932962923,0.8862253821046956,0.9885764960951698,0.9671985557780435,0.9770803376940421,0.9995358507274683,0.9993012968858549,0.9488492946422543,0.9977611572071561,0.995121326623625,0.9708998736762738,0.9992949771378292,0.9980712076272145,0.930181751307757,0.9953100727241985,0.9984304677336109,0.8837994140346723,0.9866406528068479,0.9895754530778605,0.8738588579168988,0.9853290160972243,0.9861193140633496,0.9303954405927464,0.907291778802277,0.8017396832912485,11.08462823429762,4.775940809310216,0.7087469724830937,0.19988951202953656,1.1524357850050304,1.2504771577162146,1.908945132534476,0.45595386833471363,0.39992445991115483,0.24291844608874938,0.347023875918006,0.9737580633504513,0.9810365104765018,0.9951225493347131,0.9232962586388817,0.31043362831396465,0.4190929629320377,0.9951225493347131,1.0,0.836497531291219,10.07283140711088,4.722656307476214,0.05602940842355881,9.805001042593357
iso,1.0,0.0,10.0,4,1,blend,obs,0.598,0.8916825663540612,0.9888146833297655,0.9985958862206968,0.8711932788785307,0.9855844280539828,0.9586981270360155,0.9924415102578563,0.9999415422400906,0.9999347188834149,0.928901286297678,0.9956556944973571,0.9906221960694748,0.9498819779457618,0.9979218336691028,0.9942341079418893,0.9351604229536415,0.9960194050713738,0.9997284294074207,0.8684712617441164,0.9831681407742986,0.9827935271863648,0.8706442234303484,0.9849095123231729,0.9774951166114733,0.9237855823550223,0.8949720068340614,0.7888856026589258,9.651471471091682,5.36768726528998,0.6970498677182649,0.20334309845372264,1.064003968835169,1.159452336696425,1.7496170649997194,0.4197139840629156,0.37131719938646546,0.24698800384561753,0.3509576138208521,0.9657607755705999,0.9737077237452815,0.9906223857581575,0.8944172357755351,0.23938816770007237,0.4020264736287571,0.9906223857581575,1.0,0.8499283958981545,6.747386862107506,4.825731741795609,0.04839678467645012,9.776596200892726
iso,1.0,0.0,10.0,5,1,blend,obs,0.5976666666666667,0.8950429378006228,0.9895229106460012,0.9992331261453848,0.8749877409873955,0.9865451042717538,0.9597141225080896,0.9920101463814899,0.9999377401149496,0.9999655912272405,0.9336680404751578,0.9961793939383449,0.9910745720181173,0.9559819424806595,0.9983893925499877,0.9952400901705114,0.93737894581989,0.9962832421455073,0.999951286460802,0.8708087851868628,0.9837423417689489,0.982179870457876,0.8687717650970329,0.9846265758157104,0.9776880594997892,0.9273001765579743,0.9008129859000172,0.8004311416923156,11.850589194329563,4.697495084535402,0.700976271988415,0.20505007894399144,1.1371636144769506,1.2302682314621085,1.8133920197350892,0.436095844257141,0.3785874423450739,0.24641294460040022,0.3424869974861372,0.9674430336884583,0.9756947444053761,0.9910746902570433,0.9198892251044014,0.2813193934694395,0.4078011030413575,0.9910746902570433,1.0,0.847517802597787,9.879536363860314,4.288939008942349,0.05750840191206708,9.784590422679809
iso,1.0,0.0,10.0,6,1,blend,obs,0.6103333333333333,0.8828555757756253,0.9870823771946136,0.9990195506102383,0.8721860789603568,0.9862811496318946,0.9567216373994394,0.9905319328404967,0.9998923335623562,0.9996168412124032,0.9413295840671845,0.9970764448970671,0.9937600665435945,0.959917000915327,0.9985781252681785,0.9964615327626118,0.9256865955046938,0.9947348006776026,0.9987694344332515,0.8806999692098503,0.9863961954934961,0.9823632846141159,0.8637865596158173,0.9834613812694892,0.9785061229952429,0.9365364413735549,0.9089695847086465,0.6811700231658823,21.755294064107293,4.373757038108851,0.7046776385591927,0.2005189911750447,1.193585552765685,1.2753764935761092,1.6992891400145367,0.42916417226526976,0.4203542108023863,0.2557756527172592,0.3608286688137703,0.9658674979974156,0.9754124776674842,0.9937596606381088,0.9414397551236664,0.32490646674022705,0.39062268688376867,0.9937596606381088,1.0,0.7627266703912056,18.056059465216535,4.423684764566041,0.008809961462883478,9.82383111108992
iso,1.0,0.0,10.0,7,1,blend,obs,0.6033333333333334,0.8928316932567245,0.9892595720691987,0.9991827814461637,0.8501112400309618,0.9801122755880108,0.9445647270677601,0.9594249034537108,0.9982293893805226,0.9960754133898932,0.9116110372102206,0.993407373613875,0.9791358965719865,0.9308549197779207,0.9959197028985557,0.9860109150005507,0.9371647688906678,0.9963529358581946,0.9992510448050991,0.8521167151666402,0.9788692080761741,0.9744160263546139,0.8611708218851334,0.9826143336436303,0.9726425396032126,0.9256370852950428,0.9024220803171153,0.7056424339607671,13.905377112971887,4.7568418462172835,0.7097641487534241,0.2000604741319321,1.278190027616776,1.357319889545811,1.8767832257066475,0.4396920721089136,0.3975306395158501,0.24081355151719647,0.3413016278993733,0.9521994567978564,0.9606273223145044,0.9791368336306752,0.9540596304326014,-0.21797527998949093,0.31082451798578936,0.9791368336306752,1.0,0.7670153172019103,12.8036812621371,4.264042040530344,0.042161432593063486,9.813976927045932
iso,2.0,0.0,10.0,0,1,blend,obs,0.6,0.8934420158542888,0.9890189151335664,0.9966139831474613,0.787255429824713,0.957724427490152,0.8998502183494667,0.9258383204673957,0.9940907077519977,0.9872593311940334,0.8784786699396856,0.9853065170995636,0.9518463696674864,0.8880393309566814,0.9872446958277927,0.9623365734915624,0.9373902727572873,0.996202363527148,0.9984654532227943,0.8289289993438183,0.9715193486697109,0.9627385137919251,0.8775023459837306,0.9863927602356493,0.9744293351989621,0.9197001742627284,0.8826753546216863,0.40263477498757894,45.48554446369273,6.003437206394605,0.7737581018518519,0.17455670724093572,2.258386353556965,2.413419376578496,3.648956106909129,0.6259317812618228,0.5662592070871937,0.18883789364436854,0.29352972968770114,0.910938973378899,0.923812632370806,0.9518512274942035,0.9080675587457734,0.5409896075836024,0.3980528523830791,0.9518512274942035,1.0,0.4417225195209814,40.35622724704786,5.300088667098985,0.05967257417462921,9.793383049881383
iso,2.0,0.0,10.0,1,1,blend,obs,0.5966666666666667,0.8869202364538114,0.9879575696319075,0.9987009368244852,0.774709313967503,0.9537361642278336,0.8920983371072839,0.9165347559214728,0.9926547389943703,0.9836681602324191,0.863043052014617,0.9828632358657788,0.9440273576244771,0.8768275493697081,0.9855651982841529,0.957473954797705,0.9315168936871465,0.9956497809401813,0.999488408387834,0.8257102550557431,0.9709299340726707,0.9613265189844346,0.8435110959862927,0.9780587291473369,0.9496682244157496,0.9206999656014314,0.8874817357629519,0.6368002968282157,13.748709897577989,5.463151218901595,0.7902458562260491,0.16780351804836693,2.3368886929505077,2.4903980774811427,3.8253484849655868,0.6460112689881545,0.5971254387522751,0.1888614671283369,0.29791081824310306,0.902728366007438,0.9151574974002858,0.9440297218093371,0.9437293285133523,0.6283658295382359,0.4360344221883067,0.9440297218093371,1.0,0.634084128576133,14.310455906058259,5.293983296439779,0.0488858302358794,9.821425465836382
iso,2.0,0.0,10.0,2,1,blend,obs,0.6046666666666667,0.877821776487426,0.9858123939346919,0.9984156476053859,0.7850717389353932,0.9578865674355319,0.8937483684701895,0.9481574736701485,0.997078283363042,0.9930975395462095,0.878141492755907,0.9869074973759946,0.9550689915793995,0.8903091750983039,0.9889487800386122,0.964376769783738,0.9203766719787487,0.994020198035847,0.9996073019760816,0.8435944593886107,0.9763040510090096,0.9631956608697062,0.8498701056168706,0.9795292277690429,0.9533003120031648,0.9099552837905945,0.8862561101382573,0.3212427984091446,56.123434663326506,5.600154899366614,0.7818705831168856,0.1721549634545004,2.214205163988998,2.345227093504047,3.6645800751064974,0.6366740643420895,0.5828132025524042,0.19088190088735643,0.30221207190140353,0.9066609538780762,0.9209789168491995,0.9550728880287329,0.9729945636868871,0.1845882431329166,0.3835500070033796,0.9729945636868871,2.0,0.3773699440365852,50.19509760298652,5.166509106919695,0.05386086178968535,9.767162977902284
iso,2.0,0.0,10.0,3,1,blend,obs,0.5983333333333334,0.8737186079143759,0.9844191858807265,0.9894799382785968,0.8079316280937092,0.9655901910205178,0.9184700670199891,0.9534730804124556,0.997748250565146,0.9972544594026634,0.8991363833799415,0.9899703679024161,0.9685499611489105,0.9110715983687062,0.9919411090487884,0.9777513276599905,0.919040583066896,0.9935687108469954,0.9956094254779578,0.8525427755205854,0.9786089069188013,0.9753345547397473,0.8672425272268817,0.9835323299646672,0.9787276065001147,0.917579531429356,0.8912508313782271,0.42772658831151583,30.857566185074955,5.005418439716426,0.7937990499196709,0.16732949584546317,2.2008848848904936,2.3615599893722456,3.660138011239313,0.6417643325748275,0.6179203071658924,0.19384393264771457,0.29478836136619735,0.930517108499124,0.9428708181298668,0.968546520137238,0.9490945334434999,0.5099524513570537,0.39736322132935553,0.968546520137238,1.0,0.4425923700989979,30.95878802956329,5.157379283429796,0.023844025408935054,9.816934021585464
iso,2.0,0.0,10.0,4,1,blend,obs,0.5976666666666667,0.8956323960208719,0.9896290550120994,0.998823336933248,0.7827122833292421,0.9565694454015025,0.9029340586933561,0.9321270980146901,0.9950966505595682,0.9917775235825482,0.8862483896598048,0.9879844634319609,0.9621893298687962,0.8948182114306424,0.9894276587254266,0.9706392976775389,0.9401469822829898,0.9965942982962912,0.9994423983651236,0.8239076469567651,0.9703183691805812,0.9646250613554956,0.8631041637978598,0.9832774124227446,0.9661909892143303,0.925831322522548,0.8804979399318755,0.41568170492405615,35.41029406579819,6.307673112418003,0.784054809484181,0.1723981001656305,2.2505186145985414,2.361587092597205,3.616055570226309,0.6324322956439955,0.5847088373795042,0.19315870056742468,0.3027226309929675,0.9155290999353853,0.929356787171336,0.9621896542966398,0.9345436324823092,0.5821477602302422,0.39809949353404317,0.9621896542966398,1.0,0.4165572921367592,35.315952082379,6.180147341482951,0.04772345826449128,9.801014899561594
iso,2.0,0.0,10.0,5,1,blend,obs,0.6033333333333334,0.8852855878121241,0.9874008646146534,0.9974553176643166,0.7966249350121454,0.9623905313025133,0.907344971502306,0.9610693840620159,0.9983398675258328,0.9959690326622014,0.8940137531576695,0.9893363430915543,0.9635299591731052,0.9061346221010619,0.9914762819781896,0.9728395016866141,0.9292168612169719,0.9952550288757656,0.9994458275192866,0.8368884960864611,0.9742937650491634,0.9646501150237944,0.8635508342621517,0.9832971164528842,0.9686222081740337,0.9186081047088988,0.8730572052043082,0.35126335372130313,48.41471515177036,6.128541704772525,0.7815991921630532,0.17380106671378742,2.1064420326126565,2.243191976691704,3.6298557637856463,0.6373947007273862,0.5852207033439927,0.1949138411949021,0.29701433188717097,0.9204446054153074,0.9345025651843111,0.9635356624993392,0.8866452111049962,0.4538465139006657,0.3862975289180375,0.9635356624993392,1.0,0.43949688138584525,38.312376246458605,5.65074529518181,0.05217399738339358,9.768467403522363
iso,2.0,0.0,10.0,6,1,blend,obs,0.6173333333333333,0.8823773687795065,0.9867746112451244,0.9979578471858335,0.7920989997538872,0.9604863812541056,0.9006596288161807,0.9484827776734923,0.9970901436344174,0.9931526605973667,0.8809690945537353,0.9863230911161927,0.9563470599469236,0.8968668188519504,0.9895096852349594,0.9687310109107204,0.925586431301809,0.9947312809386062,0.9997494518807879,0.8482634322311644,0.977908186260276,0.9670160814506775,0.8583450424953397,0.9816583837038354,0.966787119834766,0.9156923032355775,0.8936620049439661,0.7406206555212175,11.787808638582828,4.548189978667956,0.7879093888516793,0.1679022511322063,2.2212815443234324,2.3817292140569863,3.5327188342581057,0.6505197195510718,0.6227112408767044,0.19961092976989772,0.29684089290902904,0.9140415262255349,0.9279427670070729,0.9563512788793201,0.9658746518830295,0.5799155949469709,0.4143257731797665,0.9658746518830295,2.0,0.7440238485080919,10.979208137947754,4.9531609144799535,0.02780847867436745,9.810271601266427
iso,2.0,0.0,10.0,7,1,blend,obs,0.6053333333333333,0.8931686025777563,0.989054900054878,0.9970742103710831,0.7740182950418174,0.9532281616190881,0.888634364768567,0.9322029658069678,0.9950127844368072,0.9870520121074039,0.8737122630693003,0.9848844001279856,0.9487618460262002,0.8807861121881093,0.9861355788240825,0.9578815025206664,0.9362001351045476,0.9961879395080206,0.998365992847572,0.8194280764238538,0.9685464344933096,0.9536912595116196,0.8600080160590398,0.9823944753157077,0.967449956027193,0.9200540567931399,0.8693179288858084,0.5757392954977796,21.91494853885476,6.72666847985303,0.778437630223836,0.1733492742544523,2.228953401371136,2.373538020003663,3.610278726985105,0.6279251574030753,0.5715026567965064,0.19288369629482627,0.28900391228436595,0.9015769685678703,0.9157355364801186,0.9487620350539867,0.8758136210835473,0.46408054229023826,0.41507717718145865,0.9487620350539867,1.0,0.6311952776470338,20.72436911939788,5.259615137082327,0.05642250060656889,9.85178756776774
iso,3.0,0.0,10.0,0,1,blend,obs,0.603,0.8922188269282564,0.9888265488460659,0.9979837959816686,0.7414519719977307,0.9367325700208131,0.8647008216080868,0.8868053627847106,0.9861937790887924,0.9679589706480353,0.8254512290922759,0.9693886754859143,0.91416212149373,0.8386720311912916,0.9734633857401566,0.9317787515707933,0.9373126783302229,0.9962241590871235,0.9994112965214806,0.8156850332313432,0.9665543866476726,0.9539867926899233,0.8750448043572522,0.985950365886208,0.9675221128328184,0.9139920007395009,0.8910019994394671,0.365334552768809,48.04360580788822,5.206748408857838,0.8119761301710497,0.1555789666188678,3.1181404193355813,3.3466142626336706,5.600444593701082,0.7170680376381457,0.6452115520657974,0.1597759990717959,0.2716641362526734,0.8745681864379016,0.8866256018281946,0.9141717480162858,0.9247456620875293,0.6506712820258846,0.41491620194961965,0.9247456620875293,2.0,0.2726667664663626,62.95098279201028,5.648965819922765,0.07185648557234829,9.739829918291601
iso,3.0,0.0,10.0,1,1,blend,obs,0.5963333333333334,0.8769599436426996,0.9856773871338119,0.9980416536413351,0.7308199767075563,0.9329669225930087,0.8583997261535545,0.8732083280382181,0.9831335730526408,0.9607928366379914,0.8180488260977534,0.9678444774167756,0.9091620087808696,0.8258409079134169,0.9698761776485062,0.9231684737580487,0.9213696626800969,0.9942305499203038,0.9993285318595654,0.8200693553684657,0.9689071890342584,0.9549073266235368,0.8418945856525277,0.9774605298461272,0.9475776485420458,0.9251420074605674,0.8856017053188381,0.6230939203767596,14.382973283563743,5.234801874002913,0.8334721915144343,0.1472192823080599,3.2282480229362562,3.3964109121912447,5.847996569214215,0.729985653614518,0.7046164987734229,0.16101979802718194,0.27451225129657947,0.8688420912956214,0.8811897064954314,0.9091614044505675,0.9283498708916758,0.7021636622464293,0.43067389309842885,0.9283498708916758,2.0,0.6427223240438672,16.30358940479677,4.914942790667263,0.025369154841095004,9.816284545749628
iso,3.0,0.0,10.0,2,1,blend,obs,0.6073333333333333,0.8803185122543016,0.9862902387499944,0.9954445680646528,0.7414656368792716,0.9367643117403853,0.860295564453576,0.8942617582240795,0.9877084632705275,0.9710600977539504,0.8254580449610407,0.9701985654935853,0.9109082954494508,0.8359124096157318,0.9732092248748115,0.9262836010301626,0.9216341159014987,0.9941951642063435,0.9970157233657599,0.8196915384852328,0.9678442613486636,0.950846068000654,0.8386797903386858,0.9757784522316313,0.9382259051810851,0.9037004599459928,0.8902426195168869,0.29982197018644074,58.20824036269942,5.262778310656296,0.8171373646750991,0.15520502762759167,2.9545019249574067,3.1528306707508853,5.4243195504617905,0.719560799939859,0.6538319348364503,0.1643026486538191,0.2767315041998236,0.8705705920981531,0.8831093653070688,0.9109104803289955,0.9484635413041511,0.4687450430746003,0.5372387682069613,0.9484635413041511,2.0,0.5915936980311226,20.680574603390593,4.994324167617572,0.06572886510340888,9.785541525108364
iso,3.0,0.0,10.0,3,1,blend,obs,0.5943333333333334,0.8931169086555774,0.9889318208668073,0.9968811282439326,0.7454894206281577,0.9385925576425056,0.8762757868125832,0.8867437674870027,0.9863687892014142,0.9755539934371817,0.8357438866849914,0.9728986909808107,0.9303038119873868,0.8420041261342882,0.9745393576089266,0.9432325471910689,0.9390418551897103,0.9964242740984743,0.9995468925829173,0.8141198423381457,0.9666319296205558,0.9605172296319748,0.8701980410451936,0.9846554765796662,0.9682741243126285,0.9247688899082546,0.8898789932517552,0.07770030015983759,135.82612533580377,4.975165610000817,0.8263834323158877,0.152730339332857,3.1321321739043686,3.3048765744131448,5.460530212082416,0.7245108764411987,0.6683657021508327,0.16626893420192923,0.2664603100047743,0.8881241931135642,0.9009678775735364,0.9303022126533828,0.964228718228117,0.6521396057969793,0.4144282451517042,0.964228718228117,2.0,0.0644989796409918,151.865421111504,4.811534932883859,0.056145174290366036,9.798882518205605
iso,3.0,0.0,10.0,4,1,blend,obs,0.5936666666666667,0.8964112674285317,0.9897982084584309,0.9990959747574839,0.7380527681961363,0.9360742157690665,0.8687595196669248,0.901311320130929,0.9896209385327742,0.9785098633185537,0.8258091296132386,0.9707099612292521,0.9217806659720889,0.8376359645016599,0.9738645539477688,0.9372764955407547,0.9411683543988458,0.996735896050181,0.9995465184104675,0.8022137967144835,0.9625911049107471,0.9522903298384329,0.8531127255941409,0.98041543739492,0.9535211848791922,0.9053421769946325,0.8953748354419977,0.2224479199581648,53.803610038944704,4.789800625794392,0.8101404442757593,0.1584781774525432,2.9444882515906463,3.09025805387381,5.449983008354409,0.7170443285018625,0.647838323690724,0.1653088686992228,0.28035682521549,0.8795351538157522,0.8919512510768146,0.9217777110045856,0.9675436716886233,0.6850520993975004,0.41017715270306454,0.9675436716886233,2.0,0.2417570221244442,57.23276444868743,5.209177424376766,0.06920600481113857,9.79324338033451
iso,3.0,0.0,10.0,5,1,blend,obs,0.6016666666666667,0.8783386230684638,0.9857670308073401,0.9954473128077658,0.7455467558336333,0.9396464971143258,0.8689783870295196,0.8886794534725371,0.9867587714280831,0.9680614485076889,0.8313931209597734,0.971741384916117,0.9192351911080134,0.840929490241111,0.9744473018187512,0.9325720151678232,0.922484465324707,0.9942641678277669,0.997974669741878,0.8175314930943842,0.9675645771728969,0.9531605395119733,0.8451053387793795,0.9781455487936139,0.9501805684454812,0.9259374735970405,0.8859772288857723,0.1115403972288989,109.49305192459305,5.030030773354213,0.8278612408581463,0.15266298054046792,3.117565422948196,3.299129323337462,5.6242324748774735,0.7309525824269445,0.6695608968697161,0.16409333885007304,0.26969301063228457,0.8805438514219476,0.8928448369179266,0.9192348090641743,0.9262659515333419,0.6230178496084963,0.40515547543167574,0.9262659515333419,2.0,0.12030576574284053,100.0747015565576,4.930915928959745,0.06139168555722829,9.775662075282284
iso,3.0,0.0,10.0,6,1,blend,obs,0.6143333333333333,0.8769892805878752,0.9854824926593717,0.9969543146487493,0.7456683482085398,0.9397903871428176,0.865653995044991,0.9012676064144141,0.989489710840638,0.9766988285813027,0.8228352261111422,0.9696241753740874,0.9163233809264827,0.8306365271559477,0.9715841514970076,0.9293080092276504,0.9205361167161386,0.9939902599536757,0.9989632785652554,0.8211948781640275,0.9688363925326401,0.9519124369009112,0.8489252291099199,0.9794504160027693,0.9568985981901053,0.900960416370359,0.907408774338375,0.7322529151255935,16.458928982773323,4.278238246429458,0.8037349385724958,0.15741788869456172,2.8122073269301335,2.980692632027734,5.273320613566496,0.7390441276660771,0.6540080037229257,0.17017224777044396,0.28331442217385255,0.8763327000514338,0.8887546334009241,0.9163248802577207,0.9661241668174732,0.7141452654215168,0.4431214177069429,0.9661241668174732,2.0,0.7665240111219686,11.423770672433013,4.042227033657413,0.08503612394315135,9.789153140995195
iso,3.0,0.0,10.0,7,1,blend,obs,0.6016666666666667,0.8958647374017281,0.9897802275025472,0.9991099979749452,0.7215200190961615,0.9278863843018467,0.8496374967860413,0.8741148530830418,0.9832436798607096,0.9631039177055036,0.8074766712145011,0.9637731173669318,0.9033383284414686,0.8181265542478569,0.9669149483620992,0.9215781040299177,0.9405479763210742,0.9967300308434078,0.9988839665557998,0.7932396717005985,0.9587519079467586,0.9398302706844601,0.8590733080100699,0.9825088729905495,0.9585303008529171,0.9130892931475165,0.8924029490485821,0.5680679440640919,24.295656144510286,4.8113073782670925,0.8091099804123831,0.16044594213678984,3.0312978107738466,3.187094936932607,5.533776946169396,0.7193155772067057,0.6427023667832996,0.1630758387130174,0.27254701433064177,0.8611332284582264,0.874543447253961,0.903336100673044,0.9430522584005677,0.6839460572720182,0.48780796258694314,0.9430522584005677,2.0,0.6886070241182989,14.947687075026,4.920110498438496,0.07661321042340619,9.796180169812741
iso,4.0,0.0,10.0,0,1,blend,obs,0.6053333333333333,0.8914254874685525,0.9886928494306699,0.9981224712204894,0.7133100643170126,0.9218419586366273,0.8433927254285128,0.8408991395793164,0.9732512944131324,0.9404076579088233,0.784714862462967,0.9533955809159633,0.8871718542635203,0.7926495555613995,0.9564099069967033,0.9027534005612425,0.9359318862586747,0.9960670038466133,0.9996445631386579,0.8159353320371414,0.9668696825286437,0.9523999745362662,0.8658180113002365,0.9836322365723341,0.9589114360482772,0.9227800740471829,0.904749892885314,0.7027786038542094,14.995125954621995,4.369297757785721,0.8323863424961304,0.14470094250361232,3.8006805067359783,4.08800577305621,7.637409684599515,0.7621416132899156,0.7033561182277511,0.1440973811682425,0.25854303144095625,0.8526453063933682,0.8635721944543987,0.8871724241842993,0.919039493954385,0.7138039087627757,0.4403776566613532,0.919039493954385,2.0,0.7245321720396113,14.347720629974104,4.524928101081899,0.058785495062164426,9.765685071168763
iso,4.0,0.0,10.0,1,1,blend,obs,0.599,0.8823840886890781,0.9869345085784588,0.9973284110080962,0.7086969451584251,0.9210921041754973,0.844506288041792,0.8410005818861774,0.9737415836446568,0.9442270275623925,0.7827930872633445,0.9539371436126639,0.8828206331365233,0.788615588381785,0.9556689717625986,0.8990560900854966,0.9265131207218398,0.9950139451798087,0.9984911152389867,0.8045646795065016,0.9630220295655836,0.9471425402681141,0.8305900654108851,0.9742861722563981,0.9362301021153624,0.9201160494947087,0.8970706368994431,0.6378034302654715,24.17138176213103,4.838247175660665,0.8422481636753969,0.14109064035000413,3.63948380849962,3.8311914871211954,7.45869398910784,0.765510088673864,0.7124585821025429,0.14853640267332097,0.2594645900095385,0.8523384621014515,0.8620337876737156,0.8828227560262837,0.9063542296425503,0.7400965731274172,0.4619859791792481,0.9063542296425503,2.0,0.7344601950325242,16.231675097821014,4.295390661039334,0.05305150657132114,9.846052450632344
iso,4.0,0.0,10.0,2,1,blend,obs,0.601,0.8688667513553964,0.9836468763853473,0.994444938784706,0.7108968772851345,0.9217597764492446,0.8331694479757035,0.851343605078591,0.9766696211982112,0.9461029557018421,0.7864414193249359,0.9560937066856033,0.882028771162506,0.7965747799989824,0.9595118813789364,0.8973059712097068,0.9099227636461433,0.9923698964773707,0.996324086365336,0.8098106962979956,0.9643636809858858,0.9436462060633506,0.818629495747922,0.9691095713554841,0.9098390429799486,0.9105349264623153,0.9064599503713122,0.012338841600096052,380.35987577628936,4.176194933717929,0.8312781398865995,0.1458455476421369,3.6626231084319967,3.858559185075608,7.018044778529794,0.7606603254864541,0.678542688916252,0.1490309783628182,0.26620593287797345,0.8432399210922088,0.8554321507808604,0.8820340149905724,0.9414040432500806,0.9216765492233587,0.613853022945137,0.9414040432500806,2.0,0.1572848897824457,96.83711522955475,4.348290037925103,0.08211763657020213,9.827334940432415
iso,4.0,0.0,10.0,3,1,blend,obs,0.5993333333333334,0.8810143586277025,0.9862967388746466,0.9946671733081031,0.7386707190749287,0.9346706789398886,0.8678180880842293,0.8754520701966486,0.983191817079291,0.9693473059107836,0.8050131473375509,0.9614694014681701,0.9092695632811367,0.8135333059634005,0.964318794691659,0.9234176640329058,0.9278322326942617,0.9949472867432498,0.998382188175117,0.8279557631662053,0.9712032732572219,0.9642309813823887,0.8646620705964605,0.983293057853031,0.9695370965554804,0.9061634844633017,0.9106103723109825,0.7047291874602298,21.749491780519204,4.070685614344408,0.8235349778548544,0.14962004979235266,3.2999960933353067,3.5476277726871346,7.117367409766461,0.7647198463376028,0.688578234093114,0.1523979664352009,0.27071591850228166,0.876998634492109,0.8873720574567749,0.9092686260214613,0.9461852072049582,0.7538898014762151,0.4842580611923497,0.9461852072049582,2.0,0.6137927926113746,28.517179125309212,4.281045790702477,0.07614161224448882,9.831248062064363
iso,4.0,0.0,10.0,4,1,blend,obs,0.6013333333333334,0.8942165533217213,0.9893791934277512,0.9992655642076254,0.7132430269527754,0.9227665100069653,0.850761246335476,0.8567869710540431,0.9784032167429594,0.95692831953939,0.7845669061304702,0.95441085552297,0.8929402481259865,0.7903813966071896,0.9563211374769398,0.9067407988860945,0.9389490912193655,0.9964860110058721,0.9995108431129145,0.7976047286654971,0.960842200184369,0.9484356444363565,0.8544089202794733,0.9813888454972594,0.9578985356773259,0.9072462969478092,0.9092250859083197,0.12371044506221512,111.7133054369525,3.9549855258319457,0.8249961531045837,0.1487984937097386,3.4047303928623744,3.6081311763843713,7.534308173020174,0.7640868305125172,0.6868931650262403,0.1493739632298215,0.26992288054031716,0.8593037363385068,0.8698215280763764,0.892940315355019,0.9417783670521692,0.7613091580968806,0.45651586783183196,0.9417783670521692,2.0,0.1572797137704341,96.77195523043159,3.8807657610720936,0.07719366548627694,9.771638115341613
iso,4.0,0.0,10.0,5,1,blend,obs,0.6063333333333333,0.8923720092895988,0.9888774458695151,0.9977276112803117,0.7268620173508902,0.9300249951883434,0.8567329485459545,0.8834216637090271,0.9852896984419492,0.9664502973395066,0.8020826430794453,0.9614865524659073,0.9008155266936348,0.8103227125244118,0.9639933225123734,0.9160383516770948,0.9364873897828916,0.9961880099703886,0.9992697426873032,0.8108275074258193,0.965472932023054,0.951428800369774,0.8572307242672963,0.9817305052446166,0.9578386000373761,0.896769845453944,0.9026028069827537,0.7345057927731412,12.189781547547454,4.467395930996216,0.8175933869555482,0.15139329595915244,3.2909312089064304,3.49861468482619,7.190060126543554,0.7678364474639242,0.6618535209076627,0.1514167263757893,0.26212213486856056,0.8658665327047219,0.8765678789205634,0.9008145929322752,0.9354615946109185,0.7175468095641852,0.4434314525251358,0.9354615946109185,2.0,0.7359229476521029,13.70566485833696,4.4834372225490515,0.10598292655626151,9.721234070021778
iso,4.0,0.0,10.0,6,1,blend,obs,0.615,0.8790373090711071,0.9858343403321693,0.995559512693782,0.7214317268074452,0.9273959381087734,0.8489314328534987,0.8778786317241433,0.9842446645873109,0.9693075482067033,0.7972146928241028,0.9596743312062878,0.8996660458998353,0.805779209513584,0.9624891616984204,0.9140466247479673,0.9224013115318273,0.9942394634870315,0.9982038268228781,0.8055888141373652,0.9633008718451788,0.9452758728215136,0.8431660690555887,0.9775413559058727,0.9460023292966878,0.8965871115106938,0.9080355558800648,0.5678580882452607,31.140032191301742,4.1148067364908,0.8320817935452083,0.14376694191016703,3.4650399440773603,3.663910830446818,6.784635660504519,0.779747596521879,0.6935847953937835,0.155618301376157,0.25870958494369967,0.8595306799054137,0.872036174829729,0.8996746155655188,0.9569093483257818,0.7630084242487558,0.45275381360255396,0.9569093483257818,2.0,0.6242416494734369,22.319316471918476,4.245926220724533,0.08616280112809548,9.821981125977505
iso,4.0,0.0,10.0,7,1,blend,obs,0.6006666666666667,0.8797116299561887,0.9860139454959841,0.9960795782182,0.6903373195377589,0.9106082726057474,0.82581298436575,0.8245734396796349,0.9682939003382414,0.9360888915481493,0.7688572678262744,0.9474037459155169,0.8751864635196193,0.7779777347681204,0.9508119553425871,0.8922887947179433,0.9252295972889452,0.9946640918728632,0.9981364875071224,0.7861591393639676,0.9557351036949907,0.935062025627946,0.8411278833637272,0.9769547774039149,0.94448685989993,0.9229397290777791,0.8975521689136305,0.5710124408033218,27.715968405371733,4.409082684381558,0.8526192377603072,0.13904448448975493,3.9644638841028477,4.2181290923464125,7.598167361393282,0.7654923745099927,0.7231828906201583,0.14652503853087473,0.24984381021046903,0.8370724336908492,0.8493416087099996,0.8751835514131008,0.9236084730079399,0.8245860356384159,0.5634476832845918,0.9236084730079399,2.0,0.5968278933636227,27.587675170687497,4.595542596755708,0.0423094838898344,9.780606391526602
toward_HQ,0.5,1.0,10.0,0,1,blend,obs,0.601,0.7907983578476235,0.9643867776155691,0.869477866628327,0.9259372388476391,0.995336832515242,0.9858340655473085,0.9698691972040842,0.9992727760407697,0.9980798149232176,0.8184514403963428,0.9736345520766189,0.9054637375285549,0.8387180309998314,0.9791964941151391,0.928043903136368,0.8284541243430832,0.9765078789195181,0.9163960666100823,0.8606955857778885,0.9813323913456088,0.979812306121063,0.7929126197410824,0.9644062039045862,0.8737251872126678,0.8161730134449754,0.8758902973559055,0.8525662960784512,4.642484184722566,4.964598598844453,0.7258782934411272,0.2018864607142381,-1.3440479327260313,-1.2572186874071787,0.9647406951190648,0.2602060534406907,-0.4137493777980286,0.2666315198807488,0.2906689622263573,0.9739275154958096,0.9580082365470535,0.9054607038614628,0.5913628908745581,0.11588749829666138,0.26279382648247995,0.9739275154958096,0.25,0.9244053415967024,3.0051851799956797,3.6198983321628315,0.6739554312387193,9.92875927695021
toward_HQ,0.5,1.0,10.0,1,1,blend,obs,0.6016666666666667,0.7857520634094322,0.9623881220742381,0.8623337408048954,0.9232402797341468,0.9951129164258633,0.9842207744505436,0.9938634430067032,0.9999623012663723,0.9999318297230156,0.8129224887190323,0.9716707108103617,0.8976269021672755,0.837288235850181,0.9786923783163743,0.925147105378137,0.8250756649856624,0.9753133134022295,0.9116759924697224,0.8623619713610864,0.9819330325015122,0.9786782980176308,0.7745612297388109,0.9572005429863252,0.8491629425872905,0.813670582841557,0.8729667346200247,0.8122812068751721,8.272427785254836,5.154972190203435,0.728407607876772,0.20128618322703606,-1.3820218021702355,-1.263932116036755,0.9393313292273066,0.2564045191807393,-0.3991059205644895,0.27353809527007,0.30139169393864285,0.971571364690079,0.9544621404205699,0.8976260731408134,0.5420279334199378,-0.14670816965101535,0.09994421546652976,0.971571364690079,0.25,0.9123236769602011,4.508255380565412,3.520327372086365,0.6555104397452288,9.912867075129583
toward_HQ,0.5,1.0,10.0,2,1,blend,obs,0.6073333333333333,0.7870013378348932,0.9627492104667683,0.8651365462379155,0.9273855786203093,0.9954771703352394,0.9848994109054461,0.9854349360824064,0.9997524518426394,0.9991196795950809,0.8152292024709114,0.9723953155483832,0.9005939162981035,0.8366020925266577,0.9784212607986156,0.9236227008843865,0.8261097307623477,0.9754615942527092,0.9126160941159113,0.8723213802785941,0.9841666462713019,0.9789847689875371,0.7828002771536003,0.9599984266907079,0.8636486355331782,0.8141842599748202,0.8748912563307341,0.35826448790087556,54.10070332030462,4.947346821961638,0.7387381448025361,0.1969912806864154,-1.3370210424274185,-1.2684719917708276,0.8419134029574545,0.23417965685855674,-0.4229546106245705,0.274701424855544,0.3031699700141373,0.9728933424721998,0.9562526003129523,0.900610532736041,0.5548182072498409,0.1354782279296066,0.27778677247461314,0.9728933424721998,0.25,0.8791768478251566,8.4082640318463,3.622764934924939,0.6571342674831272,9.940751034697545
toward_HQ,0.5,1.0,10.0,3,1,blend,obs,0.598,0.8031349191629537,0.9678127581078492,0.8868213920358794,0.9520226515150687,0.9981181817926632,0.9936186053357503,0.969938420998898,0.9992643145625311,0.997473747619589,0.8299064956051199,0.9767812055073303,0.9170735699153593,0.8507136602861869,0.9822705337099699,0.9372832986642392,0.844048828122636,0.9804084168077651,0.9311663289087926,0.8808252902148656,0.9861172715776114,0.9874838348147623,0.7898175152397393,0.962124044571504,0.8769866390919004,0.8094243972300065,0.871413228030749,0.7518684447556064,11.450514960075237,4.9411580261515535,0.7361663440508346,0.20010738028790614,-1.300965059263967,-1.233590576658479,0.9222906525956999,0.2558107019438454,-0.4291255438048622,0.27709552425202244,0.3091374774113113,0.9840803827953613,0.9696779689254615,0.9170759383416858,0.6042953444017148,0.11954202941753125,0.29432543638935615,0.9840803827953613,0.25,0.8902528471940524,5.503372846954213,3.7669717694939084,0.6849362457487075,9.948293450797118
toward_HQ,0.5,1.0,10.0,4,1,blend,obs,0.6003333333333334,0.7891157459760569,0.9634136625315999,0.8662556262495603,0.9365297666671868,0.996695886566539,0.9892747042075059,0.9826427101477284,0.9997287042278465,0.9991426757830413,0.8152858028814485,0.9726014262923603,0.9009210603403794,0.8357753897967335,0.9784949447347738,0.9240183341347498,0.8274859219389384,0.9760931230082457,0.9144045681608175,0.8680485967224625,0.9833197066308981,0.9810065796717268,0.7821046655338719,0.9600028345118365,0.8609049470912913,0.8038947056257454,0.8667583964891462,0.7763229872120856,9.451351397492079,5.189263124037596,0.7439836269258253,0.19684639415444763,-1.4097144836796252,-1.3538054135620912,0.7752043446078762,0.2147408027657121,-0.44785446583235244,0.2782719343531513,0.30986380952669057,0.9774738506586153,0.9604105943562097,0.9009249869026947,0.5549570744554342,0.10843419446134062,0.2741703716819527,0.9774738506586153,0.25,0.8867860549533662,5.2233204302978935,3.8451094152481917,0.6625952685980646,9.92861862273806
toward_HQ,0.5,1.0,10.0,5,1,blend,obs,0.599,0.7950605108811171,0.9656304856539116,0.8747376694207957,0.9385976063294804,0.9968845410455563,0.9893931273720541,0.9871168630751941,0.999862853653805,0.9995462734024755,0.8189679455215804,0.973509455835985,0.904332443493063,0.8411290698603924,0.9797932738015355,0.928629589235599,0.8322664932046522,0.9774623882827598,0.9195562078841112,0.8726343817775726,0.984444632025613,0.9818639170057605,0.7785127916576738,0.9584978270526345,0.8544722502070957,0.8089872311609566,0.8711623274333828,0.8356367115206514,6.532828510201681,4.850817825911597,0.7355933112867987,0.19987959727496013,-1.4426810725750356,-1.376164771923915,0.8854472553360502,0.24206218568808036,-0.4302523942113476,0.2780695154983253,0.2988784084206819,0.9775873737069509,0.9608532134040499,0.904331052405052,0.5926278700763746,0.164138537484285,0.2903290089202716,0.9775873737069509,0.25,0.9115973610033085,3.7968595681240505,3.535397879148367,0.6723145798994279,9.933821492989125
toward_HQ,0.5,1.0,10.0,6,1,blend,obs,0.616,0.7901508447184713,0.9636730035978391,0.8689901297391741,0.9326290534892536,0.9962915259141574,0.9872306265378656,0.9910211003909676,0.9999122365078535,0.9998289413537753,0.8201583495139682,0.973915157670481,0.9060770611796125,0.8408546541815572,0.9797387373168706,0.9281914400569022,0.8297821727326763,0.9766500669673751,0.9170146057929739,0.8785841300561166,0.9860103994341615,0.9811731561220904,0.7812883966954531,0.95927313637655,0.8606367559368789,0.8174625615598935,0.8812902897362873,0.8482087891087012,6.682454566303713,4.2639351385572635,0.7312416858315297,0.19855420767705279,-1.3989945511018413,-1.302070382850563,0.9030680539952484,0.2553416873322203,-0.42169912067396065,0.2841564749385873,0.30785636410348916,0.9749127640634635,0.9582839035115283,0.9060705368399264,0.6307784866759735,0.14358501304744342,0.3704328319033148,0.9749127640634635,0.25,0.920869116244122,3.9336908149875027,3.253709285681986,0.677040808006181,9.940218567296593
toward_HQ,0.5,1.0,10.0,7,1,blend,obs,0.5973333333333334,0.7766987669839565,0.9595495913962644,0.8495746557465261,0.9108719452850226,0.9931440740384782,0.9788654641522739,0.976073690587762,0.999424190303706,0.998661113453491,0.7935099339915122,0.9656398857283831,0.8759137610382672,0.8124894701051926,0.9717749298775675,0.9015247979187391,0.8112895691911214,0.9714958105364019,0.898613204803735,0.8452599802919938,0.9771229240356484,0.9720863636010534,0.7815094499840602,0.960294025835171,0.8567974747208366,0.8054703181492197,0.8638238549460462,0.5726670114767922,22.763580990677486,5.434495635377808,0.7401854082899716,0.1987281508089685,-1.2654286838062416,-1.1959711150532069,0.9551499811070296,0.2533139970129781,-0.4211879642875689,0.2716474236456885,0.2968050124377688,0.9636837883342687,0.9435402601668018,0.8759336712553443,0.4813342893661355,-0.04245718507402563,0.13303017153574326,0.9636837883342687,0.25,0.8376178941905424,8.865304225308714,4.1644875972820525,0.6745019613005468,9.944143878243967
toward_HQ,1.0,1.0,10.0,0,1,blend,obs,0.602,0.7818712220601266,0.9610624692409376,0.8604522598447548,0.8616424943736767,0.9828022915005776,0.9533261150112837,0.952936385433316,0.997916641396699,0.9951914390173495,0.7965640664523641,0.9661744940653568,0.8843711677977981,0.816504856764269,0.9717844097599161,0.9106465989537568,0.8139065131990068,0.9711202691107433,0.9037158295368627,0.8152049425916004,0.9671472932309965,0.9593264436918949,0.7755667054799568,0.9577886401990615,0.8461448610235041,0.8098024100254458,0.9050112674864637,0.9121582386568734,3.975089315751122,3.9821995963297643,0.6691442168390865,0.2168071365107618,-0.7540038074048281,-0.6369717534228323,1.9614191779164032,0.45094288433068896,-0.25005678564505873,0.23414591320390782,0.26516753038274926,0.9404934721787352,0.9259062498402119,0.884364793924316,0.6819082748227626,0.05444436799417591,0.3950990606859687,0.9404934721787352,0.25,0.9694222224185787,2.2977481868144944,2.7655129686826614,0.7009996699757477,9.951811280416281
toward_HQ,1.0,1.0,10.0,1,1,blend,obs,0.596,0.7775461990723069,0.9592235986713369,0.8530791334282651,0.8535237546379304,0.9813694213896573,0.9473165223626675,0.9669851185698557,0.9988904878474958,0.9975414661710895,0.792120752537628,0.9647203375816743,0.8787906688919688,0.814250219238797,0.971266612503298,0.9074083485694918,0.812379651364561,0.9705803871881743,0.8992502856190685,0.8173630207693245,0.9682655399386704,0.959490551830468,0.7516881649967955,0.9476253682107156,0.8063192014046772,0.8122731943230235,0.9088684065682291,0.8975122254710184,5.698594491534143,4.152588324132452,0.6644747528444119,0.21852336236698436,-0.6773639864584138,-0.5400900813703373,1.9736798969793354,0.45893307698084773,-0.20977917163946225,0.2385805624760321,0.2727076135901255,0.9348667778258676,0.9204129614106757,0.878795191835234,0.680635980586784,0.07742327441466068,0.3841200695778584,0.9348667778258676,0.25,0.9654920421140893,2.854590294350119,3.018989812656506,0.66871224862031,9.927976017165292
toward_HQ,1.0,1.0,10.0,2,1,blend,obs,0.6066666666666667,0.7758876485328283,0.9584837860300819,0.8493480486609525,0.8645962469483989,0.9841366048922603,0.9513984658288837,0.9887882836835458,0.9998588592588381,0.9996033060175087,0.7928808184527808,0.9651146352200579,0.8769808238145536,0.8156024238497267,0.9717898455546429,0.9048763709288142,0.8114413285309152,0.9703107446564063,0.8963980103297108,0.8306096750482711,0.9724505396749836,0.9597267236140373,0.7637424753409603,0.9521374655045076,0.8266949551167125,0.7968798389702557,0.9040311198973409,0.6663625178274446,27.354567079932778,4.120163814938536,0.6769724343453156,0.21419065021466674,-0.727060594000441,-0.6323942275077683,1.868819980460654,0.44417514370909317,-0.23803876020392958,0.2407015202525269,0.27335094202331384,0.9383701300591394,0.9223905137449024,0.8769883554102721,0.6515442453496177,0.11917768559521132,0.3581585740619829,0.9383701300591394,0.25,0.9570044679112357,3.6568357698484455,2.987858363425581,0.6822139039130227,9.957343414498594
toward_HQ,1.0,1.0,10.0,3,1,blend,obs,0.5996666666666667,0.803878752717961,0.9685319443358067,0.8868676068327315,0.8862253821046956,0.9885764960951698,0.9671985557780435,0.9770803376940421,0.9995358507274683,0.9993012968858549,0.8145246036001108,0.9721944842610517,0.9032307431565946,0.8360000919519268,0.9777976360035544,0.9270752198000626,0.8375235264909247,0.9781325474496325,0.9247857238632747,0.8356828659360318,0.9738624809212527,0.9719826607035849,0.7789552431662694,0.9584978806330365,0.8536889645921253,0.7997940461387458,0.904264295235686,0.8354628612475621,9.074843847947296,4.105097040531594,0.6757348309427154,0.21605321488783844,-0.6776808682574845,-0.5830001884390873,1.908945132534476,0.45595386833471363,-0.23591551652797532,0.24291844608874938,0.27725193291183087,0.9561363069496804,0.9429939886756329,0.9032372449864671,0.703303189053569,0.13945253393518833,0.38410442039543713,0.9561363069496804,0.25,0.9499662520589576,4.505763493307339,2.979432516439393,0.691869384862689,9.956750219979583
toward_HQ,1.0,1.0,10.0,4,1,blend,obs,0.598,0.784578114798092,0.9619976576218019,0.8627534682258658,0.8711932788785307,0.9855844280539828,0.9586981270360155,0.9924415102578563,0.9999415422400906,0.9999347188834149,0.7988163873729972,0.967174985989688,0.8864847735866315,0.8179384080914196,0.9726053592578869,0.9105958645724807,0.8173223435675361,0.9723613111796916,0.9052438050106907,0.8258719013451767,0.9710579447883849,0.9643504573132619,0.7688014816817721,0.9549056934937803,0.835753507574516,0.794496199958928,0.9016336201774989,0.86581123619732,6.88648522651948,3.9891753916299644,0.6872415144640972,0.2140132525606052,-0.8571854981955523,-0.7483809169722971,1.7496170649997194,0.4197139840629156,-0.2551895817487351,0.24698800384561753,0.27871268541395244,0.9455451520858977,0.9301030545124196,0.8864887277206249,0.6913387112173003,0.13759716240945383,0.4353983349576821,0.9455451520858977,0.25,0.9479145447511831,3.506937520703772,3.074589473211618,0.6749035658116507,9.9435827342259
toward_HQ,1.0,1.0,10.0,5,1,blend,obs,0.5976666666666667,0.7890068532579498,0.9637141247812452,0.869341482926556,0.8749877409873955,0.9865451042717538,0.9597141225080896,0.9920101463814899,0.9999377401149496,0.9999655912272405,0.8010423958197419,0.9679813387564462,0.888539887898363,0.8220792308822273,0.9739394448225078,0.9150290650198905,0.8196764699277184,0.9731748773960136,0.908762875131865,0.8273496136951678,0.971562547490052,0.964043496824474,0.7681193906333549,0.9552152766831054,0.836051648839171,0.7958593747211162,0.9044451082290621,0.9078782104033026,5.540803882010719,3.9128029977283245,0.6734426109823205,0.2175155289158728,-0.8548077912784418,-0.7643270116260826,1.8133920197350892,0.436095844257141,-0.2537244858479162,0.24641294460040022,0.27378594787928767,0.9465673155794216,0.9313287322109947,0.8885238402761346,0.6997946022190298,0.17319994057952873,0.4433964461223653,0.9465673155794216,0.25,0.9626035182561279,3.2003800374094657,2.826008790424758,0.6898203301050572,9.942885125358192
toward_HQ,1.0,1.0,10.0,6,1,blend,obs,0.6103333333333333,0.7806900175159017,0.9608064503199639,0.8572897636648785,0.8721860789603568,0.9862811496318946,0.9567216373994394,0.9905319328404967,0.9998923335623562,0.9996168412124032,0.7998977952883659,0.9675991931241388,0.887209910992895,0.8201860771418135,0.9735043276175442,0.9118274218563307,0.8153417934365802,0.972111784824588,0.9025610539623238,0.8332773106359094,0.9738383673284281,0.9620667960172242,0.7702256054582193,0.9557937984806838,0.8398049408001308,0.795327942016355,0.9112144251772025,0.9156497198659469,4.762569285196416,3.495326150361487,0.6719016519508382,0.2148444468960237,-0.8711407249863132,-0.7415167929960992,1.6992891400145367,0.42916417226526976,-0.26096853355699867,0.2557756527172592,0.28253487279713557,0.9433219409554625,0.9280340615063711,0.8871990626590428,0.7252682222916405,0.2018151519023459,0.520034362398305,0.9433219409554625,0.25,0.9642912352388293,2.9659979055939334,2.8297570802513223,0.6901327058222684,9.949493345425285
toward_HQ,1.0,1.0,10.0,7,1,blend,obs,0.6033333333333334,0.7699202393846724,0.9568045251519185,0.845652222599071,0.8501112400309618,0.9801122755880108,0.9445647270677601,0.9594249034537108,0.9982293893805226,0.9960754133898932,0.7754439404942528,0.9586880878119721,0.8587021948341594,0.7962664030190705,0.9654916219287746,0.889548757060793,0.7993215371976642,0.9666076581711953,0.8895587357960165,0.8051729938795554,0.9637665286509622,0.9520239044430144,0.7681013028285866,0.954940961675546,0.8350083525526651,0.7972698196997354,0.8938973650557261,0.7296066250298813,13.866851384639602,4.645605175635105,0.6883882724360463,0.21270628931771413,-0.7315426808469625,-0.6382930772983703,1.8767832257066475,0.4396920721089136,-0.25831166233067143,0.24081355151719647,0.27200399342452025,0.929936509786509,0.9118648262667501,0.8587003165125089,0.5815797113662029,-0.041934150348515165,0.10079251129802014,0.929936509786509,0.25,0.9276420212233402,5.01353086773457,3.2074524388298835,0.698003734439585,9.954291599826151
toward_HQ,2.0,1.0,10.0,0,1,blend,obs,0.6,0.765836729590414,0.9524172220945653,0.8453645777524312,0.787255429824713,0.957724427490152,0.8998502183494667,0.9258383204673957,0.9940907077519977,0.9872593311940334,0.7630151365440592,0.9512494989049409,0.8532013204265806,0.7834852599024724,0.9575356796493488,0.8853740230563626,0.7916425297598486,0.960590509926144,0.8860942981712826,0.7612128399174546,0.9448355032267104,0.9273592103758095,0.7611188923231289,0.9509324702972874,0.8240654621915863,0.8024717227623258,0.9304346764982728,0.9488403051590187,3.2393965120048835,3.4193552366669864,0.6172099537037037,0.22757912787356663,-0.0026538743030765943,0.1730360985917763,3.648956106909129,0.6259317812618228,-0.08765230524927858,0.18883789364436854,0.22547380198561773,0.8899671536819433,0.8800986963168697,0.8532027873052354,0.7400100453319702,0.14314932174495595,0.5113672264983876,0.8899671536819433,0.25,0.9891530802721427,1.7972641142539647,2.470675081638171,0.7135840865111014,9.976264575864935
toward_HQ,2.0,1.0,10.0,1,1,blend,obs,0.5966666666666667,0.7610387007160218,0.9496580513065461,0.8339671252921557,0.774709313967503,0.9537361642278336,0.8920983371072839,0.9165347559214728,0.9926547389943703,0.9836681602324191,0.7624580690683319,0.9511571271279787,0.855203921033932,0.7832534065063006,0.9574972284140755,0.8865180102791107,0.7913267849914085,0.9603333190864044,0.8799383081711781,0.764736720850231,0.9471925580426606,0.9297524258190192,0.73300831649764,0.9377394553914448,0.7713041645375125,0.8206659302961864,0.9371483619507094,0.94360103315854,3.7012692780566803,3.441823791170109,0.6120051710605291,0.22628442342458338,0.07182992816736147,0.2638657658669446,3.8253484849655868,0.6460112689881545,-0.035802758789482525,0.1888614671283369,0.22549815475090068,0.8840557579579251,0.876344588191892,0.855204574238374,0.7680717372755191,0.26306114351906573,0.5990559048734128,0.8840557579579251,0.25,0.9822453136626408,2.65060718256825,2.6739396035794583,0.6818140277776371,9.954966712663706
toward_HQ,2.0,1.0,10.0,2,1,blend,obs,0.6046666666666667,0.7585587845453088,0.9488891083746782,0.8272028744542833,0.7850717389353932,0.9578865674355319,0.8937483684701895,0.9481574736701485,0.997078283363042,0.9930975395462095,0.7640540964793512,0.9521270610067869,0.8517254726100071,0.7849474816427137,0.9586902510505396,0.8809617532964122,0.7880843163683705,0.9594712936076829,0.8730187203265,0.7723130661401155,0.9500040256118935,0.9263174499114589,0.7443182248472875,0.9423995382045889,0.7890738820226367,0.7948724113339348,0.9346491656871528,0.8095969039328583,18.883159286374664,3.4170505048682713,0.6257334745124579,0.22427978649993216,-0.0055320601044992705,0.16112391254612218,3.6645800751064974,0.6366740643420895,-0.06291651437993512,0.19088190088735643,0.22983762731368557,0.8854255490004358,0.8763849537446174,0.8517265768518567,0.7488489951128086,0.18326721583554986,0.531230329918182,0.8854255490004358,0.25,0.9821590706021294,2.3194571259952284,2.7369413868969206,0.6995905787220246,9.968645632717537
toward_HQ,2.0,1.0,10.0,3,1,blend,obs,0.5983333333333334,0.7866066019594966,0.9599441891631952,0.8659761446803206,0.8079316280937092,0.9655901910205178,0.9184700670199891,0.9534730804124556,0.997748250565146,0.9972544594026634,0.7833787476289588,0.9594404580035124,0.878686044243715,0.8038562293034155,0.9651022091689747,0.9053322204482857,0.8150113160654969,0.9685041724917288,0.905217527437542,0.7792615668025495,0.9527925705963637,0.9439341681716867,0.7620171202170055,0.9513044891548605,0.8217292223103208,0.7982348259278274,0.9342599518413224,0.8936119312437326,9.377020355421697,3.4324019902688465,0.6270671182052496,0.22516394537363416,-0.04981356726054215,0.1227647013475764,3.660138011239313,0.6417643325748275,-0.06754330933152536,0.19384393264771457,0.2302089484884396,0.9102450257941646,0.9018808690395445,0.8786893743478327,0.778327197123836,0.30303457182703525,0.5709182667562998,0.9102450257941646,0.25,0.9743215155375171,4.319253228350241,2.7883725272098254,0.7093076419063529,9.979522094585684
toward_HQ,2.0,1.0,10.0,4,1,blend,obs,0.5976666666666667,0.7684641998961438,0.9534329864617563,0.8462931590233508,0.7827122833292421,0.9565694454015025,0.9029340586933561,0.9321270980146901,0.9950966505595682,0.9917775235825482,0.7665758133114247,0.9528864533153748,0.863968638202524,0.7835168353333406,0.9579611099767659,0.8894459739593159,0.7950537799848654,0.962176602553558,0.8876717093780276,0.7615393474286112,0.945748052370893,0.9334821107686248,0.7464649408973485,0.9442316895510545,0.7978052471880802,0.8060366579124436,0.9345097862888267,0.9338435044108617,4.321702219082525,3.5408956075827733,0.6283327734524993,0.2246257781045431,0.010568263330044564,0.17232389045770166,3.616055570226309,0.6324322956439955,-0.06216274085654766,0.19315870056742468,0.23375829056855185,0.8950041720695558,0.8867017427470425,0.8639721517411284,0.7686275187254467,0.316636755662793,0.5599410856639422,0.8950041720695558,0.25,0.9789888602206237,2.562830226515312,2.952705288596517,0.6945950365005432,9.967239759074795
toward_HQ,2.0,1.0,10.0,5,1,blend,obs,0.6033333333333334,0.7724799630703149,0.9548827434653651,0.8518027548366874,0.7966249350121454,0.9623905313025133,0.907344971502306,0.9610693840620159,0.9983398675258328,0.9959690326622014,0.7757916688049251,0.9569186573565226,0.8688663060712205,0.7936210388097822,0.961724239681479,0.8960435850273797,0.7975967758395843,0.9628313670368844,0.8904858604171538,0.7702765654392856,0.9493822218809194,0.9329021335281309,0.7501435041021054,0.9469515828541732,0.8052583182205327,0.7983944055960892,0.9391690100506512,0.9512736642538695,4.396227808399074,3.2609657137441665,0.6107115000696411,0.2272475735171917,-0.12589877205139002,0.0034528238858569467,3.6298557637856463,0.6373947007273862,-0.07405274389468897,0.1949138411949021,0.22885753339996676,0.8992892006016854,0.8909052258243069,0.8688708288492616,0.7835251306117919,0.30733828146790626,0.6255731457592082,0.8992892006016854,0.25,0.9864506183311369,2.4072232630279244,2.5509904323470707,0.7114474446220752,9.971595231105272
toward_HQ,2.0,1.0,10.0,6,1,blend,obs,0.6173333333333333,0.7696090112885265,0.9535850794042091,0.8429113095532972,0.7920989997538872,0.9604863812541056,0.9006596288161807,0.9484827776734923,0.9970901436344174,0.9931526605973667,0.7755275707951506,0.9561852127309863,0.8684601019204007,0.7939481300520206,0.9616959789839081,0.8934847159703498,0.7979666996848569,0.9631231862351992,0.8849257049201785,0.7773183731930399,0.9521144979581502,0.9318241420818985,0.7536956320987199,0.9473899867793347,0.8066673888780288,0.8042995793000256,0.9487892705074323,0.9522695479885486,5.63926523821267,2.897257667153361,0.593747648271762,0.22357311729052148,0.030606451161447147,0.21988542062166572,3.5327188342581057,0.6505197195510718,-0.05717814257941467,0.19961092976989772,0.23526266059374792,0.8938547183975388,0.8869200196331235,0.8684620529814141,0.8001993238707246,0.3798048603588941,0.6764010543078907,0.8938547183975388,0.25,0.985527268352366,2.9387575811590985,2.4030011417338795,0.7076978621304865,9.978257275511
toward_HQ,2.0,1.0,10.0,7,1,blend,obs,0.6053333333333333,0.7522485039656621,0.9466290732832089,0.8275731303738281,0.7740182950418174,0.9532281616190881,0.888634364768567,0.9322029658069678,0.9950127844368072,0.9870520121074039,0.7502232345784997,0.9461018213497802,0.8380807963227551,0.7695352677053807,0.9524903810377509,0.8714577398379634,0.7768489931192794,0.9550938652000577,0.8701707694940789,0.7517825342528339,0.9410218425590754,0.9188769306602032,0.7478236168066821,0.9446129545065451,0.8011108374424242,0.7940613817783417,0.9266923855004496,0.8779813858467941,8.135030590917959,4.001152135441704,0.6286274314650554,0.22373372281829168,-0.04510718234017214,0.10697681796273342,3.610278726985105,0.6279251574030753,-0.08027707454688993,0.19288369629482627,0.22821512826144658,0.8791280215462255,0.8683483845087122,0.8380810998408125,0.6930915765320744,0.05034316402630716,0.1183604391181532,0.8791280215462255,0.25,0.9781658019426304,3.3658699045062246,2.6705172654296043,0.7082022319499651,9.969446928689996
toward_HQ,3.0,1.0,10.0,0,1,blend,obs,0.603,0.7548933365775697,0.9448307128623387,0.8330889555589601,0.7414519719977307,0.9367325700208131,0.8647008216080868,0.8868053627847106,0.9861937790887924,0.9679589706480353,0.7408954326947993,0.938734027745307,0.8365448598057955,0.7591117588555827,0.9445317789828536,0.8684693354843149,0.7783337836792381,0.9528563244351757,0.8740952577987218,0.7319451745177403,0.9303067801787767,0.9082253657652479,0.7473531940968277,0.9430632001336523,0.8004135802313439,0.818157101906201,0.943777269931135,0.9572624157141824,3.307026163818709,3.1396562575857843,0.5933899863496215,0.22835157945541923,0.5034245632731342,0.7628351799138415,5.600444593701082,0.7170680376381457,0.004542144996627695,0.1597759990717959,0.19864287062372193,0.8568217598568582,0.8515273299862802,0.8365449575876922,0.7761438981076052,0.3999365087522492,0.6304934655435146,0.8568217598568582,0.25,0.9844072431284909,2.2811098153100677,2.5150974464999636,0.712525892641518,9.985355633014073
toward_HQ,3.0,1.0,10.0,1,1,blend,obs,0.5963333333333334,0.7466320959866617,0.9414555462821689,0.8167308952148147,0.7308199767075563,0.9329669225930087,0.8583997261535545,0.8732083280382181,0.9831335730526408,0.9607928366379914,0.7359466829801011,0.9377491092103875,0.8311578199189688,0.7545897888516023,0.9435835201521805,0.8648378493497282,0.7755112934876286,0.9526034174268201,0.8645167926323194,0.7364651030705942,0.9336291017521637,0.9113524127055778,0.7226775480302521,0.9321062066654044,0.7548251543178274,0.8322608699640489,0.9381942223413583,0.9482114837037932,3.8740508644937246,3.549855606827695,0.6009859777085307,0.2255624970438554,0.5506446526371778,0.797792028328459,5.847996569214215,0.729985653614518,0.032371783616905514,0.16101979802718194,0.204234957826052,0.8507257286981689,0.8456022743045937,0.8311582129848988,0.767646618736014,0.33566327477651714,0.5916686503922791,0.8507257286981689,0.25,0.9767007637720629,2.7518518850480995,2.7414736177626247,0.6976138699976124,9.967522794865953
toward_HQ,3.0,1.0,10.0,2,1,blend,obs,0.6073333333333333,0.7510630498664965,0.9423075215342365,0.8197993801137724,0.7414656368792716,0.9367643117403853,0.860295564453576,0.8942617582240795,0.9877084632705275,0.9710600977539504,0.7431691924191011,0.9399217273628205,0.83456127958803,0.7618147782425818,0.945944345157982,0.8645444387207232,0.7758682411092386,0.9516020699050622,0.8626192732309731,0.7421375340958526,0.9350638660579145,0.9075091032035489,0.7403824340811689,0.938469956713433,0.7800468005047558,0.8089300149886991,0.9413632661980986,0.8111891825463434,19.479816445137658,3.3733862206742375,0.6107199499048602,0.22483963369071053,0.49115910016745024,0.7288023129100184,5.4243195504617905,0.719560799939859,0.01668830219586931,0.1643026486538191,0.20511828484774336,0.8539713722253838,0.8490526645784229,0.8345612549725037,0.7720289850890603,0.24105143532102805,0.5491714078758655,0.8539713722253838,0.25,0.9798833446096351,2.2845017009865938,2.6407374631999962,0.7028724977439897,9.970419640756667
toward_HQ,3.0,1.0,10.0,3,1,blend,obs,0.5943333333333334,0.7624046069647072,0.9477447688916801,0.8416773997611368,0.7454894206281577,0.9385925576425056,0.8762757868125832,0.8867437674870027,0.9863687892014142,0.9755539934371817,0.7455648181061578,0.9413573450541292,0.8510582475683148,0.7638002965924587,0.9469602548717695,0.8802610573102644,0.7865648785648287,0.9561571607359886,0.8838373353198907,0.7310241792334972,0.9303509346708847,0.9187254356510265,0.7436314136316337,0.9422188646281614,0.7910532913324215,0.8236325856287934,0.943221712879807,0.923835203337564,8.250626490888001,3.1734476109161993,0.6044847000637353,0.2274344682770729,0.4402053458770558,0.6535571965239981,5.460530212082416,0.7245108764411987,0.012216433257122183,0.16626893420192923,0.20525640769653425,0.8698852744773068,0.8650287380936584,0.8510582879931385,0.7952467536138486,0.4607908058767464,0.6492377663419726,0.8698852744773068,0.25,0.9791080751669382,3.424433938746815,2.666460813698173,0.7122944431840764,9.988415244625
toward_HQ,3.0,1.0,10.0,4,1,blend,obs,0.5936666666666667,0.7544682416333135,0.9459604946981643,0.8308605838948506,0.7380527681961363,0.9360742157690665,0.8687595196669248,0.901311320130929,0.9896209385327742,0.9785098633185537,0.7409635252891579,0.9401998092180869,0.8412703527107549,0.7576491654356663,0.9454165823203092,0.8707799589862804,0.7798442161404437,0.9549117202660373,0.874027972413964,0.7328123924828686,0.931936386461893,0.9151769717805702,0.7342064513844762,0.9374042020503842,0.7768972627239565,0.809874857101424,0.9379690972983044,0.9434460147393041,3.6396946042676834,3.5994242783380845,0.609325534916692,0.2260296303585397,0.48304266033851745,0.6977682193751069,5.449983008354409,0.7170443285018625,0.009737035250385773,0.1653088686992228,0.2127886336322268,0.8620956986826449,0.8567973061901338,0.8412712274191703,0.7764780282779836,0.398677560710558,0.5782559523458064,0.8620956986826449,0.25,0.9776950128930397,2.3703823001182793,2.7948315487666013,0.7073072932514767,9.981727536902874
toward_HQ,3.0,1.0,10.0,5,1,blend,obs,0.6016666666666667,0.7550864874995882,0.9458521662739603,0.83138356265303,0.7455467558336333,0.9396464971143258,0.8689783870295196,0.8886794534725371,0.9867587714280831,0.9680614485076889,0.7478078287856358,0.9431702342250827,0.8448331555962402,0.7638410354343956,0.9477102820278803,0.8729722223019654,0.7785307095175054,0.9539082163698798,0.8724736036064221,0.7332278437039352,0.9315160353878501,0.9091940013117413,0.7353839281741006,0.9389486200740057,0.7797109120698333,0.8290378848091915,0.944305000512472,0.948114462433554,4.286050490121535,3.1218655991195186,0.5953256296433663,0.22735447173462112,0.5063840142398494,0.6978523872318378,5.6242324748774735,0.7309525824269445,0.005199068096077619,0.16409333885007304,0.20670376580666294,0.8622106228669043,0.857681992457429,0.8448339944839328,0.796096312121872,0.4531235830340364,0.6668612602430335,0.8622106228669043,0.25,0.9795752190117759,3.0036660875059904,2.5247857735359744,0.7257535143308668,9.987108062363742
toward_HQ,3.0,1.0,10.0,6,1,blend,obs,0.6143333333333333,0.756186146403593,0.9453221738986691,0.8268164276153148,0.7456683482085398,0.9397903871428176,0.865653995044991,0.9012676064144141,0.989489710840638,0.9766988285813027,0.750185069873832,0.9432357555181479,0.8493276872705691,0.7664333120618887,0.9483727122318326,0.8749368793856135,0.7825577618113292,0.955128901843986,0.8705404809158942,0.7434330906558908,0.9365364044157446,0.9112695899970831,0.743143444369583,0.9416794019681826,0.7886305331092442,0.8196395237700917,0.9573614986663295,0.9623902015838831,4.76243534685766,2.7843581695331903,0.5726840937537957,0.22467161519224418,0.5436274397498435,0.7885227085110437,5.273320613566496,0.7390441276660771,0.029791998454462343,0.17017224777044396,0.20749357323624373,0.8612157976092771,0.8581960499323499,0.8493279077967878,0.8158413104377709,0.6026655461881303,0.7355150069739179,0.8612157976092771,0.25,0.9812331783982167,2.8558001946332507,2.4027292215867977,0.7092521292116147,9.984567462233704
toward_HQ,3.0,1.0,10.0,7,1,blend,obs,0.6016666666666667,0.7357608526503894,0.936661998235142,0.8107655617401361,0.7215200190961615,0.9278863843018467,0.8496374967860413,0.8741148530830418,0.9832436798607096,0.9631039177055036,0.7209737210696946,0.9300937038818211,0.8180100532808934,0.7391391456828342,0.9365346067969127,0.850926664428456,0.7584192424799592,0.9450845632806291,0.8547411212600097,0.7142289630822761,0.9220128594525525,0.8969479705692451,0.7324047839813068,0.9361937740609689,0.7765065178846459,0.8130499627960385,0.9394356647100098,0.891381872490011,7.314965111456604,3.489175289767681,0.6077970305636365,0.22505767504317692,0.529787886574057,0.7459736564598838,5.533776946169396,0.7193155772067057,0.007236247868731505,0.1630758387130174,0.20117018078290422,0.8425216287498803,0.8363372860530756,0.8180109163277793,0.7382489152850611,0.2311653528128763,0.46942972850977116,0.8425216287498803,0.25,0.9751492298593445,3.508157905691171,2.729335159284399,0.7120793293379742,9.972420854054304
toward_HQ,4.0,1.0,10.0,0,1,blend,obs,0.6053333333333333,0.747157473025956,0.9397288332869828,0.8256791470552316,0.7133100643170126,0.9218419586366273,0.8433927254285128,0.8408991395793164,0.9732512944131324,0.9404076579088233,0.7215164066947459,0.9277603110663716,0.8217778646980234,0.7370570755909172,0.9329863330248149,0.8542100458075869,0.7695652373836852,0.9480464473401655,0.8673694835818206,0.7147611102481487,0.9210894258566035,0.8967599853974018,0.7369269645645433,0.9374324267266306,0.7824374290768146,0.842976909926145,0.9460965507260716,0.9534381553929948,3.930019911640562,3.176044515482308,0.5939576605101797,0.2265437518469319,0.916871536195873,1.2502008990363438,7.637409684599515,0.7621416132899156,0.04751882334670843,0.1440973811682425,0.1840125292172135,0.8364043857395621,0.8324999769752026,0.821777549805254,0.7755575276316566,0.4743447618677154,0.6372643932731328,0.8364043857395621,0.25,0.9765230373659368,2.8408834689761577,2.546729149176433,0.7146227899432073,9.987139939737308
toward_HQ,4.0,1.0,10.0,1,1,blend,obs,0.599,0.7413367273012114,0.9379902691046946,0.8124787515136871,0.7086969451584251,0.9210921041754973,0.844506288041792,0.8410005818861774,0.9737415836446568,0.9442270275623925,0.7190001678372967,0.9285775680280925,0.8200700895377275,0.7351359953058396,0.9334509090255362,0.8541108061860344,0.7695765697245324,0.9493239420347911,0.8606578541243578,0.7214207313989094,0.9259953561844004,0.9030153642442938,0.7193345226685071,0.9299029414657788,0.7498713576541367,0.8419746030761164,0.9396570585020478,0.9466498032427441,4.3228722722636945,3.4456151939073103,0.6038772943360389,0.2236737210534799,0.8887478994585029,1.1497180965085252,7.45869398910784,0.765510088673864,0.06348571675088349,0.14853640267332097,0.19312824009411347,0.8365428049111066,0.8323332144617873,0.820071107368101,0.7621763097774812,0.35342528545902296,0.6240135188105428,0.8365428049111066,0.25,0.9736158085541982,2.9393893368393846,2.6750817237379536,0.7020243719229805,9.98129365805995
toward_HQ,4.0,1.0,10.0,2,1,blend,obs,0.601,0.737652724973872,0.9359018891473314,0.8015602919411625,0.7108968772851345,0.9217597764492446,0.8331694479757035,0.851343605078591,0.9766696211982112,0.9461029557018421,0.7191634229147672,0.9280739727866972,0.8102059621384903,0.7375558034282084,0.9344435759581781,0.8441238169117911,0.7645870002578371,0.9468326771637804,0.8495534566007,0.7230197085068295,0.9260122298537025,0.8929956852100307,0.7253113363983074,0.9310977965583019,0.7530758745149816,0.829604409263933,0.9402764425849214,0.6170204690430705,33.23799438961523,3.4872891934037877,0.6119583484501603,0.2246142996558194,0.8946051345641977,1.1922389804784195,7.018044778529794,0.7606603254864541,0.05545884173332255,0.1490309783628182,0.19338676130129379,0.8268690248637108,0.8229329862882546,0.8102062219608593,0.7502473521219689,0.22383506962073912,0.530908813795228,0.8268690248637108,0.25,0.9716701380869103,3.812518630138884,2.670388716447506,0.7052014837531317,9.97155493266545
toward_HQ,4.0,1.0,10.0,3,1,blend,obs,0.5993333333333334,0.7694323236460623,0.9494250364003527,0.849068541210899,0.7386707190749287,0.9346706789398886,0.8678180880842293,0.8754520701966486,0.983191817079291,0.9693473059107836,0.7432514704392366,0.9385614010364621,0.849433149646371,0.7581996035700965,0.9429558788745948,0.876732236259958,0.7927528055326276,0.9575419964029722,0.8888330294839218,0.7335146119714795,0.9309080266312061,0.9162874221101378,0.7505270746164987,0.9445115755229363,0.8007357174698612,0.8260657957617745,0.9520133134126006,0.937676961554232,7.600063429024425,3.0339190882560927,0.5942725694476576,0.22631852361671906,0.7367512706726163,1.0022994337363853,7.117367409766461,0.7647198463376028,0.0519346968942751,0.1523979664352009,0.190372980237697,0.861459899791561,0.8582552101885876,0.8494329150589397,0.8107994313710014,0.560402532045025,0.6805155099954374,0.861459899791561,0.25,0.97686501376452,3.0199553047061802,2.60848121343326,0.7127851494433277,9.993609736085276
toward_HQ,4.0,1.0,10.0,4,1,blend,obs,0.6013333333333334,0.7512994647838734,0.9428057788385468,0.8288714530658191,0.7132430269527754,0.9227665100069653,0.850761246335476,0.8567869710540431,0.9784032167429594,0.95692831953939,0.7249910338502505,0.9305450334764259,0.830846338232855,0.7393100645650781,0.9351146585737005,0.8600524525371398,0.7747471863028833,0.9514656653684637,0.8708265890284277,0.7197857280061497,0.9250447396265089,0.9058878872648913,0.7298807715994331,0.9341918656612325,0.7694956622104102,0.8323266359801549,0.9437505849673784,0.9485981435090359,3.585698615038146,3.4352867493275108,0.6030050278459611,0.22371959738125494,0.8444487262253546,1.1097262554003133,7.534308173020174,0.7640868305125172,0.05848947049084996,0.1493739632298215,0.19603804090739696,0.8443401978680556,0.840641321836258,0.830845888436416,0.7836919953195164,0.49101289238798196,0.6083874933308177,0.8443401978680556,0.25,0.9723159051799501,3.518855273524854,2.721819346093719,0.7055973600216673,9.989220528800749
toward_HQ,4.0,1.0,10.0,5,1,blend,obs,0.6063333333333333,0.751985112022784,0.9432233476471974,0.8288534578808932,0.7268620173508902,0.9300249951883434,0.8567329485459545,0.8834216637090271,0.9852896984419492,0.9664502973395066,0.7361878316257947,0.9366356605070912,0.8393417837695568,0.7514274084938913,0.9410240472254845,0.8667544370062897,0.7741782862087792,0.9511058191451831,0.86949446349043,0.7215436665456628,0.925445714619975,0.9022226531601488,0.7324956577244717,0.9367779243916045,0.7746664640726723,0.8168866165502315,0.9496296374173395,0.9548119771942476,4.135282656729959,2.9079406595977244,0.5915033196958067,0.22562139346882187,0.765307905337994,1.0037327365011839,7.190060126543554,0.7678364474639242,0.04018208107502974,0.1514167263757893,0.19488012998508697,0.8507877049548724,0.8473286261055238,0.8393421195613836,0.805065189791302,0.5780084418340335,0.7191523287841801,0.8507877049548724,0.25,0.9786928485043004,2.864729314737838,2.5193278746849015,0.7276543663888945,9.989606841513389
toward_HQ,4.0,1.0,10.0,6,1,blend,obs,0.615,0.7501373972038177,0.9413802707745018,0.8204915851045004,0.7214317268074452,0.9273959381087734,0.8489314328534987,0.8778786317241433,0.9842446645873109,0.9693075482067033,0.7342638746229588,0.9346636231556159,0.8391767691938238,0.7493164498779127,0.939654697422848,0.8649651092907851,0.7755466291964226,0.9513319950246475,0.8647031537223101,0.726200017530531,0.9279466596677477,0.9012113259362584,0.7368594254938972,0.937997680291144,0.7777756887905036,0.8245671010599179,0.9586391762981485,0.9638953770116178,4.2267588169580375,2.745722595586555,0.5786942596698694,0.22317021856160213,0.8670246506494302,1.1616340844485236,6.784635660504519,0.779747596521879,0.06906529436769782,0.155618301376157,0.19454163122849,0.8449355968755693,0.8429559944639011,0.839177722235617,0.8177564252325632,0.6718744401278488,0.7506171699169281,0.8449355968755693,0.25,0.9758379469375006,3.577988321873077,2.509267897214929,0.7106823021541812,9.987599665965615
toward_HQ,4.0,1.0,10.0,7,1,blend,obs,0.6006666666666667,0.7263907514971982,0.9307421003244216,0.8022247402606579,0.6903373195377589,0.9106082726057474,0.82581298436575,0.8245734396796349,0.9682939003382414,0.9360888915481493,0.6977459674128901,0.9165553124529945,0.802622145327516,0.7144378780078353,0.9229194999140761,0.8351930854917133,0.7474433884263175,0.939079451335486,0.8459678191929327,0.6919425845707451,0.9096358234567792,0.8819860712446478,0.7240298606076542,0.9313093103895956,0.7645340879824205,0.8349187007115006,0.946488185853486,0.9088696270929807,6.776743779216313,3.242732367672057,0.6034956522061371,0.22434695024667956,0.9640195594688585,1.2472498730910573,7.598167361393282,0.7654923745099927,0.0503488863773246,0.14652503853087473,0.18691405336597666,0.8190362878248292,0.815396351247677,0.8026221826023536,0.7456824892650528,0.34876143346597505,0.5988628464090733,0.8190362878248292,0.25,0.9721304050390946,3.0399769557745064,2.6383592575905648,0.7151434881326681,9.981342455759853
away_HQ,0.5,1.0,10.0,0,1,blend,obs,0.601,0.7837849381431228,0.9548616339557682,0.8416557128917209,0.9259372388476391,0.995336832515242,0.9858340655473085,0.9698691972040842,0.9992727760407697,0.9980798149232176,0.8883571837574697,0.9887837387459006,0.9648409663641411,0.8948599063562963,0.9900198240076019,0.9661569314347277,0.8253649130785559,0.9704642488287799,0.89892969100765,0.9198020454333208,0.9938998737063561,0.9983344314556933,0.8765241733175249,0.985652826542437,0.9641785765034538,0.8847565974448018,0.8238138734634226,0.32890842181244007,38.219805751425774,8.045737590672601,0.8653717395726328,0.14231891191164797,2.6501112762144117,2.593561855701319,0.9647406951190648,0.2602060534406907,0.8773182159300592,0.2666315198807488,0.3150171931936603,0.9964063593969348,0.9974347432707744,0.9648614948110852,0.5316958369598038,0.16064222948005444,0.3385893582028132,0.9974347432707744,0.5,0.4149309098327494,30.630880799154852,7.854794236579391,-0.6171121624893686,9.805650149939884
away_HQ,0.5,1.0,10.0,1,1,blend,obs,0.6016666666666667,0.7920436261504664,0.9573317932411097,0.85352533692874,0.9232402797341468,0.9951129164258633,0.9842207744505436,0.9938634430067032,0.9999623012663723,0.9999318297230156,0.9006735316796421,0.9905794869940505,0.9722167579915969,0.8993126243865084,0.9902435790205929,0.9683053625440965,0.8327437925883333,0.97199609964787,0.9054734026999545,0.9179568475248172,0.9933090618573717,0.9960816348159128,0.8731139902272073,0.9846673275050045,0.963464681546968,0.8955402809773245,0.8312910485965738,0.11369498665925264,109.4114794609737,7.093655205196574,0.8624105518144625,0.1438200003596766,2.51887031508485,2.454474249126512,0.9393313292273066,0.2564045191807393,0.8758572291318434,0.27353809527007,0.3208534639952081,0.9970581592877321,0.9999004721074969,0.9722522611578499,0.5656702897458767,0.14338688440696623,0.30917969333973283,0.9999004721074969,0.5,0.47306384479774366,19.452752292542836,7.7209590387523175,-0.6194527099511041,9.825300406846447
away_HQ,0.5,1.0,10.0,2,1,blend,obs,0.6073333333333333,0.8007418441419649,0.960845552183158,0.8697928796393095,0.9273855786203093,0.9954771703352394,0.9848994109054461,0.9854349360824064,0.9997524518426394,0.9991196795950809,0.9018260560557572,0.991286787146567,0.9738446276475442,0.9096766344716605,0.9926794259476686,0.9759346243979886,0.8409210609040856,0.9747239585642447,0.9172098999107225,0.9341912474882238,0.9958622200910888,0.9994311138468644,0.881358658423558,0.986511408387162,0.9700317426319607,0.9033598958362823,0.8387113632960708,0.5722630814266708,16.449826611891762,6.943447202586279,0.8548303232142891,0.148161867586669,2.5374584154826287,2.464745700190851,0.8419134029574545,0.23417965685855674,0.8557730195184259,0.274701424855544,0.3238538160449064,0.9964202810330606,0.998615829250131,0.9738561155115794,0.6429936060445688,0.23799753140167812,0.3316726367620866,0.998615829250131,0.5,0.6534380621124335,10.800214990302113,6.289835792635727,-0.6215933626598692,9.849346794378748
away_HQ,0.5,1.0,10.0,3,1,blend,obs,0.598,0.7791180225493564,0.9530310893406195,0.8285304904386032,0.9520226515150687,0.9981181817926632,0.9936186053357503,0.969938420998898,0.9992643145625311,0.997473747619589,0.8706054763467943,0.9849690543769459,0.9479725216879902,0.8749606323320214,0.9859763143475826,0.9507346859058623,0.816940423012184,0.9678089594286603,0.8854684541115756,0.915042460234673,0.9934769060679903,0.9947303937271297,0.8661337836429415,0.983188975212395,0.9562487271130066,0.895226985619582,0.8302674276663533,0.34840330442792283,48.797838488933955,7.140428966765152,0.8575764340689714,0.14761029427930705,2.570399380070671,2.498858133556172,0.9222906525956999,0.2558107019438454,0.8623145419271745,0.27709552425202244,0.3281239868478487,0.9995339837575,0.994660587275464,0.947966561729428,0.5984371487679476,0.24914691168988712,0.3140192116804693,0.9995339837575,0.25,0.5204612048563403,28.33014720166452,6.936150437553043,-0.6065038399833291,9.833787089380124
away_HQ,0.5,1.0,10.0,4,1,blend,obs,0.6003333333333334,0.7960154063314713,0.9592605437794244,0.8618443028437622,0.9365297666671868,0.996695886566539,0.9892747042075059,0.9826427101477284,0.9997287042278465,0.9991426757830413,0.8883355489581487,0.9883841715162681,0.9616025764284746,0.8936374257658626,0.9895030144390825,0.9637885079720607,0.8378908857611098,0.9738933065822075,0.9125726760047591,0.9146201293204028,0.9927921430981509,0.9962009099437441,0.8777585396729966,0.9857948420080791,0.9667216207754656,0.89750146230233,0.8306973328263995,0.6165493247320399,14.26149429452239,7.5814170503863725,0.8462125341356552,0.15313039005884804,2.399126895726034,2.29303087750677,0.7752043446078762,0.2147408027657121,0.8304756954099722,0.2782719343531513,0.33234802627019333,0.9989414237695277,0.9983489888168415,0.9616242252105224,0.6031081151373129,0.24586194850051796,0.3423540258552785,0.9989414237695277,0.25,0.6545368659293873,13.140179020924279,7.170875968699742,-0.6157348926442602,9.79895853710902
away_HQ,0.5,1.0,10.0,5,1,blend,obs,0.599,0.7909145007706042,0.957058291912438,0.8513662413033829,0.9385976063294804,0.9968845410455563,0.9893931273720541,0.9871168630751941,0.999862853653805,0.9995462734024755,0.8915468520516667,0.9893239012108064,0.9655408269530443,0.8951859521146017,0.9900166656095505,0.9659164210407413,0.8303856370119909,0.9714022422133122,0.9024913128371107,0.9226665221650321,0.9942573097055021,0.9957311299990843,0.8829916160108946,0.9870385627941164,0.967890570331931,0.9027214530683736,0.8366333761146469,0.5457701215803188,20.18116440556127,6.3489038811327125,0.8461007562710734,0.15376444097333242,2.4751177942003078,2.410877287256594,0.8854472553360502,0.24206218568808036,0.8359136930504585,0.2780695154983253,0.3343271803587437,0.9990804715042388,0.9984245938482087,0.9655431236120405,0.6522130388298425,0.25907245494152636,0.3277583294460862,0.9990804715042388,0.25,0.6397601577740067,13.440802061772356,6.382529758308217,-0.5938515073623781,9.806466513617243
away_HQ,0.5,1.0,10.0,6,1,blend,obs,0.616,0.791893255259472,0.9573246484881286,0.8560553369445214,0.9326290534892536,0.9962915259141574,0.9872306265378656,0.9910211003909676,0.9999122365078535,0.9998289413537753,0.9008362893789034,0.9905753718978274,0.9714391815929916,0.9063591118336439,0.9916032207695622,0.9725275635228576,0.8323149231420447,0.9717529710246118,0.9069937325434112,0.9353738913962494,0.9958444820604195,0.9963152841499849,0.870971752118278,0.9840897096606603,0.9643582205331069,0.9088590766119442,0.8441250714581641,0.39963237963818704,41.625970618253994,6.08485483141092,0.8537941731301106,0.1477908720111597,2.566020192954296,2.4579797780517736,0.9030680539952484,0.2553416873322203,0.8645669426029928,0.2841564749385873,0.33798140232044993,0.9985091440759799,0.9992490153234467,0.9714438532951452,0.6754325316724223,0.21561067534730632,0.32545006457873815,0.9992490153234467,0.5,0.5275071979801035,28.979729139913808,5.715493941535796,-0.6092252552707725,9.808731761117274
away_HQ,0.5,1.0,10.0,7,1,blend,obs,0.5973333333333334,0.7901979365146587,0.9568159708187157,0.8542820473054421,0.9108719452850226,0.9931440740384782,0.9788654641522739,0.976073690587762,0.999424190303706,0.998661113453491,0.9013227924215059,0.9908816683500167,0.9726005745777233,0.9102377768272604,0.9924629369125,0.974789695018209,0.8344920872181385,0.9726719071132464,0.910064232244828,0.9226938444594877,0.9940927087866761,0.9982555843739118,0.8728649707523403,0.984489649412946,0.9679891365588023,0.8805273405176578,0.819468568687759,0.42388797015271745,30.719004427258948,8.794014137904288,0.8631796209791863,0.14380462307055186,2.62210363525427,2.5478345214341473,0.9551499811070296,0.2533139970129781,0.8740051238191537,0.2716474236456885,0.3228334749736899,0.9938624855756093,0.9993490934965215,0.9726162520701275,0.5600153751960035,0.16781191101550968,0.33478471568746926,0.9993490934965215,0.5,0.45440241142755744,28.769810010671648,8.171537292452538,-0.6206911268061756,9.859432320345237
away_HQ,1.0,1.0,10.0,0,1,blend,obs,0.602,0.7753710229193235,0.9502195564327148,0.8274501379431917,0.8616424943736767,0.9828022915005776,0.9533261150112837,0.952936385433316,0.997916641396699,0.9951914390173495,0.9472328254184702,0.9974125409181168,0.9934698577018278,0.9507538557656828,0.9978858742209485,0.9933614219185145,0.820468955407973,0.9675476588014833,0.892856294982977,0.9279072827786093,0.9948355816380998,0.998159064599566,0.8762014352020197,0.9853251923900702,0.9679606534430858,0.929136036966019,0.8297237160349753,0.08133722768183535,136.49468600548133,8.203222481432753,0.9160417721683353,0.11075598280519561,3.5646153637171385,3.4998770607675707,1.9614191779164032,0.45094288433068896,1.0535181666536126,0.23414591320390782,0.2898245666963016,0.9762780784361792,0.988463910808842,0.9934674626200656,0.6913248762608717,0.3285944174695025,0.3578249508098401,0.9934674626200656,1.0,0.08660587117739835,131.07394575178938,9.173748037837761,-0.6025752823229238,9.781544166985439
away_HQ,1.0,1.0,10.0,1,1,blend,obs,0.596,0.7815998756193422,0.9522387817671475,0.8385777718841786,0.8535237546379304,0.9813694213896573,0.9473165223626675,0.9669851185698557,0.9988904878474958,0.9975414661710895,0.952775253583388,0.997759241687233,0.9967518134604005,0.9633507250348846,0.9985497231887038,0.9963235689965416,0.8250195006883526,0.9684516692104557,0.8971618901910391,0.9199895717253872,0.9932975929983997,0.9941246670275682,0.8710614744985727,0.98404645145844,0.9672668474711199,0.9226411346834034,0.8227985828463732,0.06348675674105492,111.10405210475858,9.293897161682445,0.9171664230181409,0.11060079718823677,3.500711878906277,3.404995281415234,1.9736798969793354,0.45893307698084773,1.0566425083244237,0.2385805624760321,0.2916383870906407,0.9746240361665711,0.9896526833683914,0.9967476440480196,0.6555601830500567,0.3851715346553559,0.3504075990255058,0.9967476440480196,1.0,0.07679081869455451,111.78786468922544,8.514611516830259,-0.597709431343576,9.785740687415101
away_HQ,1.0,1.0,10.0,2,1,blend,obs,0.6066666666666667,0.7821250324320607,0.9526598445555633,0.8424142499278668,0.8645962469483989,0.9841366048922603,0.9513984658288837,0.9887882836835458,0.9998588592588381,0.9996033060175087,0.9473446131038622,0.9972105104986411,0.9943030243729446,0.9476506977735815,0.9971789137674866,0.99179447040784,0.8244977408099716,0.9684385852654265,0.8994551649397643,0.9434014154172877,0.9966911497987545,0.9974447628714196,0.8702394052075543,0.9837862104005243,0.9697815896815306,0.9385321880060755,0.8247600148550887,0.36931262474487364,34.65653525257397,8.29122181162225,0.9121484447755634,0.11471953943860744,3.5794458830481872,3.4775684210463793,1.868819980460654,0.44417514370909317,1.0446989010422532,0.2407015202525269,0.29947626573829667,0.9796608459634375,0.9934931597245589,0.9943238211094553,0.7138045068889496,0.4051996225693888,0.3500421614220891,0.9943238211094553,1.0,0.44229722081900863,22.967569188147646,8.503746826280217,-0.6005237573331602,9.813656227602678
away_HQ,1.0,1.0,10.0,3,1,blend,obs,0.5996666666666667,0.7755765712960463,0.9500454073481556,0.8193786974387226,0.8862253821046956,0.9885764960951698,0.9671985557780435,0.9770803376940421,0.9995358507274683,0.9993012968858549,0.9210642688530717,0.9942232267754971,0.9816434159532827,0.9200235645980148,0.9941117816921886,0.9798470959999612,0.816169614750912,0.9659386663572365,0.8809278231935355,0.9272272599397257,0.9947500396185385,0.9962108693234323,0.868286036406651,0.9834541419162055,0.96147561126505,0.9246313032617186,0.81419626489921,0.3991473466486052,29.154425665739506,9.393416246365446,0.9120475386686747,0.11448141907914294,3.580104532353525,3.4564405621251124,1.908945132534476,0.45595386833471363,1.0420525569726518,0.24291844608874938,0.3007513972479765,0.9892087993035164,0.9979976107850516,0.9816497114790818,0.6354418816077301,0.4273593411503076,0.3486539326609158,0.9979976107850516,0.5,0.3972412020351033,30.713736363859674,9.450807309667582,-0.5860986886379381,9.813219855874973
away_HQ,1.0,1.0,10.0,4,1,blend,obs,0.598,0.7874621684774118,0.9548918299146597,0.8503982818838475,0.8711932788785307,0.9855844280539828,0.9586981270360155,0.9924415102578563,0.9999415422400906,0.9999347188834149,0.9265077689534258,0.9947110024694851,0.9876314480080226,0.9306089858180081,0.9951657772139113,0.9859585923266732,0.8320479558599437,0.9709551095022865,0.9062139697067189,0.920312292813071,0.9933465644589641,0.9950578489371229,0.876984136717643,0.9855003364435397,0.9692104988241069,0.9238187446100338,0.8091117935224983,0.38910767257988893,21.9802135819063,10.27396312779631,0.902524954195947,0.12059880690481828,3.267217888996257,3.1466914985377983,1.7496170649997194,0.4197139840629156,1.013144133264963,0.24698800384561753,0.30726995716306105,0.9832165950440375,0.9956202108521388,0.9876360991880587,0.5709222788886791,0.35332323221308437,0.35109254992283134,0.9956202108521388,0.5,0.4004675281544186,23.11471768052887,10.586173119251454,-0.5934301492020476,9.760496792020124
away_HQ,1.0,1.0,10.0,5,1,blend,obs,0.5976666666666667,0.779847594771425,0.9515523307814737,0.8339079401757742,0.8749877409873955,0.9865451042717538,0.9597141225080896,0.9920101463814899,0.9999377401149496,0.9999655912272405,0.9352313480927212,0.9959446670657041,0.9894650330606881,0.937089311637627,0.996111390092136,0.9875067551684483,0.8230818763002472,0.9678596137741221,0.8937642745447377,0.929867577029218,0.9947968747754417,0.9951570005271446,0.87575825467987,0.9851957468936468,0.9691010433593384,0.9326655913734035,0.8190570234247975,0.3925032388768748,32.47710507076102,8.603420731889866,0.9026726878115252,0.12222053930844079,3.4421330310280482,3.328317853916369,1.8133920197350892,0.436095844257141,1.017029754350333,0.24641294460040022,0.31228020536757106,0.985021316480669,0.9964018094413213,0.9894864901434692,0.6835895188445981,0.3891414094949973,0.35760469781283954,0.9964018094413213,0.5,0.38665157892828916,33.45908303840767,8.90056376576837,-0.580933910093192,9.778734537960938
away_HQ,1.0,1.0,10.0,6,1,blend,obs,0.6103333333333333,0.7807301032336063,0.9517695590656577,0.8388799449481563,0.8721860789603568,0.9862811496318946,0.9567216373994394,0.9905319328404967,0.9998923335623562,0.9996168412124032,0.9345038446134855,0.9954819612941774,0.989168526719732,0.9356072516883527,0.995634540811206,0.9870883993912616,0.8249883044478612,0.968380947837487,0.8996518327104501,0.9352965603278699,0.9955025764607114,0.9943722659807163,0.8698241419739293,0.9837465563235295,0.9690943004224786,0.9394064403413939,0.8222712794491684,0.3772269371966464,36.10575179313875,8.147837458360119,0.903845192504902,0.12054993891401103,3.5681902083611425,3.429378132063234,1.6992891400145367,0.42916417226526976,1.0209119009578542,0.2557756527172592,0.31257078582039244,0.9849308868900676,0.9967955771723966,0.9891824111275119,0.6843751165337564,0.37058082630198413,0.34085128782893137,0.9967955771723966,0.5,0.4308322185350886,32.78504803609747,8.00088767807296,-0.5917477286925845,9.792366741989703
away_HQ,1.0,1.0,10.0,7,1,blend,obs,0.6033333333333334,0.7853665796036957,0.9538817571702002,0.8472585252674709,0.8501112400309618,0.9801122755880108,0.9445647270677601,0.9594249034537108,0.9982293893805226,0.9960754133898932,0.9680700354079853,0.9989713965737147,0.9990072005268683,0.9792904465703949,0.9995837593771083,0.9992259692678561,0.8313637637017045,0.9706873422778258,0.9070763967519494,0.9245956130501228,0.9941971777189205,0.995627550833706,0.8677614835318634,0.9831868118473747,0.970394088606959,0.9341889629212691,0.8349287032472066,0.23745169100333405,45.50441776519062,7.223524449480902,0.9137787269603974,0.11304089642753204,3.6459156262739936,3.529862611723961,1.8767832257066475,0.4396920721089136,1.0420876722577532,0.24081355151719647,0.29800883008880574,0.9722686916006851,0.9871683688108629,0.9990052543510517,0.7716121419819159,0.3600923840311983,0.3607356046174097,0.9990052543510517,1.0,0.22863771076814718,48.89014723296943,7.156443151660097,-0.6023956001488396,9.821220194579325
away_HQ,2.0,1.0,10.0,0,1,blend,obs,0.6,0.7633221265453349,0.9445019057474503,0.8086360508673837,0.787255429824713,0.957724427490152,0.8998502183494667,0.9258383204673957,0.9940907077519977,0.9872593311940334,0.9208029127025337,0.9938422122890388,0.9797463591192667,0.9290868521041764,0.9950279347644455,0.9849314045471098,0.8110302416894724,0.9637057893482965,0.8841869849955551,0.9297953161945688,0.9951108029539246,0.996742381980932,0.8728773392034774,0.9844251412074841,0.9696933880624862,0.9533674457392659,0.8560708509772708,0.0485034949977384,178.54187378547613,7.209863674577008,0.9601576388888889,0.07331262878050823,5.224474740004493,5.0680330548795895,3.648956106909129,0.6259317812618228,1.2189849982659975,0.18883789364436854,0.2506504930446078,0.9311198870547217,0.9475458355575308,0.979750013312912,0.899940868832498,0.5452573109451883,0.3962308364709852,0.979750013312912,1.0,0.037347142407813026,202.92982052610023,7.289930802618509,-0.5930532170041747,9.757121291723921
away_HQ,2.0,1.0,10.0,1,1,blend,obs,0.5966666666666667,0.7713368739698832,0.9472197703111057,0.8199084265752826,0.774709313967503,0.9537361642278336,0.8920983371072839,0.9165347559214728,0.9926547389943703,0.9836681602324191,0.9014782852126271,0.9911163683709783,0.9719916703688495,0.9149537046822864,0.9934018474325768,0.9803835477515351,0.8165161276682283,0.9649113061357929,0.8867641865421035,0.9157589624418414,0.9927816271831542,0.9914391332803273,0.8702426801310729,0.9838826260101763,0.9701912240264949,0.959631695802205,0.8651613020605375,0.21493662419645349,42.11355042385176,6.401350001657702,0.9619728519322223,0.07265834288880178,5.226147910190286,5.0912475360326255,3.8253484849655868,0.6460112689881545,1.2305471627324096,0.1888614671283369,0.24852996768618374,0.9243842556667469,0.9402934084431834,0.9719391042834307,0.9454947095504203,0.6169971811675506,0.40384895793867037,0.9719391042834307,1.0,0.16074956319308908,56.580568274463616,7.385455449277585,-0.5845358937442551,9.747478134256763
away_HQ,2.0,1.0,10.0,2,1,blend,obs,0.6046666666666667,0.7711167888465674,0.947532996842702,0.826664462982095,0.7850717389353932,0.9578865674355319,0.8937483684701895,0.9481574736701485,0.997078283363042,0.9930975395462095,0.9350520297691989,0.9963554588007255,0.9875979225882594,0.9419971752460883,0.9970174660173278,0.9903759168754592,0.8162758941474626,0.9651574187359889,0.8931214411671107,0.9353784665440414,0.9958582185792196,0.9947579247952582,0.8682779508222436,0.9833449895102524,0.9736927038525661,0.9637234683680412,0.8457798132220407,0.0781459128049917,138.41200087732176,8.046251415440969,0.9578830847204896,0.07730229741808983,5.345441844564034,5.129024814679304,3.6645800751064974,0.6366740643420895,1.2170389088665123,0.19088190088735643,0.2600851495866527,0.932460487116515,0.951641695821883,0.9875650588007966,0.891891087811733,0.6308215102449078,0.3832061467508686,0.9875650588007966,1.0,0.06900892350409549,147.79760643453758,7.810797303289578,-0.5803648445244228,9.789345746279515
away_HQ,2.0,1.0,10.0,3,1,blend,obs,0.5983333333333334,0.7661469114220435,0.945205874829408,0.8018623011014268,0.8079316280937092,0.9655901910205178,0.9184700670199891,0.9534730804124556,0.997748250565146,0.9972544594026634,0.9494270612894266,0.9976711216284375,0.9925183191957754,0.9623844489429451,0.9987474920216834,0.9962403123109194,0.8098732657796324,0.9628579307437808,0.8721338232583181,0.9308288727946301,0.9949817092586298,0.9962218018979596,0.8673345901587922,0.9831196964784651,0.9636388233581278,0.9616146483587626,0.8542573646116451,0.09418340414511091,94.33619399592759,7.251900588876674,0.9585064552294872,0.07601591072593768,5.4340451845408255,5.250947859926859,3.660138011239313,0.6417643325748275,1.215298894099063,0.19384393264771457,0.2604258155028827,0.9519477573400653,0.9671917031974856,0.992507475935232,0.8835321062106146,0.5811781920567848,0.38459947787516235,0.992507475935232,1.0,0.08035076942281094,106.21402000874528,8.63460754027874,-0.5735345615242355,9.762153989438321
away_HQ,2.0,1.0,10.0,4,1,blend,obs,0.5976666666666667,0.7716258479221904,0.947651216633098,0.8253588847094291,0.7827122833292421,0.9565694454015025,0.9029340586933561,0.9321270980146901,0.9950966505595682,0.9917775235825482,0.933709477893146,0.9960992712431773,0.9875916878377407,0.9403186216570734,0.9967596234391585,0.990532062684871,0.8191299264639633,0.96599465979084,0.8928729911411731,0.9130249269929438,0.9921237854241606,0.9914969415430022,0.8696641654479831,0.9837476695171936,0.9706840376614041,0.9605208536567376,0.845711392582563,0.0956127496027238,95.26979841187257,8.414807819877899,0.9581632704926782,0.0763132210395164,5.268199873572839,5.035708661520049,3.616055570226309,0.6324322956439955,1.2191484170450058,0.19315870056742468,0.26329521767665287,0.9378401629169411,0.9546980620927972,0.9876152190148204,0.8729049436170081,0.6117919665335343,0.3912121977268064,0.9876152190148204,1.0,0.07097115785386225,113.13983983675249,8.537998272068748,-0.5867161214010104,9.736920127208306
away_HQ,2.0,1.0,10.0,5,1,blend,obs,0.6033333333333334,0.7695844758102349,0.946575064903519,0.8178226998129046,0.7966249350121454,0.9623905313025133,0.907344971502306,0.9610693840620159,0.9983398675258328,0.9959690326622014,0.9440499168326996,0.9972409562742153,0.9910508047143758,0.961196749148665,0.9987344045695284,0.9958292830792207,0.8158750993191476,0.9647750531899697,0.8870652271023315,0.9286945247446696,0.9946506398324765,0.9935487257134228,0.8724232006792734,0.9844253848070474,0.9717339410498373,0.9555797476900362,0.8344711844873649,0.08136330191030947,122.86385267238023,8.760573602862468,0.9540881656530015,0.08145251369246448,5.119062423528201,4.955547915655975,3.6298557637856463,0.6373947007273862,1.2063960603296522,0.1949138411949021,0.2695587755505838,0.9429524436998119,0.9604657429776146,0.9910531906186916,0.7837325044197769,0.4745810249479577,0.36232138939602276,0.9910531906186916,1.0,0.07663526554657432,125.82716027630981,9.820009844236019,-0.5690013596022659,9.724679903274032
away_HQ,2.0,1.0,10.0,6,1,blend,obs,0.6173333333333333,0.7716058866966637,0.9478956574095185,0.83061545146893,0.7920989997538872,0.9604863812541056,0.9006596288161807,0.9484827776734923,0.9970901436344174,0.9931526605973667,0.9304386382321579,0.9956503736886122,0.9853505310395344,0.9442710073992708,0.9971799962503335,0.990590702254243,0.8174676534465387,0.9656690180590886,0.8961608564814162,0.9341929525742376,0.9956134366062875,0.9944648879767836,0.8630159184852652,0.9820141192570889,0.9682135053509633,0.9586383270612756,0.8562225544176187,0.34452263245341447,31.04709228992517,7.023823805307703,0.9571192928259118,0.07717054363965162,5.257560699555968,5.037098212391533,3.5327188342581057,0.6505197195510718,1.2235080825525824,0.19961092976989772,0.2661936715234571,0.935932218630306,0.9533592944525479,0.9853428352575766,0.9145262060580177,0.5926169092127677,0.39561332466125365,0.9853428352575766,1.0,0.31281899799441776,36.150186196863956,8.086406666964876,-0.5729883630015106,9.754956061400419
away_HQ,2.0,1.0,10.0,7,1,blend,obs,0.6053333333333333,0.7766329868866686,0.9498149555038432,0.8366857097918484,0.7740182950418174,0.9532281616190881,0.888634364768567,0.9322029658069678,0.9950127844368072,0.9870520121074039,0.9178943136291978,0.9936835911939768,0.9783908411788229,0.9231166490211903,0.9944179163080262,0.9818418414792509,0.8246095639935386,0.9680304744404321,0.9026782804754118,0.9182213468941051,0.9934244121014439,0.9923274446668376,0.8671002620794177,0.9831138158096335,0.9739188377978993,0.9572915712511718,0.8409110969232529,0.16822345283091614,74.25855909791402,7.7632343668936015,0.9572733268097393,0.07773083271359585,5.254863518588711,5.115187311048865,3.610278726985105,0.6279251574030753,1.2072551929194375,0.19288369629482627,0.260648848179897,0.9255639063073657,0.9442042071299331,0.978395798815902,0.8728982606757997,0.5404597304799419,0.3854651839189214,0.978395798815902,1.0,0.15400549092859883,78.91117431726887,7.035611521665889,-0.5793300355163621,9.798529924628804
away_HQ,3.0,1.0,10.0,0,1,blend,obs,0.603,0.7608788083588047,0.9431730572592963,0.8053434692845818,0.7414519719977307,0.9367325700208131,0.8647008216080868,0.8868053627847106,0.9861937790887924,0.9679589706480353,0.8480585746167528,0.9771418129822009,0.9364911729060515,0.855017881488308,0.9790635102495385,0.9446662833883439,0.809475725623704,0.9628720961445391,0.8833734162265277,0.9283103137973794,0.9949464637546785,0.9958031075451708,0.871650681625424,0.9841141919108668,0.9715213103768198,0.9342568597263408,0.8808045012877628,0.02231698230209011,273.18364359471605,6.327006952032395,0.9772735817135983,0.052632861738151786,6.9933342772966895,6.8201806016170705,5.600444593701082,0.7170680376381457,1.2953427372130224,0.1597759990717959,0.2274274011982121,0.894403589653774,0.9067753515697389,0.9364460048194538,0.9625353759308402,0.6583221835816531,0.41808640929137175,0.9625353759308402,2.0,0.014729384063932155,339.3949052469329,6.382004228342772,-0.5782746995748766,9.723048361676913
away_HQ,3.0,1.0,10.0,1,1,blend,obs,0.5963333333333334,0.7682622706052171,0.9455872408326901,0.813083566799339,0.7308199767075563,0.9329669225930087,0.8583997261535545,0.8732083280382181,0.9831335730526408,0.9607928366379914,0.8286700613894087,0.9720119672982367,0.9253093118576955,0.8383450665125445,0.974937112602709,0.9359547044225001,0.8141901328517153,0.9638690138851413,0.8835225733529435,0.9119674589361276,0.9922383981794891,0.99001784110525,0.8669124451052104,0.9831499219138299,0.9701700828693124,0.9382158397055673,0.8910041058819802,0.24351737111441926,47.387151605023824,5.099872534331013,0.9789898725074188,0.05317323657200279,7.185529124112666,6.945786502108008,5.847996569214215,0.729985653614518,1.303743119025947,0.16101979802718194,0.22576230422257126,0.8905913427128277,0.9010726648201621,0.9252936442222307,0.9802743595728293,0.7155426303766902,0.4307152668664511,0.9802743595728293,2.0,0.18718704954074705,62.0471888979738,5.63724919995903,-0.573757465411429,9.728864494696154
away_HQ,3.0,1.0,10.0,2,1,blend,obs,0.6073333333333333,0.7707242428835596,0.947290120886855,0.8319247374821469,0.7414656368792716,0.9367643117403853,0.860295564453576,0.8942617582240795,0.9877084632705275,0.9710600977539504,0.8447872924453135,0.9763539990131601,0.9354299622728233,0.8589587903698651,0.9802757050976632,0.9474153608366152,0.8183926915126128,0.9659818797120505,0.902023919793833,0.9277100978828275,0.9949391764631134,0.9937407423155168,0.8710110625819281,0.9840473898205094,0.9743359975802303,0.9277832521303292,0.8859977813148416,0.13570238569065904,79.73439614239707,5.853459146209432,0.9769269762700367,0.05473414441187663,6.95278925743311,6.757886139622708,5.4243195504617905,0.719560799939859,1.2957032730702518,0.1643026486538191,0.2335434218387026,0.8918937407532024,0.9050388492162821,0.9353940880712324,0.9812558981425852,0.7522527575446171,0.4213810524339685,0.9812558981425852,2.0,0.13071440173194346,76.46381553402946,6.810936876151552,-0.5761424731303927,9.76961533916138
away_HQ,3.0,1.0,10.0,3,1,blend,obs,0.5943333333333334,0.764655403202657,0.9440997626193954,0.8008214272323267,0.7454894206281577,0.9385925576425056,0.8762757868125832,0.8867437674870027,0.9863687892014142,0.9755539934371817,0.8466158529862997,0.9769925095178583,0.9440528436863276,0.8577165887612493,0.9800208958518825,0.9534550249507694,0.8105199741322032,0.9626235046842787,0.8746881059267531,0.9190184638874564,0.9931976463225035,0.9935798434271601,0.8707906009176218,0.9839671026369116,0.9709875140786934,0.9380682990497994,0.8922926380674537,0.006939775946106773,480.1971219130016,5.067527254875717,0.9770753270525842,0.05350803166722432,6.9617348850143035,6.8320347888616935,5.460530212082416,0.7245108764411987,1.295998240665013,0.16626893420192923,0.2351272196853611,0.9070569284613526,0.918392582493952,0.944078408406282,0.9964983337410901,0.7362622728643604,0.41085555074839464,0.9964983337410901,2.0,0.007364956819873588,462.8872139915366,5.552236051895697,-0.5714873642238142,9.743167208913292
away_HQ,3.0,1.0,10.0,4,1,blend,obs,0.5936666666666667,0.7647187463809817,0.944463689927734,0.8124972355945068,0.7380527681961363,0.9360742157690665,0.8687595196669248,0.901311320130929,0.9896209385327742,0.9785098633185537,0.8533087113127793,0.9795103953520947,0.9467902027372019,0.8644598723302339,0.9823092576043279,0.9551414399912131,0.8135526263273829,0.9638596217575051,0.886616321813427,0.9119427754322518,0.9920662649525238,0.9906649969814434,0.8669175121218475,0.9830937047831674,0.9722068599794206,0.9350528954983889,0.8784057285520082,0.04124515323358463,149.33371500340849,6.060261951192113,0.9764672583035128,0.055819161128465584,7.1895436969550675,6.766682713843293,5.449983008354409,0.7170443285018625,1.3001562987917559,0.1653088686992228,0.24039685061629482,0.9055651658605616,0.9178124096138477,0.9468166310619418,0.9879710830690895,0.7078575080073566,0.40513393671766884,0.9879710830690895,2.0,0.02800836478159464,204.40627690904324,6.745136562297889,-0.5831119702898935,9.73033326397407
away_HQ,3.0,1.0,10.0,5,1,blend,obs,0.6016666666666667,0.761789850624621,0.9428361691798574,0.8006376143396092,0.7455467558336333,0.9396464971143258,0.8689783870295196,0.8886794534725371,0.9867587714280831,0.9680614485076889,0.8390073052064635,0.9750733092730014,0.9326478835313192,0.8488914373627457,0.9778489539316342,0.9420123441378782,0.8095683234553902,0.9622531861837129,0.878055435274018,0.926161518857048,0.9944359385738276,0.9931737225449828,0.8651307125194534,0.9826332806535356,0.9698872624862859,0.9324552290705811,0.8962961166493587,0.009919434829551743,379.3414543840613,4.6725618168955805,0.9758353712954484,0.05573101079924076,6.672777177030087,6.563623000997874,5.6242324748774735,0.7309525824269445,1.3052844899525073,0.16409333885007304,0.24048936380836716,0.8984631232500467,0.9097788437997305,0.9325788772269499,0.9814270384974797,0.669333294653829,0.4332309479934898,0.9814270384974797,2.0,0.009493148429293418,363.8216725657885,4.973249643005227,-0.5743319075255631,9.70057182554567
away_HQ,3.0,1.0,10.0,6,1,blend,obs,0.6143333333333333,0.763560090755907,0.9441430857054638,0.8148199193260306,0.7456683482085398,0.9397903871428176,0.865653995044991,0.9012676064144141,0.989489710840638,0.9766988285813027,0.8454303514426297,0.977134513871054,0.9382128844317347,0.8587566287489999,0.9806941478376144,0.9486256828048716,0.8107170847683604,0.9630458720111095,0.8880066486414058,0.9305534730661402,0.9952121773174082,0.993172157494617,0.8566373545350601,0.9803613008289824,0.9665674176256732,0.9232356735179632,0.8934071015158275,0.3432747044858221,34.65636201267668,5.131100632680136,0.9761563645009663,0.055639136455313626,6.788317595164272,6.68306925083855,5.273320613566496,0.7390441276660771,1.3116136407447159,0.17017224777044396,0.2443118572997678,0.8976502733094602,0.9107621412563033,0.938194964644062,0.993003289089494,0.7219956139370851,0.43563211788823863,0.993003289089494,2.0,0.37849084143523076,25.43407481009977,5.838989679448687,-0.572569513078639,9.745486548062948
away_HQ,3.0,1.0,10.0,7,1,blend,obs,0.6016666666666667,0.7693102159464216,0.9465045239883532,0.8239084576489959,0.7215200190961615,0.9278863843018467,0.8496374967860413,0.8741148530830418,0.9832436798607096,0.9631039177055036,0.8289480214279115,0.9718129864834828,0.9245421563997436,0.834213057962283,0.9732968356064631,0.9329860924182204,0.8188204579287159,0.9658505542926438,0.8963666090957514,0.9122392716396643,0.9925161807560853,0.9904873676870153,0.8635665609196526,0.9823026595970111,0.9738251528202251,0.9338321363247485,0.8809190569031733,0.16234336747768705,61.38340738484437,5.948643142166287,0.9774077121895246,0.05464835654779683,6.968186239654555,6.818927495244923,5.533776946169396,0.7193155772067057,1.2937013150716332,0.1630758387130174,0.23574062573968851,0.8820793642149707,0.8956886633397121,0.9245226803614963,0.9711661942769202,0.6589687508817672,0.4163895967550546,0.9711661942769202,2.0,0.17314086659981695,69.94523072012721,5.622325236465861,-0.5743857378649274,9.758630259465791
away_HQ,4.0,1.0,10.0,0,1,blend,obs,0.6053333333333333,0.760233715847315,0.9428312065003466,0.8052378869117552,0.7133100643170126,0.9218419586366273,0.8433927254285128,0.8408991395793164,0.9732512944131324,0.9404076579088233,0.7856635853058607,0.9547183971941221,0.8921215074514336,0.7967633201088301,0.9590655623028626,0.9043643276998835,0.8093867773484018,0.9628058469812785,0.8845730833590669,0.9270330180056068,0.9947705810612638,0.9954547929050709,0.8720788934987393,0.9841691284528842,0.9720575801837846,0.9176669808184761,0.9154902569764188,0.10736202361291644,109.40079288656142,4.538952100298657,0.9865204377009169,0.036919273121908604,8.834101052626279,8.856561405922214,7.637409684599515,0.7621416132899156,1.334127556487066,0.1440973811682425,0.21191082948388018,0.8648567872102458,0.8730917193715065,0.8921369764482204,0.9457388441101858,0.7557515132376694,0.47741212126433563,0.9457388441101858,2.0,0.09730816553425736,110.62823107588945,5.050404036785421,-0.5719859431971505,9.695589096019987
away_HQ,4.0,1.0,10.0,1,1,blend,obs,0.599,0.7686139447905191,0.9455361061612017,0.8118117719506253,0.7086969451584251,0.9210921041754973,0.844506288041792,0.8410005818861774,0.9737415836446568,0.9442270275623925,0.782041569128143,0.9544142517216458,0.8948913400104772,0.7941373455501342,0.9591014081736735,0.9079311467313192,0.8145241868698263,0.963866443346969,0.8825907573636962,0.9086803112665556,0.9916634265624894,0.9892097335512501,0.8686952657716732,0.9836610946262592,0.9710355412220066,0.9219817524599334,0.9167855278166959,0.19388367207162208,74.05049616493359,4.316182418942851,0.9853887355438153,0.04190353927014517,8.3559949774013,8.29030959272146,7.45869398910784,0.765510088673864,1.3346089435725894,0.14853640267332097,0.21435158834329165,0.8687515944194818,0.8765448287272184,0.8949634844929614,0.957962060767402,0.7988713917777007,0.47887395549171397,0.957962060767402,2.0,0.18833748124378652,58.528629384272385,5.230494547318634,-0.5690988548987255,9.715271536851196
away_HQ,4.0,1.0,10.0,2,1,blend,obs,0.601,0.7618709055600152,0.9433573942566844,0.8113276378868811,0.7108968772851345,0.9217597764492446,0.8331694479757035,0.851343605078591,0.9766696211982112,0.9461029557018421,0.7857404378864524,0.9556435893670032,0.8909770133119232,0.7994605989204694,0.96078110030824,0.9043997215392967,0.8083910580214148,0.9622356646217807,0.886103577626005,0.9315340486699248,0.9954946308609584,0.9935811620225715,0.8637428950077581,0.9823032829029853,0.9724021348160204,0.9133567184459054,0.9154607805493582,0.19355420503354828,81.96248776201175,4.252536131701976,0.9856560424911419,0.04156106873114445,8.385473024905092,8.314988072771797,7.018044778529794,0.7606603254864541,1.3375381705909863,0.1490309783628182,0.22020540408412662,0.859556749977866,0.8691565426391605,0.8909088028382818,0.9538977578787675,0.8614561312957572,0.5321588870231361,0.9538977578787675,2.0,0.22283269089865243,71.82843576379061,4.939357687993911,-0.5768778451045323,9.768960974360601
away_HQ,4.0,1.0,10.0,3,1,blend,obs,0.5993333333333334,0.7608178417923589,0.9424875119494034,0.7912344846446279,0.7386707190749287,0.9346706789398886,0.8678180880842293,0.8754520701966486,0.983191817079291,0.9693473059107836,0.8180903596577406,0.9670869010504302,0.92390694983554,0.8351009876728428,0.972629948048322,0.9376598278994615,0.8059710790318642,0.9610822076512411,0.867081037540035,0.9307274166314476,0.9949996265184805,0.9962078235992742,0.8658259953853047,0.9827138493126009,0.9647242262170875,0.9167481507670503,0.9119217468326347,0.015061645607628408,341.59954594182,4.776815377959034,0.9852211460691209,0.04166825247131719,8.308914942470663,8.41221928564372,7.117367409766461,0.7647198463376028,1.3338982304659925,0.1523979664352009,0.22192162319655623,0.8922675834857254,0.9011875858100893,0.9239036783752402,0.9847239665771087,0.7983149968500652,0.4499690599596542,0.9847239665771087,2.0,0.012705770960147153,371.9317329169667,5.968333841094043,-0.5691783841283896,9.733251184575055
away_HQ,4.0,1.0,10.0,4,1,blend,obs,0.6013333333333334,0.7656935690439204,0.9446876792305049,0.8134813850823118,0.7132430269527754,0.9227665100069653,0.850761246335476,0.8567869710540431,0.9784032167429594,0.95692831953939,0.7900953087881916,0.9573772842236802,0.9061146464703401,0.802969107938758,0.9621203543590493,0.9171545882174467,0.8143056485006368,0.964001072532427,0.8872777894348092,0.9120338415515586,0.9921589406626808,0.9904473871228369,0.8690961685695048,0.983676217805266,0.9746484535176159,0.9140461979899007,0.9155422711281682,0.005751726974604479,557.1208374464827,4.086782013190694,0.9851660468375739,0.04228768143145993,8.573799374439226,8.37251572865674,7.534308173020174,0.7640868305125172,1.3427738274051233,0.1493739632298215,0.2248529877953096,0.8801057996024316,0.8876009337090601,0.9061443891378222,0.9691174958828335,0.8458690980423837,0.5009074871079112,0.9691174958828335,2.0,0.006089096275723933,540.7990326737826,4.753520513676142,-0.5786869968926062,9.705851388850336
away_HQ,4.0,1.0,10.0,5,1,blend,obs,0.6063333333333333,0.7610933328577427,0.942384756120008,0.7983337584143486,0.7268620173508902,0.9300249951883434,0.8567329485459545,0.8834216637090271,0.9852896984419492,0.9664502973395066,0.8101812020836566,0.9650628659514143,0.9137875578063107,0.8253496238894893,0.9701756172567384,0.9272259655531039,0.8091342887687243,0.9620006405093571,0.8771048507817915,0.9239501057236865,0.9940925067115844,0.9925910064343411,0.8657173646252574,0.9828107071091807,0.9711453896518542,0.9027899019194484,0.9065447612459107,0.1733496162327175,68.86352578920128,4.75549767571105,0.982742143681406,0.045449065690253365,7.497173123943447,7.5517942895634365,7.190060126543554,0.7678364474639242,1.3391182124733367,0.1514167263757893,0.22820941355108038,0.8806459600422702,0.8905602741364446,0.9137965271661992,0.9729525197915784,0.7432202616244816,0.4460012173730794,0.9729525197915784,2.0,0.12963440111976735,83.0640636603972,5.831230781576722,-0.5712817650094124,9.683110423687381
away_HQ,4.0,1.0,10.0,6,1,blend,obs,0.615,0.7618671375455159,0.9432672265332689,0.8099585118662679,0.7214317268074452,0.9273959381087734,0.8489314328534987,0.8778786317241433,0.9842446645873109,0.9693075482067033,0.8019538073218146,0.9623701605251626,0.9104571571850599,0.8153901859739479,0.9670712318074698,0.922621669881291,0.8095571531924906,0.9625008326508893,0.8855229315119616,0.9270930319536175,0.9947422074525119,0.9923680399725807,0.857745616463257,0.9806813161991408,0.96795670106433,0.9014427104112535,0.9134014655043461,0.12294974063779422,94.04074596307636,4.262886495913353,0.9850099133025962,0.04213377303557073,8.425530132039441,8.380416544472544,6.784635660504519,0.779747596521879,1.3532162188468018,0.155618301376157,0.22911371264080746,0.8797274587968006,0.8889767897175435,0.910429256381213,0.9760351022967397,0.8643025820094434,0.5219475304168877,0.9760351022967397,2.0,0.14225233994238562,72.46177270772968,4.848994673802969,-0.5734686223249229,9.726387157653015
away_HQ,4.0,1.0,10.0,7,1,blend,obs,0.6006666666666667,0.7672726456226177,0.9454778430902466,0.8192279449751516,0.6903373195377589,0.9106082726057474,0.82581298436575,0.8245734396796349,0.9682939003382414,0.9360888915481493,0.7641866419060223,0.9464210730531066,0.8793156718324711,0.7739547190476713,0.9504790962868472,0.8911902413014454,0.8172054264043338,0.965178528355286,0.8940191291014487,0.9092630493858753,0.9920330036581836,0.9895595693979695,0.863570810058533,0.982370722091876,0.9742193516101846,0.9187149875975994,0.9156258596669498,0.07339621699484938,143.53202530975648,4.245074279726661,0.9856343535933919,0.04048786309205907,8.389441439636768,8.494287576298769,7.598167361393282,0.7654923745099927,1.3355480117557943,0.14652503853087473,0.22103502555028795,0.8487819149971496,0.8588414225980247,0.8793056871692077,0.9396297467784,0.7914043310790032,0.4783192942149528,0.9396297467784,2.0,0.05802951042324507,158.34056849246443,4.449160228445154,-0.5700556372458019,9.743335570416628
toward_half,0.5,0.5,10.0,0,1,blend,obs,0.601,0.8538789140142299,0.9820940991089706,0.9396404274491547,0.9259372388476391,0.995336832515242,0.9858340655473085,0.9698691972040842,0.9992727760407697,0.9980798149232176,0.8720253148994848,0.9865236695125336,0.9536905237945602,0.8910572465716723,0.9900901775414181,0.9657153870221563,0.8845551229519365,0.9887742869075179,0.9608677971187958,0.8662698672401032,0.9825214885136336,0.9848369522409335,0.8306854223973351,0.9756632224522794,0.9256554880168902,0.8677695746974292,0.9209300604779932,0.9244854154578912,6.109902862213292,3.5472619166003856,0.6423933284866817,0.2228471572579747,-0.571118227015567,-0.4905251777363696,0.9647406951190648,0.2602060534406907,-0.1688157143834123,0.2666315198807488,0.2870973503720517,0.9807428713726413,0.974102905266585,0.9537013421549054,0.8507582650959141,0.04857402658483357,0.5290013142294077,0.9807428713726413,0.25,0.978618458095059,2.6156052546291093,2.671826959129222,0.429021767824103,9.833946162924132
toward_half,0.5,0.5,10.0,1,1,blend,obs,0.6016666666666667,0.8480040937725885,0.98092207666962,0.9357091876124236,0.9232402797341468,0.9951129164258633,0.9842207744505436,0.9938634430067032,0.9999623012663723,0.9999318297230156,0.8728329860862509,0.9868563266701065,0.954265888940883,0.8905920737876079,0.9901860438365785,0.9662029380492445,0.8799742241028509,0.9881820663643938,0.958893086031417,0.8679145683933951,0.9830839088349955,0.9825860788880708,0.8133399632890692,0.9703441235318936,0.9100140293693756,0.873582411737734,0.9327380866198659,0.9326590231016085,7.604741159785264,3.2378149136231484,0.6268188087483628,0.22506319515331968,-0.6022315784682744,-0.4848857250588897,0.9393313292273066,0.2564045191807393,-0.16863484994874006,0.27353809527007,0.29377326429914186,0.9791056850314799,0.9726251264748098,0.9542615376926121,0.8740514075243303,0.26520894414623675,0.6293134697108074,0.9791056850314799,0.25,0.9829092993626535,2.0589913147714447,2.548735674125202,0.42503936912947937,9.862264189003366
toward_half,0.5,0.5,10.0,2,1,blend,obs,0.6073333333333333,0.8447921783991793,0.9797139116497631,0.9334013315987035,0.9273855786203093,0.9954771703352394,0.9848994109054461,0.9854349360824064,0.9997524518426394,0.9991196795950809,0.8688014317253476,0.9859156619039837,0.951915179875912,0.8858365824012068,0.989202590013532,0.9625641439393546,0.8764096882931807,0.9872113913871025,0.9561513713448927,0.882085435208464,0.9860807518712525,0.9849018599368029,0.8133976845512096,0.9699913903231381,0.912206954009801,0.8707745827284052,0.9292749392461314,0.8675294986326886,14.025702190547563,3.1207879215792804,0.6418623818673486,0.22136751816155137,-0.6064517838272604,-0.5410921666342638,0.8419134029574545,0.23417965685855674,-0.19007314030444428,0.274701424855544,0.30012852947008717,0.9794071495001807,0.9722495858889574,0.951911762767371,0.8604455181166771,0.20870788899510634,0.6099699603508566,0.9794071495001807,0.25,0.9769462505310386,2.841728442036492,2.4699590856311646,0.42425279716300107,9.84623273709729
toward_half,0.5,0.5,10.0,3,1,blend,obs,0.598,0.8672710485494229,0.9851832508426663,0.9558439605446819,0.9520226515150687,0.9981181817926632,0.9936186053357503,0.969938420998898,0.9992643145625311,0.997473747619589,0.8917869218644136,0.990518126637004,0.968344260778285,0.9098009241317548,0.9934389917312079,0.9773289642355216,0.9015902512213071,0.9920430607466205,0.9736102517473949,0.8858598765980273,0.987146989862305,0.9917933671408837,0.8394635922346385,0.9774783726092455,0.946405070240019,0.8688720649599128,0.9319844154388344,0.9335591692185413,5.913364886224008,3.1260054264554347,0.6340318566957114,0.2250824667175015,-0.608518737901264,-0.5094635520786391,0.9222906525956999,0.2558107019438454,-0.18141147378268724,0.27709552425202244,0.304178600691148,0.9896644436776286,0.9844383591786398,0.9683446793573871,0.8914879033991153,0.3686493929403677,0.6344839759381274,0.9896644436776286,0.25,0.9807828491384338,2.7243687276399293,2.4217401401606424,0.43722217572653266,9.848482160448045
toward_half,0.5,0.5,10.0,4,1,blend,obs,0.6003333333333334,0.853244241539991,0.9823258747958701,0.9409357276778195,0.9365297666671868,0.996695886566539,0.9892747042075059,0.9826427101477284,0.9997287042278465,0.9991426757830413,0.8766374943249561,0.9877483514544212,0.9574656962475253,0.8903510022468698,0.9903040505823534,0.9664841642760035,0.8831198133081939,0.9889083929786555,0.9613696524781622,0.873378858542639,0.9843591124462592,0.9858905515803574,0.8276966218040855,0.9747278902784857,0.9261140766175103,0.86375623785709,0.9267928398111757,0.9417578169568681,3.7853310416264376,3.0555676567401813,0.6426994270164986,0.2228360748214271,-0.689713159120942,-0.6372418992307582,0.7752043446078762,0.2147408027657121,-0.21238590904539284,0.2782719343531513,0.3018495083953616,0.984160965269239,0.9773469909346153,0.9574674388851622,0.8703282676246408,0.35438828456141597,0.6349084586417778,0.984160965269239,0.25,0.9767449953226901,2.1878272506655114,2.5205589354353988,0.42712671181110495,9.81677416582946
toward_half,0.5,0.5,10.0,5,1,blend,obs,0.599,0.858477945833428,0.9834331272789432,0.9461618569003192,0.9385976063294804,0.9968845410455563,0.9893931273720541,0.9871168630751941,0.999862853653805,0.9995462734024755,0.879797701727315,0.9882555473183559,0.9602026755998844,0.8981758445040378,0.9915590962806795,0.970752605702118,0.8900903685310676,0.9901322436273701,0.9659018040887765,0.8824330181456739,0.9863886618524493,0.9872592550557755,0.8243766566240635,0.9735740336192177,0.9242476335580789,0.8701726259287785,0.9301453319061687,0.941886243646135,5.335443837563639,3.2615993802333647,0.6316144807708053,0.22516232013933385,-0.6770996899765802,-0.5679459495445287,0.8854472553360502,0.24206218568808036,-0.18149343135136958,0.2780695154983253,0.2979090406958329,0.9845373723888491,0.9782698945169276,0.9602036431198844,0.8818010556200807,0.3746666135217825,0.6516727788366921,0.9845373723888491,0.25,0.979908996408747,2.6648578124500015,2.522075499274513,0.42355561703944994,9.799789894474683
toward_half,0.5,0.5,10.0,6,1,blend,obs,0.616,0.8510409347028631,0.9814064442026421,0.9411147106323563,0.9326290534892536,0.9962915259141574,0.9872306265378656,0.9910211003909676,0.9999122365078535,0.9998289413537753,0.8760254528829301,0.9874605291416205,0.9578402686660714,0.8954215153520818,0.9910812022528401,0.9691255038474569,0.8848090416192357,0.9890897967981089,0.9631817080212505,0.8863079050702954,0.9874772020782797,0.985340665638013,0.8211429415666318,0.9723746792913599,0.9227274733811511,0.8729051684084622,0.9341835978652484,0.9478778704044443,3.89134272235254,3.3368441154939865,0.6316976028890091,0.22134662989260565,-0.5935623453355107,-0.49345683805309926,0.9030680539952484,0.2553416873322203,-0.17008773569424593,0.2841564749385873,0.3050283175745028,0.9823844310877944,0.976119233023444,0.9578401521351759,0.8735392675828103,0.3716990280174908,0.6260723937534229,0.9823844310877944,0.25,0.9820616677562501,2.2981404798992457,2.505000373249603,0.4254294230264662,9.826160718201868
toward_half,0.5,0.5,10.0,7,1,blend,obs,0.5973333333333334,0.8385405318097274,0.9784173654280444,0.9248319390306292,0.9108719452850226,0.9931440740384782,0.9788654641522739,0.976073690587762,0.999424190303706,0.998661113453491,0.8497744971199249,0.9815296382703347,0.9350949846409816,0.8703859745697177,0.9861361702000468,0.9523072971293369,0.8671563468144233,0.9853401110838199,0.9489705671692876,0.8524568006610441,0.9787920056463897,0.9774960232503352,0.8211515077718703,0.9728466155854537,0.9166257797723781,0.8618130587437589,0.9170118274481127,0.8831575081655549,7.085759792152434,4.071717675440462,0.6391171948912016,0.2238395485671472,-0.4858393783977709,-0.4343310089898405,0.9551499811070296,0.2533139970129781,-0.1809223916635241,0.2716474236456885,0.2890951857271311,0.9721195672544397,0.9633195725527395,0.9351031797908927,0.7713411869026622,-0.04790234979786279,0.3155814416886875,0.9721195672544397,0.25,0.9728041988930596,2.971108062485116,2.6774675321464168,0.4342363886765022,9.836222585237083
toward_half,1.0,0.5,10.0,0,1,blend,obs,0.602,0.8512928038175579,0.980526875401072,0.9320779939988374,0.8616424943736767,0.9828022915005776,0.9533261150112837,0.952936385433316,0.997916641396699,0.9951914390173495,0.8643245680440312,0.9839764474436798,0.9447320809989656,0.8788144430796911,0.9867295829524896,0.9575439775491431,0.8753538724453043,0.9859257181025196,0.9524668308970423,0.8212149658328666,0.9688928279547692,0.9628442413123138,0.822069661004909,0.973094710829788,0.9104667822678059,0.8777412461169934,0.9428003579409058,0.9419405059403546,6.184462523094603,3.4001254004413517,0.5993946291071452,0.22857238983506828,0.22278036225307246,0.31901773438725,1.9614191779164032,0.45094288433068896,0.01657869550366245,0.23414591320390782,0.2631965652307722,0.951457448485691,0.9499142899743204,0.9447320236561978,0.9181252947046762,0.464995053668253,0.6161175870980624,0.951457448485691,0.25,0.9846663574768579,2.6420399078436265,2.5701536229585096,0.4343641888270265,9.835848012834838
toward_half,1.0,0.5,10.0,1,1,blend,obs,0.596,0.8402421667258284,0.9775841968069783,0.9219087088306466,0.8535237546379304,0.9813694213896573,0.9473165223626675,0.9669851185698557,0.9988904878474958,0.9975414661710895,0.8548170487419295,0.9821553020714581,0.9379771576995978,0.8725111917765711,0.985757800649678,0.9533572186645237,0.8691217878150853,0.9848079375935185,0.9477422886992815,0.8223298435462911,0.9697984442192433,0.9631489749474891,0.7929995762917286,0.9628782968127054,0.8738578329622007,0.8746978214477649,0.9397208718212239,0.9408475603751703,3.9400062638802655,3.6469478501513892,0.6162427274606656,0.22651857174568696,0.18182252469321403,0.2835903998907382,1.9736798969793354,0.45893307698084773,0.03349918608499158,0.2385805624760321,0.2669834542082657,0.945830635264472,0.9442482653270218,0.9379771652183662,0.8996666267475764,0.38670948259733695,0.5392386047983522,0.945830635264472,0.25,0.9780246781038564,2.6193886857121726,2.8185382521337616,0.42543389089585615,9.844503293581264
toward_half,1.0,0.5,10.0,2,1,blend,obs,0.6066666666666667,0.8403447982155847,0.9775899029046705,0.9222618347715081,0.8645962469483989,0.9841366048922603,0.9513984658288837,0.9887882836835458,0.9998588592588381,0.9996033060175087,0.8558130367089694,0.9824584934381182,0.9386966727623126,0.8741891346353039,0.9862272717831304,0.9534010879346768,0.8687323001842493,0.9847749746355102,0.9472399161034429,0.8403320936328934,0.9752025433242753,0.9652638330296727,0.8033176955884181,0.9663160458092493,0.8893483606304717,0.8613397860444507,0.9468890273685979,0.9518486475375558,4.4978797542640665,3.265180839364461,0.605906360588564,0.22668306065796898,0.11383769927682158,0.22157734522226932,1.868819980460654,0.44417514370909317,0.01056205472523672,0.2407015202525269,0.2665629294323495,0.9494250929828454,0.9466969524132873,0.938696991360822,0.8971118210970201,0.3974296340667128,0.6100414084924098,0.9494250929828454,0.25,0.9841407227342044,2.226856449240278,2.6136501356633257,0.4336130889838565,9.815081041230501
toward_half,1.0,0.5,10.0,3,1,blend,obs,0.5996666666666667,0.8582498984886233,0.9820966783097599,0.9393541587474028,0.8862253821046956,0.9885764960951698,0.9671985557780435,0.9770803376940421,0.9995358507274683,0.9993012968858549,0.8794026895423832,0.9877277638404877,0.957687068329143,0.8947227824151698,0.9902986454250824,0.9683774803811588,0.8886805455847285,0.9888022668758352,0.9611975066911375,0.8473048181196814,0.9772312054822706,0.97572902909557,0.821146510974845,0.9723624607355167,0.9176968665280962,0.8636914727776881,0.9571551710719343,0.9527948717006006,6.239686460275979,2.877533066121286,0.5929332560090975,0.22825230021598866,0.0786244870792516,0.18860883015187255,1.908945132534476,0.45595386833471363,0.0005453994465189627,0.24291844608874938,0.27387642517170224,0.9650802840412889,0.9631921442626548,0.9576870900621884,0.9339302959595094,0.6798322481684509,0.7459190765896346,0.9650802840412889,0.25,0.9872675454108107,2.9897420417308824,2.370564968099834,0.4554084688881947,9.896060265130183
toward_half,1.0,0.5,10.0,4,1,blend,obs,0.598,0.845418736875422,0.979378400893373,0.9279347522353608,0.8711932788785307,0.9855844280539828,0.9586981270360155,0.9924415102578563,0.9999415422400906,0.9999347188834149,0.8594289881112397,0.9834294219214064,0.9422288486760294,0.8759785957397294,0.9867447414055595,0.9562431771948234,0.8726277064716796,0.9858346524139908,0.9513683781542199,0.8339599774550197,0.9734859075971514,0.9687675835187703,0.8131137397487292,0.9701138271629933,0.9016956570901519,0.85543838095371,0.941803239971869,0.9535348876855749,3.0276323430172525,3.5028942376165833,0.6101194602979159,0.22822881059860167,-0.013324233668560576,0.09783630653259248,1.7496170649997194,0.4197139840629156,-0.020920448293775956,0.24698800384561753,0.2751976543891767,0.9557719625458575,0.9524036358667335,0.9422302213576491,0.8897508211670888,0.41364268888480976,0.5196939284312971,0.9557719625458575,0.25,0.9855619216435911,2.1023158585552557,2.607910250753628,0.4406344323566915,9.85765063993709
toward_half,1.0,0.5,10.0,5,1,blend,obs,0.5976666666666667,0.8516792391035417,0.9811365239572397,0.9340152649072879,0.8749877409873955,0.9865451042717538,0.9597141225080896,0.9920101463814899,0.9999377401149496,0.9999655912272405,0.8622393319874652,0.9840283724241163,0.944811474840115,0.878747330336967,0.9872277245377273,0.9588750641467095,0.875955627838477,0.9865535236126608,0.9545496389353557,0.8343557566204647,0.9736166002447552,0.9673237440273457,0.8129509952742449,0.9706512885255957,0.9034441205744844,0.8575011257123184,0.954193734633748,0.9615988297426411,4.092490629484395,3.073373541272734,0.587734866929341,0.23166258959246497,-0.04823901309963905,0.06446321909839776,1.8133920197350892,0.436095844257141,-0.021368613974037914,0.24641294460040022,0.26739376910826607,0.9567741347151647,0.953691289668232,0.9448113254961472,0.9062747966626069,0.6436802704941161,0.7438221997723506,0.9567741347151647,0.25,0.9904849748258279,2.076030330699461,2.3868150125548824,0.4574644582311789,9.802398948975869
toward_half,1.0,0.5,10.0,6,1,blend,obs,0.6103333333333333,0.8510776503939368,0.9815663870496112,0.9363272122195946,0.8721860789603568,0.9862811496318946,0.9567216373994394,0.9905319328404967,0.9998923335623562,0.9996168412124032,0.8614272218476535,0.9841394245621652,0.9445368860550013,0.8798576595972654,0.9878702753849349,0.9589437438374138,0.8773023196241037,0.9873967519051013,0.9562884229760755,0.841941143706574,0.9762613731910884,0.9660132760797703,0.8073740692902591,0.968579168837031,0.9004458472866662,0.8557875866184755,0.9535027835342845,0.9659233776110215,2.853861437232383,3.1755705649110335,0.5918804506925915,0.22799766522715254,0.03413224315323854,0.14395368876291628,1.6992891400145367,0.42916417226526976,-0.009400264909506517,0.2557756527172592,0.28392443114366667,0.9544813118993474,0.9520215565144869,0.9445367484848582,0.9086262465880414,0.5520123079638193,0.7022121764649829,0.9544813118993474,0.25,0.9909310334002877,1.788014741013296,2.3016618818994212,0.43856443717477633,9.837365701333047
toward_half,1.0,0.5,10.0,7,1,blend,obs,0.6033333333333334,0.8312501081529404,0.9756055340266162,0.9145094040984775,0.8501112400309618,0.9801122755880108,0.9445647270677601,0.9594249034537108,0.9982293893805226,0.9960754133898932,0.837347822548238,0.9774938007205045,0.9233482861195633,0.8538949499647804,0.9813224589637248,0.9415218785180425,0.8548754587594872,0.9815186723831822,0.9391981104180498,0.8136061719083592,0.9665093489152297,0.95566079007035,0.8078601571839323,0.9688469928120925,0.8925365334027371,0.8621972046108467,0.9454112769482909,0.9360778964348625,5.942072691049445,3.368135057956191,0.5957203212776823,0.2290178655119613,0.0363765537029532,0.1349093051921857,1.8767832257066475,0.4396920721089136,-0.02683154690813827,0.24081355151719647,0.26268834031332733,0.9407580264522675,0.9363924244191436,0.9233504052055939,0.8599154071358345,0.3170149339887847,0.5490133550910545,0.9407580264522675,0.25,0.9902945029023081,2.3555983998032164,2.3695864423934743,0.46652361901705186,9.886406559634654
toward_half,2.0,0.5,10.0,0,1,blend,obs,0.6,0.8318378784114723,0.9725075337740304,0.9072922718228509,0.787255429824713,0.957724427490152,0.8998502183494667,0.9258383204673957,0.9940907077519977,0.9872593311940334,0.8245756067917225,0.9704827060952274,0.9103038231317864,0.8382251198769383,0.9739511155943749,0.9295367082896315,0.8524742437829296,0.978302738910262,0.9333819901472675,0.7723275573955863,0.9496338421014493,0.9327486916350345,0.8074218110079963,0.967594870033859,0.8856235254387833,0.8698675884549476,0.9293275056972142,0.892888309142022,7.486189609727022,3.807780655788715,0.6353016203703703,0.2218640600411834,1.0335264676915914,1.2029125297304677,3.648956106909129,0.6259317812618228,0.15709079218440564,0.18883789364436854,0.21947838258672933,0.9010512602364368,0.90475912254106,0.9103054691798579,0.9075321184752476,0.5364165666227498,0.5342210842639226,0.9103054691798579,1.0,0.9428210909455235,4.84833152957761,3.2856682105806807,0.4688409890774172,9.88392902594931
toward_half,2.0,0.5,10.0,1,1,blend,obs,0.5966666666666667,0.8274439396843621,0.972207777842081,0.905242776862038,0.774709313967503,0.9537361642278336,0.8920983371072839,0.9165347559214728,0.9926547389943703,0.9836681602324191,0.8191139184533802,0.9698365166971957,0.9081752300351433,0.8334875463579444,0.9733190891905487,0.928080177725962,0.8520130613030078,0.979198029627497,0.9336170664444327,0.7730780916835078,0.9509707046213114,0.9336368066201868,0.7719423722710625,0.954071080500461,0.8339645019701415,0.8814729962351979,0.9232206896120798,0.9078934632960828,5.534024041034167,4.014277691850909,0.651948150884159,0.2190320669836313,1.1018553423360327,1.2655477813799105,3.8253484849655868,0.6460112689881545,0.18266462688522692,0.1888614671283369,0.22286310176680604,0.8950266875591685,0.8995577263534473,0.9081748520861433,0.9155478154987111,0.5480836281625593,0.5569090669424064,0.9155478154987111,2.0,0.9373384874147006,3.5529974362358314,3.3801116379265297,0.46334664210292764,9.878055707344451
toward_half,2.0,0.5,10.0,2,1,blend,obs,0.6046666666666667,0.8217215604510094,0.9697797383353564,0.8951892248616722,0.7850717389353932,0.9578865674355319,0.8937483684701895,0.9481574736701485,0.997078283363042,0.9930975395462095,0.8252627994138777,0.9722060830083445,0.9100531239040709,0.8411466074727075,0.9759698304707347,0.9285230545970314,0.8466508214046709,0.9773755866354634,0.9247573601852529,0.7846457251581603,0.9549695383041068,0.9314395137827904,0.7819937739347493,0.9574843797029986,0.8482801561908705,0.8604677360184987,0.9251550647846103,0.9085439552165344,6.2137864262134235,3.845455389211262,0.6520065501412102,0.21741177010836005,1.0387650620456188,1.1839616728144822,3.6645800751064974,0.6366740643420895,0.17217735093725156,0.19088190088735643,0.22701425001473263,0.897498688660858,0.9018979554126612,0.9100513478983232,0.9214575961001703,0.4067899576412334,0.5687858707213738,0.9214575961001703,2.0,0.938099477497942,5.4890210177809164,3.3430501481745614,0.464496713404838,9.859687943845172
toward_half,2.0,0.5,10.0,3,1,blend,obs,0.5983333333333334,0.8558644812092469,0.978631326482873,0.9274452138358711,0.8079316280937092,0.9655901910205178,0.9184700670199891,0.9534730804124556,0.997748250565146,0.9972544594026634,0.8519369995655731,0.9788101842862287,0.9376239253472789,0.861142180963355,0.9805690098057152,0.9505776791724436,0.8761554337433592,0.9841509628098176,0.9505702998189092,0.7891487411685392,0.9566327240535721,0.9468549266152075,0.8135820292118782,0.9700851781508569,0.8998257562062466,0.8713350777011875,0.9324224261696205,0.9037274729204864,7.873809020126608,3.5388232862053512,0.6416033472416462,0.21991498438946902,0.9656973719946385,1.136183156634516,3.660138011239313,0.6417643325748275,0.18824309628698924,0.19384393264771457,0.2185704593627124,0.9225726289423621,0.9276177057608971,0.9376265335144542,0.9480851043931828,0.6808366883407485,0.5850650957630028,0.9480851043931828,2.0,0.9409796846991608,4.113269764956345,3.06402826543044,0.4535212362878383,9.892349798955804
toward_half,2.0,0.5,10.0,4,1,blend,obs,0.5976666666666667,0.8328565631617297,0.9733974370740205,0.9099391949216392,0.7827122833292421,0.9565694454015025,0.9029340586933561,0.9321270980146901,0.9950966505595682,0.9917775235825482,0.8275128628749107,0.9719766178537947,0.920463234662286,0.8384441315133793,0.9745829620880601,0.9357571224233735,0.8541816301100814,0.9794106627125893,0.9358569675425255,0.772276092304142,0.9504331661241473,0.9377655028721569,0.794230167273699,0.9629945997601821,0.8688504943954094,0.8731188927580543,0.9299909618620715,0.9331103158369218,3.5332840797371645,3.7344170410363895,0.6365214349645657,0.22065834383208802,0.9429667659005797,1.11330489755204,3.616055570226309,0.6324322956439955,0.17205080787888108,0.19315870056742468,0.2227762546329216,0.9065246588308233,0.9113145188056023,0.9204627940132527,0.9286694567364416,0.649189007903292,0.5608339949570964,0.9286694567364416,2.0,0.9467806874449347,3.5198581802127404,3.3200362253141744,0.4603814877651144,9.874453356425002
toward_half,2.0,0.5,10.0,5,1,blend,obs,0.6033333333333334,0.8363141514442123,0.9741695639000851,0.9123982021318312,0.7966249350121454,0.9623905313025133,0.907344971502306,0.9610693840620159,0.9983398675258328,0.9959690326622014,0.8365138618568152,0.9749189489494792,0.9222763493553564,0.8499063825546658,0.9780420089833729,0.9387459448690353,0.8577669070161575,0.9801895253178137,0.9379250254132081,0.7780601457275635,0.9525744887627937,0.9358348067518099,0.7995855928654758,0.9653739911058608,0.8790797492611672,0.863950696684597,0.9269158532686943,0.904828095993928,5.614837574652416,3.787332077735197,0.6384558243186778,0.22162114771455874,0.8182551936643232,0.9953558191937206,3.6298557637856463,0.6373947007273862,0.16316050386515255,0.1949138411949021,0.2211129907876236,0.9110937290737628,0.9153762350655575,0.9222789592770541,0.916942680045708,0.5467194814240943,0.5269073812060282,0.9222789592770541,1.0,0.9488630637988087,3.513175022663119,3.132861130332997,0.4742341968622337,9.869310537245052
toward_half,2.0,0.5,10.0,6,1,blend,obs,0.6173333333333333,0.8438922780852767,0.9770350469098268,0.921262617776413,0.7920989997538872,0.9604863812541056,0.9006596288161807,0.9484827776734923,0.9970901436344174,0.9931526605973667,0.834435900707854,0.9743152319848978,0.9218581056909303,0.8478807510669839,0.977504565449854,0.93865781294451,0.864632150635769,0.9824235119704038,0.9434412538988648,0.786846131183952,0.9560974686202107,0.9360205184575394,0.7939668286741083,0.9627168092415744,0.8702237738166885,0.8681436051625391,0.9357891816913328,0.9417328585180298,4.5449566627306295,3.272115998900183,0.6325316448551712,0.21861586488703882,1.0517836869559702,1.2199896125045795,3.5327188342581057,0.6505197195510718,0.18973247939721374,0.19961092976989772,0.22835497576786173,0.9052860140335156,0.9107876453375914,0.9218586979949226,0.9389532583058597,0.7457845018987704,0.6038625431616045,0.9389532583058597,2.0,0.9537182791020608,2.93767999984867,2.9414528882818236,0.460787240153858,9.878306883146147
toward_half,2.0,0.5,10.0,7,1,blend,obs,0.6053333333333333,0.8140788976398936,0.9669925164714319,0.89034561724191,0.7740182950418174,0.9532281616190881,0.888634364768567,0.9322029658069678,0.9950127844368072,0.9870520121074039,0.8103707412798296,0.9666149934597918,0.8975040054521621,0.8251231970014926,0.9705166244307777,0.919635320888678,0.8348053872639359,0.9734917094401002,0.9191940829145532,0.7595954636568444,0.9442330470101519,0.9187852197561802,0.7916933922527648,0.9619134860775419,0.8646693991074287,0.8601402973042901,0.9258759046597811,0.8878285699397951,9.31904633211156,4.038315103940846,0.6313772472913443,0.22123083816706562,0.8996713159179616,1.0439584096938415,3.610278726985105,0.6279251574030753,0.150946318153766,0.19288369629482627,0.2168712814856745,0.8911431010573664,0.8939229310977713,0.8975040609796109,0.8794096409111551,0.3775027127468627,0.33269965863194984,0.8975040609796109,1.0,0.9526439906988308,3.4754714478506616,3.202042911724375,0.47697883924930917,9.870661425448654
toward_half,3.0,0.5,10.0,0,1,blend,obs,0.603,0.8288022280419631,0.9705868418860002,0.9043535491556794,0.7414519719977307,0.9367325700208131,0.8647008216080868,0.8868053627847106,0.9861937790887924,0.9679589706480353,0.7942825484097265,0.9577533512985639,0.8864424691157894,0.806484582905371,0.9619154680794118,0.9072257054553614,0.8474188363293677,0.9762569311126396,0.9300654935318039,0.744884577628188,0.9366683037599417,0.9156353342166105,0.7952358653500491,0.961938567892884,0.8649906794388152,0.8826804308109923,0.9153177609598041,0.8091508756368442,10.116750916909929,4.256394450509293,0.6756923471085657,0.21032834952450935,1.8131320975650704,2.051373313528514,5.600444593701082,0.7170680376381457,0.24065734712435213,0.1597759990717959,0.19608160727701013,0.8678673235462548,0.8739619999147313,0.8864465501268525,0.8965828130941701,0.6259154936480186,0.4851195456128826,0.8965828130941701,2.0,0.8636494482799196,9.44258911204392,3.967131356509193,0.47641069051379353,9.896170817700987
toward_half,3.0,0.5,10.0,1,1,blend,obs,0.5963333333333334,0.8208742609898141,0.968435853235585,0.8947339656470531,0.7308199767075563,0.9329669225930087,0.8583997261535545,0.8732083280382181,0.9831335730526408,0.9607928366379914,0.7892980578889096,0.9568509680772899,0.8809181788296405,0.7996377180392411,0.9600062255676913,0.9026368295256796,0.8445119633418189,0.976092987580951,0.9255777857255215,0.7488028961962885,0.9397306030034434,0.9162351853213084,0.7694507980582255,0.9526691535757995,0.8282489346427424,0.8972154157399673,0.9031901999247447,0.8390200841894072,7.174338301822952,4.883751190384129,0.6970473750264831,0.20664090039458935,1.8280276602483614,2.0223039824369984,5.847996569214215,0.729985653614518,0.26769843320520387,0.16101979802718194,0.19867828379413155,0.8616514904452728,0.868355689755315,0.8809196302230086,0.8849907829828122,0.5608410607863386,0.4693127681360091,0.8849907829828122,2.0,0.8862075491246689,4.818005956906552,3.992818008368942,0.462287220409314,9.881317499374186
toward_half,3.0,0.5,10.0,2,1,blend,obs,0.6073333333333333,0.8152542011511886,0.9648119257025154,0.8843470440127423,0.7414656368792716,0.9367643117403853,0.860295564453576,0.8942617582240795,0.9877084632705275,0.9710600977539504,0.795810677960157,0.9589198296739937,0.8841501770218756,0.804092280888521,0.9611987793006674,0.9022403606062742,0.8343961963948743,0.9716587252571811,0.9130304332936752,0.7504338446140574,0.9386830432220022,0.9097645927132352,0.7807051639081124,0.9557397266814074,0.8413078187390256,0.8735560777066161,0.9133402839890152,0.8889286113821779,6.29558288999432,4.217091569330983,0.681647297042933,0.20883579709159586,1.7031740249090208,1.9154250780882265,5.4243195504617905,0.719560799939859,0.2465331674151065,0.1643026486538191,0.19783170862662705,0.8643298656799104,0.8709931578634635,0.8841517875195912,0.9031911488891656,0.46290277501882976,0.5603950846017244,0.9031911488891656,2.0,0.9058837382261814,5.040276781633632,3.662390585118434,0.47302763252475266,9.873248875439334
toward_half,3.0,0.5,10.0,3,1,blend,obs,0.5943333333333334,0.8358209747678317,0.9724585249314828,0.9103858280962632,0.7454894206281577,0.9385925576425056,0.8762757868125832,0.8867437674870027,0.9863687892014142,0.9755539934371817,0.8024984160920753,0.9612596438460743,0.9031651851158755,0.8097732314707586,0.9632564883064763,0.920039725385965,0.8551708943778451,0.9785054368022851,0.9371302522560676,0.744245748992585,0.936919032470314,0.9249244545751849,0.7961443295264885,0.9631237200653473,0.8693528286256452,0.891883027257224,0.9177128490943375,0.847043643192116,10.520953800410323,3.9429376629715858,0.6802698359517971,0.2112690156534126,1.6989230894474139,1.8785099430752612,5.460530212082416,0.7245108764411987,0.25474178995764424,0.16626893420192923,0.19884035770672281,0.8812302837609944,0.8884364858202919,0.9031657241197255,0.929117298302734,0.752136364859503,0.5314523327764813,0.929117298302734,2.0,0.8528399738814422,11.214804718958593,3.5594286195166696,0.4697690864835544,9.906689995668836
toward_half,3.0,0.5,10.0,4,1,blend,obs,0.5936666666666667,0.8301503581900548,0.9721045202587505,0.9080085602074277,0.7380527681961363,0.9360742157690665,0.8687595196669248,0.901311320130929,0.9896209385327742,0.9785098633185537,0.7970242203994349,0.9603909525215782,0.8955878233241469,0.8059920073821452,0.9627819273315862,0.9131569895074857,0.8488611659396421,0.977519102223109,0.9332829009132411,0.7410094428034464,0.9360798268166595,0.9201400288324109,0.7864480461589398,0.9595935817879921,0.8556044518742247,0.8754458544702846,0.9158974054760022,0.821075388772036,11.471679588982214,4.116157360631948,0.6799348146210178,0.2106340072949083,1.733397319262368,1.9059388341848285,5.449983008354409,0.7170443285018625,0.2504772634442038,0.1653088686992228,0.20640570966206948,0.873242491389454,0.8803343142700528,0.8955855495397443,0.9223197846061818,0.7117062243907261,0.5110423462102835,0.9223197846061818,2.0,0.8461440180830333,9.49212438210219,3.726372559623166,0.46656706505765866,9.895361673700446
toward_half,3.0,0.5,10.0,5,1,blend,obs,0.6016666666666667,0.8233407022890543,0.9687565514525034,0.8974175574392015,0.7455467558336333,0.9396464971143258,0.8689783870295196,0.8886794534725371,0.9867587714280831,0.9680614485076889,0.800095853967512,0.9605635934068683,0.8930435704365918,0.8105838407920594,0.9638524054632474,0.9112716264975402,0.8426460756821585,0.9749839331332001,0.924867544476307,0.7437030496707315,0.9366664774132155,0.9143270015842182,0.782553302656911,0.9583325529416651,0.8509528813429114,0.8955157658660307,0.9120397964252094,0.7843987954208428,13.075605986410388,4.07077428403109,0.6847756696299216,0.21049044047499813,1.7153441369451767,1.9298391063286013,5.6242324748774735,0.7309525824269445,0.24505283968327488,0.16409333885007304,0.19515592166022877,0.8733952529577564,0.8801313105837919,0.8930433223994916,0.9011714643634552,0.6218197011627308,0.501533315680555,0.9011714643634552,2.0,0.8370177306764657,11.935112105405688,3.656472897761848,0.4858997427436695,9.85066084101357
toward_half,3.0,0.5,10.0,6,1,blend,obs,0.6143333333333333,0.8276598976208194,0.9708743971708486,0.9017848068121488,0.7456683482085398,0.9397903871428176,0.865653995044991,0.9012676064144141,0.989489710840638,0.9766988285813027,0.7984908333616292,0.9606205735725729,0.8932031418524982,0.8090230007310097,0.9637942722789562,0.9117536352453766,0.8472179973184845,0.9768358489242014,0.9275082385087139,0.7547034722885246,0.9415596233390988,0.9153492525456514,0.7857943542188197,0.9591260604807292,0.8549380654613028,0.8758825880975297,0.9233451469519569,0.8831476471189106,9.201585013524166,3.6139898020614822,0.6785845763666489,0.20773191589599777,1.7818483660576365,1.9788092032654607,5.273320613566496,0.7390441276660771,0.2577415716998044,0.17017224777044396,0.20726054171467356,0.8707698824634379,0.8781231790382835,0.8932014995073054,0.9155400985215799,0.7377617319215954,0.5537121131956937,0.9155400985215799,2.0,0.9025139114665206,6.492073572740973,3.381101605772494,0.48130255596627264,9.913383785449337
toward_half,3.0,0.5,10.0,7,1,blend,obs,0.6016666666666667,0.8064289547933465,0.9632843907748131,0.8840229394068114,0.7215200190961615,0.9278863843018467,0.8496374967860413,0.8741148530830418,0.9832436798607096,0.9631039177055036,0.7716711967627208,0.9495958703194008,0.8700967199930237,0.7849328669342488,0.9541131078077668,0.8958332823894818,0.8250955971197353,0.969600195695947,0.9139195195131504,0.7263201780401347,0.928238104537853,0.9011486312173251,0.7839048385916836,0.9587286793159533,0.8522136118419569,0.8756673567041497,0.9209763867072096,0.8077366394791855,12.435774771953154,3.729442431103718,0.6738633966550377,0.21219354105314545,1.6895364518574603,1.880621883783703,5.533776946169396,0.7193155772067057,0.23404655909764807,0.1630758387130174,0.19162117234961723,0.8538253695334154,0.8596791184887759,0.8700981835350104,0.8780672763485028,0.6444841365107772,0.5654890119427368,0.8780672763485028,2.0,0.9053527052802812,6.365739643456423,3.4735587422202645,0.4852690181090576,9.90360417238803
toward_half,4.0,0.5,10.0,0,1,blend,obs,0.6053333333333333,0.8305947218516243,0.97073354663946,0.9068235763260533,0.7133100643170126,0.9218419586366273,0.8433927254285128,0.8408991395793164,0.9732512944131324,0.9404076579088233,0.7654107975105345,0.9449324384627606,0.8682165255204642,0.7759210569258512,0.9490797755054177,0.8887377825636678,0.8451850528466026,0.9753589448695199,0.9302624424201678,0.7229106039390853,0.9253148863347689,0.900501889557889,0.7882171911768545,0.9595727138242789,0.856587176027574,0.9036042140085341,0.9186910899473594,0.8369039310675903,8.139171293309653,3.8889334031844967,0.6984678700589356,0.20228663522923315,2.458875890683998,2.739694800676878,7.637409684599515,0.7621416132899156,0.2901270974612826,0.1440973811682425,0.1822775367662935,0.8467946992460457,0.8545360511419847,0.8682193127397545,0.8857497403890605,0.7383658670512536,0.5223433329082616,0.8857497403890605,2.0,0.875640039103361,6.099985114724478,3.952461128652153,0.472014515828633,9.881886295051816
toward_half,4.0,0.5,10.0,1,1,blend,obs,0.599,0.815473479215182,0.9656735014847945,0.8886111476180818,0.7086969451584251,0.9210921041754973,0.844506288041792,0.8410005818861774,0.9737415836446568,0.9442270275623925,0.7637582730910597,0.9453196572576273,0.8667414860873569,0.7733614999498877,0.9486704213977117,0.8887805020587911,0.8370433719045614,0.9732030735390608,0.9196949539325351,0.7290349160625598,0.929878771416716,0.9055982446045467,0.766408972272337,0.9514466194484874,0.82343939100385,0.9042877584252998,0.9102446794542779,0.839675623620295,10.030268876300067,4.372403758340374,0.7089679344580488,0.2014976362280203,2.2525278745729427,2.470739724595314,7.45869398910784,0.765510088673864,0.29558052854842737,0.14853640267332097,0.18367397415054176,0.8473983950034021,0.8549365784453378,0.8667413465302336,0.8757301317044909,0.6887732418876049,0.5164890859817205,0.8757301317044909,2.0,0.8852057405345967,7.132371460101591,3.9233291685284306,0.4699295601254367,9.905177623935081
toward_half,4.0,0.5,10.0,2,1,blend,obs,0.601,0.8051063387069683,0.9609880056309476,0.8694498823183725,0.7108968772851345,0.9217597764492446,0.8331694479757035,0.851343605078591,0.9766696211982112,0.9461029557018421,0.7664453375841331,0.9466901752158833,0.8600470874989752,0.7786455962204131,0.9512861077141869,0.8814637857874318,0.8270850978430839,0.9692680967381501,0.902937077279281,0.7355522719090748,0.9318975055734735,0.8976640309975266,0.7603803961712361,0.946563058286549,0.8049844773154022,0.8921957573358139,0.915391695092226,0.7235446508811006,22.450786352971214,3.972462588690404,0.7065445088039011,0.20142533659070697,2.3042561775699193,2.5593790536657046,7.018044778529794,0.7606603254864541,0.28459888834776204,0.1490309783628182,0.1861302799467824,0.8379873515022084,0.8453752329858307,0.860045956185411,0.882556566657391,0.6268084599381861,0.6026098643969232,0.882556566657391,2.0,0.8881730624603414,6.200724640188742,3.7616714061760153,0.47606143713869215,9.87480342479456
toward_half,4.0,0.5,10.0,3,1,blend,obs,0.5993333333333334,0.8433078709999666,0.9738405870100477,0.9143374282669449,0.7386707190749287,0.9346706789398886,0.8678180880842293,0.8754520701966486,0.983191817079291,0.9693473059107836,0.7882617018782077,0.9546605214038101,0.8932370941626351,0.7958129656545181,0.9572248049116789,0.9111701651550506,0.8613114901862768,0.9796818945158374,0.9402715379990906,0.7437795817244774,0.9357966178716814,0.9185777318320031,0.7990140981691575,0.9641991124160083,0.8740213905269473,0.8885845700085773,0.9210481363062953,0.8882291864651287,6.802344979135409,3.8533566210382313,0.6992792416791443,0.2041255797994965,2.113057498002194,2.3548135340456264,7.117367409766461,0.7647198463376028,0.28926897047009204,0.1523979664352009,0.1869826486943434,0.8717915747979799,0.8800125200731946,0.8932358495804571,0.9084907933038093,0.7636473365250452,0.5643247777117707,0.9084907933038093,2.0,0.8906972081721347,7.792653281018485,3.572269149307269,0.4754508758675108,9.932600313042277
toward_half,4.0,0.5,10.0,4,1,blend,obs,0.6013333333333334,0.8259624732904641,0.9703216304857216,0.9053395939002451,0.7132430269527754,0.9227665100069653,0.850761246335476,0.8567869710540431,0.9784032167429594,0.95692831953939,0.7708520619184316,0.9483925613672183,0.8761339411397594,0.7760671804785501,0.9499602745801775,0.895003221644168,0.8426982354387008,0.9753594337456697,0.9302291166518846,0.7295589643047777,0.93019172962314,0.9110125694392873,0.7834064101973106,0.958569843114866,0.8516681593565169,0.891775989352955,0.9139180775037473,0.676472197405178,25.465514366379193,4.172315351489521,0.7016394263212926,0.20387588376895596,2.2158914659520637,2.403373057300246,7.534308173020174,0.7640868305125172,0.2806078389104912,0.1493739632298215,0.19133145462313517,0.8546304489928805,0.8622884510511508,0.876134290484967,0.8999322235685744,0.7473479436194962,0.510172934783069,0.8999322235685744,2.0,0.7620152657045142,20.092073970453054,3.5641255138272343,0.48347899160202606,9.893940857913433
toward_half,4.0,0.5,10.0,5,1,blend,obs,0.6063333333333333,0.8263612454589764,0.970063041577126,0.9013564022332861,0.7268620173508902,0.9300249951883434,0.8567329485459545,0.8834216637090271,0.9852896984419492,0.9664502973395066,0.7801403135226989,0.9527086758617327,0.880023924813784,0.7908529406005959,0.956182164663749,0.9009219235088588,0.8443091805169338,0.9755879067981682,0.9267188830690386,0.7416870740263921,0.935691240478971,0.9129561765672968,0.779355784986022,0.9559755563506531,0.8421178462039361,0.8739696005422697,0.9186963316335148,0.8654995949750565,8.014798857779024,3.8467140258541224,0.6899458114297339,0.2053476036214034,2.050013518834567,2.2865675270708827,7.190060126543554,0.7678364474639242,0.27067949295419214,0.1514167263757893,0.19348415771715025,0.859981987337085,0.8668249366902542,0.8800214269891112,0.8970142989668588,0.7446800266339665,0.5410124460457658,0.8970142989668588,2.0,0.8983180606119763,4.899750183886154,3.6746850478173756,0.4971569545097321,9.884289110133759
toward_half,4.0,0.5,10.0,6,1,blend,obs,0.615,0.8222444239205222,0.9679236963055499,0.8940564253551867,0.7214317268074452,0.9273959381087734,0.8489314328534987,0.8778786317241433,0.9842446645873109,0.9693075482067033,0.7789627462027673,0.9518331830164977,0.8807127608298211,0.789994004346564,0.9558901884338117,0.9010016614495302,0.8420673593746663,0.9746750304359102,0.9219700196184177,0.7379137959255389,0.9337695333329578,0.906126632921269,0.7769982360602463,0.9545219244409364,0.8367388902368852,0.8779930166180963,0.9171286444808914,0.834314561412873,13.544516458766303,3.754766979763968,0.7093464259317919,0.19874298397700882,2.294181890863585,2.5262209619038574,6.784635660504519,0.779747596521879,0.29973154542283315,0.155618301376157,0.1898096750129179,0.8547941312216955,0.8633319956129372,0.8807128923410326,0.9096470629546026,0.7749829640602806,0.5404886266248274,0.9096470629546026,2.0,0.8556729144506061,9.918332810101642,3.7352209582129037,0.4800160510990458,9.940200336632111
toward_half,4.0,0.5,10.0,7,1,blend,obs,0.6006666666666667,0.8007912812618002,0.9592890099001211,0.8752597992190511,0.6903373195377589,0.9106082726057474,0.82581298436575,0.8245734396796349,0.9682939003382414,0.9360888915481493,0.7470427454368846,0.936929562806644,0.8520717621350907,0.7570709693389251,0.9410345628566182,0.8772760245906274,0.8168322561168622,0.965679193900367,0.9052766493653703,0.7009029947552023,0.914615171791993,0.8855775591096154,0.7734912578605331,0.9533944529689964,0.8328585151489484,0.9009649686396772,0.9090984824173317,0.7287767281219382,20.205930131473217,4.122935210460847,0.7185199527884988,0.1996719709065892,2.407947228595169,2.6581942195364086,7.598167361393282,0.7654923745099927,0.2970025330091409,0.14652503853087473,0.16998166196073677,0.8311307183847991,0.8385789081959498,0.8520699736216659,0.8658794276484556,0.6965507446338951,0.552387266173792,0.8658794276484556,2.0,0.8638401306679783,8.504785317039627,3.7566572381152152,0.4684898415008519,9.876923684927087
